{
  "key": [
    "stance-detection-part-8",
    "emonet-m1",
    "flux_dev_one_1-389_s886472311.png"
  ],
  "value": {
    "Negative High-Energy Emotions|Distress": 2.483634041226554,
    "Negative Low-Energy Emotions|Sadness": 1.8748098765574515,
    "Positive Low-Energy Emotions|Contemplation": 1.8107813819901737,
    "Negative Low-Energy Emotions|Bitterness": 1.5481179914890955,
    "Negative High-Energy Emotions|Anger": 1.5291142841398497,
    "Cognitive States and Processes|Concentration": 1.2815115725410071,
    "Negative Low-Energy Emotions|Disappointment": 0.9218327473173593,
    "Negative High-Energy Emotions|Impatience and Irritability": 0.8994067930190008,
    "Negative Low-Energy Emotions|Doubt": 0.8731581879781403,
    "Negative Low-Energy Emotions|Helplessness": 0.7715737043433027,
    "Physical and Exhaustive States|Pain": 0.657009180055072,
    "Physical and Exhaustive States|Fatigue/Exhaustion": 0.5600013913921057,
    "Negative Low-Energy Emotions|Contempt": 0.4897562983537932,
    "Negative Low-Energy Emotions|Shame": 0.44454307381222335,
    "Negative High-Energy Emotions|Fear": 0.31577170857538783,
    "Longing & Lust|Longing": 0.3020307192981462,
    "Extra Dimensions|Dominance": 0.1966782057207528,
    "Negative Low-Energy Emotions|Emotional Numbness": 0.13999892288184435,
    "Positive Low-Energy Emotions|Pride": 0.10613221950119445,
    "Positive High-Energy Emotions|Interest": 0.08252350890483617,
    "Extra Dimensions|Emotional Vulnerability": 0.08058860996267292,
    "Extra Dimensions|Arousal": 0.07749449355261673,
    "Physical and Exhaustive States|Sourness": 0.0016955893568612723,
    "Physical and Exhaustive States|Intoxication/Altered States of Consciousness": 0.0015976651752497243,
    "Negative Low-Energy Emotions|Jealousy & Envy": 0.0,
    "Positive Low-Energy Emotions|Relief": -0.005938470779812379,
    "Positive High-Energy Emotions|Awe": -0.02538464088743423,
    "Negative High-Energy Emotions|Malevolence/Malice": -0.03114808232765709,
    "Negative High-Energy Emotions|Disgust": -0.041844757403427864,
    "Positive High-Energy Emotions|Pleasure/Ecstasy": -0.05585866253574567,
    "Positive High-Energy Emotions|Astonishment/Surprise": -0.06573297434073665,
    "Positive High-Energy Emotions|Triumph": -0.0751149590406908,
    "Negative Low-Energy Emotions|Embarrassment": -0.11894907644052645,
    "Positive High-Energy Emotions|Teasing": -0.12107711908281286,
    "Positive High-Energy Emotions|Elation": -0.15317436868270518,
    "Cognitive States and Processes|Confusion": -0.1788197689222329,
    "Positive High-Energy Emotions|Hope/Enthusiasm/Optimism": -0.23790809073427444,
    "Positive Low-Energy Emotions|Affection": -0.39506708354699405,
    "Positive Low-Energy Emotions|Thankfulness/Gratitude": -0.4805725375100827,
    "Positive High-Energy Emotions|Amusement": -0.5292470048253353,
    "Longing & Lust|Sexual Lust": -0.5883432863614498,
    "Positive Low-Energy Emotions|Contentment": -0.9629362416914204,
    "Extra Dimensions|Valence": -1.257373348382496,
    "Longing & Lust|Infatuation": -1.6250543755516682
  }
}