{
  "key": [
    "stance-detection-part-8",
    "emonet-m1",
    "flux_dev_one_1-478_s4124439362.png"
  ],
  "value": {
    "Cognitive States and Processes|Concentration": 1.8919620787513343,
    "Longing & Lust|Sexual Lust": 1.495124182257897,
    "Positive High-Energy Emotions|Hope/Enthusiasm/Optimism": 1.440135334348886,
    "Positive High-Energy Emotions|Interest": 1.412821694253347,
    "Positive Low-Energy Emotions|Affection": 0.9354556921030304,
    "Extra Dimensions|Valence": 0.8396860207047232,
    "Longing & Lust|Infatuation": 0.7137779506817188,
    "Positive High-Energy Emotions|Astonishment/Surprise": 0.6889316702582242,
    "Positive Low-Energy Emotions|Contentment": 0.4880586671182414,
    "Physical and Exhaustive States|Fatigue/Exhaustion": 0.30569245241200316,
    "Positive Low-Energy Emotions|Contemplation": 0.25480081882641636,
    "Extra Dimensions|Emotional Vulnerability": 0.15993407466909382,
    "Negative Low-Energy Emotions|Emotional Numbness": 0.1538028817746666,
    "Positive High-Energy Emotions|Pleasure/Ecstasy": 0.11614505827622634,
    "Negative High-Energy Emotions|Distress": 0.02472274152104892,
    "Negative Low-Energy Emotions|Doubt": 0.017002375237814338,
    "Positive High-Energy Emotions|Teasing": 0.014485837250347536,
    "Extra Dimensions|Arousal": 0.011781803199223173,
    "Negative Low-Energy Emotions|Jealousy & Envy": 0.0,
    "Positive Low-Energy Emotions|Relief": -0.0017947037209630444,
    "Physical and Exhaustive States|Intoxication/Altered States of Consciousness": -0.002217099145600648,
    "Physical and Exhaustive States|Sourness": -0.003611123926200709,
    "Negative High-Energy Emotions|Impatience and Irritability": -0.009437409737880875,
    "Positive High-Energy Emotions|Awe": -0.015744349554235683,
    "Physical and Exhaustive States|Pain": -0.020670116004905786,
    "Negative High-Energy Emotions|Anger": -0.028663686889431828,
    "Negative High-Energy Emotions|Disgust": -0.04378888955264738,
    "Positive High-Energy Emotions|Triumph": -0.07468813111077681,
    "Negative Low-Energy Emotions|Embarrassment": -0.12016368871588846,
    "Negative High-Energy Emotions|Fear": -0.12308913252005974,
    "Longing & Lust|Longing": -0.13712789915201862,
    "Positive High-Energy Emotions|Elation": -0.15317144888911782,
    "Positive High-Energy Emotions|Amusement": -0.15470801322506023,
    "Extra Dimensions|Dominance": -0.16598160625281896,
    "Negative Low-Energy Emotions|Helplessness": -0.17125255181266494,
    "Cognitive States and Processes|Confusion": -0.18639597375860145,
    "Negative Low-Energy Emotions|Contempt": -0.3791419369076471,
    "Positive Low-Energy Emotions|Thankfulness/Gratitude": -0.4813092155292487,
    "Negative High-Energy Emotions|Malevolence/Malice": -0.5324205744383863,
    "Negative Low-Energy Emotions|Sadness": -0.537072762373823,
    "Negative Low-Energy Emotions|Shame": -0.656395867539846,
    "Negative Low-Energy Emotions|Disappointment": -0.738958571546271,
    "Positive Low-Energy Emotions|Pride": -0.7705364721339374,
    "Negative Low-Energy Emotions|Bitterness": -1.8293975387246182
  }
}