{
  "key": [
    "stance-detection-part-8",
    "emonet-m1",
    "flux_dev_one_1-279_s415098444.png"
  ],
  "value": {
    "Positive Low-Energy Emotions|Contemplation": 1.3463384136216434,
    "Cognitive States and Processes|Concentration": 1.1502888476264563,
    "Positive Low-Energy Emotions|Affection": 0.8966111066843292,
    "Negative Low-Energy Emotions|Sadness": 0.8379185353480398,
    "Negative High-Energy Emotions|Distress": 0.7623656257755045,
    "Negative Low-Energy Emotions|Bitterness": 0.6642969808994958,
    "Physical and Exhaustive States|Fatigue/Exhaustion": 0.49210526369130003,
    "Negative Low-Energy Emotions|Helplessness": 0.4732295690588789,
    "Positive Low-Energy Emotions|Contentment": 0.4654246377298137,
    "Longing & Lust|Longing": 0.3355077872455339,
    "Positive High-Energy Emotions|Interest": 0.31469766700114965,
    "Negative Low-Energy Emotions|Shame": 0.27007580820629684,
    "Extra Dimensions|Arousal": 0.13372980696814407,
    "Negative High-Energy Emotions|Impatience and Irritability": 0.12976503600758726,
    "Positive High-Energy Emotions|Amusement": 0.10943619878246236,
    "Positive High-Energy Emotions|Hope/Enthusiasm/Optimism": 0.09495392880460496,
    "Extra Dimensions|Dominance": 0.09368430017647181,
    "Extra Dimensions|Emotional Vulnerability": 0.08732155063650104,
    "Negative Low-Energy Emotions|Emotional Numbness": 0.06175411754584581,
    "Positive Low-Energy Emotions|Relief": 0.0015483792434572742,
    "Physical and Exhaustive States|Sourness": 0.0005741056136705069,
    "Negative Low-Energy Emotions|Jealousy & Envy": 0.0,
    "Physical and Exhaustive States|Intoxication/Altered States of Consciousness": -0.0039589927350972606,
    "Positive High-Energy Emotions|Awe": -0.01841137428587173,
    "Physical and Exhaustive States|Pain": -0.020670116004905786,
    "Negative High-Energy Emotions|Disgust": -0.04143764277845075,
    "Positive Low-Energy Emotions|Pride": -0.05319779091292909,
    "Positive High-Energy Emotions|Pleasure/Ecstasy": -0.05585866253574567,
    "Positive High-Energy Emotions|Astonishment/Surprise": -0.06814654522162654,
    "Positive High-Energy Emotions|Triumph": -0.07499715884219542,
    "Negative Low-Energy Emotions|Doubt": -0.07687017191184387,
    "Negative High-Energy Emotions|Anger": -0.11004316009881293,
    "Negative High-Energy Emotions|Malevolence/Malice": -0.11421734721642052,
    "Positive High-Energy Emotions|Teasing": -0.11553698656022986,
    "Negative Low-Energy Emotions|Embarrassment": -0.11843483364243647,
    "Negative High-Energy Emotions|Fear": -0.11974622836957374,
    "Extra Dimensions|Valence": -0.12955231176801846,
    "Positive High-Energy Emotions|Elation": -0.1531723536462617,
    "Cognitive States and Processes|Confusion": -0.17961166878213813,
    "Longing & Lust|Sexual Lust": -0.35544184729074824,
    "Negative Low-Energy Emotions|Disappointment": -0.35675191178221954,
    "Negative Low-Energy Emotions|Contempt": -0.3623293367122392,
    "Positive Low-Energy Emotions|Thankfulness/Gratitude": -0.48086476045696497,
    "Longing & Lust|Infatuation": -1.0641930189952526
  }
}