{
  "key": [
    "stance-detection-part-8",
    "emonet-m1",
    "flux_dev_one_1-272_s1192451886.png"
  ],
  "value": {
    "Positive Low-Energy Emotions|Contentment": 2.3988193082162637,
    "Positive Low-Energy Emotions|Affection": 1.9654859426523468,
    "Positive Low-Energy Emotions|Thankfulness/Gratitude": 1.769065828071549,
    "Positive High-Energy Emotions|Amusement": 1.4195290055985634,
    "Positive Low-Energy Emotions|Contemplation": 1.2554360851304325,
    "Positive High-Energy Emotions|Hope/Enthusiasm/Optimism": 1.23252186617872,
    "Extra Dimensions|Valence": 1.1389764393296011,
    "Longing & Lust|Longing": 0.8624471793353776,
    "Positive Low-Energy Emotions|Pride": 0.8306047422367902,
    "Cognitive States and Processes|Concentration": 0.828761843384513,
    "Positive High-Energy Emotions|Pleasure/Ecstasy": 0.7256356316824458,
    "Positive High-Energy Emotions|Awe": 0.6922220079153231,
    "Positive High-Energy Emotions|Elation": 0.39161322910796814,
    "Extra Dimensions|Emotional Vulnerability": 0.26545527675649616,
    "Physical and Exhaustive States|Fatigue/Exhaustion": 0.26216449163472044,
    "Negative Low-Energy Emotions|Sadness": 0.19728221046553251,
    "Negative Low-Energy Emotions|Emotional Numbness": 0.08752096706366808,
    "Positive Low-Energy Emotions|Relief": 0.004630602480018096,
    "Negative Low-Energy Emotions|Jealousy & Envy": 0.0,
    "Physical and Exhaustive States|Sourness": -0.008376790947475276,
    "Physical and Exhaustive States|Intoxication/Altered States of Consciousness": -0.014950648025224061,
    "Physical and Exhaustive States|Pain": -0.020670116004905786,
    "Positive High-Energy Emotions|Astonishment/Surprise": -0.027785319616615553,
    "Negative High-Energy Emotions|Disgust": -0.0448562150254791,
    "Positive High-Energy Emotions|Triumph": -0.06689402100633517,
    "Negative Low-Energy Emotions|Embarrassment": -0.12074033385176798,
    "Positive High-Energy Emotions|Teasing": -0.13052357611120186,
    "Negative High-Energy Emotions|Fear": -0.13424546799312034,
    "Positive High-Energy Emotions|Interest": -0.16328413880024195,
    "Negative Low-Energy Emotions|Helplessness": -0.164138886470334,
    "Extra Dimensions|Dominance": -0.17895653531733122,
    "Cognitive States and Processes|Confusion": -0.19325341363420417,
    "Negative High-Energy Emotions|Distress": -0.19705517443354092,
    "Negative High-Energy Emotions|Impatience and Irritability": -0.3411372728140909,
    "Negative High-Energy Emotions|Anger": -0.3523749033391694,
    "Negative Low-Energy Emotions|Contempt": -0.3836870667432527,
    "Extra Dimensions|Arousal": -0.4343670691762651,
    "Negative High-Energy Emotions|Malevolence/Malice": -0.5360412064312032,
    "Negative Low-Energy Emotions|Shame": -0.6559624262883297,
    "Longing & Lust|Sexual Lust": -0.6823673187158047,
    "Negative Low-Energy Emotions|Disappointment": -0.727858324043944,
    "Negative Low-Energy Emotions|Doubt": -0.9203280923886381,
    "Longing & Lust|Infatuation": -1.6150540870651875,
    "Negative Low-Energy Emotions|Bitterness": -1.8307146570191553
  }
}