{
  "key": [
    "stance-detection-part-8",
    "emonet-m1",
    "flux_dev_one_1-331_s3296622600.png"
  ],
  "value": {
    "Negative High-Energy Emotions|Distress": 3.619653509534049,
    "Negative High-Energy Emotions|Anger": 2.9968396802961608,
    "Negative High-Energy Emotions|Impatience and Irritability": 2.2324239038435856,
    "Negative High-Energy Emotions|Fear": 1.927775929061075,
    "Cognitive States and Processes|Concentration": 1.7025642668616858,
    "Negative Low-Energy Emotions|Bitterness": 1.593374367755575,
    "Cognitive States and Processes|Confusion": 1.506899750931359,
    "Negative Low-Energy Emotions|Disappointment": 1.411917276240394,
    "Negative Low-Energy Emotions|Doubt": 1.315842003934256,
    "Negative Low-Energy Emotions|Sadness": 1.2876497660838186,
    "Negative Low-Energy Emotions|Helplessness": 0.9409474550299483,
    "Negative Low-Energy Emotions|Embarrassment": 0.8574968480501638,
    "Negative High-Energy Emotions|Disgust": 0.8249905313000138,
    "Extra Dimensions|Dominance": 0.8085600578707162,
    "Negative Low-Energy Emotions|Shame": 0.7685025436074504,
    "Extra Dimensions|Arousal": 0.7596529637064253,
    "Physical and Exhaustive States|Fatigue/Exhaustion": 0.6844953479579626,
    "Negative High-Energy Emotions|Malevolence/Malice": 0.4268515643360087,
    "Negative Low-Energy Emotions|Contempt": 0.3997568014169951,
    "Positive High-Energy Emotions|Astonishment/Surprise": 0.3206964994170072,
    "Negative Low-Energy Emotions|Emotional Numbness": 0.19679916912055284,
    "Physical and Exhaustive States|Sourness": 0.004170761638126531,
    "Negative Low-Energy Emotions|Jealousy & Envy": 0.0,
    "Physical and Exhaustive States|Intoxication/Altered States of Consciousness": -0.005454674438187928,
    "Positive Low-Energy Emotions|Relief": -0.00871677738324408,
    "Physical and Exhaustive States|Pain": -0.020670116004905786,
    "Positive High-Energy Emotions|Awe": -0.024589529827291713,
    "Positive High-Energy Emotions|Pleasure/Ecstasy": -0.05586157495969746,
    "Positive High-Energy Emotions|Interest": -0.06926901734028101,
    "Positive High-Energy Emotions|Triumph": -0.07727313240062132,
    "Positive High-Energy Emotions|Teasing": -0.12531256553590736,
    "Positive High-Energy Emotions|Elation": -0.15317417203812722,
    "Extra Dimensions|Emotional Vulnerability": -0.17587491771677044,
    "Positive Low-Energy Emotions|Contemplation": -0.3567579761488644,
    "Positive Low-Energy Emotions|Thankfulness/Gratitude": -0.48303494135885,
    "Positive High-Energy Emotions|Amusement": -0.5308244752769287,
    "Longing & Lust|Sexual Lust": -0.667747804369682,
    "Longing & Lust|Longing": -0.8777703871547957,
    "Positive High-Energy Emotions|Hope/Enthusiasm/Optimism": -0.8827547238109422,
    "Positive Low-Energy Emotions|Affection": -1.044256525943158,
    "Positive Low-Energy Emotions|Pride": -1.1077887611907153,
    "Positive Low-Energy Emotions|Contentment": -1.534049321477721,
    "Extra Dimensions|Valence": -1.6167060290847055,
    "Longing & Lust|Infatuation": -1.6299599123224888
  }
}