{
  "key": [
    "stance-detection-part-8",
    "emonet-m1",
    "flux_dev_one_1-489_s1434381739.png"
  ],
  "value": {
    "Negative High-Energy Emotions|Distress": 3.2322850689059974,
    "Cognitive States and Processes|Concentration": 2.4384546553504554,
    "Negative High-Energy Emotions|Anger": 1.8813890596449157,
    "Cognitive States and Processes|Confusion": 1.267931497795678,
    "Negative High-Energy Emotions|Impatience and Irritability": 1.1808809064833563,
    "Physical and Exhaustive States|Fatigue/Exhaustion": 1.1297732772639928,
    "Negative Low-Energy Emotions|Doubt": 0.9537616683171906,
    "Positive Low-Energy Emotions|Contemplation": 0.9325441345231327,
    "Negative Low-Energy Emotions|Sadness": 0.932253376122576,
    "Negative Low-Energy Emotions|Helplessness": 0.8717170177512007,
    "Extra Dimensions|Arousal": 0.6493788872446333,
    "Negative Low-Energy Emotions|Disappointment": 0.6135326097975229,
    "Negative High-Energy Emotions|Fear": 0.5844811297332247,
    "Extra Dimensions|Dominance": 0.471087440244526,
    "Positive High-Energy Emotions|Interest": 0.40966717803325414,
    "Negative Low-Energy Emotions|Bitterness": 0.11922812084547973,
    "Negative Low-Energy Emotions|Emotional Numbness": 0.10948182159400255,
    "Physical and Exhaustive States|Sourness": 0.0020006682805635122,
    "Negative Low-Energy Emotions|Jealousy & Envy": 0.0,
    "Positive Low-Energy Emotions|Relief": -0.005011283277428193,
    "Physical and Exhaustive States|Intoxication/Altered States of Consciousness": -0.01174587018842444,
    "Physical and Exhaustive States|Pain": -0.020670116004905786,
    "Positive High-Energy Emotions|Awe": -0.02637699861829971,
    "Negative High-Energy Emotions|Disgust": -0.04895214935689619,
    "Positive High-Energy Emotions|Pleasure/Ecstasy": -0.05585866253574567,
    "Positive High-Energy Emotions|Astonishment/Surprise": -0.06419611327868678,
    "Positive High-Energy Emotions|Triumph": -0.07574255031536951,
    "Positive High-Energy Emotions|Hope/Enthusiasm/Optimism": -0.11021872916200881,
    "Positive High-Energy Emotions|Teasing": -0.11895344284236868,
    "Negative Low-Energy Emotions|Embarrassment": -0.1195040888156428,
    "Positive High-Energy Emotions|Elation": -0.15317374382255577,
    "Extra Dimensions|Emotional Vulnerability": -0.291702239722996,
    "Negative Low-Energy Emotions|Contempt": -0.3857848298643808,
    "Positive Low-Energy Emotions|Thankfulness/Gratitude": -0.4822992319151616,
    "Negative High-Energy Emotions|Malevolence/Malice": -0.5284913393972448,
    "Positive High-Energy Emotions|Amusement": -0.5287939387445266,
    "Negative Low-Energy Emotions|Shame": -0.6524696425332657,
    "Positive Low-Energy Emotions|Affection": -0.6602139946912506,
    "Longing & Lust|Sexual Lust": -0.6722121773621975,
    "Longing & Lust|Longing": -0.8647647654235144,
    "Positive Low-Energy Emotions|Pride": -1.0975431697886615,
    "Extra Dimensions|Valence": -1.230251208451771,
    "Positive Low-Energy Emotions|Contentment": -1.430814881389449,
    "Longing & Lust|Infatuation": -1.607119635961977
  }
}