{
  "key": [
    "stance-detection-part-8",
    "emonet-m1",
    "flux_dev_one_1-256_s1068147243.png"
  ],
  "value": {
    "Positive High-Energy Emotions|Amusement": 3.4723123756165686,
    "Positive Low-Energy Emotions|Contentment": 2.3794983434030312,
    "Positive High-Energy Emotions|Elation": 2.3116124709368866,
    "Positive High-Energy Emotions|Pleasure/Ecstasy": 1.5855303245802426,
    "Extra Dimensions|Valence": 1.4465718115296133,
    "Positive High-Energy Emotions|Hope/Enthusiasm/Optimism": 1.341929529524057,
    "Positive Low-Energy Emotions|Affection": 1.0682324293161651,
    "Longing & Lust|Sexual Lust": 0.9812143655159534,
    "Longing & Lust|Infatuation": 0.9140276226177539,
    "Positive Low-Energy Emotions|Thankfulness/Gratitude": 0.8856659839019323,
    "Positive High-Energy Emotions|Teasing": 0.8553562623554425,
    "Extra Dimensions|Emotional Vulnerability": 0.6441023657610128,
    "Extra Dimensions|Dominance": 0.49388925670799644,
    "Extra Dimensions|Arousal": 0.3233731899942671,
    "Positive Low-Energy Emotions|Pride": 0.26159090823715636,
    "Positive High-Energy Emotions|Triumph": 0.13176264322359427,
    "Positive Low-Energy Emotions|Relief": 0.006512596787059264,
    "Negative Low-Energy Emotions|Jealousy & Envy": 0.0,
    "Physical and Exhaustive States|Intoxication/Altered States of Consciousness": -0.006182536557862611,
    "Physical and Exhaustive States|Sourness": -0.00819900519327148,
    "Physical and Exhaustive States|Pain": -0.020670116004905786,
    "Positive High-Energy Emotions|Awe": -0.02498248834913467,
    "Negative High-Energy Emotions|Disgust": -0.04412431469112089,
    "Positive High-Energy Emotions|Astonishment/Surprise": -0.05661300175410487,
    "Negative Low-Energy Emotions|Embarrassment": -0.121693106647922,
    "Negative High-Energy Emotions|Fear": -0.13002401373038688,
    "Cognitive States and Processes|Confusion": -0.1928493835495942,
    "Negative Low-Energy Emotions|Helplessness": -0.20847229971362777,
    "Negative Low-Energy Emotions|Contempt": -0.3776183676813821,
    "Negative High-Energy Emotions|Impatience and Irritability": -0.4688063390048105,
    "Positive High-Energy Emotions|Interest": -0.47596891319904566,
    "Cognitive States and Processes|Concentration": -0.48414454108356564,
    "Negative High-Energy Emotions|Anger": -0.527388952153943,
    "Negative High-Energy Emotions|Malevolence/Malice": -0.5338562268136076,
    "Negative Low-Energy Emotions|Shame": -0.6563207107393971,
    "Physical and Exhaustive States|Fatigue/Exhaustion": -0.6998365042396845,
    "Negative High-Energy Emotions|Distress": -0.7420849189394232,
    "Negative Low-Energy Emotions|Disappointment": -0.7430737879802729,
    "Negative Low-Energy Emotions|Emotional Numbness": -0.8515285599853966,
    "Longing & Lust|Longing": -0.8869186272442122,
    "Negative Low-Energy Emotions|Doubt": -0.9284784175453864,
    "Negative Low-Energy Emotions|Sadness": -0.9838913839701444,
    "Positive Low-Energy Emotions|Contemplation": -1.5082738474352566,
    "Negative Low-Energy Emotions|Bitterness": -1.8302653898031285
  }
}