{
  "key": [
    "stance-detection-part-8",
    "emonet-m1",
    "flux_dev_one_1-470_s1508089593.png"
  ],
  "value": {
    "Negative High-Energy Emotions|Distress": 2.513527201092887,
    "Negative Low-Energy Emotions|Sadness": 2.197675124283892,
    "Negative Low-Energy Emotions|Shame": 1.6740792495400676,
    "Negative Low-Energy Emotions|Bitterness": 1.53489601234786,
    "Negative Low-Energy Emotions|Disappointment": 1.4472876261244272,
    "Cognitive States and Processes|Confusion": 1.3469822771383293,
    "Positive Low-Energy Emotions|Contemplation": 1.167886875535706,
    "Negative Low-Energy Emotions|Helplessness": 0.7836037694029646,
    "Negative Low-Energy Emotions|Doubt": 0.7039049578832306,
    "Extra Dimensions|Emotional Vulnerability": 0.6165216276933858,
    "Negative High-Energy Emotions|Disgust": 0.579669197891658,
    "Negative High-Energy Emotions|Fear": 0.5681173897658786,
    "Negative High-Energy Emotions|Impatience and Irritability": 0.5182646535841864,
    "Negative Low-Energy Emotions|Embarrassment": 0.4584264659319387,
    "Cognitive States and Processes|Concentration": 0.4578211581122962,
    "Physical and Exhaustive States|Fatigue/Exhaustion": 0.4369285287669836,
    "Negative Low-Energy Emotions|Contempt": 0.2058808329607268,
    "Negative High-Energy Emotions|Malevolence/Malice": 0.18536191551703896,
    "Extra Dimensions|Arousal": 0.09912168128149856,
    "Negative Low-Energy Emotions|Emotional Numbness": 0.05638290458655626,
    "Physical and Exhaustive States|Intoxication/Altered States of Consciousness": 0.015170007869055419,
    "Physical and Exhaustive States|Sourness": 0.0037595268420793203,
    "Negative Low-Energy Emotions|Jealousy & Envy": 0.0,
    "Positive Low-Energy Emotions|Relief": -0.0030698631395459607,
    "Physical and Exhaustive States|Pain": -0.020670116004905786,
    "Positive High-Energy Emotions|Awe": -0.02713114638632034,
    "Positive High-Energy Emotions|Pleasure/Ecstasy": -0.05585873106799044,
    "Positive High-Energy Emotions|Astonishment/Surprise": -0.061777148177444716,
    "Positive High-Energy Emotions|Triumph": -0.07615643193017378,
    "Positive High-Energy Emotions|Teasing": -0.12039133784234961,
    "Negative High-Energy Emotions|Anger": -0.14411865867974555,
    "Positive High-Energy Emotions|Elation": -0.1531743920076063,
    "Extra Dimensions|Dominance": -0.32073656529965966,
    "Positive High-Energy Emotions|Interest": -0.3226357260957742,
    "Positive Low-Energy Emotions|Affection": -0.45714853973138125,
    "Positive Low-Energy Emotions|Thankfulness/Gratitude": -0.4806116847231841,
    "Positive High-Energy Emotions|Amusement": -0.5296569990997131,
    "Longing & Lust|Sexual Lust": -0.6784278242251812,
    "Positive High-Energy Emotions|Hope/Enthusiasm/Optimism": -0.8737837032316041,
    "Longing & Lust|Longing": -0.8814514657079955,
    "Positive Low-Energy Emotions|Pride": -1.080374111465755,
    "Extra Dimensions|Valence": -1.1271432792220346,
    "Positive Low-Energy Emotions|Contentment": -1.4711243403604726,
    "Longing & Lust|Infatuation": -1.6118779790625248
  }
}