{
  "key": [
    "stance-detection-part-8",
    "emonet-m1",
    "flux_dev_one_1-477_s3960936924.png"
  ],
  "value": {
    "Negative High-Energy Emotions|Distress": 3.4937217697269203,
    "Negative High-Energy Emotions|Disgust": 2.8893200958713945,
    "Negative Low-Energy Emotions|Embarrassment": 2.8704607986841664,
    "Cognitive States and Processes|Confusion": 2.695665038330651,
    "Negative High-Energy Emotions|Anger": 2.5440541883528014,
    "Negative High-Energy Emotions|Impatience and Irritability": 2.3345688604323307,
    "Negative Low-Energy Emotions|Contempt": 2.187818897059085,
    "Physical and Exhaustive States|Pain": 2.167371924386432,
    "Negative Low-Energy Emotions|Bitterness": 2.1042469702183437,
    "Negative Low-Energy Emotions|Sadness": 1.9138354216776907,
    "Negative Low-Energy Emotions|Disappointment": 1.8962763021955942,
    "Cognitive States and Processes|Concentration": 1.2633457457435218,
    "Negative Low-Energy Emotions|Doubt": 1.2574394656346954,
    "Negative High-Energy Emotions|Fear": 1.2494639850532014,
    "Negative Low-Energy Emotions|Shame": 1.0228059989602336,
    "Negative Low-Energy Emotions|Helplessness": 0.9242552934698897,
    "Physical and Exhaustive States|Fatigue/Exhaustion": 0.5933616342357336,
    "Extra Dimensions|Arousal": 0.5787514363016402,
    "Extra Dimensions|Emotional Vulnerability": 0.41064122417470905,
    "Negative High-Energy Emotions|Malevolence/Malice": 0.09262900917548622,
    "Physical and Exhaustive States|Sourness": 0.009042197101555028,
    "Negative Low-Energy Emotions|Jealousy & Envy": 0.0,
    "Positive Low-Energy Emotions|Relief": -0.004960023282921357,
    "Physical and Exhaustive States|Intoxication/Altered States of Consciousness": -0.010450586751649232,
    "Positive High-Energy Emotions|Awe": -0.014042189911062465,
    "Positive High-Energy Emotions|Pleasure/Ecstasy": -0.055864487088063464,
    "Positive High-Energy Emotions|Triumph": -0.07147518184970751,
    "Positive High-Energy Emotions|Astonishment/Surprise": -0.07574463241320827,
    "Positive High-Energy Emotions|Teasing": -0.12076999870002707,
    "Positive Low-Energy Emotions|Contemplation": -0.1507640853865353,
    "Positive High-Energy Emotions|Elation": -0.15317504680104532,
    "Extra Dimensions|Dominance": -0.2458634308058318,
    "Positive Low-Energy Emotions|Thankfulness/Gratitude": -0.4822168853044367,
    "Negative Low-Energy Emotions|Emotional Numbness": -0.48966812080406874,
    "Positive High-Energy Emotions|Amusement": -0.5309556651000793,
    "Longing & Lust|Sexual Lust": -0.6699241487643658,
    "Longing & Lust|Longing": -0.8790854071795722,
    "Positive High-Energy Emotions|Hope/Enthusiasm/Optimism": -0.931030209445746,
    "Positive Low-Energy Emotions|Affection": -1.0447981235479096,
    "Positive High-Energy Emotions|Interest": -1.0774935046449685,
    "Positive Low-Energy Emotions|Pride": -1.1004827069562106,
    "Extra Dimensions|Valence": -1.6176552926573984,
    "Longing & Lust|Infatuation": -1.6385301214680348,
    "Positive Low-Energy Emotions|Contentment": -1.6667410959950189
  }
}