{
  "key": [
    "stance-detection-part-8",
    "emonet-m1",
    "flux_dev_one_1-383_s2642255210.png"
  ],
  "value": {
    "Cognitive States and Processes|Concentration": 1.1508612906348792,
    "Negative High-Energy Emotions|Distress": 0.8527831300861124,
    "Negative Low-Energy Emotions|Doubt": 0.8356965495275177,
    "Negative High-Energy Emotions|Impatience and Irritability": 0.6753851198164862,
    "Longing & Lust|Sexual Lust": 0.5654545636513294,
    "Positive High-Energy Emotions|Hope/Enthusiasm/Optimism": 0.36809036574384446,
    "Positive Low-Energy Emotions|Affection": 0.33167148857367246,
    "Extra Dimensions|Dominance": 0.3006464683931771,
    "Physical and Exhaustive States|Fatigue/Exhaustion": 0.23205639741932738,
    "Positive Low-Energy Emotions|Pride": 0.20648951358383605,
    "Positive High-Energy Emotions|Interest": 0.18958775603618383,
    "Negative Low-Energy Emotions|Emotional Numbness": 0.12800456100440294,
    "Negative Low-Energy Emotions|Helplessness": 0.09980128393696122,
    "Extra Dimensions|Emotional Vulnerability": 0.04670551517507526,
    "Longing & Lust|Longing": 0.04659638502003949,
    "Extra Dimensions|Arousal": 0.04581891638892044,
    "Negative Low-Energy Emotions|Sadness": 0.03127981769667265,
    "Physical and Exhaustive States|Sourness": 0.0013275306753732351,
    "Negative Low-Energy Emotions|Jealousy & Envy": 0.0,
    "Positive Low-Energy Emotions|Relief": -0.000472411929523988,
    "Physical and Exhaustive States|Intoxication/Altered States of Consciousness": -0.0061782748257611705,
    "Longing & Lust|Infatuation": -0.017824837289777795,
    "Physical and Exhaustive States|Pain": -0.020670116004905786,
    "Negative High-Energy Emotions|Anger": -0.02359151043298041,
    "Positive High-Energy Emotions|Awe": -0.02871737499540542,
    "Negative High-Energy Emotions|Disgust": -0.044905448462063575,
    "Positive High-Energy Emotions|Pleasure/Ecstasy": -0.05585866253574567,
    "Positive High-Energy Emotions|Triumph": -0.07468910899948016,
    "Positive High-Energy Emotions|Astonishment/Surprise": -0.07561232500296809,
    "Extra Dimensions|Valence": -0.11495944349207803,
    "Positive High-Energy Emotions|Teasing": -0.11635462817609747,
    "Negative Low-Energy Emotions|Embarrassment": -0.12038047825951716,
    "Negative High-Energy Emotions|Fear": -0.13014719417939583,
    "Negative Low-Energy Emotions|Disappointment": -0.13906257643599762,
    "Positive High-Energy Emotions|Elation": -0.15317255947764563,
    "Positive Low-Energy Emotions|Contentment": -0.19003810412199296,
    "Cognitive States and Processes|Confusion": -0.19005730082263878,
    "Positive Low-Energy Emotions|Contemplation": -0.20798227939440883,
    "Negative Low-Energy Emotions|Contempt": -0.38541771740662856,
    "Negative Low-Energy Emotions|Shame": -0.44504766639163407,
    "Positive Low-Energy Emotions|Thankfulness/Gratitude": -0.48136826510576963,
    "Positive High-Energy Emotions|Amusement": -0.5192477556948478,
    "Negative High-Energy Emotions|Malevolence/Malice": -0.52742135406714,
    "Negative Low-Energy Emotions|Bitterness": -0.7767019309581091
  }
}