{
  "key": [
    "stance-detection-part-8",
    "emonet-m1",
    "flux_dev_one_1-456_s1503780313.png"
  ],
  "value": {
    "Positive High-Energy Emotions|Astonishment/Surprise": 5.872891869614303,
    "Positive High-Energy Emotions|Awe": 3.1083694783895663,
    "Negative High-Energy Emotions|Distress": 2.3972957595950843,
    "Negative High-Energy Emotions|Fear": 2.133867571440836,
    "Cognitive States and Processes|Confusion": 1.861062920792199,
    "Extra Dimensions|Arousal": 1.5645912800516402,
    "Positive High-Energy Emotions|Interest": 1.322788163064382,
    "Extra Dimensions|Emotional Vulnerability": 0.9443381140520284,
    "Cognitive States and Processes|Concentration": 0.4824371611487952,
    "Negative High-Energy Emotions|Disgust": 0.4197036827549393,
    "Negative Low-Energy Emotions|Helplessness": 0.0938327132277327,
    "Physical and Exhaustive States|Fatigue/Exhaustion": 0.05557968042408812,
    "Physical and Exhaustive States|Intoxication/Altered States of Consciousness": 0.02431594572906747,
    "Negative Low-Energy Emotions|Jealousy & Envy": 0.0,
    "Positive Low-Energy Emotions|Relief": -0.007226109920895143,
    "Physical and Exhaustive States|Sourness": -0.011989055938281855,
    "Physical and Exhaustive States|Pain": -0.020670116004905786,
    "Positive High-Energy Emotions|Pleasure/Ecstasy": -0.0495454820598461,
    "Positive High-Energy Emotions|Triumph": -0.07694865309636727,
    "Negative High-Energy Emotions|Impatience and Irritability": -0.08526128301935976,
    "Positive High-Energy Emotions|Teasing": -0.12085949507415732,
    "Negative Low-Energy Emotions|Embarrassment": -0.12097070952911516,
    "Positive High-Energy Emotions|Elation": -0.15317186880464062,
    "Negative High-Energy Emotions|Anger": -0.23153633572461402,
    "Extra Dimensions|Valence": -0.26038791289665625,
    "Negative Low-Energy Emotions|Emotional Numbness": -0.27444307989144057,
    "Negative Low-Energy Emotions|Sadness": -0.33665434968842867,
    "Negative Low-Energy Emotions|Contempt": -0.37814969838607115,
    "Positive Low-Energy Emotions|Thankfulness/Gratitude": -0.48135213646142244,
    "Positive Low-Energy Emotions|Contemplation": -0.49782047424151576,
    "Positive High-Energy Emotions|Amusement": -0.5241511988525207,
    "Negative High-Energy Emotions|Malevolence/Malice": -0.5322708103178075,
    "Negative Low-Energy Emotions|Doubt": -0.6446451829744659,
    "Negative Low-Energy Emotions|Shame": -0.6589271957783929,
    "Longing & Lust|Sexual Lust": -0.6821991740128933,
    "Negative Low-Energy Emotions|Disappointment": -0.7281126049091364,
    "Positive High-Energy Emotions|Hope/Enthusiasm/Optimism": -0.7538288489816499,
    "Longing & Lust|Longing": -0.873148955923297,
    "Positive Low-Energy Emotions|Affection": -1.0579390627239922,
    "Positive Low-Energy Emotions|Contentment": -1.0607426953962544,
    "Positive Low-Energy Emotions|Pride": -1.1027481602948337,
    "Extra Dimensions|Dominance": -1.2603764092999992,
    "Longing & Lust|Infatuation": -1.6300445583686505,
    "Negative Low-Energy Emotions|Bitterness": -1.8294964433193972
  }
}