{
  "key": [
    "stance-detection-part-8",
    "emonet-m1",
    "flux_dev_one_1-400_s176724097.png"
  ],
  "value": {
    "Positive High-Energy Emotions|Astonishment/Surprise": 4.392697777817428,
    "Positive High-Energy Emotions|Awe": 2.375608810588663,
    "Negative High-Energy Emotions|Distress": 2.2441876396304847,
    "Negative High-Energy Emotions|Fear": 2.2257860399161777,
    "Cognitive States and Processes|Confusion": 1.5797925360036857,
    "Extra Dimensions|Arousal": 1.4108203564371382,
    "Negative High-Energy Emotions|Disgust": 1.3484699333652908,
    "Extra Dimensions|Emotional Vulnerability": 1.0463826964189717,
    "Positive High-Energy Emotions|Interest": 0.4259237488492942,
    "Negative High-Energy Emotions|Anger": 0.33047977886793817,
    "Negative High-Energy Emotions|Impatience and Irritability": 0.28543061246556456,
    "Physical and Exhaustive States|Fatigue/Exhaustion": 0.26400114915882933,
    "Negative Low-Energy Emotions|Helplessness": 0.16443942175434403,
    "Cognitive States and Processes|Concentration": 0.017733124436148717,
    "Physical and Exhaustive States|Intoxication/Altered States of Consciousness": 0.013142734690954833,
    "Negative Low-Energy Emotions|Jealousy & Envy": 0.0,
    "Positive Low-Energy Emotions|Relief": -0.005609274326717897,
    "Physical and Exhaustive States|Sourness": -0.007402620083846888,
    "Physical and Exhaustive States|Pain": -0.020670116004905786,
    "Positive High-Energy Emotions|Pleasure/Ecstasy": -0.05101252745641249,
    "Positive High-Energy Emotions|Triumph": -0.07449795131575003,
    "Negative Low-Energy Emotions|Embarrassment": -0.11867857193608423,
    "Positive High-Energy Emotions|Teasing": -0.12255780276716192,
    "Positive High-Energy Emotions|Elation": -0.1531719460121006,
    "Negative Low-Energy Emotions|Emotional Numbness": -0.19086002296471327,
    "Negative Low-Energy Emotions|Contempt": -0.36692112953412337,
    "Negative High-Energy Emotions|Malevolence/Malice": -0.4612771484373144,
    "Positive Low-Energy Emotions|Thankfulness/Gratitude": -0.481574360272274,
    "Negative Low-Energy Emotions|Sadness": -0.49947847378625276,
    "Positive High-Energy Emotions|Amusement": -0.5232121574764068,
    "Positive High-Energy Emotions|Hope/Enthusiasm/Optimism": -0.592468585157187,
    "Negative Low-Energy Emotions|Shame": -0.6558043547703853,
    "Longing & Lust|Sexual Lust": -0.6800057230851589,
    "Negative Low-Energy Emotions|Disappointment": -0.7366512124170805,
    "Positive Low-Energy Emotions|Contentment": -0.8745447588613728,
    "Longing & Lust|Longing": -0.8792125140845557,
    "Positive Low-Energy Emotions|Contemplation": -0.8921272531492916,
    "Extra Dimensions|Valence": -0.916238323358082,
    "Negative Low-Energy Emotions|Doubt": -0.9188973257316433,
    "Positive Low-Energy Emotions|Affection": -1.0580493462179879,
    "Positive Low-Energy Emotions|Pride": -1.1032289611619144,
    "Extra Dimensions|Dominance": -1.2157593524533805,
    "Longing & Lust|Infatuation": -1.631453142784563,
    "Negative Low-Energy Emotions|Bitterness": -1.7331416793645193
  }
}