{
  "key": [
    "stance-detection-part-8",
    "emonet-m1",
    "flux_dev_one_1-420_s1225600814.png"
  ],
  "value": {
    "Positive High-Energy Emotions|Interest": 1.0335811814054465,
    "Longing & Lust|Sexual Lust": 0.8774679513313831,
    "Positive High-Energy Emotions|Hope/Enthusiasm/Optimism": 0.7543160661222624,
    "Longing & Lust|Longing": 0.5658716330707292,
    "Longing & Lust|Infatuation": 0.5486485275402393,
    "Positive Low-Energy Emotions|Contentment": 0.5455437707254192,
    "Positive Low-Energy Emotions|Affection": 0.4942354085947296,
    "Positive High-Energy Emotions|Astonishment/Surprise": 0.42801329142826816,
    "Extra Dimensions|Valence": 0.4136946643318899,
    "Cognitive States and Processes|Concentration": 0.379012612046012,
    "Negative Low-Energy Emotions|Emotional Numbness": 0.3748041492078331,
    "Physical and Exhaustive States|Fatigue/Exhaustion": 0.19238187692677367,
    "Negative Low-Energy Emotions|Sadness": 0.0213384782038748,
    "Positive High-Energy Emotions|Awe": 0.0041204033344438215,
    "Negative Low-Energy Emotions|Jealousy & Envy": 0.0,
    "Physical and Exhaustive States|Intoxication/Altered States of Consciousness": -0.0042496994888280345,
    "Physical and Exhaustive States|Sourness": -0.004486529893436274,
    "Positive Low-Energy Emotions|Relief": -0.0060984570969701245,
    "Physical and Exhaustive States|Pain": -0.020670116004905786,
    "Extra Dimensions|Emotional Vulnerability": -0.04202648899057415,
    "Negative High-Energy Emotions|Disgust": -0.04230546405463865,
    "Positive High-Energy Emotions|Pleasure/Ecstasy": -0.05585866253574567,
    "Negative Low-Energy Emotions|Helplessness": -0.07258653952552505,
    "Positive High-Energy Emotions|Triumph": -0.07492464979182616,
    "Positive Low-Energy Emotions|Contemplation": -0.09045097980334438,
    "Negative High-Energy Emotions|Fear": -0.10472613355765739,
    "Negative Low-Energy Emotions|Doubt": -0.11274489629996642,
    "Extra Dimensions|Arousal": -0.11942971604210983,
    "Negative Low-Energy Emotions|Embarrassment": -0.1202461852695479,
    "Positive High-Energy Emotions|Teasing": -0.12183575210035284,
    "Negative High-Energy Emotions|Anger": -0.15195313789250647,
    "Positive High-Energy Emotions|Elation": -0.15317283217053257,
    "Cognitive States and Processes|Confusion": -0.19381748219003608,
    "Extra Dimensions|Dominance": -0.21765638203206625,
    "Negative High-Energy Emotions|Distress": -0.2682003811233755,
    "Negative High-Energy Emotions|Impatience and Irritability": -0.3537368751557428,
    "Negative Low-Energy Emotions|Contempt": -0.3808547210787515,
    "Positive Low-Energy Emotions|Thankfulness/Gratitude": -0.4809689465820646,
    "Positive High-Energy Emotions|Amusement": -0.5243874865655715,
    "Negative High-Energy Emotions|Malevolence/Malice": -0.5270044717310003,
    "Positive Low-Energy Emotions|Pride": -0.6175991194766193,
    "Negative Low-Energy Emotions|Shame": -0.6512286533399454,
    "Negative Low-Energy Emotions|Disappointment": -0.7364461463620211,
    "Negative Low-Energy Emotions|Bitterness": -1.8274064977199604
  }
}