{
  "key": [
    "stance-detection-part-8",
    "emonet-m1",
    "flux_dev_one_1-352_s2240631855.png"
  ],
  "value": {
    "Negative High-Energy Emotions|Anger": 2.189528145414569,
    "Cognitive States and Processes|Concentration": 2.1445732390296546,
    "Negative High-Energy Emotions|Distress": 1.9818387493259195,
    "Positive Low-Energy Emotions|Contemplation": 1.502016924287537,
    "Negative Low-Energy Emotions|Sadness": 1.2673577223979056,
    "Negative High-Energy Emotions|Impatience and Irritability": 0.86032593478841,
    "Physical and Exhaustive States|Fatigue/Exhaustion": 0.7132969083598791,
    "Negative Low-Energy Emotions|Bitterness": 0.5648394785343835,
    "Negative Low-Energy Emotions|Helplessness": 0.5477134405188399,
    "Negative Low-Energy Emotions|Disappointment": 0.4829565952787851,
    "Negative Low-Energy Emotions|Contempt": 0.20736391573202806,
    "Negative Low-Energy Emotions|Emotional Numbness": 0.18511463218665392,
    "Positive High-Energy Emotions|Interest": 0.1778499325498557,
    "Cognitive States and Processes|Confusion": 0.1256929106546409,
    "Extra Dimensions|Arousal": 0.0890256081308638,
    "Negative Low-Energy Emotions|Doubt": 0.016041369550100715,
    "Extra Dimensions|Dominance": 0.0027107441347542782,
    "Physical and Exhaustive States|Sourness": 0.0025832366280175833,
    "Negative Low-Energy Emotions|Jealousy & Envy": 0.0,
    "Positive Low-Energy Emotions|Relief": -0.005509473799622102,
    "Physical and Exhaustive States|Intoxication/Altered States of Consciousness": -0.012719437555024476,
    "Physical and Exhaustive States|Pain": -0.020670116004905786,
    "Positive High-Energy Emotions|Awe": -0.025159931376631008,
    "Negative High-Energy Emotions|Disgust": -0.04106297543197324,
    "Positive High-Energy Emotions|Astonishment/Surprise": -0.05383670680743434,
    "Positive High-Energy Emotions|Pleasure/Ecstasy": -0.05585866253574567,
    "Positive High-Energy Emotions|Triumph": -0.07621444028805628,
    "Negative Low-Energy Emotions|Embarrassment": -0.11936828335781237,
    "Positive High-Energy Emotions|Teasing": -0.12004823860586127,
    "Negative High-Energy Emotions|Fear": -0.12379889717946449,
    "Positive High-Energy Emotions|Hope/Enthusiasm/Optimism": -0.150738860749991,
    "Positive High-Energy Emotions|Elation": -0.1531741125107895,
    "Negative High-Energy Emotions|Malevolence/Malice": -0.4111767026899389,
    "Positive Low-Energy Emotions|Thankfulness/Gratitude": -0.4813936808988309,
    "Positive High-Energy Emotions|Amusement": -0.5292179550115879,
    "Positive Low-Energy Emotions|Affection": -0.565994727322934,
    "Extra Dimensions|Emotional Vulnerability": -0.5935566117475322,
    "Negative Low-Energy Emotions|Shame": -0.656402494831287,
    "Longing & Lust|Sexual Lust": -0.6838047592303692,
    "Longing & Lust|Longing": -0.6844095071375151,
    "Positive Low-Energy Emotions|Contentment": -0.8961813045194844,
    "Positive Low-Energy Emotions|Pride": -1.0978038879554897,
    "Extra Dimensions|Valence": -1.1078241025481455,
    "Longing & Lust|Infatuation": -1.628549889944521
  }
}