{
  "key": [
    "stance-detection-part-8",
    "emonet-m1",
    "flux_dev_one_1-394_s2041281209.png"
  ],
  "value": {
    "Negative High-Energy Emotions|Distress": 1.332054899609733,
    "Cognitive States and Processes|Concentration": 1.1275089060676184,
    "Negative Low-Energy Emotions|Sadness": 1.09106577980147,
    "Physical and Exhaustive States|Fatigue/Exhaustion": 1.0318559589198766,
    "Positive Low-Energy Emotions|Contemplation": 0.9918188079850467,
    "Cognitive States and Processes|Confusion": 0.6193927295042045,
    "Positive Low-Energy Emotions|Affection": 0.4902428510690948,
    "Negative Low-Energy Emotions|Helplessness": 0.4544007597975569,
    "Negative High-Energy Emotions|Impatience and Irritability": 0.4234138153998297,
    "Positive Low-Energy Emotions|Contentment": 0.32308707707612716,
    "Negative Low-Energy Emotions|Disappointment": 0.2207248281012033,
    "Negative Low-Energy Emotions|Emotional Numbness": 0.18990815692878038,
    "Positive High-Energy Emotions|Interest": 0.0946277817472434,
    "Negative Low-Energy Emotions|Shame": 0.03469193998882858,
    "Physical and Exhaustive States|Intoxication/Altered States of Consciousness": 0.02260933808927789,
    "Positive High-Energy Emotions|Astonishment/Surprise": 0.006012361715018968,
    "Negative Low-Energy Emotions|Jealousy & Envy": 0.0,
    "Positive Low-Energy Emotions|Relief": -0.00041724038020376705,
    "Physical and Exhaustive States|Sourness": -0.0012429866857908579,
    "Positive High-Energy Emotions|Awe": -0.0023904206306288103,
    "Extra Dimensions|Emotional Vulnerability": -0.005768983573704034,
    "Physical and Exhaustive States|Pain": -0.020670116004905786,
    "Negative High-Energy Emotions|Disgust": -0.040750311817223335,
    "Negative High-Energy Emotions|Anger": -0.044584862369320744,
    "Positive High-Energy Emotions|Pleasure/Ecstasy": -0.05487148384833562,
    "Positive High-Energy Emotions|Triumph": -0.07592250884513989,
    "Extra Dimensions|Arousal": -0.10190976517541062,
    "Positive High-Energy Emotions|Teasing": -0.11410800990522345,
    "Negative High-Energy Emotions|Fear": -0.11614275506387153,
    "Negative Low-Energy Emotions|Embarrassment": -0.11779797291417261,
    "Positive High-Energy Emotions|Elation": -0.15317287349342434,
    "Extra Dimensions|Valence": -0.2290900652680628,
    "Extra Dimensions|Dominance": -0.268485345550209,
    "Negative Low-Energy Emotions|Doubt": -0.2895301269365631,
    "Negative Low-Energy Emotions|Contempt": -0.3620060113166551,
    "Positive High-Energy Emotions|Hope/Enthusiasm/Optimism": -0.43998333373049026,
    "Negative High-Energy Emotions|Malevolence/Malice": -0.4458509969828657,
    "Positive Low-Energy Emotions|Thankfulness/Gratitude": -0.4812586009412861,
    "Positive High-Energy Emotions|Amusement": -0.5154901447777565,
    "Longing & Lust|Sexual Lust": -0.6041674999854504,
    "Longing & Lust|Longing": -0.626465075236537,
    "Negative Low-Energy Emotions|Bitterness": -0.7225323953212073,
    "Positive Low-Energy Emotions|Pride": -1.0973823713582187,
    "Longing & Lust|Infatuation": -1.5882723604366455
  }
}