{
  "key": [
    "stance-detection-part-8",
    "emonet-m1",
    "flux_dev_one_1-270_s40716292.png"
  ],
  "value": {
    "Positive High-Energy Emotions|Amusement": 1.5062853542084877,
    "Extra Dimensions|Valence": 0.90434168228767,
    "Positive High-Energy Emotions|Hope/Enthusiasm/Optimism": 0.8537645085813689,
    "Cognitive States and Processes|Concentration": 0.6710529600989905,
    "Negative High-Energy Emotions|Distress": 0.6400064691669229,
    "Positive Low-Energy Emotions|Affection": 0.5770588043237945,
    "Negative High-Energy Emotions|Impatience and Irritability": 0.5671113752333563,
    "Extra Dimensions|Emotional Vulnerability": 0.45153716304800007,
    "Positive Low-Energy Emotions|Contentment": 0.4321464108773967,
    "Longing & Lust|Infatuation": 0.4252533229961719,
    "Positive High-Energy Emotions|Teasing": 0.40825651708185234,
    "Longing & Lust|Sexual Lust": 0.28846313670659673,
    "Extra Dimensions|Arousal": 0.2674945507730757,
    "Cognitive States and Processes|Confusion": 0.26514262626895974,
    "Negative Low-Energy Emotions|Doubt": 0.26226028930412904,
    "Positive High-Energy Emotions|Astonishment/Surprise": 0.1700113082625272,
    "Positive High-Energy Emotions|Interest": 0.12532584273662328,
    "Positive Low-Energy Emotions|Relief": 0.004932738424384551,
    "Negative Low-Energy Emotions|Jealousy & Envy": 0.0,
    "Physical and Exhaustive States|Sourness": -0.0005615789361379953,
    "Positive Low-Energy Emotions|Thankfulness/Gratitude": -0.002292423500106333,
    "Physical and Exhaustive States|Intoxication/Altered States of Consciousness": -0.003804914728352876,
    "Positive High-Energy Emotions|Elation": -0.01819458703983612,
    "Physical and Exhaustive States|Pain": -0.020670116004905786,
    "Positive High-Energy Emotions|Awe": -0.03137794752424453,
    "Positive High-Energy Emotions|Pleasure/Ecstasy": -0.04290067616654414,
    "Negative High-Energy Emotions|Disgust": -0.04491841247230222,
    "Physical and Exhaustive States|Fatigue/Exhaustion": -0.0677672443577112,
    "Positive High-Energy Emotions|Triumph": -0.07502838236283198,
    "Extra Dimensions|Dominance": -0.10639585614982214,
    "Negative Low-Energy Emotions|Embarrassment": -0.11687332605977198,
    "Negative High-Energy Emotions|Anger": -0.1183190564096192,
    "Negative High-Energy Emotions|Fear": -0.11858244768033424,
    "Negative Low-Energy Emotions|Helplessness": -0.15509752495958037,
    "Negative Low-Energy Emotions|Emotional Numbness": -0.28184001630806654,
    "Negative Low-Energy Emotions|Contempt": -0.38384676993834776,
    "Negative High-Energy Emotions|Malevolence/Malice": -0.5317252788065008,
    "Negative Low-Energy Emotions|Shame": -0.6562178051828376,
    "Negative Low-Energy Emotions|Disappointment": -0.7350356769492175,
    "Positive Low-Energy Emotions|Pride": -0.8264272110980182,
    "Longing & Lust|Longing": -0.8672235389768859,
    "Negative Low-Energy Emotions|Sadness": -0.9403323265649259,
    "Positive Low-Energy Emotions|Contemplation": -1.0168159976942746,
    "Negative Low-Energy Emotions|Bitterness": -1.8282365110249092
  }
}