{
  "key": [
    "stance-detection-part-8",
    "emonet-m1",
    "flux_dev_one_1-258_s1652258580.png"
  ],
  "value": {
    "Negative High-Energy Emotions|Distress": 3.4755390152103187,
    "Cognitive States and Processes|Concentration": 2.2913155829322425,
    "Cognitive States and Processes|Confusion": 2.044818795425988,
    "Positive Low-Energy Emotions|Contemplation": 1.9078535064713749,
    "Negative Low-Energy Emotions|Sadness": 1.7403687392436087,
    "Negative Low-Energy Emotions|Disappointment": 1.7138589094648813,
    "Negative Low-Energy Emotions|Doubt": 1.4547563506292023,
    "Physical and Exhaustive States|Fatigue/Exhaustion": 1.1904715480617223,
    "Negative High-Energy Emotions|Impatience and Irritability": 1.0900708459822577,
    "Negative Low-Energy Emotions|Helplessness": 1.063089531522258,
    "Negative High-Energy Emotions|Anger": 0.953255214315631,
    "Extra Dimensions|Arousal": 0.39343248946326126,
    "Positive High-Energy Emotions|Interest": 0.3458172520383811,
    "Negative Low-Energy Emotions|Emotional Numbness": 0.051638136443856064,
    "Physical and Exhaustive States|Sourness": 0.0014367338351823477,
    "Negative Low-Energy Emotions|Jealousy & Envy": 0.0,
    "Positive Low-Energy Emotions|Relief": -0.006334841667568727,
    "Physical and Exhaustive States|Intoxication/Altered States of Consciousness": -0.012161985114762635,
    "Physical and Exhaustive States|Pain": -0.020670116004905786,
    "Positive High-Energy Emotions|Awe": -0.021758800938780055,
    "Extra Dimensions|Dominance": -0.03615810037437048,
    "Negative High-Energy Emotions|Disgust": -0.04230279674678495,
    "Positive High-Energy Emotions|Astonishment/Surprise": -0.053893077900230665,
    "Positive High-Energy Emotions|Pleasure/Ecstasy": -0.05586058044133824,
    "Positive High-Energy Emotions|Triumph": -0.07455065672289267,
    "Negative Low-Energy Emotions|Embarrassment": -0.11677707200904032,
    "Positive High-Energy Emotions|Teasing": -0.11693134781778296,
    "Negative High-Energy Emotions|Fear": -0.11872339031348625,
    "Positive High-Energy Emotions|Elation": -0.1531747822253986,
    "Extra Dimensions|Emotional Vulnerability": -0.2023732354352763,
    "Negative Low-Energy Emotions|Bitterness": -0.2945238389552405,
    "Negative Low-Energy Emotions|Contempt": -0.3849568989967088,
    "Positive Low-Energy Emotions|Thankfulness/Gratitude": -0.48215769602952957,
    "Positive High-Energy Emotions|Hope/Enthusiasm/Optimism": -0.5126760260103059,
    "Positive High-Energy Emotions|Amusement": -0.5283044318740184,
    "Negative High-Energy Emotions|Malevolence/Malice": -0.5312157857535413,
    "Negative Low-Energy Emotions|Shame": -0.6535067782535187,
    "Longing & Lust|Sexual Lust": -0.6942092864177166,
    "Longing & Lust|Longing": -0.8667334025323172,
    "Positive Low-Energy Emotions|Affection": -1.006879719803212,
    "Positive Low-Energy Emotions|Pride": -1.0986902462762027,
    "Extra Dimensions|Valence": -1.2044562255416147,
    "Longing & Lust|Infatuation": -1.3571565535888348,
    "Positive Low-Energy Emotions|Contentment": -1.5184553903988103
  }
}