{
  "key": [
    "stance-detection-part-8",
    "emonet-m1",
    "flux_dev_one_1-359_s1160580022.png"
  ],
  "value": {
    "Positive High-Energy Emotions|Astonishment/Surprise": 5.888465848038376,
    "Cognitive States and Processes|Confusion": 2.9743575222326286,
    "Negative Low-Energy Emotions|Embarrassment": 2.497778942528771,
    "Negative High-Energy Emotions|Distress": 2.4462538227206947,
    "Extra Dimensions|Arousal": 1.8388250981058394,
    "Negative High-Energy Emotions|Fear": 1.8135197854911287,
    "Positive High-Energy Emotions|Awe": 1.3557702390402009,
    "Extra Dimensions|Emotional Vulnerability": 1.1769430945207784,
    "Negative Low-Energy Emotions|Doubt": 0.7859518243001617,
    "Positive High-Energy Emotions|Interest": 0.7476040562375998,
    "Positive High-Energy Emotions|Teasing": 0.04019235196649591,
    "Negative Low-Energy Emotions|Helplessness": 0.03889314518497758,
    "Physical and Exhaustive States|Intoxication/Altered States of Consciousness": 0.01376701883917108,
    "Negative Low-Energy Emotions|Jealousy & Envy": 0.0,
    "Physical and Exhaustive States|Sourness": -0.002872152990856013,
    "Positive Low-Energy Emotions|Relief": -0.007875927208817048,
    "Physical and Exhaustive States|Pain": -0.020670116004905786,
    "Positive High-Energy Emotions|Pleasure/Ecstasy": -0.05586075985826755,
    "Positive High-Energy Emotions|Triumph": -0.0698577874619855,
    "Negative High-Energy Emotions|Disgust": -0.07551162889152219,
    "Extra Dimensions|Valence": -0.13369109531977103,
    "Cognitive States and Processes|Concentration": -0.14378163462757199,
    "Positive High-Energy Emotions|Elation": -0.1531730093200916,
    "Negative Low-Energy Emotions|Contempt": -0.3849145275448541,
    "Negative High-Energy Emotions|Impatience and Irritability": -0.4112572498114664,
    "Positive Low-Energy Emotions|Thankfulness/Gratitude": -0.48230481053738355,
    "Physical and Exhaustive States|Fatigue/Exhaustion": -0.5163080809303583,
    "Positive High-Energy Emotions|Amusement": -0.5288662354533489,
    "Negative High-Energy Emotions|Malevolence/Malice": -0.5352438229439787,
    "Negative High-Energy Emotions|Anger": -0.6384912649572114,
    "Negative Low-Energy Emotions|Shame": -0.653837277626895,
    "Longing & Lust|Sexual Lust": -0.6886582462451397,
    "Negative Low-Energy Emotions|Disappointment": -0.736937396668389,
    "Negative Low-Energy Emotions|Emotional Numbness": -0.7597167391207191,
    "Longing & Lust|Longing": -0.8779612337767859,
    "Positive High-Energy Emotions|Hope/Enthusiasm/Optimism": -0.9632968709705186,
    "Negative Low-Energy Emotions|Sadness": -0.982508893582958,
    "Positive Low-Energy Emotions|Affection": -1.0538029921148995,
    "Positive Low-Energy Emotions|Contemplation": -1.1021482721312252,
    "Positive Low-Energy Emotions|Pride": -1.111102779440227,
    "Extra Dimensions|Dominance": -1.1967750346738395,
    "Longing & Lust|Infatuation": -1.4036167350635205,
    "Positive Low-Energy Emotions|Contentment": -1.6434497652104596,
    "Negative Low-Energy Emotions|Bitterness": -1.8291940577805808
  }
}