{
  "key": [
    "stance-detection-part-8",
    "emonet-m1",
    "flux_dev_one_1-368_s2303605863.png"
  ],
  "value": {
    "Positive High-Energy Emotions|Amusement": 6.099202558111686,
    "Positive High-Energy Emotions|Elation": 5.200594528508297,
    "Positive High-Energy Emotions|Pleasure/Ecstasy": 3.903404517771771,
    "Extra Dimensions|Valence": 2.6831766212906607,
    "Extra Dimensions|Arousal": 1.678038946219853,
    "Positive Low-Energy Emotions|Contentment": 1.0795262860605022,
    "Extra Dimensions|Emotional Vulnerability": 0.8823228190233419,
    "Extra Dimensions|Dominance": 0.8238425695818368,
    "Positive Low-Energy Emotions|Thankfulness/Gratitude": 0.6592503497466589,
    "Positive High-Energy Emotions|Triumph": 0.4892124728019939,
    "Positive Low-Energy Emotions|Pride": 0.3313631517369122,
    "Positive Low-Energy Emotions|Affection": 0.2910273197199127,
    "Negative High-Energy Emotions|Anger": 0.215682246309497,
    "Positive High-Energy Emotions|Hope/Enthusiasm/Optimism": 0.12309799037000413,
    "Physical and Exhaustive States|Intoxication/Altered States of Consciousness": 0.05255208902006402,
    "Positive Low-Energy Emotions|Relief": 0.010321572006785826,
    "Negative Low-Energy Emotions|Jealousy & Envy": 0.0,
    "Physical and Exhaustive States|Sourness": -0.007674871749439082,
    "Physical and Exhaustive States|Pain": -0.020670116004905786,
    "Positive High-Energy Emotions|Awe": -0.03626415748899673,
    "Positive High-Energy Emotions|Teasing": -0.0406886475986286,
    "Negative High-Energy Emotions|Disgust": -0.04262969097047498,
    "Positive High-Energy Emotions|Astonishment/Surprise": -0.07057358675223567,
    "Negative High-Energy Emotions|Impatience and Irritability": -0.1020782865079004,
    "Negative Low-Energy Emotions|Embarrassment": -0.12136046430130144,
    "Negative High-Energy Emotions|Fear": -0.13094342282662788,
    "Cognitive States and Processes|Concentration": -0.18394944316028683,
    "Cognitive States and Processes|Confusion": -0.19293347080221107,
    "Longing & Lust|Sexual Lust": -0.19954762741541254,
    "Negative Low-Energy Emotions|Helplessness": -0.2101918937153978,
    "Negative Low-Energy Emotions|Contempt": -0.37651042909371657,
    "Physical and Exhaustive States|Fatigue/Exhaustion": -0.423325073499328,
    "Negative Low-Energy Emotions|Emotional Numbness": -0.4686336416628334,
    "Negative High-Energy Emotions|Malevolence/Malice": -0.537321693014913,
    "Negative Low-Energy Emotions|Shame": -0.6563893790154687,
    "Negative High-Energy Emotions|Distress": -0.7324336752527472,
    "Negative Low-Energy Emotions|Disappointment": -0.7440104153682734,
    "Longing & Lust|Longing": -0.8751390432536383,
    "Negative Low-Energy Emotions|Doubt": -0.9343303000552736,
    "Negative Low-Energy Emotions|Sadness": -0.9832512522041679,
    "Positive Low-Energy Emotions|Contemplation": -1.3110893145544735,
    "Longing & Lust|Infatuation": -1.6315280732736264,
    "Positive High-Energy Emotions|Interest": -1.8319966355577493,
    "Negative Low-Energy Emotions|Bitterness": -1.832050956833439
  }
}