{
  "key": [
    "stance-detection-part-8",
    "emonet-m1",
    "flux_dev_one_1-480_s412087402.png"
  ],
  "value": {
    "Negative High-Energy Emotions|Distress": 2.8325992092258216,
    "Negative Low-Energy Emotions|Sadness": 1.7893732939921438,
    "Negative Low-Energy Emotions|Disappointment": 1.6749513815412973,
    "Cognitive States and Processes|Confusion": 1.5190570719076164,
    "Negative Low-Energy Emotions|Embarrassment": 1.3831356071863636,
    "Positive Low-Energy Emotions|Contemplation": 1.1652246936814579,
    "Negative Low-Energy Emotions|Doubt": 1.1356445265935577,
    "Cognitive States and Processes|Concentration": 0.9309399401557532,
    "Negative Low-Energy Emotions|Bitterness": 0.9009340963780115,
    "Negative High-Energy Emotions|Impatience and Irritability": 0.8737424634901922,
    "Negative Low-Energy Emotions|Helplessness": 0.8726470886282759,
    "Physical and Exhaustive States|Pain": 0.70344155596297,
    "Physical and Exhaustive States|Fatigue/Exhaustion": 0.6781349363139807,
    "Negative High-Energy Emotions|Fear": 0.3775016165648898,
    "Extra Dimensions|Emotional Vulnerability": 0.32487300136587116,
    "Negative Low-Energy Emotions|Shame": 0.23813475195477096,
    "Positive High-Energy Emotions|Interest": 0.09339682662334203,
    "Extra Dimensions|Arousal": 0.0860038910593306,
    "Physical and Exhaustive States|Intoxication/Altered States of Consciousness": 0.012542962952902465,
    "Physical and Exhaustive States|Sourness": 0.007223897808036962,
    "Negative Low-Energy Emotions|Jealousy & Envy": 0.0,
    "Positive Low-Energy Emotions|Relief": -0.0012235347618222668,
    "Positive High-Energy Emotions|Awe": -0.01393253226583694,
    "Positive Low-Energy Emotions|Affection": -0.016971933553097562,
    "Negative High-Energy Emotions|Disgust": -0.03134207254200628,
    "Negative High-Energy Emotions|Anger": -0.03415410913827216,
    "Positive High-Energy Emotions|Astonishment/Surprise": -0.054532397320091505,
    "Positive High-Energy Emotions|Pleasure/Ecstasy": -0.05585997578152091,
    "Positive High-Energy Emotions|Triumph": -0.07572540652941599,
    "Positive High-Energy Emotions|Teasing": -0.11716054257810553,
    "Negative High-Energy Emotions|Malevolence/Malice": -0.12212467820625816,
    "Positive High-Energy Emotions|Elation": -0.15317427933940264,
    "Negative Low-Energy Emotions|Emotional Numbness": -0.22518347686791151,
    "Extra Dimensions|Dominance": -0.34612774164262383,
    "Negative Low-Energy Emotions|Contempt": -0.36550884963023467,
    "Positive Low-Energy Emotions|Thankfulness/Gratitude": -0.4811513088554001,
    "Positive High-Energy Emotions|Amusement": -0.5281587916498001,
    "Longing & Lust|Sexual Lust": -0.6240654526612698,
    "Positive High-Energy Emotions|Hope/Enthusiasm/Optimism": -0.7515662417648149,
    "Extra Dimensions|Valence": -0.862788513806843,
    "Longing & Lust|Longing": -0.8727836092531462,
    "Positive Low-Energy Emotions|Pride": -1.0886530327122836,
    "Positive Low-Energy Emotions|Contentment": -1.3515230906656484,
    "Longing & Lust|Infatuation": -1.4423532572612439
  }
}