{
  "key": [
    "stance-detection-part-8",
    "emonet-m1",
    "flux_dev_one_1-392_s718957560.png"
  ],
  "value": {
    "Negative Low-Energy Emotions|Sadness": 2.7739778910838186,
    "Negative High-Energy Emotions|Distress": 2.6800227626926185,
    "Negative Low-Energy Emotions|Disappointment": 1.7636023233900522,
    "Physical and Exhaustive States|Pain": 1.7132616596082946,
    "Positive Low-Energy Emotions|Contemplation": 1.5658008083359989,
    "Negative Low-Energy Emotions|Shame": 1.370416472593046,
    "Physical and Exhaustive States|Fatigue/Exhaustion": 0.9463068427852331,
    "Negative Low-Energy Emotions|Helplessness": 0.8819958387427168,
    "Cognitive States and Processes|Concentration": 0.778081682862052,
    "Negative Low-Energy Emotions|Doubt": 0.5425187064336456,
    "Negative High-Energy Emotions|Impatience and Irritability": 0.5407890700308722,
    "Negative Low-Energy Emotions|Bitterness": 0.47321068863265014,
    "Extra Dimensions|Emotional Vulnerability": 0.41131141880056354,
    "Negative High-Energy Emotions|Fear": 0.29251028069605434,
    "Negative Low-Energy Emotions|Embarrassment": 0.20491074556450706,
    "Negative Low-Energy Emotions|Emotional Numbness": 0.1722244124982384,
    "Cognitive States and Processes|Confusion": 0.1275021202398307,
    "Positive Low-Energy Emotions|Affection": 0.08573163776648252,
    "Physical and Exhaustive States|Intoxication/Altered States of Consciousness": 0.01152153305654779,
    "Physical and Exhaustive States|Sourness": 0.0010479774407960562,
    "Negative Low-Energy Emotions|Jealousy & Envy": 0.0,
    "Positive Low-Energy Emotions|Relief": -0.0028892238129735424,
    "Positive High-Energy Emotions|Awe": -0.02477928121393417,
    "Negative High-Energy Emotions|Disgust": -0.04094064434915235,
    "Positive High-Energy Emotions|Pleasure/Ecstasy": -0.055858866239366756,
    "Positive High-Energy Emotions|Astonishment/Surprise": -0.0567015742562411,
    "Positive High-Energy Emotions|Triumph": -0.07518690277825728,
    "Positive High-Energy Emotions|Teasing": -0.119111551613216,
    "Positive High-Energy Emotions|Elation": -0.1531751643041228,
    "Negative High-Energy Emotions|Anger": -0.1535777816951493,
    "Negative Low-Energy Emotions|Contempt": -0.3666042339895944,
    "Positive Low-Energy Emotions|Thankfulness/Gratitude": -0.48135761356948376,
    "Negative High-Energy Emotions|Malevolence/Malice": -0.5275472241757444,
    "Positive High-Energy Emotions|Amusement": -0.5286385196332748,
    "Extra Dimensions|Arousal": -0.5456086482320512,
    "Positive High-Energy Emotions|Interest": -0.6147605935350442,
    "Longing & Lust|Sexual Lust": -0.677338936772102,
    "Positive High-Energy Emotions|Hope/Enthusiasm/Optimism": -0.7767630548117471,
    "Longing & Lust|Longing": -0.8577522640645285,
    "Positive Low-Energy Emotions|Contentment": -0.891504783695052,
    "Extra Dimensions|Dominance": -0.9613551056462821,
    "Positive Low-Energy Emotions|Pride": -1.0843868973177104,
    "Extra Dimensions|Valence": -1.1723061954055063,
    "Longing & Lust|Infatuation": -1.6243500647172604
  }
}