{
  "key": [
    "stance-detection-part-8",
    "emonet-m1",
    "flux_dev_one_1-362_s1193698917.png"
  ],
  "value": {
    "Negative High-Energy Emotions|Anger": 3.3924028059065123,
    "Negative Low-Energy Emotions|Contempt": 3.0665038946176786,
    "Negative High-Energy Emotions|Distress": 2.1265137657291175,
    "Negative Low-Energy Emotions|Bitterness": 1.8704706392704675,
    "Negative High-Energy Emotions|Impatience and Irritability": 1.8054701112715643,
    "Cognitive States and Processes|Concentration": 1.6964903151404944,
    "Extra Dimensions|Dominance": 1.452824636689991,
    "Negative Low-Energy Emotions|Doubt": 1.1926744891332306,
    "Negative Low-Energy Emotions|Sadness": 0.851878300782305,
    "Positive Low-Energy Emotions|Contemplation": 0.8506273254411014,
    "Extra Dimensions|Arousal": 0.8205290947641646,
    "Positive High-Energy Emotions|Interest": 0.6346708973630881,
    "Negative Low-Energy Emotions|Shame": 0.6336727840096721,
    "Negative High-Energy Emotions|Malevolence/Malice": 0.6260964211704203,
    "Negative High-Energy Emotions|Fear": 0.5790791607772311,
    "Negative High-Energy Emotions|Disgust": 0.5372968519672806,
    "Negative Low-Energy Emotions|Disappointment": 0.5348325441847299,
    "Cognitive States and Processes|Confusion": 0.5120814211202629,
    "Physical and Exhaustive States|Fatigue/Exhaustion": 0.4125355663112341,
    "Negative Low-Energy Emotions|Helplessness": 0.11595861301945024,
    "Physical and Exhaustive States|Intoxication/Altered States of Consciousness": 0.00926809750442758,
    "Negative Low-Energy Emotions|Jealousy & Envy": 0.0,
    "Physical and Exhaustive States|Sourness": -0.00034465528205855807,
    "Positive Low-Energy Emotions|Relief": -0.008438796221172853,
    "Physical and Exhaustive States|Pain": -0.020670116004905786,
    "Positive High-Energy Emotions|Awe": -0.026426559880430446,
    "Positive High-Energy Emotions|Pleasure/Ecstasy": -0.05586173547255202,
    "Positive High-Energy Emotions|Astonishment/Surprise": -0.0642977988026736,
    "Positive High-Energy Emotions|Triumph": -0.0760862241778864,
    "Negative Low-Energy Emotions|Embarrassment": -0.10882812207598826,
    "Positive High-Energy Emotions|Teasing": -0.11869580176532706,
    "Positive High-Energy Emotions|Elation": -0.15317441541072396,
    "Longing & Lust|Sexual Lust": -0.2395896701476513,
    "Negative Low-Energy Emotions|Emotional Numbness": -0.2895082134630653,
    "Positive Low-Energy Emotions|Thankfulness/Gratitude": -0.4817745005622363,
    "Positive High-Energy Emotions|Amusement": -0.5290149378661926,
    "Positive Low-Energy Emotions|Pride": -0.7206478016894489,
    "Longing & Lust|Longing": -0.8755870988189955,
    "Positive High-Energy Emotions|Hope/Enthusiasm/Optimism": -0.9279162392852617,
    "Extra Dimensions|Emotional Vulnerability": -0.9346931864927104,
    "Positive Low-Energy Emotions|Affection": -1.0422449585889557,
    "Extra Dimensions|Valence": -1.4411410247359506,
    "Longing & Lust|Infatuation": -1.6165610340461407,
    "Positive Low-Energy Emotions|Contentment": -1.677050609653304
  }
}