{
  "key": [
    "stance-detection-part-8",
    "emonet-m1",
    "flux_dev_one_1-281_s888905367.png"
  ],
  "value": {
    "Positive High-Energy Emotions|Amusement": 3.441420003485221,
    "Positive High-Energy Emotions|Elation": 2.7269195159197968,
    "Positive High-Energy Emotions|Pleasure/Ecstasy": 2.430232568385174,
    "Positive Low-Energy Emotions|Contentment": 2.424301962787797,
    "Extra Dimensions|Valence": 1.5561933363404044,
    "Positive Low-Energy Emotions|Affection": 1.199821365168216,
    "Longing & Lust|Sexual Lust": 1.1305511803963246,
    "Positive High-Energy Emotions|Hope/Enthusiasm/Optimism": 0.8098073943617033,
    "Longing & Lust|Infatuation": 0.6083015712871875,
    "Extra Dimensions|Dominance": 0.5951690518778268,
    "Extra Dimensions|Emotional Vulnerability": 0.3539800951769063,
    "Positive High-Energy Emotions|Teasing": 0.24471984925806084,
    "Positive Low-Energy Emotions|Thankfulness/Gratitude": 0.23662903998942614,
    "Positive High-Energy Emotions|Triumph": 0.13712776160795553,
    "Positive Low-Energy Emotions|Relief": 0.014494143010222869,
    "Physical and Exhaustive States|Intoxication/Altered States of Consciousness": 0.0033479853714014577,
    "Negative Low-Energy Emotions|Jealousy & Envy": 0.0,
    "Positive Low-Energy Emotions|Pride": -5.560093337586558e-05,
    "Positive High-Energy Emotions|Awe": -0.01526372750108932,
    "Physical and Exhaustive States|Sourness": -0.018474384016551812,
    "Physical and Exhaustive States|Pain": -0.020670116004905786,
    "Negative High-Energy Emotions|Disgust": -0.038671577478939796,
    "Positive High-Energy Emotions|Astonishment/Surprise": -0.06947255485278346,
    "Negative High-Energy Emotions|Fear": -0.10821512124190727,
    "Negative Low-Energy Emotions|Embarrassment": -0.11757481684942385,
    "Negative High-Energy Emotions|Anger": -0.17693563498856818,
    "Negative Low-Energy Emotions|Helplessness": -0.18333503915740676,
    "Cognitive States and Processes|Confusion": -0.18560662944784095,
    "Negative Low-Energy Emotions|Emotional Numbness": -0.21859859413170546,
    "Extra Dimensions|Arousal": -0.2564829673085893,
    "Negative Low-Energy Emotions|Contempt": -0.3698064488266687,
    "Negative High-Energy Emotions|Impatience and Irritability": -0.3706977046521265,
    "Negative High-Energy Emotions|Malevolence/Malice": -0.5319665807602934,
    "Negative Low-Energy Emotions|Shame": -0.6563757221012345,
    "Physical and Exhaustive States|Fatigue/Exhaustion": -0.6878383872696222,
    "Negative Low-Energy Emotions|Disappointment": -0.7387510840525175,
    "Negative High-Energy Emotions|Distress": -0.748437477671456,
    "Longing & Lust|Longing": -0.8933207472383757,
    "Negative Low-Energy Emotions|Doubt": -0.9442641777916037,
    "Negative Low-Energy Emotions|Sadness": -0.9813236375264704,
    "Positive High-Energy Emotions|Interest": -1.1703036586061502,
    "Cognitive States and Processes|Concentration": -1.5453394973862085,
    "Positive Low-Energy Emotions|Contemplation": -1.634151659940025,
    "Negative Low-Energy Emotions|Bitterness": -1.8313872404874136
  }
}