{
  "key": [
    "stance-detection-part-8",
    "emonet-m1",
    "flux_dev_one_1-404_s3080702655.png"
  ],
  "value": {
    "Negative High-Energy Emotions|Distress": 3.4948423370486976,
    "Negative Low-Energy Emotions|Sadness": 1.9912339602671683,
    "Cognitive States and Processes|Concentration": 1.6505294119727698,
    "Negative Low-Energy Emotions|Disappointment": 1.4818673800001596,
    "Cognitive States and Processes|Confusion": 1.3695530063940056,
    "Physical and Exhaustive States|Fatigue/Exhaustion": 1.1178363742641149,
    "Negative High-Energy Emotions|Impatience and Irritability": 1.0883928560225409,
    "Negative Low-Energy Emotions|Doubt": 1.0587907744573273,
    "Negative Low-Energy Emotions|Helplessness": 1.020116489987834,
    "Positive Low-Energy Emotions|Contemplation": 0.9968437179581913,
    "Negative High-Energy Emotions|Fear": 0.9732616640006503,
    "Negative High-Energy Emotions|Anger": 0.8219168563902159,
    "Negative Low-Energy Emotions|Bitterness": 0.6342002115666101,
    "Negative Low-Energy Emotions|Shame": 0.6131147843987712,
    "Physical and Exhaustive States|Pain": 0.28155839012663575,
    "Negative Low-Energy Emotions|Emotional Numbness": 0.22695411258673936,
    "Physical and Exhaustive States|Sourness": 0.00025132411046997587,
    "Negative Low-Energy Emotions|Jealousy & Envy": 0.0,
    "Physical and Exhaustive States|Intoxication/Altered States of Consciousness": -0.0012168139969800425,
    "Positive Low-Energy Emotions|Relief": -0.0058511872281194165,
    "Positive High-Energy Emotions|Awe": -0.007173678472692714,
    "Extra Dimensions|Emotional Vulnerability": -0.03101417324045208,
    "Negative High-Energy Emotions|Disgust": -0.03692031105905225,
    "Positive High-Energy Emotions|Astonishment/Surprise": -0.045539621045410414,
    "Positive High-Energy Emotions|Pleasure/Ecstasy": -0.055858767687430366,
    "Positive High-Energy Emotions|Triumph": -0.07613185619007483,
    "Positive High-Energy Emotions|Teasing": -0.12027229991615256,
    "Negative Low-Energy Emotions|Embarrassment": -0.12037591105361124,
    "Extra Dimensions|Arousal": -0.15249551194054733,
    "Positive High-Energy Emotions|Elation": -0.1531737057110898,
    "Positive High-Energy Emotions|Interest": -0.24668820297870875,
    "Positive High-Energy Emotions|Hope/Enthusiasm/Optimism": -0.2911177531717134,
    "Longing & Lust|Longing": -0.34156819484827716,
    "Negative High-Energy Emotions|Malevolence/Malice": -0.3524538639305166,
    "Negative Low-Energy Emotions|Contempt": -0.37109041483151717,
    "Positive Low-Energy Emotions|Thankfulness/Gratitude": -0.48190291970072746,
    "Positive High-Energy Emotions|Amusement": -0.5279836098735149,
    "Extra Dimensions|Dominance": -0.5430918490964469,
    "Longing & Lust|Sexual Lust": -0.6956598548552929,
    "Positive Low-Energy Emotions|Affection": -0.8172410008405426,
    "Positive Low-Energy Emotions|Contentment": -0.8350869608572224,
    "Positive Low-Energy Emotions|Pride": -1.0936602252047687,
    "Extra Dimensions|Valence": -1.2365468894515268,
    "Longing & Lust|Infatuation": -1.636480854176012
  }
}