{
  "key": [
    "stance-detection-part-8",
    "emonet-m1",
    "flux_dev_one_1-294_s2368250256.png"
  ],
  "value": {
    "Positive Low-Energy Emotions|Contentment": 2.223320584232499,
    "Positive High-Energy Emotions|Amusement": 2.1845480647797766,
    "Positive Low-Energy Emotions|Affection": 1.5413910272623321,
    "Positive Low-Energy Emotions|Pride": 1.3866078359562726,
    "Positive Low-Energy Emotions|Thankfulness/Gratitude": 1.351773233161881,
    "Positive High-Energy Emotions|Hope/Enthusiasm/Optimism": 1.2046900733472992,
    "Positive High-Energy Emotions|Pleasure/Ecstasy": 1.159832282664349,
    "Positive High-Energy Emotions|Elation": 1.0732999881030243,
    "Extra Dimensions|Valence": 0.9969571674790152,
    "Cognitive States and Processes|Concentration": 0.6185894286048499,
    "Extra Dimensions|Dominance": 0.5773205602091256,
    "Extra Dimensions|Emotional Vulnerability": 0.3452201197435567,
    "Physical and Exhaustive States|Fatigue/Exhaustion": 0.2631191196254431,
    "Positive High-Energy Emotions|Triumph": 0.19961990869600638,
    "Extra Dimensions|Arousal": 0.15441571814673294,
    "Positive Low-Energy Emotions|Contemplation": 0.012424848939636579,
    "Positive Low-Energy Emotions|Relief": 0.0033959593187212513,
    "Negative Low-Energy Emotions|Jealousy & Envy": 0.0,
    "Physical and Exhaustive States|Intoxication/Altered States of Consciousness": -0.002310611382672639,
    "Positive High-Energy Emotions|Awe": -0.0030097575933287005,
    "Physical and Exhaustive States|Sourness": -0.0040359634824179026,
    "Physical and Exhaustive States|Pain": -0.020670116004905786,
    "Negative High-Energy Emotions|Impatience and Irritability": -0.03274023304301088,
    "Negative High-Energy Emotions|Disgust": -0.04224992742686918,
    "Negative High-Energy Emotions|Anger": -0.0448034326017121,
    "Positive High-Energy Emotions|Astonishment/Surprise": -0.05836354546767451,
    "Positive High-Energy Emotions|Interest": -0.07897336876545191,
    "Longing & Lust|Longing": -0.08378698728678424,
    "Negative Low-Energy Emotions|Embarrassment": -0.11836890718002459,
    "Negative High-Energy Emotions|Fear": -0.11847605338941017,
    "Positive High-Energy Emotions|Teasing": -0.11894106742799719,
    "Cognitive States and Processes|Confusion": -0.18680293937196663,
    "Negative Low-Energy Emotions|Helplessness": -0.2052714855857057,
    "Negative Low-Energy Emotions|Contempt": -0.37437404961335463,
    "Negative High-Energy Emotions|Distress": -0.4599186614387747,
    "Longing & Lust|Sexual Lust": -0.4606656222007214,
    "Negative Low-Energy Emotions|Emotional Numbness": -0.46767561620735854,
    "Negative High-Energy Emotions|Malevolence/Malice": -0.532845071267896,
    "Negative Low-Energy Emotions|Shame": -0.6563003417833677,
    "Negative Low-Energy Emotions|Disappointment": -0.7399928685953165,
    "Negative Low-Energy Emotions|Doubt": -0.8947356702758156,
    "Negative Low-Energy Emotions|Sadness": -0.9582458636648834,
    "Longing & Lust|Infatuation": -1.2859509673938427,
    "Negative Low-Energy Emotions|Bitterness": -1.8296118025214245
  }
}