{
  "key": [
    "stance-detection-part-8",
    "emonet-m1",
    "flux_dev_one_1-255_s2103443533.png"
  ],
  "value": {
    "Positive Low-Energy Emotions|Contemplation": 1.392472885514954,
    "Negative Low-Energy Emotions|Sadness": 1.3629864608012259,
    "Negative High-Energy Emotions|Distress": 1.1931002601749185,
    "Physical and Exhaustive States|Fatigue/Exhaustion": 0.941394347172135,
    "Negative Low-Energy Emotions|Shame": 0.6869732839257487,
    "Negative Low-Energy Emotions|Helplessness": 0.6592516718916731,
    "Cognitive States and Processes|Concentration": 0.6346192633521643,
    "Positive Low-Energy Emotions|Affection": 0.5567611578012726,
    "Negative Low-Energy Emotions|Disappointment": 0.5529289911756967,
    "Positive Low-Energy Emotions|Contentment": 0.5105165051767131,
    "Cognitive States and Processes|Confusion": 0.4011082417799003,
    "Extra Dimensions|Emotional Vulnerability": 0.2541990587999532,
    "Negative Low-Energy Emotions|Emotional Numbness": 0.2237402301404503,
    "Positive High-Energy Emotions|Interest": 0.13376943671550512,
    "Negative Low-Energy Emotions|Doubt": 0.10972878467308655,
    "Negative High-Energy Emotions|Fear": 0.10254325934996208,
    "Physical and Exhaustive States|Intoxication/Altered States of Consciousness": 0.05604442201500192,
    "Positive Low-Energy Emotions|Relief": 0.0010825391422152088,
    "Negative Low-Energy Emotions|Jealousy & Envy": 0.0,
    "Physical and Exhaustive States|Sourness": -0.001106238729514918,
    "Physical and Exhaustive States|Pain": -0.020670116004905786,
    "Positive High-Energy Emotions|Awe": -0.026186397865469203,
    "Negative High-Energy Emotions|Disgust": -0.03781501403003385,
    "Positive High-Energy Emotions|Pleasure/Ecstasy": -0.05585866253574567,
    "Positive High-Energy Emotions|Astonishment/Surprise": -0.05587514095526912,
    "Positive High-Energy Emotions|Triumph": -0.07526519627313748,
    "Extra Dimensions|Valence": -0.10702164707817956,
    "Positive High-Energy Emotions|Teasing": -0.11585116264284094,
    "Negative Low-Energy Emotions|Embarrassment": -0.11704199230332514,
    "Positive High-Energy Emotions|Elation": -0.1531731701469492,
    "Positive High-Energy Emotions|Hope/Enthusiasm/Optimism": -0.21611055293062453,
    "Extra Dimensions|Arousal": -0.2512031878743852,
    "Negative High-Energy Emotions|Impatience and Irritability": -0.30852722893076723,
    "Extra Dimensions|Dominance": -0.3458878031450805,
    "Negative Low-Energy Emotions|Contempt": -0.38500404627072615,
    "Negative High-Energy Emotions|Anger": -0.4400590876519898,
    "Longing & Lust|Longing": -0.4522335758030196,
    "Positive Low-Energy Emotions|Thankfulness/Gratitude": -0.48070068656502724,
    "Longing & Lust|Sexual Lust": -0.4973823516032635,
    "Positive High-Energy Emotions|Amusement": -0.517149322021466,
    "Negative High-Energy Emotions|Malevolence/Malice": -0.52555497617703,
    "Longing & Lust|Infatuation": -0.6234393802508984,
    "Positive Low-Energy Emotions|Pride": -1.0647625970166354,
    "Negative Low-Energy Emotions|Bitterness": -1.0665445365489294
  }
}