{
  "key": [
    "stance-detection-part-8",
    "emonet-m1",
    "flux_dev_one_1-447_s317824708.png"
  ],
  "value": {
    "Negative High-Energy Emotions|Distress": 4.830222891247916,
    "Negative High-Energy Emotions|Fear": 3.4600098825370273,
    "Cognitive States and Processes|Confusion": 2.5498248703313835,
    "Negative Low-Energy Emotions|Embarrassment": 2.4273124241266713,
    "Negative High-Energy Emotions|Disgust": 2.2613508308872636,
    "Negative High-Energy Emotions|Impatience and Irritability": 2.121885182758991,
    "Positive High-Energy Emotions|Astonishment/Surprise": 2.0845813418127896,
    "Negative High-Energy Emotions|Anger": 1.7756013055860778,
    "Negative Low-Energy Emotions|Doubt": 1.700213284604422,
    "Negative Low-Energy Emotions|Disappointment": 1.5444172094831918,
    "Negative Low-Energy Emotions|Sadness": 1.128884211655718,
    "Negative Low-Energy Emotions|Helplessness": 1.0314563928656417,
    "Extra Dimensions|Arousal": 1.0028918896402632,
    "Extra Dimensions|Emotional Vulnerability": 0.8914983580400655,
    "Cognitive States and Processes|Concentration": 0.8588059222114173,
    "Physical and Exhaustive States|Fatigue/Exhaustion": 0.8200997295192419,
    "Negative Low-Energy Emotions|Jealousy & Envy": 0.0,
    "Physical and Exhaustive States|Intoxication/Altered States of Consciousness": -0.003034018055150361,
    "Physical and Exhaustive States|Sourness": -0.003700605399169764,
    "Positive Low-Energy Emotions|Relief": -0.009923138140595002,
    "Positive High-Energy Emotions|Awe": -0.018992802694494472,
    "Physical and Exhaustive States|Pain": -0.020670116004905786,
    "Positive High-Energy Emotions|Pleasure/Ecstasy": -0.05586110450582782,
    "Positive High-Energy Emotions|Triumph": -0.07307911490093603,
    "Negative Low-Energy Emotions|Emotional Numbness": -0.08675168937706679,
    "Negative Low-Energy Emotions|Shame": -0.10144804891040238,
    "Positive High-Energy Emotions|Teasing": -0.12374690052926977,
    "Positive High-Energy Emotions|Elation": -0.15317364718146775,
    "Positive High-Energy Emotions|Interest": -0.2886112490907693,
    "Negative Low-Energy Emotions|Bitterness": -0.3109700717509558,
    "Negative Low-Energy Emotions|Contempt": -0.3680931058620195,
    "Positive Low-Energy Emotions|Thankfulness/Gratitude": -0.48114389087109327,
    "Positive High-Energy Emotions|Amusement": -0.5296529608850296,
    "Negative High-Energy Emotions|Malevolence/Malice": -0.5303350675223402,
    "Longing & Lust|Sexual Lust": -0.7246659485957562,
    "Positive Low-Energy Emotions|Contemplation": -0.7470793500883786,
    "Longing & Lust|Longing": -0.8804313843667289,
    "Positive High-Energy Emotions|Hope/Enthusiasm/Optimism": -0.9334408000943971,
    "Positive Low-Energy Emotions|Affection": -1.0533413839434365,
    "Positive Low-Energy Emotions|Pride": -1.1095868396084934,
    "Extra Dimensions|Dominance": -1.2340138709622916,
    "Positive Low-Energy Emotions|Contentment": -1.3995055747678975,
    "Longing & Lust|Infatuation": -1.6411876690611515,
    "Extra Dimensions|Valence": -1.6777720605406992
  }
}