{
  "key": [
    "stance-detection-part-8",
    "emonet-m1",
    "flux_dev_one_1-495_s3617353949.png"
  ],
  "value": {
    "Positive High-Energy Emotions|Astonishment/Surprise": 6.43551489360112,
    "Positive High-Energy Emotions|Awe": 3.5278195230215244,
    "Negative High-Energy Emotions|Distress": 2.508789823926139,
    "Negative High-Energy Emotions|Fear": 2.379825661269327,
    "Extra Dimensions|Arousal": 2.2509130154337202,
    "Cognitive States and Processes|Confusion": 1.8153306610418327,
    "Positive High-Energy Emotions|Interest": 1.5036503514036155,
    "Extra Dimensions|Emotional Vulnerability": 1.276133806495876,
    "Negative Low-Energy Emotions|Doubt": 0.4178183985875763,
    "Cognitive States and Processes|Concentration": 0.19805147999645145,
    "Positive High-Energy Emotions|Hope/Enthusiasm/Optimism": 0.13120720229169602,
    "Negative Low-Energy Emotions|Jealousy & Envy": 0.0,
    "Physical and Exhaustive States|Intoxication/Altered States of Consciousness": -0.0002123490726445628,
    "Positive Low-Energy Emotions|Relief": -0.012269162057793184,
    "Physical and Exhaustive States|Sourness": -0.01414811498598083,
    "Physical and Exhaustive States|Pain": -0.020670116004905786,
    "Positive High-Energy Emotions|Pleasure/Ecstasy": -0.05585866253574567,
    "Positive High-Energy Emotions|Triumph": -0.0734819091204895,
    "Negative High-Energy Emotions|Disgust": -0.07764774015098264,
    "Negative Low-Energy Emotions|Helplessness": -0.07916455282642074,
    "Extra Dimensions|Valence": -0.10775202563145085,
    "Negative Low-Energy Emotions|Embarrassment": -0.12218407755751749,
    "Positive High-Energy Emotions|Teasing": -0.1248139875835224,
    "Positive High-Energy Emotions|Elation": -0.15317287081132447,
    "Negative Low-Energy Emotions|Contempt": -0.3806055736635904,
    "Negative High-Energy Emotions|Anger": -0.3978770295560578,
    "Negative High-Energy Emotions|Impatience and Irritability": -0.42828733990507906,
    "Positive Low-Energy Emotions|Thankfulness/Gratitude": -0.4812770802438116,
    "Positive High-Energy Emotions|Amusement": -0.5300762209181602,
    "Negative High-Energy Emotions|Malevolence/Malice": -0.5444777447102598,
    "Negative Low-Energy Emotions|Shame": -0.6561792381837002,
    "Physical and Exhaustive States|Fatigue/Exhaustion": -0.669398915547973,
    "Longing & Lust|Sexual Lust": -0.7286604879758297,
    "Positive Low-Energy Emotions|Contemplation": -0.728949405287048,
    "Negative Low-Energy Emotions|Disappointment": -0.74452935948272,
    "Negative Low-Energy Emotions|Emotional Numbness": -0.8277169067289802,
    "Longing & Lust|Longing": -0.8761895080625792,
    "Negative Low-Energy Emotions|Sadness": -0.9829973443336666,
    "Positive Low-Energy Emotions|Affection": -1.0542103675101975,
    "Positive Low-Energy Emotions|Pride": -1.1120146336477428,
    "Extra Dimensions|Dominance": -1.2916816032010612,
    "Longing & Lust|Infatuation": -1.528861292921034,
    "Positive Low-Energy Emotions|Contentment": -1.6493629930070142,
    "Negative Low-Energy Emotions|Bitterness": -1.829561196315365
  }
}