{
  "key": [
    "stance-detection-part-8",
    "emonet-m1",
    "flux_dev_one_1-412_s3356396795.png"
  ],
  "value": {
    "Negative High-Energy Emotions|Distress": 3.4545381530887367,
    "Positive High-Energy Emotions|Astonishment/Surprise": 2.319882121155441,
    "Cognitive States and Processes|Confusion": 2.016733086807824,
    "Cognitive States and Processes|Concentration": 1.9261002814185706,
    "Negative High-Energy Emotions|Fear": 1.7604419685279329,
    "Negative Low-Energy Emotions|Doubt": 1.6373969031499542,
    "Negative High-Energy Emotions|Impatience and Irritability": 1.562350156208698,
    "Negative Low-Energy Emotions|Disappointment": 0.8738192986021494,
    "Positive High-Energy Emotions|Interest": 0.8034197529539084,
    "Negative Low-Energy Emotions|Sadness": 0.7830984746180594,
    "Negative Low-Energy Emotions|Helplessness": 0.7040577350668745,
    "Extra Dimensions|Arousal": 0.6951979313577925,
    "Physical and Exhaustive States|Fatigue/Exhaustion": 0.4627658309749304,
    "Extra Dimensions|Emotional Vulnerability": 0.3477661917497823,
    "Negative High-Energy Emotions|Disgust": 0.29262717614025424,
    "Negative High-Energy Emotions|Anger": 0.18527940712568963,
    "Positive High-Energy Emotions|Awe": 0.143614882036989,
    "Negative Low-Energy Emotions|Emotional Numbness": 0.07219661289191515,
    "Negative Low-Energy Emotions|Shame": 0.031419883409238736,
    "Physical and Exhaustive States|Sourness": 0.002171189718685308,
    "Negative Low-Energy Emotions|Jealousy & Envy": 0.0,
    "Physical and Exhaustive States|Intoxication/Altered States of Consciousness": -0.001123562530228944,
    "Positive Low-Energy Emotions|Relief": -0.007695205925858064,
    "Physical and Exhaustive States|Pain": -0.020670116004905786,
    "Positive High-Energy Emotions|Hope/Enthusiasm/Optimism": -0.042382086896688986,
    "Positive High-Energy Emotions|Pleasure/Ecstasy": -0.05585972310251963,
    "Positive Low-Energy Emotions|Contemplation": -0.07391760501696742,
    "Positive High-Energy Emotions|Triumph": -0.07732009899805918,
    "Negative Low-Energy Emotions|Embarrassment": -0.1113945211287274,
    "Positive High-Energy Emotions|Teasing": -0.12100347009361227,
    "Positive High-Energy Emotions|Elation": -0.15317364686041612,
    "Negative Low-Energy Emotions|Contempt": -0.3715265867208223,
    "Negative High-Energy Emotions|Malevolence/Malice": -0.38680102558117424,
    "Positive Low-Energy Emotions|Thankfulness/Gratitude": -0.4830242609515643,
    "Longing & Lust|Sexual Lust": -0.5218852846286236,
    "Positive High-Energy Emotions|Amusement": -0.5295125993971641,
    "Negative Low-Energy Emotions|Bitterness": -0.7202540673793127,
    "Extra Dimensions|Dominance": -0.7921977794248161,
    "Longing & Lust|Longing": -0.8669944708764334,
    "Positive Low-Energy Emotions|Affection": -1.0515220043157318,
    "Positive Low-Energy Emotions|Pride": -1.1003862740915447,
    "Positive Low-Energy Emotions|Contentment": -1.2336397958448628,
    "Extra Dimensions|Valence": -1.2589502488646738,
    "Longing & Lust|Infatuation": -1.6044651580080662
  }
}