{
  "key": [
    "stance-detection-part-8",
    "emonet-m1",
    "flux_dev_one_1-386_s4105980787.png"
  ],
  "value": {
    "Positive High-Energy Emotions|Amusement": 6.052720948767203,
    "Positive High-Energy Emotions|Elation": 5.797133072209469,
    "Positive High-Energy Emotions|Pleasure/Ecstasy": 5.111983342768719,
    "Extra Dimensions|Valence": 2.834440811964489,
    "Extra Dimensions|Arousal": 2.5367597256387984,
    "Extra Dimensions|Emotional Vulnerability": 1.4738786528398702,
    "Extra Dimensions|Dominance": 0.8336717331331673,
    "Positive High-Energy Emotions|Hope/Enthusiasm/Optimism": 0.5095884545805144,
    "Longing & Lust|Sexual Lust": 0.3440175862648548,
    "Positive Low-Energy Emotions|Contentment": 0.20719001763551437,
    "Positive Low-Energy Emotions|Thankfulness/Gratitude": 0.07860252355189562,
    "Positive Low-Energy Emotions|Affection": 0.052093398859622164,
    "Physical and Exhaustive States|Intoxication/Altered States of Consciousness": 0.05135304473285928,
    "Positive Low-Energy Emotions|Pride": 0.03327948875015685,
    "Physical and Exhaustive States|Pain": 0.03316761867802351,
    "Positive Low-Energy Emotions|Relief": 0.01638460862740274,
    "Positive High-Energy Emotions|Awe": 0.007774615094011082,
    "Negative Low-Energy Emotions|Jealousy & Envy": 0.0,
    "Physical and Exhaustive States|Sourness": -0.009437545008220515,
    "Positive High-Energy Emotions|Astonishment/Surprise": -0.035445514848053236,
    "Positive High-Energy Emotions|Triumph": -0.03601755120794907,
    "Negative High-Energy Emotions|Disgust": -0.04530971696525266,
    "Negative Low-Energy Emotions|Embarrassment": -0.12385243019123217,
    "Negative High-Energy Emotions|Fear": -0.13376759520421425,
    "Negative Low-Energy Emotions|Helplessness": -0.14623970850183196,
    "Cognitive States and Processes|Confusion": -0.1943643324541085,
    "Negative High-Energy Emotions|Impatience and Irritability": -0.3504216499121744,
    "Negative High-Energy Emotions|Anger": -0.3510681907117585,
    "Positive High-Energy Emotions|Teasing": -0.3632413732713505,
    "Negative Low-Energy Emotions|Contempt": -0.37900028646933837,
    "Negative Low-Energy Emotions|Emotional Numbness": -0.43432085699104994,
    "Cognitive States and Processes|Concentration": -0.4444460595238122,
    "Physical and Exhaustive States|Fatigue/Exhaustion": -0.5095225242563547,
    "Negative High-Energy Emotions|Malevolence/Malice": -0.5383852633951238,
    "Negative Low-Energy Emotions|Shame": -0.6566257496162287,
    "Negative High-Energy Emotions|Distress": -0.7382743492954489,
    "Negative Low-Energy Emotions|Disappointment": -0.7435643751849677,
    "Longing & Lust|Longing": -0.8763888781487723,
    "Negative Low-Energy Emotions|Doubt": -0.9363503573460661,
    "Negative Low-Energy Emotions|Sadness": -0.9834024356603503,
    "Positive Low-Energy Emotions|Contemplation": -1.2913411334498135,
    "Longing & Lust|Infatuation": -1.6228288200721417,
    "Negative Low-Energy Emotions|Bitterness": -1.8295196462900212,
    "Positive High-Energy Emotions|Interest": -2.2386381486669564
  }
}