{
  "key": [
    "stance-detection-part-5",
    "emonet-m1",
    "juggernaut-xl-v8-prompt-5-43_result.png"
  ],
  "value": {
    "Cognitive States and Processes|Concentration": 2.5874347960364905,
    "Physical and Exhaustive States|Fatigue/Exhaustion": 1.94360353372609,
    "Negative High-Energy Emotions|Anger": 1.7088793893873473,
    "Negative High-Energy Emotions|Distress": 1.3912275299197916,
    "Negative Low-Energy Emotions|Sadness": 1.127388611909014,
    "Positive Low-Energy Emotions|Contemplation": 1.1048957332627567,
    "Positive High-Energy Emotions|Hope/Enthusiasm/Optimism": 0.9737424596311736,
    "Positive Low-Energy Emotions|Affection": 0.9169863584543487,
    "Negative High-Energy Emotions|Impatience and Irritability": 0.8094223760573309,
    "Negative Low-Energy Emotions|Disappointment": 0.7006999920378183,
    "Negative Low-Energy Emotions|Helplessness": 0.4295144496970015,
    "Negative Low-Energy Emotions|Doubt": 0.4289751959966339,
    "Negative Low-Energy Emotions|Emotional Numbness": 0.2625776630017784,
    "Positive High-Energy Emotions|Interest": 0.06179658973064184,
    "Positive High-Energy Emotions|Awe": 0.0569853721111467,
    "Positive Low-Energy Emotions|Relief": 9.094882115121342e-05,
    "Negative Low-Energy Emotions|Jealousy & Envy": 0.0,
    "Physical and Exhaustive States|Sourness": -0.008513144022979579,
    "Physical and Exhaustive States|Intoxication/Altered States of Consciousness": -0.01742623753900275,
    "Physical and Exhaustive States|Pain": -0.020670116004905786,
    "Negative High-Energy Emotions|Disgust": -0.039268249775463844,
    "Positive High-Energy Emotions|Pleasure/Ecstasy": -0.05585866253574567,
    "Positive High-Energy Emotions|Astonishment/Surprise": -0.06740391605120875,
    "Positive High-Energy Emotions|Triumph": -0.07680625014941826,
    "Negative Low-Energy Emotions|Embarrassment": -0.11740229865570208,
    "Positive High-Energy Emotions|Teasing": -0.1244044068163677,
    "Negative High-Energy Emotions|Fear": -0.1421222888554136,
    "Positive High-Energy Emotions|Elation": -0.1531729039205696,
    "Extra Dimensions|Dominance": -0.15366104305568304,
    "Cognitive States and Processes|Confusion": -0.1556551948653691,
    "Positive Low-Energy Emotions|Contentment": -0.2171596480062703,
    "Negative Low-Energy Emotions|Contempt": -0.3649469044898729,
    "Extra Dimensions|Valence": -0.43964643826820776,
    "Positive Low-Energy Emotions|Thankfulness/Gratitude": -0.4815035071134424,
    "Positive High-Energy Emotions|Amusement": -0.5236569198851402,
    "Negative High-Energy Emotions|Malevolence/Malice": -0.5291958364961675,
    "Negative Low-Energy Emotions|Shame": -0.6567507582514516,
    "Longing & Lust|Sexual Lust": -0.6726648001334606,
    "Longing & Lust|Longing": -0.876559161168315,
    "Extra Dimensions|Arousal": -1.026473411491939,
    "Extra Dimensions|Emotional Vulnerability": -1.0486635853956034,
    "Positive Low-Energy Emotions|Pride": -1.0933054956119685,
    "Longing & Lust|Infatuation": -1.6111197260245953,
    "Negative Low-Energy Emotions|Bitterness": -1.8278588783473542
  }
}