{
  "key": [
    "stance-detection-part-5",
    "emonet-m1",
    "juggernaut-xl-v8-prompt-5-233_result.png"
  ],
  "value": {
    "Positive High-Energy Emotions|Amusement": 5.887152597021598,
    "Positive High-Energy Emotions|Elation": 4.744396313023678,
    "Positive High-Energy Emotions|Pleasure/Ecstasy": 4.280065103175213,
    "Extra Dimensions|Valence": 2.8353606308426627,
    "Extra Dimensions|Emotional Vulnerability": 1.3508489439775655,
    "Extra Dimensions|Arousal": 1.156857362815312,
    "Positive High-Energy Emotions|Teasing": 0.935519443183537,
    "Positive Low-Energy Emotions|Affection": 0.8781124475504181,
    "Extra Dimensions|Dominance": 0.8070637428682748,
    "Positive Low-Energy Emotions|Contentment": 0.5999620961496135,
    "Positive Low-Energy Emotions|Thankfulness/Gratitude": 0.38203415368647814,
    "Positive Low-Energy Emotions|Pride": 0.15207977122848937,
    "Physical and Exhaustive States|Fatigue/Exhaustion": 0.06623734853779661,
    "Positive High-Energy Emotions|Triumph": 0.057618115907500836,
    "Positive Low-Energy Emotions|Relief": 0.010712168694579558,
    "Negative Low-Energy Emotions|Jealousy & Envy": 0.0,
    "Physical and Exhaustive States|Intoxication/Altered States of Consciousness": -0.008856251910874696,
    "Physical and Exhaustive States|Sourness": -0.014326064652957759,
    "Positive High-Energy Emotions|Awe": -0.016181281402761684,
    "Physical and Exhaustive States|Pain": -0.020670116004905786,
    "Positive High-Energy Emotions|Astonishment/Surprise": -0.024689186146080275,
    "Negative High-Energy Emotions|Disgust": -0.03476267507224729,
    "Negative Low-Energy Emotions|Emotional Numbness": -0.11309086269402235,
    "Negative Low-Energy Emotions|Embarrassment": -0.11869409149546763,
    "Negative High-Energy Emotions|Impatience and Irritability": -0.1294562197716791,
    "Negative High-Energy Emotions|Fear": -0.133332220527033,
    "Positive High-Energy Emotions|Hope/Enthusiasm/Optimism": -0.1417547718522859,
    "Negative High-Energy Emotions|Anger": -0.14842050470711982,
    "Cognitive States and Processes|Confusion": -0.18579650749435356,
    "Negative Low-Energy Emotions|Helplessness": -0.2056951255984468,
    "Longing & Lust|Sexual Lust": -0.30863199516748774,
    "Negative Low-Energy Emotions|Contempt": -0.37320709497678084,
    "Negative High-Energy Emotions|Malevolence/Malice": -0.5328484985349706,
    "Negative High-Energy Emotions|Distress": -0.6466289296978232,
    "Negative Low-Energy Emotions|Shame": -0.6563047422825328,
    "Cognitive States and Processes|Concentration": -0.705363723098031,
    "Negative Low-Energy Emotions|Disappointment": -0.7363124717702414,
    "Longing & Lust|Longing": -0.8860381176292678,
    "Negative Low-Energy Emotions|Doubt": -0.9309692854060017,
    "Negative Low-Energy Emotions|Sadness": -0.9846085482202351,
    "Positive Low-Energy Emotions|Contemplation": -1.0560023561461178,
    "Positive High-Energy Emotions|Interest": -1.1248570243135476,
    "Longing & Lust|Infatuation": -1.6309968915805493,
    "Negative Low-Energy Emotions|Bitterness": -1.8327018218592575
  }
}