{
  "key": [
    "stance-detection-part-5",
    "emonet-m1",
    "juggernaut-xl-v8-prompt-5-14_result.png"
  ],
  "value": {
    "Positive Low-Energy Emotions|Contentment": 2.791665415699174,
    "Positive Low-Energy Emotions|Affection": 2.3133574846292753,
    "Positive High-Energy Emotions|Pleasure/Ecstasy": 1.5499130922575497,
    "Positive Low-Energy Emotions|Contemplation": 1.4322906955735477,
    "Extra Dimensions|Valence": 1.230367883535839,
    "Positive High-Energy Emotions|Amusement": 1.136335298132438,
    "Positive High-Energy Emotions|Hope/Enthusiasm/Optimism": 1.1035667403700042,
    "Physical and Exhaustive States|Fatigue/Exhaustion": 0.9965793075374304,
    "Positive Low-Energy Emotions|Pride": 0.8827747804600568,
    "Positive High-Energy Emotions|Elation": 0.8537472327471893,
    "Negative High-Energy Emotions|Impatience and Irritability": 0.7540450118987005,
    "Positive High-Energy Emotions|Interest": 0.6572345932706809,
    "Negative Low-Energy Emotions|Sadness": 0.49834527122603056,
    "Cognitive States and Processes|Concentration": 0.3525564944160071,
    "Extra Dimensions|Emotional Vulnerability": 0.2661810229112813,
    "Negative High-Energy Emotions|Anger": 0.20629660091994012,
    "Negative Low-Energy Emotions|Emotional Numbness": 0.11877227836585313,
    "Positive High-Energy Emotions|Teasing": 0.07191886129915277,
    "Positive Low-Energy Emotions|Relief": 0.003674275756919341,
    "Negative Low-Energy Emotions|Jealousy & Envy": 0.0,
    "Physical and Exhaustive States|Sourness": -0.006481847531356654,
    "Physical and Exhaustive States|Intoxication/Altered States of Consciousness": -0.019430890754411075,
    "Physical and Exhaustive States|Pain": -0.020670116004905786,
    "Positive High-Energy Emotions|Awe": -0.03329447527235244,
    "Negative High-Energy Emotions|Disgust": -0.04290837993770292,
    "Negative Low-Energy Emotions|Disappointment": -0.0433946181764151,
    "Positive High-Energy Emotions|Astonishment/Surprise": -0.05388170831423976,
    "Positive High-Energy Emotions|Triumph": -0.07186046254824534,
    "Negative Low-Energy Emotions|Embarrassment": -0.11302444925565859,
    "Extra Dimensions|Dominance": -0.12228970290008154,
    "Negative High-Energy Emotions|Fear": -0.12461459419379631,
    "Cognitive States and Processes|Confusion": -0.16004338939657142,
    "Negative Low-Energy Emotions|Helplessness": -0.19974139644576736,
    "Negative High-Energy Emotions|Distress": -0.21422917994196378,
    "Negative Low-Energy Emotions|Contempt": -0.37651727617728514,
    "Positive Low-Energy Emotions|Thankfulness/Gratitude": -0.4808122953310466,
    "Extra Dimensions|Arousal": -0.4900475825582231,
    "Negative High-Energy Emotions|Malevolence/Malice": -0.5371343779681257,
    "Negative Low-Energy Emotions|Shame": -0.6561168200134269,
    "Longing & Lust|Sexual Lust": -0.680360102500671,
    "Longing & Lust|Longing": -0.8216175665676375,
    "Negative Low-Energy Emotions|Doubt": -0.9074147330595337,
    "Longing & Lust|Infatuation": -1.2144928661212597,
    "Negative Low-Energy Emotions|Bitterness": -1.830427040393727
  }
}