{
  "key": [
    "stance-detection-part-5",
    "emonet-m1",
    "juggernaut-xl-v8-prompt-6-257_result.png"
  ],
  "value": {
    "Negative High-Energy Emotions|Distress": 3.3562987312442543,
    "Physical and Exhaustive States|Fatigue/Exhaustion": 2.3710248651317296,
    "Cognitive States and Processes|Concentration": 2.1629443442237464,
    "Negative Low-Energy Emotions|Sadness": 2.036009684678179,
    "Positive Low-Energy Emotions|Contemplation": 1.9849442466752323,
    "Negative Low-Energy Emotions|Disappointment": 1.7737694452772592,
    "Positive Low-Energy Emotions|Pride": 1.089268873401341,
    "Positive High-Energy Emotions|Hope/Enthusiasm/Optimism": 1.0692664130689788,
    "Negative Low-Energy Emotions|Helplessness": 0.9072710691504317,
    "Positive High-Energy Emotions|Interest": 0.7089864453062034,
    "Negative High-Energy Emotions|Anger": 0.6477879663526793,
    "Negative Low-Energy Emotions|Emotional Numbness": 0.5091636281583336,
    "Negative High-Energy Emotions|Impatience and Irritability": 0.4799655102698248,
    "Negative High-Energy Emotions|Fear": 0.16864750751604637,
    "Positive Low-Energy Emotions|Affection": 0.11233640938055722,
    "Negative Low-Energy Emotions|Doubt": 0.02101257573830262,
    "Positive Low-Energy Emotions|Relief": 0.0015968676219820545,
    "Negative Low-Energy Emotions|Jealousy & Envy": 0.0,
    "Positive High-Energy Emotions|Awe": -0.005354201987440334,
    "Physical and Exhaustive States|Sourness": -0.012507996327438197,
    "Physical and Exhaustive States|Pain": -0.019759187763950387,
    "Physical and Exhaustive States|Intoxication/Altered States of Consciousness": -0.04093314714784369,
    "Negative High-Energy Emotions|Disgust": -0.042440647388989235,
    "Positive High-Energy Emotions|Pleasure/Ecstasy": -0.05585866253574567,
    "Positive High-Energy Emotions|Astonishment/Surprise": -0.06181319408637263,
    "Extra Dimensions|Dominance": -0.07486558020892706,
    "Positive High-Energy Emotions|Triumph": -0.07675652590583697,
    "Positive Low-Energy Emotions|Contentment": -0.09463097578794755,
    "Cognitive States and Processes|Confusion": -0.10118106086721351,
    "Positive High-Energy Emotions|Teasing": -0.12088629481256445,
    "Negative Low-Energy Emotions|Embarrassment": -0.12227647965808054,
    "Negative Low-Energy Emotions|Shame": -0.1470945375769368,
    "Positive High-Energy Emotions|Elation": -0.15317352401587625,
    "Negative Low-Energy Emotions|Contempt": -0.3788848695253114,
    "Extra Dimensions|Emotional Vulnerability": -0.4220101525495341,
    "Positive Low-Energy Emotions|Thankfulness/Gratitude": -0.4817070932969308,
    "Negative High-Energy Emotions|Malevolence/Malice": -0.5210741299508146,
    "Positive High-Energy Emotions|Amusement": -0.5239473584179695,
    "Longing & Lust|Sexual Lust": -0.7118396548888622,
    "Extra Dimensions|Arousal": -0.7823337401662553,
    "Longing & Lust|Longing": -0.8905055900633116,
    "Extra Dimensions|Valence": -1.410460964349293,
    "Longing & Lust|Infatuation": -1.6327374366149578,
    "Negative Low-Energy Emotions|Bitterness": -1.7668590881408026
  }
}