{
  "key": [
    "stance-detection-part-5",
    "emonet-m1",
    "juggernaut-xl-v8-prompt-5-12_result.png"
  ],
  "value": {
    "Positive Low-Energy Emotions|Affection": 1.3496586206461212,
    "Positive High-Energy Emotions|Astonishment/Surprise": 1.0593043232657315,
    "Positive Low-Energy Emotions|Contentment": 0.8955439137765666,
    "Cognitive States and Processes|Concentration": 0.7181182181251136,
    "Extra Dimensions|Valence": 0.6506420219864615,
    "Positive High-Energy Emotions|Hope/Enthusiasm/Optimism": 0.5761190398695158,
    "Positive High-Energy Emotions|Interest": 0.28251902663554906,
    "Negative High-Energy Emotions|Anger": 0.26604167423842157,
    "Physical and Exhaustive States|Fatigue/Exhaustion": 0.23857678792988646,
    "Positive High-Energy Emotions|Awe": 0.23467440287763383,
    "Extra Dimensions|Emotional Vulnerability": 0.1521511385729024,
    "Negative Low-Energy Emotions|Emotional Numbness": 0.07095242553687364,
    "Negative High-Energy Emotions|Impatience and Irritability": 0.058943571945850204,
    "Positive High-Energy Emotions|Pleasure/Ecstasy": 0.005862324239780725,
    "Negative Low-Energy Emotions|Jealousy & Envy": 0.0,
    "Positive Low-Energy Emotions|Relief": -0.007204547940647645,
    "Physical and Exhaustive States|Sourness": -0.009677416450538478,
    "Physical and Exhaustive States|Pain": -0.020670116004905786,
    "Physical and Exhaustive States|Intoxication/Altered States of Consciousness": -0.02452293045873389,
    "Negative High-Energy Emotions|Disgust": -0.04692395230680158,
    "Positive High-Energy Emotions|Triumph": -0.07454776776026621,
    "Negative Low-Energy Emotions|Sadness": -0.09056310308350923,
    "Positive Low-Energy Emotions|Contemplation": -0.1174785867674557,
    "Negative Low-Energy Emotions|Embarrassment": -0.12113492777605196,
    "Negative High-Energy Emotions|Fear": -0.12871009639153877,
    "Positive High-Energy Emotions|Teasing": -0.13166962441862068,
    "Positive High-Energy Emotions|Elation": -0.15317160609345803,
    "Cognitive States and Processes|Confusion": -0.17777676959505012,
    "Extra Dimensions|Dominance": -0.208296307035118,
    "Negative Low-Energy Emotions|Helplessness": -0.2104009123034639,
    "Positive Low-Energy Emotions|Pride": -0.2544289725344806,
    "Extra Dimensions|Arousal": -0.2939423407827104,
    "Negative Low-Energy Emotions|Contempt": -0.38289257408129973,
    "Positive Low-Energy Emotions|Thankfulness/Gratitude": -0.48156067076174974,
    "Positive High-Energy Emotions|Amusement": -0.5128767903034503,
    "Negative High-Energy Emotions|Malevolence/Malice": -0.5283453750727705,
    "Negative Low-Energy Emotions|Shame": -0.6562985620259276,
    "Negative High-Energy Emotions|Distress": -0.6787018984788176,
    "Negative Low-Energy Emotions|Disappointment": -0.7301295217802073,
    "Longing & Lust|Longing": -0.8662939747392913,
    "Longing & Lust|Sexual Lust": -0.8960858075282513,
    "Negative Low-Energy Emotions|Doubt": -0.9006319293750606,
    "Longing & Lust|Infatuation": -1.3358156767711316,
    "Negative Low-Energy Emotions|Bitterness": -1.83179278490253
  }
}