{
  "key": [
    "stance-detection-part-5",
    "emonet-m1",
    "juggernaut-xl-v8-prompt-5-23_result.png"
  ],
  "value": {
    "Physical and Exhaustive States|Fatigue/Exhaustion": 1.8581977071574864,
    "Positive Low-Energy Emotions|Contemplation": 1.8463880046860965,
    "Cognitive States and Processes|Concentration": 1.5734083926093665,
    "Negative Low-Energy Emotions|Sadness": 1.1501065646372854,
    "Negative High-Energy Emotions|Distress": 1.1456542476779703,
    "Negative High-Energy Emotions|Anger": 1.1029957910597106,
    "Negative High-Energy Emotions|Impatience and Irritability": 0.6823204778639715,
    "Negative Low-Energy Emotions|Helplessness": 0.5936288653426008,
    "Positive High-Energy Emotions|Hope/Enthusiasm/Optimism": 0.539843414640634,
    "Negative Low-Energy Emotions|Disappointment": 0.4480118225584482,
    "Positive High-Energy Emotions|Interest": 0.18710796439494848,
    "Negative Low-Energy Emotions|Emotional Numbness": 0.15526820236182481,
    "Physical and Exhaustive States|Sourness": 0.0016462590627290396,
    "Negative Low-Energy Emotions|Jealousy & Envy": 0.0,
    "Positive Low-Energy Emotions|Relief": -0.0011963773955464795,
    "Positive High-Energy Emotions|Awe": -0.013271069720442043,
    "Physical and Exhaustive States|Pain": -0.020670116004905786,
    "Physical and Exhaustive States|Intoxication/Altered States of Consciousness": -0.02182069428319678,
    "Positive Low-Energy Emotions|Affection": -0.022911178777096586,
    "Negative High-Energy Emotions|Disgust": -0.040563279892498756,
    "Negative Low-Energy Emotions|Doubt": -0.05394831169379577,
    "Positive High-Energy Emotions|Pleasure/Ecstasy": -0.05585866253574567,
    "Positive High-Energy Emotions|Astonishment/Surprise": -0.05944760494452693,
    "Positive High-Energy Emotions|Triumph": -0.0753659057710661,
    "Positive High-Energy Emotions|Teasing": -0.11494190123737295,
    "Negative Low-Energy Emotions|Embarrassment": -0.11748877009410998,
    "Negative High-Energy Emotions|Fear": -0.12622610262284675,
    "Positive High-Energy Emotions|Elation": -0.15317326770389839,
    "Cognitive States and Processes|Confusion": -0.16258667488565376,
    "Extra Dimensions|Dominance": -0.2613352617699203,
    "Positive Low-Energy Emotions|Contentment": -0.2881018114736775,
    "Negative Low-Energy Emotions|Contempt": -0.29031798512685103,
    "Positive Low-Energy Emotions|Thankfulness/Gratitude": -0.48219692799298525,
    "Extra Dimensions|Emotional Vulnerability": -0.4941597869108012,
    "Negative High-Energy Emotions|Malevolence/Malice": -0.5191580566881231,
    "Positive High-Energy Emotions|Amusement": -0.5217105115835483,
    "Extra Dimensions|Valence": -0.6399492179427377,
    "Negative Low-Energy Emotions|Shame": -0.6575996094181171,
    "Longing & Lust|Sexual Lust": -0.6857363818547665,
    "Extra Dimensions|Arousal": -0.803075441292354,
    "Longing & Lust|Longing": -0.8803249900758048,
    "Positive Low-Energy Emotions|Pride": -1.0883690612834125,
    "Negative Low-Energy Emotions|Bitterness": -1.200308505493479,
    "Longing & Lust|Infatuation": -1.6320516553744946
  }
}