{
  "key": [
    "stance-detection-part-5",
    "emonet-m1",
    "juggernaut-xl-v8-prompt-5-55_result.png"
  ],
  "value": {
    "Negative Low-Energy Emotions|Sadness": 2.210572854157549,
    "Negative High-Energy Emotions|Distress": 2.1886687740451576,
    "Physical and Exhaustive States|Fatigue/Exhaustion": 2.141702670078629,
    "Cognitive States and Processes|Concentration": 1.8259806906592932,
    "Positive Low-Energy Emotions|Contemplation": 1.7182423099534305,
    "Negative Low-Energy Emotions|Disappointment": 1.1324634026060556,
    "Negative High-Energy Emotions|Anger": 1.0230046888410826,
    "Negative Low-Energy Emotions|Helplessness": 0.9020225225500899,
    "Positive High-Energy Emotions|Hope/Enthusiasm/Optimism": 0.5795451148512053,
    "Negative High-Energy Emotions|Impatience and Irritability": 0.5493209384886664,
    "Negative High-Energy Emotions|Fear": 0.43286080130686366,
    "Negative Low-Energy Emotions|Doubt": 0.39773532878624573,
    "Positive Low-Energy Emotions|Affection": 0.20937420158636777,
    "Negative Low-Energy Emotions|Emotional Numbness": 0.2071522574994591,
    "Negative Low-Energy Emotions|Shame": 0.1308963996560344,
    "Cognitive States and Processes|Confusion": 0.07994157741794655,
    "Negative Low-Energy Emotions|Jealousy & Envy": 0.0,
    "Physical and Exhaustive States|Sourness": -0.0011914435692213388,
    "Positive Low-Energy Emotions|Relief": -0.003226824520981355,
    "Physical and Exhaustive States|Intoxication/Altered States of Consciousness": -0.01687452204580054,
    "Positive High-Energy Emotions|Awe": -0.01823628564184402,
    "Physical and Exhaustive States|Pain": -0.020670116004905786,
    "Negative High-Energy Emotions|Disgust": -0.029779428745800758,
    "Positive High-Energy Emotions|Pleasure/Ecstasy": -0.05585866253574567,
    "Positive High-Energy Emotions|Astonishment/Surprise": -0.07113556914550044,
    "Positive High-Energy Emotions|Triumph": -0.0776614380348815,
    "Negative Low-Energy Emotions|Embarrassment": -0.11352157807011744,
    "Positive High-Energy Emotions|Interest": -0.11937435066852808,
    "Positive High-Energy Emotions|Teasing": -0.12158086028755148,
    "Positive High-Energy Emotions|Elation": -0.1531741727275242,
    "Extra Dimensions|Dominance": -0.24444506377759542,
    "Extra Dimensions|Emotional Vulnerability": -0.311641900748997,
    "Negative Low-Energy Emotions|Contempt": -0.3631036457513551,
    "Negative Low-Energy Emotions|Bitterness": -0.3861815967143347,
    "Positive Low-Energy Emotions|Thankfulness/Gratitude": -0.48292471188156366,
    "Negative High-Energy Emotions|Malevolence/Malice": -0.5268255758402876,
    "Positive High-Energy Emotions|Amusement": -0.5273662473146732,
    "Longing & Lust|Sexual Lust": -0.6797786144874035,
    "Positive Low-Energy Emotions|Contentment": -0.724809546535323,
    "Extra Dimensions|Arousal": -0.7338060225759233,
    "Longing & Lust|Longing": -0.8152328809320708,
    "Extra Dimensions|Valence": -1.0217817579779855,
    "Positive Low-Energy Emotions|Pride": -1.1032792898338466,
    "Longing & Lust|Infatuation": -1.631522775910822
  }
}