{
  "key": [
    "stance-detection-part-5",
    "emonet-m1",
    "juggernaut-xl-v8-prompt-5-4_result.png"
  ],
  "value": {
    "Cognitive States and Processes|Concentration": 2.1494093214881507,
    "Negative Low-Energy Emotions|Sadness": 1.842986241456133,
    "Physical and Exhaustive States|Fatigue/Exhaustion": 1.7708659353069005,
    "Positive Low-Energy Emotions|Contemplation": 1.4811347946183475,
    "Negative High-Energy Emotions|Distress": 1.4086316093570475,
    "Negative High-Energy Emotions|Anger": 1.0208067079603453,
    "Positive High-Energy Emotions|Hope/Enthusiasm/Optimism": 0.7663103087904143,
    "Negative Low-Energy Emotions|Disappointment": 0.7365594576368784,
    "Negative Low-Energy Emotions|Helplessness": 0.6388674794249373,
    "Negative High-Energy Emotions|Impatience and Irritability": 0.5416985773054999,
    "Positive Low-Energy Emotions|Affection": 0.28237689762366025,
    "Negative Low-Energy Emotions|Emotional Numbness": 0.2329492669675377,
    "Positive High-Energy Emotions|Awe": 0.03478635232145096,
    "Negative Low-Energy Emotions|Jealousy & Envy": 0.0,
    "Positive Low-Energy Emotions|Relief": -0.003960125564491792,
    "Physical and Exhaustive States|Sourness": -0.00557538754419311,
    "Physical and Exhaustive States|Intoxication/Altered States of Consciousness": -0.018905133084008548,
    "Physical and Exhaustive States|Pain": -0.020670116004905786,
    "Negative High-Energy Emotions|Disgust": -0.042405480648571754,
    "Positive High-Energy Emotions|Pleasure/Ecstasy": -0.05585866253574567,
    "Positive High-Energy Emotions|Astonishment/Surprise": -0.05629620306712367,
    "Extra Dimensions|Dominance": -0.07410474181953039,
    "Positive High-Energy Emotions|Triumph": -0.07691164513121977,
    "Positive High-Energy Emotions|Teasing": -0.11944295343816717,
    "Negative Low-Energy Emotions|Embarrassment": -0.12059371760149142,
    "Negative High-Energy Emotions|Fear": -0.1343168073023359,
    "Negative Low-Energy Emotions|Doubt": -0.14152553547156677,
    "Positive High-Energy Emotions|Elation": -0.15317468931505784,
    "Cognitive States and Processes|Confusion": -0.166828521387481,
    "Positive High-Energy Emotions|Interest": -0.17645247376117945,
    "Extra Dimensions|Valence": -0.22360641559698508,
    "Negative Low-Energy Emotions|Contempt": -0.3777029615734796,
    "Positive Low-Energy Emotions|Thankfulness/Gratitude": -0.48120397700963974,
    "Positive High-Energy Emotions|Amusement": -0.5264570566897209,
    "Negative High-Energy Emotions|Malevolence/Malice": -0.5299766126392416,
    "Positive Low-Energy Emotions|Contentment": -0.5939539862325887,
    "Negative Low-Energy Emotions|Shame": -0.6562259384228817,
    "Longing & Lust|Sexual Lust": -0.68151838466143,
    "Longing & Lust|Longing": -0.7312369575321456,
    "Extra Dimensions|Emotional Vulnerability": -0.8216092278669169,
    "Positive Low-Energy Emotions|Pride": -1.0954704480689197,
    "Extra Dimensions|Arousal": -1.178776272705623,
    "Longing & Lust|Infatuation": -1.6335037586316739,
    "Negative Low-Energy Emotions|Bitterness": -1.8306102417887022
  }
}