{
  "key": [
    "stance-detection-part-5",
    "emonet-m1",
    "juggernaut-xl-v8-prompt-5-195_result.png"
  ],
  "value": {
    "Physical and Exhaustive States|Fatigue/Exhaustion": 1.6466996850780187,
    "Cognitive States and Processes|Concentration": 1.3939562117469397,
    "Positive Low-Energy Emotions|Affection": 1.3138502958322784,
    "Negative High-Energy Emotions|Anger": 1.2570358892500182,
    "Negative High-Energy Emotions|Distress": 0.9136769041187052,
    "Positive Low-Energy Emotions|Contemplation": 0.7384582981126102,
    "Negative High-Energy Emotions|Impatience and Irritability": 0.6550388359038275,
    "Negative Low-Energy Emotions|Sadness": 0.3958814297877371,
    "Positive High-Energy Emotions|Hope/Enthusiasm/Optimism": 0.37722942671796555,
    "Positive High-Energy Emotions|Pleasure/Ecstasy": 0.330318703057339,
    "Negative Low-Energy Emotions|Emotional Numbness": 0.20857335144019395,
    "Negative Low-Energy Emotions|Doubt": 0.14017257224785462,
    "Negative Low-Energy Emotions|Helplessness": 0.10030261860416703,
    "Positive High-Energy Emotions|Awe": 0.05878968666488434,
    "Negative Low-Energy Emotions|Jealousy & Envy": 0.0,
    "Positive Low-Energy Emotions|Relief": -0.0021398742188573315,
    "Physical and Exhaustive States|Sourness": -0.007587908572711787,
    "Physical and Exhaustive States|Intoxication/Altered States of Consciousness": -0.014276385382363648,
    "Extra Dimensions|Dominance": -0.017545089729457758,
    "Physical and Exhaustive States|Pain": -0.020670116004905786,
    "Positive Low-Energy Emotions|Contentment": -0.02137996680052079,
    "Positive High-Energy Emotions|Interest": -0.027751998068430428,
    "Negative High-Energy Emotions|Disgust": -0.03534344037919691,
    "Positive High-Energy Emotions|Triumph": -0.07614928216676846,
    "Positive High-Energy Emotions|Astonishment/Surprise": -0.07661739342433192,
    "Negative Low-Energy Emotions|Embarrassment": -0.11601641615886828,
    "Positive High-Energy Emotions|Teasing": -0.11648795631587942,
    "Cognitive States and Processes|Confusion": -0.1275087714659207,
    "Extra Dimensions|Valence": -0.13265156237521097,
    "Negative High-Energy Emotions|Fear": -0.13486332974086204,
    "Positive High-Energy Emotions|Elation": -0.1531714970623237,
    "Positive High-Energy Emotions|Amusement": -0.16366754500911784,
    "Negative Low-Energy Emotions|Contempt": -0.33857522428977294,
    "Negative Low-Energy Emotions|Disappointment": -0.435822301053002,
    "Extra Dimensions|Arousal": -0.46218932526452194,
    "Positive Low-Energy Emotions|Thankfulness/Gratitude": -0.48057570959477186,
    "Extra Dimensions|Emotional Vulnerability": -0.48360499641397503,
    "Negative High-Energy Emotions|Malevolence/Malice": -0.532554647636228,
    "Negative Low-Energy Emotions|Shame": -0.6563816248237124,
    "Longing & Lust|Sexual Lust": -0.663415694083923,
    "Longing & Lust|Longing": -0.878376149159648,
    "Positive Low-Energy Emotions|Pride": -1.053331931165996,
    "Longing & Lust|Infatuation": -1.6156144228801403,
    "Negative Low-Energy Emotions|Bitterness": -1.8295815252245238
  }
}