{
  "key": [
    "stance-detection-part-5",
    "emonet-m1",
    "juggernaut-xl-v8-prompt-5-169_result.png"
  ],
  "value": {
    "Negative Low-Energy Emotions|Sadness": 1.3160644923411429,
    "Physical and Exhaustive States|Fatigue/Exhaustion": 1.3119127931407628,
    "Negative Low-Energy Emotions|Disappointment": 1.1488648127088998,
    "Negative High-Energy Emotions|Impatience and Irritability": 0.7177004837004584,
    "Negative High-Energy Emotions|Anger": 0.4977777381956359,
    "Cognitive States and Processes|Concentration": 0.422746685684928,
    "Positive High-Energy Emotions|Hope/Enthusiasm/Optimism": 0.32092568717023606,
    "Negative Low-Energy Emotions|Helplessness": 0.27482090578602125,
    "Positive Low-Energy Emotions|Affection": 0.27108980446112363,
    "Positive Low-Energy Emotions|Contemplation": 0.23510362949536168,
    "Negative High-Energy Emotions|Distress": 0.11474739161794223,
    "Positive High-Energy Emotions|Awe": 0.08964242915803697,
    "Negative Low-Energy Emotions|Emotional Numbness": 0.08474362903571397,
    "Positive Low-Energy Emotions|Relief": 0.004912606955611663,
    "Negative Low-Energy Emotions|Jealousy & Envy": 0.0,
    "Negative Low-Energy Emotions|Contempt": -0.0006015476678590259,
    "Physical and Exhaustive States|Sourness": -0.006802229947604975,
    "Physical and Exhaustive States|Intoxication/Altered States of Consciousness": -0.006947204545686097,
    "Positive High-Energy Emotions|Teasing": -0.017870186538104613,
    "Physical and Exhaustive States|Pain": -0.020670116004905786,
    "Negative High-Energy Emotions|Disgust": -0.03301655700355222,
    "Positive High-Energy Emotions|Pleasure/Ecstasy": -0.05585866253574567,
    "Positive High-Energy Emotions|Astonishment/Surprise": -0.058386672069847365,
    "Positive High-Energy Emotions|Triumph": -0.07532974810342923,
    "Negative Low-Energy Emotions|Embarrassment": -0.1030009615238442,
    "Cognitive States and Processes|Confusion": -0.12415747423639228,
    "Negative High-Energy Emotions|Fear": -0.13064875236401954,
    "Extra Dimensions|Dominance": -0.13594797313991155,
    "Positive High-Energy Emotions|Elation": -0.15317242125900732,
    "Extra Dimensions|Valence": -0.1644363780889742,
    "Negative High-Energy Emotions|Malevolence/Malice": -0.18068457276802574,
    "Negative Low-Energy Emotions|Doubt": -0.21521153915656432,
    "Positive Low-Energy Emotions|Contentment": -0.3397780848196248,
    "Positive Low-Energy Emotions|Thankfulness/Gratitude": -0.4799814512863612,
    "Extra Dimensions|Emotional Vulnerability": -0.5009826113889506,
    "Positive High-Energy Emotions|Amusement": -0.5149214978401477,
    "Negative Low-Energy Emotions|Shame": -0.6576696588455668,
    "Longing & Lust|Sexual Lust": -0.6673333732745587,
    "Positive High-Energy Emotions|Interest": -0.7736742059007669,
    "Longing & Lust|Longing": -0.8762262543260833,
    "Extra Dimensions|Arousal": -0.9374898757253374,
    "Positive Low-Energy Emotions|Pride": -1.0914029824059635,
    "Longing & Lust|Infatuation": -1.6272403609976445,
    "Negative Low-Energy Emotions|Bitterness": -1.8308689613372853
  }
}