{
  "key": [
    "stance-detection-part-5",
    "emonet-m1",
    "juggernaut-xl-v8-prompt-5-82_result.png"
  ],
  "value": {
    "Positive Low-Energy Emotions|Contemplation": 2.288886927034119,
    "Physical and Exhaustive States|Fatigue/Exhaustion": 1.694662112217301,
    "Cognitive States and Processes|Concentration": 1.638416794480094,
    "Negative Low-Energy Emotions|Sadness": 1.4430595790110647,
    "Positive Low-Energy Emotions|Affection": 1.3965324285532257,
    "Negative High-Energy Emotions|Distress": 1.1900859340793375,
    "Positive Low-Energy Emotions|Contentment": 1.0336755322763225,
    "Positive High-Energy Emotions|Hope/Enthusiasm/Optimism": 0.9882205470564055,
    "Negative High-Energy Emotions|Anger": 0.9793835063993712,
    "Negative High-Energy Emotions|Impatience and Irritability": 0.9438335918394964,
    "Negative Low-Energy Emotions|Disappointment": 0.7906192015181039,
    "Positive High-Energy Emotions|Interest": 0.7170831402524924,
    "Negative Low-Energy Emotions|Helplessness": 0.3900254188589888,
    "Positive High-Energy Emotions|Astonishment/Surprise": 0.32123908049839756,
    "Extra Dimensions|Emotional Vulnerability": 0.16388037899038288,
    "Positive High-Energy Emotions|Pleasure/Ecstasy": 0.15663589418130142,
    "Negative Low-Energy Emotions|Emotional Numbness": 0.12212563568091661,
    "Negative Low-Energy Emotions|Jealousy & Envy": 0.0,
    "Positive Low-Energy Emotions|Relief": -0.0007671270956159069,
    "Physical and Exhaustive States|Sourness": -0.006484604246177516,
    "Physical and Exhaustive States|Intoxication/Altered States of Consciousness": -0.018323659971902224,
    "Physical and Exhaustive States|Pain": -0.020670116004905786,
    "Positive High-Energy Emotions|Awe": -0.03282412011926864,
    "Negative High-Energy Emotions|Disgust": -0.04409098824411085,
    "Positive High-Energy Emotions|Triumph": -0.07550213218670025,
    "Negative Low-Energy Emotions|Doubt": -0.08476337660086974,
    "Cognitive States and Processes|Confusion": -0.11052470733394554,
    "Negative Low-Energy Emotions|Embarrassment": -0.11284611215849062,
    "Positive High-Energy Emotions|Teasing": -0.11482646939218481,
    "Negative High-Energy Emotions|Fear": -0.12966874769578376,
    "Positive High-Energy Emotions|Elation": -0.15317233676058306,
    "Extra Dimensions|Dominance": -0.2778429916578826,
    "Negative Low-Energy Emotions|Contempt": -0.3795129236673097,
    "Positive Low-Energy Emotions|Thankfulness/Gratitude": -0.4818992465644932,
    "Positive High-Energy Emotions|Amusement": -0.5207984711115177,
    "Negative High-Energy Emotions|Malevolence/Malice": -0.5318221065519384,
    "Extra Dimensions|Arousal": -0.6030794467244829,
    "Negative Low-Energy Emotions|Shame": -0.6563260053082338,
    "Longing & Lust|Sexual Lust": -0.6761668859383999,
    "Extra Dimensions|Valence": -0.7199679767165414,
    "Positive Low-Energy Emotions|Pride": -0.7385016577761798,
    "Longing & Lust|Longing": -0.8695340757787009,
    "Longing & Lust|Infatuation": -1.6265683111772213,
    "Negative Low-Energy Emotions|Bitterness": -1.8297846522659829
  }
}