{
  "key": [
    "stance-detection-part-5",
    "emonet-m1",
    "juggernaut-xl-v8-prompt-5-78_result.png"
  ],
  "value": {
    "Cognitive States and Processes|Concentration": 2.2094884192359534,
    "Negative High-Energy Emotions|Distress": 1.8107357486850504,
    "Physical and Exhaustive States|Fatigue/Exhaustion": 1.6594064416698155,
    "Negative Low-Energy Emotions|Sadness": 1.1425055419169485,
    "Negative High-Energy Emotions|Fear": 1.0541356302176912,
    "Positive High-Energy Emotions|Astonishment/Surprise": 1.0156665707327726,
    "Negative Low-Energy Emotions|Disappointment": 0.8360304306517099,
    "Positive High-Energy Emotions|Hope/Enthusiasm/Optimism": 0.8120827420713591,
    "Negative High-Energy Emotions|Impatience and Irritability": 0.7690765880553168,
    "Positive Low-Energy Emotions|Contemplation": 0.7349301799790653,
    "Negative Low-Energy Emotions|Helplessness": 0.6870887099318342,
    "Negative High-Energy Emotions|Anger": 0.6723927637159606,
    "Cognitive States and Processes|Confusion": 0.3283955223394401,
    "Positive High-Energy Emotions|Interest": 0.20385567748393774,
    "Negative Low-Energy Emotions|Emotional Numbness": 0.14464355522132188,
    "Negative Low-Energy Emotions|Jealousy & Envy": 0.0,
    "Positive Low-Energy Emotions|Relief": -0.0030099902738690808,
    "Physical and Exhaustive States|Intoxication/Altered States of Consciousness": -0.006836965755174012,
    "Physical and Exhaustive States|Sourness": -0.010249606139221034,
    "Physical and Exhaustive States|Pain": -0.020670116004905786,
    "Positive High-Energy Emotions|Awe": -0.022968894437010036,
    "Negative High-Energy Emotions|Disgust": -0.02645225649624517,
    "Positive High-Energy Emotions|Pleasure/Ecstasy": -0.05585866253574567,
    "Positive High-Energy Emotions|Triumph": -0.07581728429536953,
    "Negative Low-Energy Emotions|Embarrassment": -0.10032035810907027,
    "Positive High-Energy Emotions|Teasing": -0.11713523295581778,
    "Positive High-Energy Emotions|Elation": -0.15317305279894056,
    "Positive Low-Energy Emotions|Affection": -0.18569176168191226,
    "Negative Low-Energy Emotions|Doubt": -0.2377260612322174,
    "Negative Low-Energy Emotions|Contempt": -0.3687594261859636,
    "Extra Dimensions|Dominance": -0.403821543462902,
    "Positive Low-Energy Emotions|Thankfulness/Gratitude": -0.4815974188878989,
    "Extra Dimensions|Emotional Vulnerability": -0.5019557168195536,
    "Positive High-Energy Emotions|Amusement": -0.5254597964768226,
    "Negative High-Energy Emotions|Malevolence/Malice": -0.5290528822062543,
    "Positive Low-Energy Emotions|Contentment": -0.5525349569967488,
    "Extra Dimensions|Valence": -0.5671087657485239,
    "Extra Dimensions|Arousal": -0.6443165625844682,
    "Negative Low-Energy Emotions|Shame": -0.6625000928326479,
    "Longing & Lust|Sexual Lust": -0.6703748045823513,
    "Longing & Lust|Longing": -0.8459663694321891,
    "Positive Low-Energy Emotions|Pride": -1.1077124895971446,
    "Longing & Lust|Infatuation": -1.6299891558513318,
    "Negative Low-Energy Emotions|Bitterness": -1.8285958059609702
  }
}