{
  "key": [
    "stance-detection-part-5",
    "emonet-m1",
    "juggernaut-xl-v8-prompt-5-221_result.png"
  ],
  "value": {
    "Positive Low-Energy Emotions|Contemplation": 2.399795196916321,
    "Cognitive States and Processes|Concentration": 2.173387554825553,
    "Negative High-Energy Emotions|Distress": 1.8625972732669596,
    "Physical and Exhaustive States|Fatigue/Exhaustion": 1.8090875329784093,
    "Positive Low-Energy Emotions|Pride": 1.4486007196385235,
    "Negative Low-Energy Emotions|Disappointment": 1.16595990166764,
    "Negative Low-Energy Emotions|Sadness": 1.1165396128855765,
    "Positive High-Energy Emotions|Interest": 0.9652497013792014,
    "Positive High-Energy Emotions|Hope/Enthusiasm/Optimism": 0.7468399747373747,
    "Negative Low-Energy Emotions|Emotional Numbness": 0.5328993898007897,
    "Positive Low-Energy Emotions|Affection": 0.449141991427066,
    "Negative Low-Energy Emotions|Helplessness": 0.41359261856602003,
    "Positive Low-Energy Emotions|Contentment": 0.40941749089448654,
    "Negative High-Energy Emotions|Impatience and Irritability": 0.25654119481724913,
    "Extra Dimensions|Dominance": 0.23277015923675928,
    "Positive High-Energy Emotions|Awe": 0.13244075457746293,
    "Negative High-Energy Emotions|Anger": 0.08910612068770135,
    "Negative Low-Energy Emotions|Jealousy & Envy": 0.0,
    "Positive Low-Energy Emotions|Relief": -0.003685646175301118,
    "Physical and Exhaustive States|Sourness": -0.010681277877845606,
    "Physical and Exhaustive States|Pain": -0.020670116004905786,
    "Physical and Exhaustive States|Intoxication/Altered States of Consciousness": -0.02735088773126349,
    "Negative High-Energy Emotions|Disgust": -0.04559812148957899,
    "Positive High-Energy Emotions|Astonishment/Surprise": -0.05218476407748439,
    "Positive High-Energy Emotions|Pleasure/Ecstasy": -0.052956217227409064,
    "Positive High-Energy Emotions|Triumph": -0.07618698862384692,
    "Positive High-Energy Emotions|Teasing": -0.11567671474874457,
    "Negative Low-Energy Emotions|Embarrassment": -0.12094063526053568,
    "Negative High-Energy Emotions|Fear": -0.1284348719442884,
    "Positive High-Energy Emotions|Elation": -0.15317342937931455,
    "Cognitive States and Processes|Confusion": -0.17311045606603553,
    "Extra Dimensions|Valence": -0.3750370596919291,
    "Negative Low-Energy Emotions|Contempt": -0.38242680848586363,
    "Positive Low-Energy Emotions|Thankfulness/Gratitude": -0.48114688972978353,
    "Positive High-Energy Emotions|Amusement": -0.5270605276410396,
    "Negative High-Energy Emotions|Malevolence/Malice": -0.5328639733908704,
    "Extra Dimensions|Arousal": -0.6160324897084917,
    "Negative Low-Energy Emotions|Shame": -0.6553994874267808,
    "Longing & Lust|Sexual Lust": -0.6835464476010739,
    "Extra Dimensions|Emotional Vulnerability": -0.728551833839207,
    "Negative Low-Energy Emotions|Doubt": -0.8653833108021103,
    "Longing & Lust|Longing": -0.8860756387531539,
    "Longing & Lust|Infatuation": -1.6340073582753811,
    "Negative Low-Energy Emotions|Bitterness": -1.8300901903317144
  }
}