{
  "key": [
    "stance-detection-part-5",
    "emonet-m1",
    "juggernaut-xl-v8-prompt-5-161_result.png"
  ],
  "value": {
    "Physical and Exhaustive States|Fatigue/Exhaustion": 1.4583876313975987,
    "Cognitive States and Processes|Concentration": 1.2327666556251136,
    "Cognitive States and Processes|Confusion": 1.1702689297033317,
    "Negative High-Energy Emotions|Impatience and Irritability": 0.6137503408400458,
    "Negative High-Energy Emotions|Distress": 0.6090137228137735,
    "Positive Low-Energy Emotions|Affection": 0.5896341922785064,
    "Positive Low-Energy Emotions|Contemplation": 0.49611058082745396,
    "Negative High-Energy Emotions|Anger": 0.4905759473860046,
    "Negative Low-Energy Emotions|Sadness": 0.318699852105242,
    "Negative Low-Energy Emotions|Emotional Numbness": 0.2740285497281578,
    "Negative Low-Energy Emotions|Disappointment": 0.19221240983109222,
    "Negative Low-Energy Emotions|Doubt": 0.18427917491661683,
    "Negative Low-Energy Emotions|Contempt": 0.08494583993208604,
    "Negative Low-Energy Emotions|Jealousy & Envy": 0.0,
    "Physical and Exhaustive States|Sourness": -0.0018692973919294687,
    "Physical and Exhaustive States|Intoxication/Altered States of Consciousness": -0.005464881733605714,
    "Positive Low-Energy Emotions|Relief": -0.008685023008739991,
    "Physical and Exhaustive States|Pain": -0.020670116004905786,
    "Positive High-Energy Emotions|Awe": -0.02334434409445022,
    "Negative High-Energy Emotions|Disgust": -0.039899261797959114,
    "Positive High-Energy Emotions|Pleasure/Ecstasy": -0.05585866253574567,
    "Positive High-Energy Emotions|Astonishment/Surprise": -0.0645465438864825,
    "Positive High-Energy Emotions|Triumph": -0.07645613060336247,
    "Positive High-Energy Emotions|Teasing": -0.1175239148443981,
    "Negative Low-Energy Emotions|Embarrassment": -0.11962951933999201,
    "Negative High-Energy Emotions|Fear": -0.12573629400382438,
    "Positive High-Energy Emotions|Elation": -0.15317269401555889,
    "Negative Low-Energy Emotions|Helplessness": -0.16089690043403335,
    "Extra Dimensions|Valence": -0.18963806381561682,
    "Positive Low-Energy Emotions|Contentment": -0.19489349848539628,
    "Extra Dimensions|Dominance": -0.20670934081855383,
    "Extra Dimensions|Arousal": -0.21688593285424362,
    "Positive High-Energy Emotions|Interest": -0.22616227066669703,
    "Extra Dimensions|Emotional Vulnerability": -0.22791072628000286,
    "Positive High-Energy Emotions|Hope/Enthusiasm/Optimism": -0.23340209879854446,
    "Negative High-Energy Emotions|Malevolence/Malice": -0.2409200731037191,
    "Positive Low-Energy Emotions|Thankfulness/Gratitude": -0.481539542777822,
    "Positive High-Energy Emotions|Amusement": -0.5180822129432971,
    "Negative Low-Energy Emotions|Shame": -0.6561133266224495,
    "Longing & Lust|Sexual Lust": -0.7029214142224728,
    "Longing & Lust|Longing": -0.874266073626258,
    "Positive Low-Energy Emotions|Pride": -1.1031217473071246,
    "Longing & Lust|Infatuation": -1.6341464084610615,
    "Negative Low-Energy Emotions|Bitterness": -1.828624274629431
  }
}