{
  "key": [
    "stance-detection-part-5",
    "emonet-m1",
    "juggernaut-xl-v8-prompt-5-38_result.png"
  ],
  "value": {
    "Physical and Exhaustive States|Fatigue/Exhaustion": 1.015080231647843,
    "Positive Low-Energy Emotions|Affection": 0.6648067358042022,
    "Negative Low-Energy Emotions|Sadness": 0.6133920108042776,
    "Negative Low-Energy Emotions|Disappointment": 0.5437820623884653,
    "Negative High-Energy Emotions|Impatience and Irritability": 0.444200458428089,
    "Positive High-Energy Emotions|Teasing": 0.29814301553308525,
    "Positive Low-Energy Emotions|Contentment": 0.2638128804513713,
    "Negative High-Energy Emotions|Anger": 0.22100911341307367,
    "Negative High-Energy Emotions|Malevolence/Malice": 0.20489757626075233,
    "Negative Low-Energy Emotions|Emotional Numbness": 0.15404547267890245,
    "Positive High-Energy Emotions|Awe": 0.10591689626867082,
    "Positive High-Energy Emotions|Amusement": 0.08191959531261372,
    "Negative Low-Energy Emotions|Helplessness": 0.034632947903140116,
    "Positive Low-Energy Emotions|Relief": 0.007680937231624083,
    "Negative Low-Energy Emotions|Jealousy & Envy": 0.0,
    "Physical and Exhaustive States|Sourness": -0.011844693488635859,
    "Physical and Exhaustive States|Intoxication/Altered States of Consciousness": -0.012270540074059815,
    "Physical and Exhaustive States|Pain": -0.020670116004905786,
    "Positive High-Energy Emotions|Hope/Enthusiasm/Optimism": -0.025424267434866477,
    "Negative High-Energy Emotions|Disgust": -0.03661734810023954,
    "Positive High-Energy Emotions|Astonishment/Surprise": -0.051515999963104506,
    "Negative Low-Energy Emotions|Doubt": -0.05372562874091491,
    "Positive High-Energy Emotions|Pleasure/Ecstasy": -0.05585866253574567,
    "Positive High-Energy Emotions|Triumph": -0.07594254811297789,
    "Extra Dimensions|Emotional Vulnerability": -0.09965798160532024,
    "Negative Low-Energy Emotions|Embarrassment": -0.11968108853359362,
    "Extra Dimensions|Dominance": -0.12133954525771704,
    "Negative High-Energy Emotions|Fear": -0.1264793031538526,
    "Extra Dimensions|Valence": -0.13265156237521097,
    "Positive High-Energy Emotions|Elation": -0.15317088871768858,
    "Cognitive States and Processes|Confusion": -0.17417707373371055,
    "Negative High-Energy Emotions|Distress": -0.19467539938623868,
    "Negative Low-Energy Emotions|Contempt": -0.23046747119176192,
    "Positive Low-Energy Emotions|Contemplation": -0.26685283336474575,
    "Cognitive States and Processes|Concentration": -0.33537766581653683,
    "Positive Low-Energy Emotions|Thankfulness/Gratitude": -0.47875003329514026,
    "Longing & Lust|Sexual Lust": -0.6206429539582669,
    "Negative Low-Energy Emotions|Shame": -0.6569316369279257,
    "Extra Dimensions|Arousal": -0.716299899986812,
    "Longing & Lust|Longing": -0.8742235531627913,
    "Positive Low-Energy Emotions|Pride": -0.9417129653018146,
    "Positive High-Energy Emotions|Interest": -1.0924768010393167,
    "Longing & Lust|Infatuation": -1.3564992335662518,
    "Negative Low-Energy Emotions|Bitterness": -1.8312884010852148
  }
}