{
  "key": [
    "stance-detection-part-5",
    "emonet-m1",
    "juggernaut-xl-v8-prompt-5-61_result.png"
  ],
  "value": {
    "Negative Low-Energy Emotions|Sadness": 2.5193408881388724,
    "Negative Low-Energy Emotions|Disappointment": 1.7016814421186899,
    "Cognitive States and Processes|Concentration": 1.6752758299720374,
    "Physical and Exhaustive States|Fatigue/Exhaustion": 1.4898832025340734,
    "Negative High-Energy Emotions|Distress": 1.4738555416232828,
    "Positive Low-Energy Emotions|Contemplation": 0.8722406848923954,
    "Negative Low-Energy Emotions|Helplessness": 0.6895138441138106,
    "Negative High-Energy Emotions|Impatience and Irritability": 0.5658657573668402,
    "Negative High-Energy Emotions|Anger": 0.5513579031049987,
    "Positive High-Energy Emotions|Hope/Enthusiasm/Optimism": 0.3779976113798308,
    "Cognitive States and Processes|Confusion": 0.23621985982189247,
    "Negative Low-Energy Emotions|Emotional Numbness": 0.14410806709265978,
    "Positive High-Energy Emotions|Awe": 0.003174596831147923,
    "Negative Low-Energy Emotions|Jealousy & Envy": 0.0,
    "Physical and Exhaustive States|Sourness": -0.0006601575680158945,
    "Positive Low-Energy Emotions|Relief": -0.0008624274720311596,
    "Extra Dimensions|Dominance": -0.013537511833339594,
    "Physical and Exhaustive States|Pain": -0.020670116004905786,
    "Physical and Exhaustive States|Intoxication/Altered States of Consciousness": -0.022295400575349185,
    "Negative High-Energy Emotions|Disgust": -0.03779126157909086,
    "Positive High-Energy Emotions|Astonishment/Surprise": -0.05085113995295741,
    "Positive High-Energy Emotions|Pleasure/Ecstasy": -0.05586019397703057,
    "Positive High-Energy Emotions|Triumph": -0.07699128997515574,
    "Positive High-Energy Emotions|Teasing": -0.11461202678144415,
    "Negative Low-Energy Emotions|Embarrassment": -0.11802125563879153,
    "Negative High-Energy Emotions|Fear": -0.1439089827860395,
    "Positive High-Energy Emotions|Elation": -0.1531757330875574,
    "Negative Low-Energy Emotions|Contempt": -0.375119606861947,
    "Extra Dimensions|Valence": -0.3874060069594614,
    "Negative Low-Energy Emotions|Doubt": -0.41172316540015563,
    "Positive Low-Energy Emotions|Thankfulness/Gratitude": -0.4813803182825303,
    "Negative High-Energy Emotions|Malevolence/Malice": -0.526685862552934,
    "Positive High-Energy Emotions|Amusement": -0.5272592159991081,
    "Positive Low-Energy Emotions|Contentment": -0.5483337832144002,
    "Positive High-Energy Emotions|Interest": -0.5647117654100442,
    "Positive Low-Energy Emotions|Affection": -0.590810823151944,
    "Negative Low-Energy Emotions|Shame": -0.6038481416909924,
    "Extra Dimensions|Emotional Vulnerability": -0.6731290509412577,
    "Longing & Lust|Sexual Lust": -0.679351100172752,
    "Longing & Lust|Longing": -0.8834768836915274,
    "Positive Low-Energy Emotions|Pride": -1.104803849987331,
    "Extra Dimensions|Arousal": -1.1890597428594316,
    "Longing & Lust|Infatuation": -1.6299420830831204,
    "Negative Low-Energy Emotions|Bitterness": -1.8296089824766686
  }
}