{
  "key": [
    "stance-detection-part-5",
    "emonet-m1",
    "juggernaut-xl-v8-prompt-5-10_result.png"
  ],
  "value": {
    "Positive Low-Energy Emotions|Affection": 1.6506937864328644,
    "Negative Low-Energy Emotions|Sadness": 1.6126161967478811,
    "Cognitive States and Processes|Concentration": 1.4742799078834143,
    "Physical and Exhaustive States|Fatigue/Exhaustion": 1.3933329763225255,
    "Positive Low-Energy Emotions|Contentment": 1.054966549808671,
    "Negative Low-Energy Emotions|Disappointment": 0.6319436501036142,
    "Positive Low-Energy Emotions|Contemplation": 0.598123930360535,
    "Negative Low-Energy Emotions|Helplessness": 0.5607028423361616,
    "Negative High-Energy Emotions|Impatience and Irritability": 0.5280255698172491,
    "Positive High-Energy Emotions|Hope/Enthusiasm/Optimism": 0.4576152308942961,
    "Negative High-Energy Emotions|Anger": 0.3206619401991149,
    "Negative Low-Energy Emotions|Emotional Numbness": 0.26234997325873644,
    "Negative High-Energy Emotions|Distress": 0.24239604321782626,
    "Positive High-Energy Emotions|Amusement": 0.14345459611370015,
    "Extra Dimensions|Emotional Vulnerability": 0.07270410755178425,
    "Positive High-Energy Emotions|Pleasure/Ecstasy": 0.016976779999306024,
    "Positive High-Energy Emotions|Awe": 0.011876427933519139,
    "Negative Low-Energy Emotions|Jealousy & Envy": 0.0,
    "Positive Low-Energy Emotions|Relief": -0.000995703457748933,
    "Physical and Exhaustive States|Sourness": -0.004451907045402369,
    "Physical and Exhaustive States|Intoxication/Altered States of Consciousness": -0.018171027377793643,
    "Physical and Exhaustive States|Pain": -0.020670116004905786,
    "Negative High-Energy Emotions|Disgust": -0.044586973394448066,
    "Positive High-Energy Emotions|Astonishment/Surprise": -0.06114194147807338,
    "Positive High-Energy Emotions|Teasing": -0.07458715763748129,
    "Positive High-Energy Emotions|Triumph": -0.07622160960923567,
    "Extra Dimensions|Valence": -0.103938790542268,
    "Positive High-Energy Emotions|Interest": -0.11014063751850367,
    "Negative Low-Energy Emotions|Embarrassment": -0.11727330302853724,
    "Cognitive States and Processes|Confusion": -0.11991425682773521,
    "Negative High-Energy Emotions|Fear": -0.12727150848756233,
    "Extra Dimensions|Dominance": -0.15067303241077032,
    "Positive High-Energy Emotions|Elation": -0.15317216662777566,
    "Negative Low-Energy Emotions|Contempt": -0.3711159777735452,
    "Positive Low-Energy Emotions|Thankfulness/Gratitude": -0.4811096219256377,
    "Negative High-Energy Emotions|Malevolence/Malice": -0.52725185335856,
    "Extra Dimensions|Arousal": -0.5485862578664507,
    "Negative Low-Energy Emotions|Doubt": -0.6193773435427032,
    "Negative Low-Energy Emotions|Shame": -0.6561073428749076,
    "Longing & Lust|Sexual Lust": -0.678774112310165,
    "Longing & Lust|Longing": -0.8759743054926177,
    "Positive Low-Energy Emotions|Pride": -1.0902896421473651,
    "Longing & Lust|Infatuation": -1.6291247767433796,
    "Negative Low-Energy Emotions|Bitterness": -1.8306619870022705
  }
}