{
  "key": [
    "stance-detection-part-5",
    "emonet-m1",
    "juggernaut-xl-v8-prompt-5-215_result.png"
  ],
  "value": {
    "Positive High-Energy Emotions|Astonishment/Surprise": 1.4866050148703458,
    "Positive Low-Energy Emotions|Affection": 1.148364436915042,
    "Positive High-Energy Emotions|Awe": 1.0181289998739411,
    "Positive High-Energy Emotions|Pleasure/Ecstasy": 0.7171341615934871,
    "Extra Dimensions|Valence": 0.6316893542732962,
    "Negative High-Energy Emotions|Anger": 0.5523383995115538,
    "Positive Low-Energy Emotions|Contentment": 0.512281517917802,
    "Negative High-Energy Emotions|Impatience and Irritability": 0.38377571334523375,
    "Positive High-Energy Emotions|Interest": 0.3119258126005149,
    "Physical and Exhaustive States|Fatigue/Exhaustion": 0.2917436542323767,
    "Positive High-Energy Emotions|Hope/Enthusiasm/Optimism": 0.28062603316327805,
    "Positive Low-Energy Emotions|Pride": 0.24350662059372374,
    "Positive High-Energy Emotions|Amusement": 0.19905273587657857,
    "Extra Dimensions|Emotional Vulnerability": 0.17103126743337604,
    "Positive High-Energy Emotions|Elation": 0.118380500865094,
    "Cognitive States and Processes|Concentration": 0.05258014553905399,
    "Positive Low-Energy Emotions|Relief": 0.0009878720651506946,
    "Negative Low-Energy Emotions|Jealousy & Envy": 0.0,
    "Physical and Exhaustive States|Sourness": -0.014719112581767878,
    "Physical and Exhaustive States|Pain": -0.020670116004905786,
    "Physical and Exhaustive States|Intoxication/Altered States of Consciousness": -0.021164789870927188,
    "Negative High-Energy Emotions|Disgust": -0.04118552258163145,
    "Positive High-Energy Emotions|Triumph": -0.07375898783098593,
    "Negative Low-Energy Emotions|Emotional Numbness": -0.09023492521309584,
    "Positive High-Energy Emotions|Teasing": -0.11485610035121878,
    "Negative High-Energy Emotions|Fear": -0.1155656777943174,
    "Negative Low-Energy Emotions|Embarrassment": -0.11947739711065432,
    "Negative Low-Energy Emotions|Sadness": -0.1323683704174936,
    "Cognitive States and Processes|Confusion": -0.15525526632537773,
    "Negative Low-Energy Emotions|Helplessness": -0.17571029378844924,
    "Extra Dimensions|Dominance": -0.21018777103009786,
    "Extra Dimensions|Arousal": -0.24474991219384323,
    "Negative High-Energy Emotions|Distress": -0.2915998831623312,
    "Positive Low-Energy Emotions|Contemplation": -0.3621330038054196,
    "Negative Low-Energy Emotions|Contempt": -0.37149830431687636,
    "Positive Low-Energy Emotions|Thankfulness/Gratitude": -0.4809552300631857,
    "Negative High-Energy Emotions|Malevolence/Malice": -0.5250493127224973,
    "Negative Low-Energy Emotions|Disappointment": -0.6541299451818015,
    "Negative Low-Energy Emotions|Shame": -0.656277136018776,
    "Negative Low-Energy Emotions|Doubt": -0.8784297393633209,
    "Longing & Lust|Sexual Lust": -0.8793539194724499,
    "Longing & Lust|Longing": -0.890595786792018,
    "Longing & Lust|Infatuation": -1.0058509198054943,
    "Negative Low-Energy Emotions|Bitterness": -1.832171046222823
  }
}