{
  "key": [
    "stance-detection-part-5",
    "emonet-m1",
    "juggernaut-xl-v8-prompt-5-118_result.png"
  ],
  "value": {
    "Cognitive States and Processes|Concentration": 1.627460983933219,
    "Positive High-Energy Emotions|Hope/Enthusiasm/Optimism": 1.1904021247389007,
    "Positive Low-Energy Emotions|Pride": 1.1818961603123517,
    "Positive High-Energy Emotions|Interest": 0.9644724568113303,
    "Physical and Exhaustive States|Fatigue/Exhaustion": 0.6837667407802283,
    "Positive Low-Energy Emotions|Contentment": 0.6787274884530803,
    "Positive Low-Energy Emotions|Affection": 0.6347273710275909,
    "Negative High-Energy Emotions|Impatience and Irritability": 0.6038681291548651,
    "Negative High-Energy Emotions|Anger": 0.5707778116285582,
    "Extra Dimensions|Dominance": 0.3682715141695443,
    "Positive High-Energy Emotions|Pleasure/Ecstasy": 0.3142888385077022,
    "Positive Low-Energy Emotions|Contemplation": 0.24207022037670933,
    "Positive Low-Energy Emotions|Thankfulness/Gratitude": 0.10967460368724108,
    "Negative High-Energy Emotions|Distress": 0.03920935241048373,
    "Negative Low-Energy Emotions|Emotional Numbness": 0.03709162288642198,
    "Positive High-Energy Emotions|Awe": 0.003408664271180882,
    "Negative Low-Energy Emotions|Jealousy & Envy": 0.0,
    "Positive Low-Energy Emotions|Relief": -0.002538808106339021,
    "Physical and Exhaustive States|Intoxication/Altered States of Consciousness": -0.009274348691651673,
    "Physical and Exhaustive States|Sourness": -0.010650901860751948,
    "Extra Dimensions|Valence": -0.019844852891945083,
    "Physical and Exhaustive States|Pain": -0.020670116004905786,
    "Positive High-Energy Emotions|Triumph": -0.04014893167655602,
    "Negative High-Energy Emotions|Disgust": -0.04123865267186811,
    "Positive High-Energy Emotions|Astonishment/Surprise": -0.0531460379860995,
    "Positive High-Energy Emotions|Teasing": -0.11806533363521536,
    "Negative Low-Energy Emotions|Embarrassment": -0.1189254543747439,
    "Negative High-Energy Emotions|Fear": -0.12975623241315284,
    "Positive High-Energy Emotions|Elation": -0.15317214437153082,
    "Cognitive States and Processes|Confusion": -0.18497255523672035,
    "Negative Low-Energy Emotions|Helplessness": -0.19579278244449325,
    "Negative Low-Energy Emotions|Contempt": -0.37292971731173796,
    "Positive High-Energy Emotions|Amusement": -0.51806776999281,
    "Negative High-Energy Emotions|Malevolence/Malice": -0.5400393593428663,
    "Negative Low-Energy Emotions|Doubt": -0.6258014129473053,
    "Negative Low-Energy Emotions|Shame": -0.6562991506217948,
    "Extra Dimensions|Arousal": -0.6588116969381059,
    "Longing & Lust|Sexual Lust": -0.6705015538594662,
    "Negative Low-Energy Emotions|Disappointment": -0.7380417515267874,
    "Negative Low-Energy Emotions|Sadness": -0.8805011580623567,
    "Longing & Lust|Longing": -0.892825492244937,
    "Extra Dimensions|Emotional Vulnerability": -0.9355835606763652,
    "Longing & Lust|Infatuation": -0.9539532152042065,
    "Negative Low-Energy Emotions|Bitterness": -1.8301522396982481
  }
}