{
  "key": [
    "stance-detection-part-5",
    "emonet-m1",
    "juggernaut-xl-v8-prompt-5-115_result.png"
  ],
  "value": {
    "Physical and Exhaustive States|Fatigue/Exhaustion": 1.2402620496562657,
    "Negative High-Energy Emotions|Impatience and Irritability": 0.7815099977461737,
    "Cognitive States and Processes|Concentration": 0.709468630493888,
    "Negative Low-Energy Emotions|Disappointment": 0.525156326151893,
    "Positive High-Energy Emotions|Hope/Enthusiasm/Optimism": 0.48335096678754563,
    "Negative Low-Energy Emotions|Sadness": 0.4242421542368948,
    "Negative Low-Energy Emotions|Doubt": 0.3750397874044098,
    "Positive Low-Energy Emotions|Affection": 0.3723482015634796,
    "Negative Low-Energy Emotions|Emotional Numbness": 0.36577476078009874,
    "Positive Low-Energy Emotions|Contentment": 0.2810470866510173,
    "Extra Dimensions|Emotional Vulnerability": 0.08834388950368854,
    "Negative Low-Energy Emotions|Helplessness": 0.08190498934315019,
    "Negative High-Energy Emotions|Anger": 0.037626423460223324,
    "Physical and Exhaustive States|Sourness": 0.00524696820302979,
    "Positive Low-Energy Emotions|Relief": 0.0008332054625391529,
    "Negative Low-Energy Emotions|Jealousy & Envy": 0.0,
    "Positive High-Energy Emotions|Awe": -0.0065652491599867205,
    "Physical and Exhaustive States|Intoxication/Altered States of Consciousness": -0.012402236536691041,
    "Physical and Exhaustive States|Pain": -0.020670116004905786,
    "Negative High-Energy Emotions|Malevolence/Malice": -0.03267133862953697,
    "Negative High-Energy Emotions|Disgust": -0.042309085036808754,
    "Negative High-Energy Emotions|Distress": -0.054965986334633454,
    "Positive High-Energy Emotions|Pleasure/Ecstasy": -0.05585866253574567,
    "Positive High-Energy Emotions|Astonishment/Surprise": -0.07563731425029017,
    "Positive High-Energy Emotions|Triumph": -0.07649152924310103,
    "Negative Low-Energy Emotions|Embarrassment": -0.11635851329226633,
    "Positive High-Energy Emotions|Teasing": -0.11733908829153021,
    "Extra Dimensions|Valence": -0.13265156237521097,
    "Negative High-Energy Emotions|Fear": -0.13401708534608284,
    "Cognitive States and Processes|Confusion": -0.14132398446073463,
    "Positive High-Energy Emotions|Elation": -0.1531722782336895,
    "Positive High-Energy Emotions|Amusement": -0.28583185403392863,
    "Positive Low-Energy Emotions|Contemplation": -0.3436910882933346,
    "Negative Low-Energy Emotions|Contempt": -0.365602928111432,
    "Extra Dimensions|Dominance": -0.3826924121457633,
    "Positive Low-Energy Emotions|Thankfulness/Gratitude": -0.4809314692303395,
    "Extra Dimensions|Arousal": -0.5932053412709917,
    "Negative Low-Energy Emotions|Shame": -0.6574431807531944,
    "Longing & Lust|Sexual Lust": -0.7030327556989132,
    "Longing & Lust|Longing": -0.8739068587839385,
    "Positive High-Energy Emotions|Interest": -1.0695019522920632,
    "Positive Low-Energy Emotions|Pride": -1.0758950757306247,
    "Longing & Lust|Infatuation": -1.6302014824971829,
    "Negative Low-Energy Emotions|Bitterness": -1.8253889773518612
  }
}