{
  "key": [
    "stance-detection-part-5",
    "emonet-m1",
    "juggernaut-xl-v8-prompt-5-225_result.png"
  ],
  "value": {
    "Physical and Exhaustive States|Fatigue/Exhaustion": 1.4093151273540196,
    "Positive High-Energy Emotions|Hope/Enthusiasm/Optimism": 1.0750592692854095,
    "Cognitive States and Processes|Concentration": 0.661617067993888,
    "Negative High-Energy Emotions|Impatience and Irritability": 0.5451893233267706,
    "Negative High-Energy Emotions|Anger": 0.40905503235457147,
    "Negative Low-Energy Emotions|Sadness": 0.39274169551954863,
    "Negative Low-Energy Emotions|Helplessness": 0.38810704336689283,
    "Positive Low-Energy Emotions|Affection": 0.38297857074988095,
    "Negative Low-Energy Emotions|Emotional Numbness": 0.2666438918683556,
    "Positive Low-Energy Emotions|Contemplation": 0.26492764797375523,
    "Negative Low-Energy Emotions|Disappointment": 0.13760811791519867,
    "Positive Low-Energy Emotions|Relief": 0.0004564296017527149,
    "Positive High-Energy Emotions|Awe": 6.892661744858225e-05,
    "Negative Low-Energy Emotions|Jealousy & Envy": 0.0,
    "Physical and Exhaustive States|Sourness": -0.0049149159260176035,
    "Physical and Exhaustive States|Intoxication/Altered States of Consciousness": -0.019083380774209353,
    "Physical and Exhaustive States|Pain": -0.020670116004905786,
    "Negative High-Energy Emotions|Disgust": -0.04291636696010282,
    "Positive High-Energy Emotions|Pleasure/Ecstasy": -0.05585866253574567,
    "Positive High-Energy Emotions|Astonishment/Surprise": -0.06494991831999995,
    "Positive High-Energy Emotions|Triumph": -0.07502301328818932,
    "Negative Low-Energy Emotions|Embarrassment": -0.11579319303889414,
    "Extra Dimensions|Valence": -0.12078872932233735,
    "Positive High-Energy Emotions|Teasing": -0.1282562377756878,
    "Negative High-Energy Emotions|Fear": -0.13370362451920906,
    "Positive Low-Energy Emotions|Contentment": -0.14758481509001053,
    "Positive High-Energy Emotions|Elation": -0.15317210424917205,
    "Extra Dimensions|Dominance": -0.15601773620429601,
    "Negative High-Energy Emotions|Distress": -0.15719486626322232,
    "Positive High-Energy Emotions|Interest": -0.18011553681049586,
    "Cognitive States and Processes|Confusion": -0.18433515061607292,
    "Extra Dimensions|Emotional Vulnerability": -0.32352372905710247,
    "Negative Low-Energy Emotions|Contempt": -0.37875841082083983,
    "Positive Low-Energy Emotions|Thankfulness/Gratitude": -0.48143203648774385,
    "Positive High-Energy Emotions|Amusement": -0.5127509127442653,
    "Negative High-Energy Emotions|Malevolence/Malice": -0.533676347446256,
    "Negative Low-Energy Emotions|Shame": -0.6532656206547252,
    "Extra Dimensions|Arousal": -0.6827384318624223,
    "Negative Low-Energy Emotions|Doubt": -0.683700381405481,
    "Longing & Lust|Sexual Lust": -0.7665502814910351,
    "Longing & Lust|Longing": -0.8621537616073867,
    "Positive Low-Energy Emotions|Pride": -1.0673687579553752,
    "Longing & Lust|Infatuation": -1.6314342257604275,
    "Negative Low-Energy Emotions|Bitterness": -1.8305111872509887
  }
}