{
  "key": [
    "stance-detection-part-5",
    "emonet-m1",
    "juggernaut-xl-v8-prompt-5-249_result.png"
  ],
  "value": {
    "Positive High-Energy Emotions|Pleasure/Ecstasy": 1.9393511253614926,
    "Positive High-Energy Emotions|Amusement": 1.804318114828605,
    "Positive Low-Energy Emotions|Affection": 1.7605904462839386,
    "Positive Low-Energy Emotions|Contentment": 1.687558274204423,
    "Extra Dimensions|Valence": 1.1638232315506705,
    "Positive High-Energy Emotions|Elation": 1.145696266484372,
    "Cognitive States and Processes|Concentration": 0.8661823546302405,
    "Positive High-Energy Emotions|Hope/Enthusiasm/Optimism": 0.7384770854475188,
    "Negative High-Energy Emotions|Anger": 0.5697371145307799,
    "Physical and Exhaustive States|Fatigue/Exhaustion": 0.5162615957072912,
    "Negative High-Energy Emotions|Impatience and Irritability": 0.4763308190314215,
    "Positive High-Energy Emotions|Interest": 0.435449524758718,
    "Positive Low-Energy Emotions|Contemplation": 0.2058035358445438,
    "Positive Low-Energy Emotions|Pride": 0.1899117929417462,
    "Extra Dimensions|Dominance": 0.15986032723602686,
    "Extra Dimensions|Emotional Vulnerability": 0.12098124721548054,
    "Positive High-Energy Emotions|Awe": 0.00685601811105515,
    "Negative Low-Energy Emotions|Emotional Numbness": 0.00572527461982042,
    "Positive Low-Energy Emotions|Relief": 0.0004264782677530811,
    "Negative Low-Energy Emotions|Jealousy & Envy": 0.0,
    "Positive High-Energy Emotions|Astonishment/Surprise": -0.007767189075767775,
    "Physical and Exhaustive States|Sourness": -0.009192487961807093,
    "Physical and Exhaustive States|Pain": -0.020670116004905786,
    "Physical and Exhaustive States|Intoxication/Altered States of Consciousness": -0.02245657153482184,
    "Negative High-Energy Emotions|Disgust": -0.04380244215875318,
    "Positive High-Energy Emotions|Triumph": -0.07389877934943571,
    "Extra Dimensions|Arousal": -0.10957229988915573,
    "Negative Low-Energy Emotions|Embarrassment": -0.12086327215690752,
    "Negative High-Energy Emotions|Fear": -0.12818304977069298,
    "Positive High-Energy Emotions|Teasing": -0.132790266246204,
    "Cognitive States and Processes|Confusion": -0.1831396826075547,
    "Negative Low-Energy Emotions|Helplessness": -0.21584226502849288,
    "Negative Low-Energy Emotions|Contempt": -0.37035272539603514,
    "Positive Low-Energy Emotions|Thankfulness/Gratitude": -0.481316571114943,
    "Negative High-Energy Emotions|Malevolence/Malice": -0.5312882724521688,
    "Negative Low-Energy Emotions|Sadness": -0.601521506432432,
    "Negative Low-Energy Emotions|Shame": -0.656439665777885,
    "Negative High-Energy Emotions|Distress": -0.6635905191534277,
    "Longing & Lust|Sexual Lust": -0.6853816299102246,
    "Negative Low-Energy Emotions|Disappointment": -0.7330438145180489,
    "Longing & Lust|Longing": -0.8892255952179213,
    "Negative Low-Energy Emotions|Doubt": -0.9234641609711729,
    "Longing & Lust|Infatuation": -1.590717678241459,
    "Negative Low-Energy Emotions|Bitterness": -1.8314844025776555
  }
}