{
  "key": [
    "stance-detection-part-5",
    "emonet-m1",
    "juggernaut-xl-v8-prompt-5-175_result.png"
  ],
  "value": {
    "Positive High-Energy Emotions|Amusement": 5.18311683804943,
    "Positive High-Energy Emotions|Elation": 4.527894123387448,
    "Positive High-Energy Emotions|Pleasure/Ecstasy": 4.13226513445573,
    "Cognitive States and Processes|Concentration": 2.405394104660758,
    "Extra Dimensions|Valence": 1.688061460348583,
    "Positive Low-Energy Emotions|Affection": 1.0635789754892608,
    "Extra Dimensions|Arousal": 0.8324714813913618,
    "Negative High-Energy Emotions|Impatience and Irritability": 0.7628014110533636,
    "Extra Dimensions|Dominance": 0.7243748748224679,
    "Negative High-Energy Emotions|Anger": 0.7239045282423278,
    "Positive Low-Energy Emotions|Contentment": 0.6536341714212199,
    "Positive High-Energy Emotions|Hope/Enthusiasm/Optimism": 0.4474917396070647,
    "Physical and Exhaustive States|Fatigue/Exhaustion": 0.2405119123271643,
    "Positive High-Energy Emotions|Interest": 0.026076956628224846,
    "Positive Low-Energy Emotions|Relief": 0.005950972021663146,
    "Positive High-Energy Emotions|Awe": 0.005332374378984227,
    "Negative Low-Energy Emotions|Jealousy & Envy": 0.0,
    "Physical and Exhaustive States|Sourness": -0.015163368351020655,
    "Physical and Exhaustive States|Pain": -0.020670116004905786,
    "Physical and Exhaustive States|Intoxication/Altered States of Consciousness": -0.028809428290078494,
    "Negative High-Energy Emotions|Disgust": -0.042899960781628395,
    "Negative Low-Energy Emotions|Emotional Numbness": -0.046843280258414444,
    "Positive High-Energy Emotions|Astonishment/Surprise": -0.056176353027641554,
    "Positive High-Energy Emotions|Triumph": -0.06665200007151499,
    "Negative Low-Energy Emotions|Embarrassment": -0.12272753408212801,
    "Negative High-Energy Emotions|Fear": -0.12969099512944618,
    "Negative Low-Energy Emotions|Helplessness": -0.18163574053718276,
    "Cognitive States and Processes|Confusion": -0.19254566808214119,
    "Positive High-Energy Emotions|Teasing": -0.23807920393407783,
    "Extra Dimensions|Emotional Vulnerability": -0.3335495879361918,
    "Negative Low-Energy Emotions|Contempt": -0.3687320080493669,
    "Positive Low-Energy Emotions|Thankfulness/Gratitude": -0.48647687490134,
    "Positive Low-Energy Emotions|Contemplation": -0.4932248369200436,
    "Negative High-Energy Emotions|Malevolence/Malice": -0.5374441954610876,
    "Negative High-Energy Emotions|Distress": -0.5999260977142569,
    "Longing & Lust|Sexual Lust": -0.6483133821151196,
    "Negative Low-Energy Emotions|Shame": -0.6565453932418457,
    "Positive Low-Energy Emotions|Pride": -0.7148583429377704,
    "Negative Low-Energy Emotions|Disappointment": -0.7381884758104826,
    "Longing & Lust|Longing": -0.875085093599536,
    "Negative Low-Energy Emotions|Doubt": -0.9334298470987163,
    "Negative Low-Energy Emotions|Sadness": -0.9831480132341266,
    "Longing & Lust|Infatuation": -1.6435731587037716,
    "Negative Low-Energy Emotions|Bitterness": -1.8318971610174348
  }
}