{
  "key": [
    "stance-detection-part-5",
    "emonet-m1",
    "juggernaut-xl-v8-prompt-5-149_result.png"
  ],
  "value": {
    "Positive Low-Energy Emotions|Pride": 2.34136028117722,
    "Cognitive States and Processes|Concentration": 1.8847599303138343,
    "Positive Low-Energy Emotions|Contemplation": 1.5616995319382938,
    "Positive High-Energy Emotions|Hope/Enthusiasm/Optimism": 1.4178842051984955,
    "Physical and Exhaustive States|Fatigue/Exhaustion": 1.2995603265575109,
    "Extra Dimensions|Valence": 1.0066526974167593,
    "Positive High-Energy Emotions|Awe": 0.9609031764715364,
    "Positive High-Energy Emotions|Interest": 0.9319957932218528,
    "Positive Low-Energy Emotions|Affection": 0.8118014457727691,
    "Positive Low-Energy Emotions|Contentment": 0.7958468007394572,
    "Extra Dimensions|Dominance": 0.7879013264101449,
    "Positive High-Energy Emotions|Pleasure/Ecstasy": 0.6333322960157893,
    "Negative High-Energy Emotions|Impatience and Irritability": 0.41435820092839415,
    "Negative Low-Energy Emotions|Emotional Numbness": 0.34665788227057726,
    "Positive High-Energy Emotions|Triumph": 0.15798992372114523,
    "Negative High-Energy Emotions|Anger": 0.10586116514799798,
    "Negative High-Energy Emotions|Distress": 0.017282293713736907,
    "Positive Low-Energy Emotions|Relief": 0.0008081640611528919,
    "Negative Low-Energy Emotions|Jealousy & Envy": 0.0,
    "Positive High-Energy Emotions|Astonishment/Surprise": -0.012533891727745314,
    "Physical and Exhaustive States|Sourness": -0.01595983541683181,
    "Physical and Exhaustive States|Pain": -0.020670116004905786,
    "Physical and Exhaustive States|Intoxication/Altered States of Consciousness": -0.034807220176408145,
    "Negative High-Energy Emotions|Disgust": -0.04194320192485502,
    "Negative Low-Energy Emotions|Embarrassment": -0.120393457170917,
    "Negative High-Energy Emotions|Fear": -0.12871604195485511,
    "Positive High-Energy Emotions|Teasing": -0.1418914782708927,
    "Positive High-Energy Emotions|Elation": -0.15317087853862388,
    "Negative Low-Energy Emotions|Helplessness": -0.1672160805649919,
    "Cognitive States and Processes|Confusion": -0.17770060976018837,
    "Extra Dimensions|Arousal": -0.31834495919091355,
    "Negative Low-Energy Emotions|Contempt": -0.38064580679881377,
    "Negative Low-Energy Emotions|Sadness": -0.4163700188435495,
    "Positive Low-Energy Emotions|Thankfulness/Gratitude": -0.48087005130051136,
    "Positive High-Energy Emotions|Amusement": -0.5140737298016365,
    "Negative High-Energy Emotions|Malevolence/Malice": -0.5284532967327169,
    "Negative Low-Energy Emotions|Shame": -0.6559999474122158,
    "Negative Low-Energy Emotions|Disappointment": -0.6834278185596014,
    "Longing & Lust|Sexual Lust": -0.7088194577357708,
    "Extra Dimensions|Emotional Vulnerability": -0.86474963924387,
    "Longing & Lust|Longing": -0.903416477662303,
    "Negative Low-Energy Emotions|Doubt": -0.9191270885987364,
    "Longing & Lust|Infatuation": -1.6390224036798153,
    "Negative Low-Energy Emotions|Bitterness": -1.831979423809128
  }
}