{
  "key": [
    "stance-detection-part-5",
    "emonet-m1",
    "juggernaut-xl-v8-prompt-5-112_result.png"
  ],
  "value": {
    "Physical and Exhaustive States|Fatigue/Exhaustion": 1.4925613584331212,
    "Negative High-Energy Emotions|Distress": 1.351774023450065,
    "Cognitive States and Processes|Concentration": 1.3166077410590735,
    "Negative High-Energy Emotions|Anger": 1.187649287801959,
    "Positive Low-Energy Emotions|Contemplation": 1.1848284229295047,
    "Positive Low-Energy Emotions|Affection": 0.7946344736124298,
    "Negative Low-Energy Emotions|Sadness": 0.7924399529658377,
    "Positive High-Energy Emotions|Hope/Enthusiasm/Optimism": 0.6124047978880095,
    "Positive High-Energy Emotions|Interest": 0.6040114601835227,
    "Positive Low-Energy Emotions|Contentment": 0.5643883752176067,
    "Negative High-Energy Emotions|Impatience and Irritability": 0.4663783930746954,
    "Negative Low-Energy Emotions|Doubt": 0.2599335623906769,
    "Positive High-Energy Emotions|Pleasure/Ecstasy": 0.2476626175661586,
    "Extra Dimensions|Emotional Vulnerability": 0.2192745516588399,
    "Negative Low-Energy Emotions|Helplessness": 0.1415835438780623,
    "Negative Low-Energy Emotions|Emotional Numbness": 0.06570507102942735,
    "Positive High-Energy Emotions|Awe": 0.03204908351594712,
    "Physical and Exhaustive States|Sourness": 0.0010805439285852102,
    "Negative Low-Energy Emotions|Jealousy & Envy": 0.0,
    "Positive Low-Energy Emotions|Relief": -0.009402089237129731,
    "Physical and Exhaustive States|Intoxication/Altered States of Consciousness": -0.009626999572465272,
    "Physical and Exhaustive States|Pain": -0.020670116004905786,
    "Negative High-Energy Emotions|Disgust": -0.041116887833172584,
    "Positive High-Energy Emotions|Astonishment/Surprise": -0.07472084813338496,
    "Positive High-Energy Emotions|Triumph": -0.07556124043654337,
    "Extra Dimensions|Dominance": -0.10165165425124731,
    "Extra Dimensions|Valence": -0.10502273826041146,
    "Positive High-Energy Emotions|Teasing": -0.11519340303600271,
    "Negative Low-Energy Emotions|Embarrassment": -0.11827646037597796,
    "Negative High-Energy Emotions|Fear": -0.1347093634928266,
    "Positive High-Energy Emotions|Elation": -0.1531729226625269,
    "Cognitive States and Processes|Confusion": -0.1667480998205178,
    "Positive Low-Energy Emotions|Pride": -0.3131845491450458,
    "Negative Low-Energy Emotions|Contempt": -0.3693786811922769,
    "Negative Low-Energy Emotions|Disappointment": -0.42193140878577484,
    "Positive Low-Energy Emotions|Thankfulness/Gratitude": -0.4816791573449826,
    "Positive High-Energy Emotions|Amusement": -0.5213941971843059,
    "Negative High-Energy Emotions|Malevolence/Malice": -0.5315352964518598,
    "Extra Dimensions|Arousal": -0.6027528132711137,
    "Negative Low-Energy Emotions|Shame": -0.6570608020557991,
    "Longing & Lust|Sexual Lust": -0.6861185370347439,
    "Longing & Lust|Longing": -0.881158553582408,
    "Longing & Lust|Infatuation": -1.630340517781702,
    "Negative Low-Energy Emotions|Bitterness": -1.8286670279235413
  }
}