{
  "key": [
    "stance-detection-part-1",
    "emonet-m1",
    "mj_data_17_U3.png"
  ],
  "value": {
    "Positive Low-Energy Emotions|Pride": 1.731450269885716,
    "Cognitive States and Processes|Concentration": 1.328926113785514,
    "Positive High-Energy Emotions|Interest": 1.070336981652639,
    "Extra Dimensions|Dominance": 0.8218485557955209,
    "Negative High-Energy Emotions|Anger": 0.7681517978727599,
    "Physical and Exhaustive States|Fatigue/Exhaustion": 0.7649914207271277,
    "Positive Low-Energy Emotions|Contemplation": 0.640224121476868,
    "Extra Dimensions|Emotional Vulnerability": 0.37595918872854206,
    "Negative High-Energy Emotions|Impatience and Irritability": 0.3290544175116461,
    "Positive High-Energy Emotions|Hope/Enthusiasm/Optimism": 0.307537768697946,
    "Negative High-Energy Emotions|Distress": 0.2400809988147501,
    "Longing & Lust|Sexual Lust": 0.13328578189397466,
    "Longing & Lust|Longing": 0.11211434699895184,
    "Extra Dimensions|Arousal": 0.03059398276465286,
    "Negative Low-Energy Emotions|Jealousy & Envy": 0.0,
    "Positive Low-Energy Emotions|Relief": -0.0034126345504880383,
    "Physical and Exhaustive States|Sourness": -0.006849414474525294,
    "Physical and Exhaustive States|Intoxication/Altered States of Consciousness": -0.008135557249734254,
    "Positive High-Energy Emotions|Awe": -0.015784374073202358,
    "Negative Low-Energy Emotions|Emotional Numbness": -0.01686989254021376,
    "Physical and Exhaustive States|Pain": -0.020670116004905786,
    "Positive High-Energy Emotions|Astonishment/Surprise": -0.041129637291252394,
    "Negative High-Energy Emotions|Disgust": -0.042977051939064766,
    "Positive Low-Energy Emotions|Affection": -0.0447338697408417,
    "Positive High-Energy Emotions|Pleasure/Ecstasy": -0.05585866253574567,
    "Positive High-Energy Emotions|Triumph": -0.06968987000178233,
    "Negative Low-Energy Emotions|Helplessness": -0.07174542858077712,
    "Positive High-Energy Emotions|Teasing": -0.11716450628698309,
    "Negative Low-Energy Emotions|Embarrassment": -0.12110911151428362,
    "Extra Dimensions|Valence": -0.13114422330745384,
    "Negative High-Energy Emotions|Fear": -0.13211576423297325,
    "Positive High-Energy Emotions|Elation": -0.153173585940642,
    "Positive Low-Energy Emotions|Contentment": -0.16479231840879716,
    "Cognitive States and Processes|Confusion": -0.1885984696911805,
    "Negative Low-Energy Emotions|Sadness": -0.2359440768994272,
    "Negative Low-Energy Emotions|Contempt": -0.3828108412121515,
    "Positive Low-Energy Emotions|Thankfulness/Gratitude": -0.48105060773937464,
    "Negative Low-Energy Emotions|Doubt": -0.5055716024710022,
    "Positive High-Energy Emotions|Amusement": -0.5249722528343017,
    "Negative High-Energy Emotions|Malevolence/Malice": -0.534912503075414,
    "Negative Low-Energy Emotions|Shame": -0.6562914709358445,
    "Negative Low-Energy Emotions|Disappointment": -0.7377376747061755,
    "Longing & Lust|Infatuation": -1.4919354704246197,
    "Negative Low-Energy Emotions|Bitterness": -1.828194743070083
  }
}