{
  "key": [
    "stance-detection-part-1",
    "emonet-m1",
    "mj_data_346_U2.png"
  ],
  "value": {
    "Positive Low-Energy Emotions|Contentment": 2.58619819157808,
    "Positive Low-Energy Emotions|Affection": 2.441131723215701,
    "Positive Low-Energy Emotions|Contemplation": 1.8593200668351444,
    "Physical and Exhaustive States|Fatigue/Exhaustion": 1.499812382679337,
    "Extra Dimensions|Valence": 1.1594796026673087,
    "Positive High-Energy Emotions|Interest": 1.018508835671804,
    "Negative Low-Energy Emotions|Sadness": 0.9073749934397757,
    "Positive High-Energy Emotions|Hope/Enthusiasm/Optimism": 0.8300219520094084,
    "Extra Dimensions|Emotional Vulnerability": 0.7966623614122579,
    "Positive Low-Energy Emotions|Pride": 0.7632181150395245,
    "Positive High-Energy Emotions|Amusement": 0.728205129217643,
    "Positive High-Energy Emotions|Pleasure/Ecstasy": 0.6873783308287166,
    "Longing & Lust|Longing": 0.6160301337421159,
    "Negative Low-Energy Emotions|Emotional Numbness": 0.4095563989255455,
    "Negative High-Energy Emotions|Distress": 0.2232466801769022,
    "Negative Low-Energy Emotions|Helplessness": 0.1489627479128676,
    "Negative Low-Energy Emotions|Disappointment": 0.07306051955322967,
    "Negative High-Energy Emotions|Impatience and Irritability": 0.05746209849995787,
    "Extra Dimensions|Dominance": 0.038567378513187506,
    "Negative Low-Energy Emotions|Jealousy & Envy": 0.0,
    "Positive Low-Energy Emotions|Relief": -0.0027997944940686657,
    "Physical and Exhaustive States|Sourness": -0.005949071414031825,
    "Physical and Exhaustive States|Intoxication/Altered States of Consciousness": -0.014684707001397462,
    "Positive High-Energy Emotions|Awe": -0.019635623887235866,
    "Physical and Exhaustive States|Pain": -0.020670116004905786,
    "Negative High-Energy Emotions|Anger": -0.03155531682374274,
    "Negative High-Energy Emotions|Disgust": -0.03957338830381086,
    "Positive High-Energy Emotions|Astonishment/Surprise": -0.06578891329985835,
    "Positive High-Energy Emotions|Triumph": -0.0758152568061246,
    "Cognitive States and Processes|Concentration": -0.10146829730152218,
    "Positive High-Energy Emotions|Teasing": -0.11594534543216665,
    "Negative Low-Energy Emotions|Embarrassment": -0.11994723072309633,
    "Negative High-Energy Emotions|Fear": -0.13414001992593208,
    "Positive High-Energy Emotions|Elation": -0.1531717653891813,
    "Cognitive States and Processes|Confusion": -0.1901884831952088,
    "Negative Low-Energy Emotions|Contempt": -0.38064582915055556,
    "Positive Low-Energy Emotions|Thankfulness/Gratitude": -0.47993733546732426,
    "Extra Dimensions|Arousal": -0.5018259372029985,
    "Negative High-Energy Emotions|Malevolence/Malice": -0.5315801340458921,
    "Negative Low-Energy Emotions|Shame": -0.6560522132351032,
    "Longing & Lust|Sexual Lust": -0.6844054697415768,
    "Negative Low-Energy Emotions|Doubt": -0.8955147923899971,
    "Longing & Lust|Infatuation": -1.6272699398026143,
    "Negative Low-Energy Emotions|Bitterness": -1.8292029314220717
  }
}