{
  "key": [
    "stance-detection-part-1",
    "emonet-m1",
    "mj_data_241_U2.png"
  ],
  "value": {
    "Positive High-Energy Emotions|Pleasure/Ecstasy": 3.605421348216107,
    "Positive Low-Energy Emotions|Contentment": 3.5896881627389687,
    "Positive High-Energy Emotions|Amusement": 3.499563142370719,
    "Positive Low-Energy Emotions|Affection": 3.4486380937601346,
    "Positive High-Energy Emotions|Elation": 2.5848506530047577,
    "Extra Dimensions|Valence": 2.3252798164810904,
    "Physical and Exhaustive States|Fatigue/Exhaustion": 1.4455807390025792,
    "Cognitive States and Processes|Concentration": 1.188322571457633,
    "Extra Dimensions|Emotional Vulnerability": 1.1402478525926778,
    "Positive Low-Energy Emotions|Contemplation": 1.0029734596268924,
    "Positive High-Energy Emotions|Hope/Enthusiasm/Optimism": 0.952099536276071,
    "Extra Dimensions|Dominance": 0.6340910637300912,
    "Positive High-Energy Emotions|Interest": 0.4096161564573264,
    "Negative High-Energy Emotions|Anger": 0.36825136147139276,
    "Physical and Exhaustive States|Pain": 0.3430100636343262,
    "Negative High-Energy Emotions|Impatience and Irritability": 0.23916566600484068,
    "Positive Low-Energy Emotions|Relief": 0.010448343635642485,
    "Negative Low-Energy Emotions|Jealousy & Envy": 0.0,
    "Positive High-Energy Emotions|Awe": -0.0009772243053266863,
    "Physical and Exhaustive States|Sourness": -0.008280685908355555,
    "Physical and Exhaustive States|Intoxication/Altered States of Consciousness": -0.009726688340852113,
    "Negative High-Energy Emotions|Disgust": -0.04062210967689207,
    "Negative Low-Energy Emotions|Helplessness": -0.04299080683662124,
    "Positive High-Energy Emotions|Astonishment/Surprise": -0.05081406586390712,
    "Positive High-Energy Emotions|Triumph": -0.07528719131838217,
    "Negative Low-Energy Emotions|Emotional Numbness": -0.09637491888069838,
    "Negative Low-Energy Emotions|Embarrassment": -0.11524191340465685,
    "Positive High-Energy Emotions|Teasing": -0.11717528727710684,
    "Negative High-Energy Emotions|Fear": -0.12397938749442497,
    "Negative Low-Energy Emotions|Sadness": -0.1383887971676767,
    "Cognitive States and Processes|Confusion": -0.18187988628616264,
    "Negative High-Energy Emotions|Distress": -0.2814615801208731,
    "Negative Low-Energy Emotions|Contempt": -0.3745848861430864,
    "Positive Low-Energy Emotions|Pride": -0.383302738003078,
    "Positive Low-Energy Emotions|Thankfulness/Gratitude": -0.47539397747291684,
    "Extra Dimensions|Arousal": -0.49902451889855515,
    "Negative High-Energy Emotions|Malevolence/Malice": -0.533709860157781,
    "Negative Low-Energy Emotions|Shame": -0.6565404851718775,
    "Longing & Lust|Sexual Lust": -0.6767032532355725,
    "Negative Low-Energy Emotions|Disappointment": -0.737757739119723,
    "Longing & Lust|Longing": -0.8656901051819106,
    "Negative Low-Energy Emotions|Doubt": -0.9252831298856221,
    "Longing & Lust|Infatuation": -1.633824163399664,
    "Negative Low-Energy Emotions|Bitterness": -1.831440459053295
  }
}