{
  "key": [
    "stance-detection-part-1",
    "emonet-m1",
    "mj_data_388_U4.png"
  ],
  "value": {
    "Negative Low-Energy Emotions|Sadness": 2.3977867518626272,
    "Negative High-Energy Emotions|Distress": 1.8801734909183268,
    "Positive Low-Energy Emotions|Contemplation": 1.824148796464661,
    "Physical and Exhaustive States|Fatigue/Exhaustion": 1.6192305269054112,
    "Extra Dimensions|Emotional Vulnerability": 1.1087603876878926,
    "Cognitive States and Processes|Concentration": 0.9481952463996497,
    "Negative Low-Energy Emotions|Disappointment": 0.8859841297636484,
    "Negative Low-Energy Emotions|Helplessness": 0.8288311182074385,
    "Positive Low-Energy Emotions|Contentment": 0.6950837182351848,
    "Physical and Exhaustive States|Pain": 0.6762433605055115,
    "Negative Low-Energy Emotions|Emotional Numbness": 0.5667978625867394,
    "Positive Low-Energy Emotions|Affection": 0.5614280822778961,
    "Positive High-Energy Emotions|Awe": 0.4156683174818208,
    "Longing & Lust|Longing": 0.4038242469012956,
    "Positive High-Energy Emotions|Hope/Enthusiasm/Optimism": 0.35018048129102464,
    "Positive High-Energy Emotions|Pleasure/Ecstasy": 0.3074041742105983,
    "Positive Low-Energy Emotions|Pride": 0.20418269462173888,
    "Positive High-Energy Emotions|Interest": 0.13946740233745336,
    "Positive Low-Energy Emotions|Relief": 0.0010786648403048084,
    "Negative Low-Energy Emotions|Jealousy & Envy": 0.0,
    "Physical and Exhaustive States|Sourness": -0.01036538816169723,
    "Physical and Exhaustive States|Intoxication/Altered States of Consciousness": -0.017153605893800113,
    "Negative High-Energy Emotions|Disgust": -0.03811771621852567,
    "Positive High-Energy Emotions|Astonishment/Surprise": -0.05020630710345485,
    "Positive High-Energy Emotions|Triumph": -0.06938307558189764,
    "Negative High-Energy Emotions|Fear": -0.11096348396191993,
    "Negative Low-Energy Emotions|Embarrassment": -0.11993735125322481,
    "Positive High-Energy Emotions|Teasing": -0.12118679162919958,
    "Negative High-Energy Emotions|Anger": -0.1436457554280976,
    "Positive High-Energy Emotions|Elation": -0.15317239236072266,
    "Negative Low-Energy Emotions|Shame": -0.16739006813456925,
    "Cognitive States and Processes|Confusion": -0.19044971545209816,
    "Negative High-Energy Emotions|Impatience and Irritability": -0.25817247996645754,
    "Extra Dimensions|Arousal": -0.34034956353051316,
    "Negative Low-Energy Emotions|Contempt": -0.3781561878417711,
    "Extra Dimensions|Valence": -0.41461528888084814,
    "Extra Dimensions|Dominance": -0.44416318894210427,
    "Positive Low-Energy Emotions|Thankfulness/Gratitude": -0.48119382186828613,
    "Positive High-Energy Emotions|Amusement": -0.5167526158575828,
    "Negative High-Energy Emotions|Malevolence/Malice": -0.5337748441217474,
    "Longing & Lust|Sexual Lust": -0.6764070777556835,
    "Negative Low-Energy Emotions|Bitterness": -0.8013049401820471,
    "Negative Low-Energy Emotions|Doubt": -0.9342108542097889,
    "Longing & Lust|Infatuation": -1.6317701649889622
  }
}