{
  "key": [
    "stance-detection-part-1",
    "emonet-m1",
    "mj_data_356_U4.png"
  ],
  "value": {
    "Positive Low-Energy Emotions|Contemplation": 2.7489949687974247,
    "Cognitive States and Processes|Concentration": 1.841081646622428,
    "Physical and Exhaustive States|Fatigue/Exhaustion": 1.8048715772441564,
    "Longing & Lust|Longing": 1.7397312293231706,
    "Positive Low-Energy Emotions|Affection": 1.5957855108286163,
    "Positive High-Energy Emotions|Interest": 1.5711533268674827,
    "Negative Low-Energy Emotions|Sadness": 1.2672144328318655,
    "Negative High-Energy Emotions|Distress": 1.2374389633304361,
    "Positive Low-Energy Emotions|Contentment": 0.997973542148759,
    "Positive High-Energy Emotions|Hope/Enthusiasm/Optimism": 0.956860278463571,
    "Positive High-Energy Emotions|Pleasure/Ecstasy": 0.6038151222486995,
    "Negative Low-Energy Emotions|Helplessness": 0.5726033268980818,
    "Negative Low-Energy Emotions|Doubt": 0.507331581227652,
    "Negative High-Energy Emotions|Impatience and Irritability": 0.34957999219578917,
    "Negative Low-Energy Emotions|Disappointment": 0.3168997238646005,
    "Negative High-Energy Emotions|Anger": 0.15666429005263055,
    "Longing & Lust|Infatuation": 0.15175717202571293,
    "Extra Dimensions|Dominance": 0.14454568862137232,
    "Extra Dimensions|Emotional Vulnerability": 0.14387443759939167,
    "Negative Low-Energy Emotions|Emotional Numbness": 0.06748641544318468,
    "Positive High-Energy Emotions|Astonishment/Surprise": 0.017364975283324938,
    "Positive Low-Energy Emotions|Relief": 0.002511187971675353,
    "Negative Low-Energy Emotions|Jealousy & Envy": 0.0,
    "Physical and Exhaustive States|Intoxication/Altered States of Consciousness": -0.0009558276092503978,
    "Positive High-Energy Emotions|Awe": -0.009112483456785427,
    "Physical and Exhaustive States|Sourness": -0.016614130503692467,
    "Physical and Exhaustive States|Pain": -0.020670116004905786,
    "Negative High-Energy Emotions|Disgust": -0.037270510698849464,
    "Positive High-Energy Emotions|Triumph": -0.07582293462942973,
    "Negative High-Energy Emotions|Fear": -0.10836650213847557,
    "Positive High-Energy Emotions|Teasing": -0.11116796237290343,
    "Negative Low-Energy Emotions|Embarrassment": -0.1183741970922484,
    "Positive High-Energy Emotions|Elation": -0.15317215090715974,
    "Cognitive States and Processes|Confusion": -0.1687380381392472,
    "Extra Dimensions|Valence": -0.1917430912528269,
    "Extra Dimensions|Arousal": -0.3191896762166704,
    "Negative Low-Energy Emotions|Contempt": -0.36186471850621504,
    "Positive Low-Energy Emotions|Thankfulness/Gratitude": -0.4805073896333432,
    "Positive High-Energy Emotions|Amusement": -0.514857907134753,
    "Negative High-Energy Emotions|Malevolence/Malice": -0.5251914847014478,
    "Negative Low-Energy Emotions|Shame": -0.6558256988211504,
    "Longing & Lust|Sexual Lust": -0.7289211688897549,
    "Positive Low-Energy Emotions|Pride": -1.092535172633472,
    "Negative Low-Energy Emotions|Bitterness": -1.8313709963590672
  }
}