{
  "key": [
    "stance-detection-part-1",
    "emonet-m1",
    "mj_data_80_U3.png"
  ],
  "value": {
    "Positive Low-Energy Emotions|Affection": 2.5097850683237333,
    "Positive Low-Energy Emotions|Contentment": 2.3232668446847695,
    "Positive Low-Energy Emotions|Contemplation": 1.2593494876878055,
    "Physical and Exhaustive States|Fatigue/Exhaustion": 1.2342535438350377,
    "Positive Low-Energy Emotions|Pride": 1.2179512483555646,
    "Cognitive States and Processes|Concentration": 1.0831032072913733,
    "Positive High-Energy Emotions|Hope/Enthusiasm/Optimism": 1.0312249406339813,
    "Positive High-Energy Emotions|Interest": 0.9891723831876731,
    "Positive High-Energy Emotions|Pleasure/Ecstasy": 0.9454000431318782,
    "Extra Dimensions|Dominance": 0.7839874470156136,
    "Negative High-Energy Emotions|Anger": 0.757327594381549,
    "Positive High-Energy Emotions|Amusement": 0.6490586248154824,
    "Extra Dimensions|Valence": 0.645026370378948,
    "Negative High-Energy Emotions|Distress": 0.5788281425601725,
    "Negative High-Energy Emotions|Impatience and Irritability": 0.5035141729323309,
    "Positive Low-Energy Emotions|Relief": 0.0007818560610651538,
    "Negative Low-Energy Emotions|Jealousy & Envy": 0.0,
    "Physical and Exhaustive States|Sourness": -0.006141065425433955,
    "Positive High-Energy Emotions|Awe": -0.008286214068586574,
    "Physical and Exhaustive States|Intoxication/Altered States of Consciousness": -0.008977115229317994,
    "Negative Low-Energy Emotions|Sadness": -0.00901965749635103,
    "Physical and Exhaustive States|Pain": -0.020670116004905786,
    "Negative High-Energy Emotions|Disgust": -0.041017340625817085,
    "Negative Low-Energy Emotions|Emotional Numbness": -0.04913716501259535,
    "Positive High-Energy Emotions|Astonishment/Surprise": -0.05881390326243617,
    "Extra Dimensions|Emotional Vulnerability": -0.06433030864694622,
    "Positive High-Energy Emotions|Triumph": -0.07299620949666634,
    "Positive High-Energy Emotions|Teasing": -0.11668509122789343,
    "Negative Low-Energy Emotions|Embarrassment": -0.11765189310569903,
    "Negative High-Energy Emotions|Fear": -0.13457267514119545,
    "Positive High-Energy Emotions|Elation": -0.15045117733541913,
    "Positive Low-Energy Emotions|Thankfulness/Gratitude": -0.15676268841175794,
    "Cognitive States and Processes|Confusion": -0.18705134172906807,
    "Negative Low-Energy Emotions|Helplessness": -0.19362315847350783,
    "Negative Low-Energy Emotions|Contempt": -0.37321438909518523,
    "Negative High-Energy Emotions|Malevolence/Malice": -0.5341376948473981,
    "Negative Low-Energy Emotions|Shame": -0.6561204316823712,
    "Extra Dimensions|Arousal": -0.6668132628713335,
    "Longing & Lust|Sexual Lust": -0.6785024939439236,
    "Negative Low-Energy Emotions|Disappointment": -0.7325265244324948,
    "Longing & Lust|Longing": -0.8599490081488868,
    "Negative Low-Energy Emotions|Doubt": -0.880054386891254,
    "Longing & Lust|Infatuation": -1.6347875607237492,
    "Negative Low-Energy Emotions|Bitterness": -1.829500673386531
  }
}