{
  "key": [
    "stance-detection-part-1",
    "emonet-m1",
    "mj_data_80_U2.png"
  ],
  "value": {
    "Positive Low-Energy Emotions|Affection": 2.4298576238657255,
    "Positive High-Energy Emotions|Pleasure/Ecstasy": 2.2529683548231625,
    "Positive Low-Energy Emotions|Contentment": 2.1649201917001504,
    "Positive Low-Energy Emotions|Contemplation": 1.3469232543961795,
    "Physical and Exhaustive States|Fatigue/Exhaustion": 1.2490930738261876,
    "Negative High-Energy Emotions|Anger": 1.2001163145124694,
    "Positive Low-Energy Emotions|Pride": 1.1628365022618146,
    "Positive High-Energy Emotions|Interest": 1.0767313679441428,
    "Cognitive States and Processes|Concentration": 1.0193002497565833,
    "Positive High-Energy Emotions|Hope/Enthusiasm/Optimism": 0.9594613059522795,
    "Positive High-Energy Emotions|Amusement": 0.8689393249268715,
    "Extra Dimensions|Dominance": 0.8407708847444955,
    "Extra Dimensions|Valence": 0.8225400889839896,
    "Negative High-Energy Emotions|Impatience and Irritability": 0.46962863435429747,
    "Negative High-Energy Emotions|Distress": 0.31354515401189365,
    "Positive High-Energy Emotions|Elation": 0.13397599656593018,
    "Positive Low-Energy Emotions|Relief": 0.0042478810559153125,
    "Negative Low-Energy Emotions|Jealousy & Envy": 0.0,
    "Positive High-Energy Emotions|Awe": -0.0016015680581877093,
    "Physical and Exhaustive States|Sourness": -0.013820609814681849,
    "Physical and Exhaustive States|Intoxication/Altered States of Consciousness": -0.015673190430352542,
    "Physical and Exhaustive States|Pain": -0.020670116004905786,
    "Negative High-Energy Emotions|Disgust": -0.03408455302863767,
    "Positive High-Energy Emotions|Triumph": -0.036756861144710926,
    "Positive High-Energy Emotions|Astonishment/Surprise": -0.04307617597800471,
    "Negative Low-Energy Emotions|Emotional Numbness": -0.08236627763771742,
    "Positive High-Energy Emotions|Teasing": -0.11713354167402228,
    "Negative Low-Energy Emotions|Embarrassment": -0.11961153363843104,
    "Negative High-Energy Emotions|Fear": -0.13295022180924812,
    "Cognitive States and Processes|Confusion": -0.17604714711179664,
    "Negative Low-Energy Emotions|Helplessness": -0.19006419493629165,
    "Extra Dimensions|Emotional Vulnerability": -0.3391236951062968,
    "Negative Low-Energy Emotions|Contempt": -0.3718646791671495,
    "Positive Low-Energy Emotions|Thankfulness/Gratitude": -0.47918387315271854,
    "Negative High-Energy Emotions|Malevolence/Malice": -0.5363592121122411,
    "Negative Low-Energy Emotions|Sadness": -0.5614816392697275,
    "Extra Dimensions|Arousal": -0.638785251549312,
    "Negative Low-Energy Emotions|Shame": -0.6558790747805467,
    "Longing & Lust|Sexual Lust": -0.6880942819974362,
    "Negative Low-Energy Emotions|Disappointment": -0.7329616532405163,
    "Negative Low-Energy Emotions|Doubt": -0.7993282960726105,
    "Longing & Lust|Longing": -0.8730939333855887,
    "Longing & Lust|Infatuation": -1.6247829956040059,
    "Negative Low-Energy Emotions|Bitterness": -1.8303347044170668
  }
}