{
  "key": [
    "stance-detection-part-1",
    "emonet-m1",
    "mj_data_24_U2.png"
  ],
  "value": {
    "Positive High-Energy Emotions|Astonishment/Surprise": 5.650101628372848,
    "Positive High-Energy Emotions|Amusement": 3.920309468817252,
    "Positive High-Energy Emotions|Elation": 2.715074404072873,
    "Positive High-Energy Emotions|Pleasure/Ecstasy": 2.6754117447157406,
    "Positive High-Energy Emotions|Interest": 2.19895903670635,
    "Extra Dimensions|Arousal": 2.154064050742558,
    "Positive High-Energy Emotions|Teasing": 1.7105396849209027,
    "Extra Dimensions|Valence": 1.360618218275524,
    "Cognitive States and Processes|Confusion": 1.134503043396569,
    "Positive High-Energy Emotions|Awe": 1.1121398297994782,
    "Extra Dimensions|Emotional Vulnerability": 0.9401784251024434,
    "Cognitive States and Processes|Concentration": 0.9384765898597327,
    "Negative High-Energy Emotions|Fear": 0.5878496266280612,
    "Longing & Lust|Sexual Lust": 0.32970102742696417,
    "Physical and Exhaustive States|Fatigue/Exhaustion": 0.29799093626057493,
    "Positive High-Energy Emotions|Hope/Enthusiasm/Optimism": 0.2191492064954924,
    "Physical and Exhaustive States|Intoxication/Altered States of Consciousness": 0.17255224280004755,
    "Positive Low-Energy Emotions|Thankfulness/Gratitude": 0.017552823768570425,
    "Positive Low-Energy Emotions|Relief": 0.0069106366048693225,
    "Negative Low-Energy Emotions|Jealousy & Envy": 0.0,
    "Physical and Exhaustive States|Sourness": -0.019208340711154778,
    "Physical and Exhaustive States|Pain": -0.020670116004905786,
    "Negative High-Energy Emotions|Disgust": -0.045499937738472725,
    "Positive High-Energy Emotions|Triumph": -0.07223329239528313,
    "Negative Low-Energy Emotions|Embarrassment": -0.12100917687673708,
    "Positive Low-Energy Emotions|Contentment": -0.17712165838987626,
    "Negative Low-Energy Emotions|Helplessness": -0.1993009479231996,
    "Negative Low-Energy Emotions|Emotional Numbness": -0.21730761713051527,
    "Negative High-Energy Emotions|Anger": -0.27464256383778846,
    "Negative Low-Energy Emotions|Contempt": -0.3626948696469049,
    "Negative High-Energy Emotions|Impatience and Irritability": -0.3969262964518625,
    "Extra Dimensions|Dominance": -0.4975534236508903,
    "Negative High-Energy Emotions|Malevolence/Malice": -0.5241174835084013,
    "Positive Low-Energy Emotions|Affection": -0.5689140138124207,
    "Negative Low-Energy Emotions|Shame": -0.6559038125707737,
    "Negative Low-Energy Emotions|Disappointment": -0.7410524380137469,
    "Negative High-Energy Emotions|Distress": -0.7716134473913427,
    "Longing & Lust|Infatuation": -0.8119341221675549,
    "Longing & Lust|Longing": -0.8780795564472457,
    "Positive Low-Energy Emotions|Contemplation": -0.8873396888716427,
    "Negative Low-Energy Emotions|Doubt": -0.9316070355473243,
    "Negative Low-Energy Emotions|Sadness": -0.985195715904224,
    "Positive Low-Energy Emotions|Pride": -1.1209355565231471,
    "Negative Low-Energy Emotions|Bitterness": -1.8305425802723339
  }
}