{
  "key": [
    "stance-detection-part-1",
    "emonet-m1",
    "mj_data_138_U4.png"
  ],
  "value": {
    "Physical and Exhaustive States|Pain": 3.4695317106107972,
    "Positive Low-Energy Emotions|Contemplation": 2.65935149040387,
    "Negative Low-Energy Emotions|Sadness": 2.5571688567362845,
    "Negative High-Energy Emotions|Distress": 2.491681383526969,
    "Physical and Exhaustive States|Fatigue/Exhaustion": 1.8380985441020665,
    "Negative Low-Energy Emotions|Disappointment": 1.6480162809858774,
    "Positive Low-Energy Emotions|Pride": 1.536323259540257,
    "Negative High-Energy Emotions|Anger": 1.4396323343336364,
    "Cognitive States and Processes|Concentration": 1.2330808913123694,
    "Negative Low-Energy Emotions|Bitterness": 0.8620773516117761,
    "Negative Low-Energy Emotions|Helplessness": 0.7749956666045027,
    "Negative Low-Energy Emotions|Shame": 0.6441485387475261,
    "Negative High-Energy Emotions|Impatience and Irritability": 0.5965251945464056,
    "Extra Dimensions|Dominance": 0.4731725299280587,
    "Negative Low-Energy Emotions|Emotional Numbness": 0.4474159579846886,
    "Positive High-Energy Emotions|Interest": 0.28094284140910863,
    "Negative Low-Energy Emotions|Jealousy & Envy": 0.0,
    "Positive Low-Energy Emotions|Relief": -0.0017332811345220044,
    "Physical and Exhaustive States|Sourness": -0.010178244478263697,
    "Physical and Exhaustive States|Intoxication/Altered States of Consciousness": -0.01457831271047339,
    "Positive High-Energy Emotions|Awe": -0.01916823406522964,
    "Negative High-Energy Emotions|Disgust": -0.03757404735236814,
    "Positive High-Energy Emotions|Hope/Enthusiasm/Optimism": -0.044727946901114035,
    "Positive High-Energy Emotions|Astonishment/Surprise": -0.046806294252693434,
    "Positive High-Energy Emotions|Pleasure/Ecstasy": -0.05585866253574567,
    "Extra Dimensions|Emotional Vulnerability": -0.07273670932748821,
    "Positive High-Energy Emotions|Triumph": -0.07358939771543875,
    "Negative High-Energy Emotions|Fear": -0.11582479408631721,
    "Negative Low-Energy Emotions|Embarrassment": -0.11899467026848932,
    "Positive High-Energy Emotions|Teasing": -0.12018252041995962,
    "Positive High-Energy Emotions|Elation": -0.15317489427332687,
    "Cognitive States and Processes|Confusion": -0.19445551265945366,
    "Longing & Lust|Longing": -0.2794546713650008,
    "Negative Low-Energy Emotions|Contempt": -0.3093329918478708,
    "Extra Dimensions|Arousal": -0.37832559006554733,
    "Positive Low-Energy Emotions|Affection": -0.38424931735741885,
    "Positive Low-Energy Emotions|Thankfulness/Gratitude": -0.4808615753337598,
    "Positive High-Energy Emotions|Amusement": -0.5268785807375724,
    "Negative High-Energy Emotions|Malevolence/Malice": -0.5285442087171606,
    "Positive Low-Energy Emotions|Contentment": -0.5292089176824788,
    "Negative Low-Energy Emotions|Doubt": -0.6260715411974274,
    "Longing & Lust|Sexual Lust": -0.6722399233243405,
    "Longing & Lust|Infatuation": -1.6367555421814595,
    "Extra Dimensions|Valence": -1.6468612109694711
  }
}