{
  "key": [
    "stance-detection-part-1",
    "emonet-m1",
    "mj_data_31_U2.png"
  ],
  "value": {
    "Negative High-Energy Emotions|Distress": 1.6638038620120768,
    "Negative Low-Energy Emotions|Sadness": 1.2368408595286429,
    "Physical and Exhaustive States|Fatigue/Exhaustion": 1.1758921327403722,
    "Positive High-Energy Emotions|Interest": 1.0401655873044944,
    "Positive Low-Energy Emotions|Contemplation": 0.999756239320496,
    "Cognitive States and Processes|Concentration": 0.9565992628944007,
    "Extra Dimensions|Emotional Vulnerability": 0.8368525812914083,
    "Negative Low-Energy Emotions|Helplessness": 0.7922791658453779,
    "Negative High-Energy Emotions|Anger": 0.4043685575544616,
    "Negative High-Energy Emotions|Impatience and Irritability": 0.3236739062277716,
    "Negative High-Energy Emotions|Fear": 0.300449977008005,
    "Extra Dimensions|Arousal": 0.23844420058386673,
    "Positive Low-Energy Emotions|Affection": 0.13089920311224668,
    "Negative Low-Energy Emotions|Doubt": 0.09740814697014466,
    "Negative Low-Energy Emotions|Emotional Numbness": 0.06702138000464708,
    "Extra Dimensions|Dominance": 0.05875779627975855,
    "Positive High-Energy Emotions|Awe": 0.014454150006120457,
    "Negative Low-Energy Emotions|Jealousy & Envy": 0.0,
    "Physical and Exhaustive States|Sourness": -0.006116307146110377,
    "Positive Low-Energy Emotions|Relief": -0.007145107208645387,
    "Physical and Exhaustive States|Intoxication/Altered States of Consciousness": -0.016064018086144778,
    "Physical and Exhaustive States|Pain": -0.020670116004905786,
    "Positive High-Energy Emotions|Astonishment/Surprise": -0.027594122817337294,
    "Negative High-Energy Emotions|Disgust": -0.043803850318486,
    "Positive High-Energy Emotions|Pleasure/Ecstasy": -0.05585866253574567,
    "Positive High-Energy Emotions|Triumph": -0.07553207979540959,
    "Positive High-Energy Emotions|Teasing": -0.1169920253461643,
    "Negative Low-Energy Emotions|Embarrassment": -0.11877870773930689,
    "Cognitive States and Processes|Confusion": -0.11948894788494041,
    "Positive High-Energy Emotions|Hope/Enthusiasm/Optimism": -0.13126316227892165,
    "Positive High-Energy Emotions|Elation": -0.1531733384762286,
    "Longing & Lust|Sexual Lust": -0.16157702490305292,
    "Negative Low-Energy Emotions|Contempt": -0.37831731409776015,
    "Positive Low-Energy Emotions|Thankfulness/Gratitude": -0.48298642224668026,
    "Positive High-Energy Emotions|Amusement": -0.519140653598767,
    "Negative High-Energy Emotions|Malevolence/Malice": -0.5380490633962682,
    "Negative Low-Energy Emotions|Shame": -0.6568090385555259,
    "Negative Low-Energy Emotions|Disappointment": -0.730821399458244,
    "Longing & Lust|Longing": -0.7537541618168135,
    "Positive Low-Energy Emotions|Contentment": -0.8412116957357625,
    "Extra Dimensions|Valence": -0.9080359493766061,
    "Positive Low-Energy Emotions|Pride": -0.9798886226933627,
    "Longing & Lust|Infatuation": -1.0630490270480786,
    "Negative Low-Energy Emotions|Bitterness": -1.8267773241282275
  }
}