{
  "key": [
    "stance-detection-part-1",
    "emonet-m1",
    "mj_data_184_U3.png"
  ],
  "value": {
    "Negative High-Energy Emotions|Distress": 2.1778753265506507,
    "Positive Low-Energy Emotions|Contemplation": 2.168718479539612,
    "Negative Low-Energy Emotions|Sadness": 1.8862041388712942,
    "Physical and Exhaustive States|Fatigue/Exhaustion": 1.7565398397258458,
    "Cognitive States and Processes|Concentration": 1.5792022025001136,
    "Positive Low-Energy Emotions|Affection": 1.4122768762613556,
    "Negative High-Energy Emotions|Anger": 1.0385537525236388,
    "Positive Low-Energy Emotions|Contentment": 0.9665652322122356,
    "Negative Low-Energy Emotions|Helplessness": 0.8183045803122359,
    "Positive High-Energy Emotions|Pleasure/Ecstasy": 0.7157167631407283,
    "Positive High-Energy Emotions|Hope/Enthusiasm/Optimism": 0.6736522658826994,
    "Extra Dimensions|Emotional Vulnerability": 0.5055232355882833,
    "Negative High-Energy Emotions|Impatience and Irritability": 0.4818273805586737,
    "Positive High-Energy Emotions|Interest": 0.21466390693034887,
    "Negative Low-Energy Emotions|Disappointment": 0.1860425542364572,
    "Negative Low-Energy Emotions|Emotional Numbness": 0.007262001571419541,
    "Negative Low-Energy Emotions|Jealousy & Envy": 0.0,
    "Positive Low-Energy Emotions|Relief": -0.005460896014130159,
    "Physical and Exhaustive States|Intoxication/Altered States of Consciousness": -0.007161811069199891,
    "Physical and Exhaustive States|Sourness": -0.00902331507877334,
    "Positive High-Energy Emotions|Awe": -0.014115190699751125,
    "Physical and Exhaustive States|Pain": -0.020670116004905786,
    "Positive High-Energy Emotions|Astonishment/Surprise": -0.04165104382258632,
    "Negative High-Energy Emotions|Disgust": -0.04212824454456022,
    "Positive High-Energy Emotions|Triumph": -0.07466884342025652,
    "Negative High-Energy Emotions|Fear": -0.10832225314031044,
    "Cognitive States and Processes|Confusion": -0.11109291841258934,
    "Negative Low-Energy Emotions|Embarrassment": -0.11915235808153292,
    "Positive High-Energy Emotions|Teasing": -0.1230732711857601,
    "Positive High-Energy Emotions|Elation": -0.15317353053786276,
    "Extra Dimensions|Dominance": -0.34737097532334893,
    "Negative Low-Energy Emotions|Contempt": -0.37316414983022017,
    "Positive Low-Energy Emotions|Thankfulness/Gratitude": -0.4822582332327819,
    "Negative Low-Energy Emotions|Doubt": -0.5131053911520325,
    "Positive High-Energy Emotions|Amusement": -0.5213812518005188,
    "Negative High-Energy Emotions|Malevolence/Malice": -0.527756861162,
    "Positive Low-Energy Emotions|Pride": -0.6038687723200946,
    "Longing & Lust|Longing": -0.6455728640377303,
    "Negative Low-Energy Emotions|Shame": -0.6564172171785465,
    "Extra Dimensions|Arousal": -0.6897789325032915,
    "Longing & Lust|Sexual Lust": -0.6911690621039807,
    "Extra Dimensions|Valence": -1.0067373072180978,
    "Longing & Lust|Infatuation": -1.6331888672933255,
    "Negative Low-Energy Emotions|Bitterness": -1.8296689782769253
  }
}