{
  "key": [
    "stance-detection-part-1",
    "emonet-m1",
    "mj_data_265_U4.png"
  ],
  "value": {
    "Positive Low-Energy Emotions|Contentment": 3.487797121936967,
    "Positive Low-Energy Emotions|Affection": 3.436666143229129,
    "Positive High-Energy Emotions|Pleasure/Ecstasy": 3.2984886604567074,
    "Positive High-Energy Emotions|Amusement": 3.2640761581177893,
    "Positive High-Energy Emotions|Elation": 2.184045179677121,
    "Extra Dimensions|Valence": 2.1517342174973257,
    "Extra Dimensions|Emotional Vulnerability": 1.0972111532976339,
    "Positive High-Energy Emotions|Hope/Enthusiasm/Optimism": 1.0841009362699676,
    "Physical and Exhaustive States|Fatigue/Exhaustion": 0.9892351808360754,
    "Cognitive States and Processes|Concentration": 0.619998243988761,
    "Extra Dimensions|Dominance": 0.5834545934122506,
    "Positive Low-Energy Emotions|Contemplation": 0.5691567882554325,
    "Negative High-Energy Emotions|Impatience and Irritability": 0.3335822247473639,
    "Positive High-Energy Emotions|Interest": 0.2961982926115012,
    "Negative High-Energy Emotions|Anger": 0.2454409977018615,
    "Positive High-Energy Emotions|Teasing": 0.10020445409357111,
    "Positive Low-Energy Emotions|Relief": 0.00955615151032205,
    "Negative Low-Energy Emotions|Jealousy & Envy": 0.0,
    "Physical and Exhaustive States|Sourness": -0.008397436506309352,
    "Positive High-Energy Emotions|Awe": -0.013700103953535304,
    "Physical and Exhaustive States|Intoxication/Altered States of Consciousness": -0.01643402881974921,
    "Physical and Exhaustive States|Pain": -0.020670116004905786,
    "Negative High-Energy Emotions|Disgust": -0.0400237908020561,
    "Positive High-Energy Emotions|Astonishment/Surprise": -0.05452715211135127,
    "Positive High-Energy Emotions|Triumph": -0.07593987428586617,
    "Negative Low-Energy Emotions|Emotional Numbness": -0.08575128501915663,
    "Negative Low-Energy Emotions|Helplessness": -0.0895926983542604,
    "Positive Low-Energy Emotions|Pride": -0.09677534275466493,
    "Negative Low-Energy Emotions|Embarrassment": -0.11721411934156557,
    "Negative High-Energy Emotions|Fear": -0.12445999464641014,
    "Extra Dimensions|Arousal": -0.17451156037194382,
    "Cognitive States and Processes|Confusion": -0.17764227171411445,
    "Negative Low-Energy Emotions|Sadness": -0.3025902951992929,
    "Negative Low-Energy Emotions|Contempt": -0.37215949864136977,
    "Positive Low-Energy Emotions|Thankfulness/Gratitude": -0.4800734259098625,
    "Negative High-Energy Emotions|Malevolence/Malice": -0.5335974457977346,
    "Negative High-Energy Emotions|Distress": -0.6126904323929068,
    "Negative Low-Energy Emotions|Shame": -0.656254719084405,
    "Longing & Lust|Sexual Lust": -0.6710558770558773,
    "Negative Low-Energy Emotions|Disappointment": -0.7363100521941925,
    "Longing & Lust|Longing": -0.881549478095748,
    "Negative Low-Energy Emotions|Doubt": -0.9253060683606349,
    "Longing & Lust|Infatuation": -1.6324283790812169,
    "Negative Low-Energy Emotions|Bitterness": -1.831638064283209
  }
}