{
  "key": [
    "stance-detection-part-1",
    "emonet-m1",
    "mj_data_179_U3.png"
  ],
  "value": {
    "Physical and Exhaustive States|Fatigue/Exhaustion": 2.5485897245219884,
    "Positive Low-Energy Emotions|Contemplation": 2.54053463783429,
    "Negative High-Energy Emotions|Distress": 2.4511967167026283,
    "Physical and Exhaustive States|Pain": 2.167480404839923,
    "Positive Low-Energy Emotions|Pride": 2.093775938220677,
    "Negative Low-Energy Emotions|Sadness": 2.047171727295977,
    "Negative High-Energy Emotions|Anger": 2.0399772306501647,
    "Negative Low-Energy Emotions|Disappointment": 1.3622973631391977,
    "Cognitive States and Processes|Concentration": 1.2692187106025306,
    "Negative Low-Energy Emotions|Bitterness": 1.2430483065067957,
    "Extra Dimensions|Dominance": 0.9873627865236703,
    "Negative Low-Energy Emotions|Helplessness": 0.8085930763296919,
    "Negative Low-Energy Emotions|Emotional Numbness": 0.7391202550504234,
    "Positive High-Energy Emotions|Interest": 0.6808406552061057,
    "Negative Low-Energy Emotions|Contempt": 0.5059040310884734,
    "Negative High-Energy Emotions|Fear": 0.3859706617270907,
    "Negative High-Energy Emotions|Impatience and Irritability": 0.378021361729328,
    "Positive Low-Energy Emotions|Contentment": 0.35923037999360763,
    "Positive Low-Energy Emotions|Affection": 0.024067533304812594,
    "Negative Low-Energy Emotions|Jealousy & Envy": 0.0,
    "Positive Low-Energy Emotions|Relief": -0.004992209791100068,
    "Physical and Exhaustive States|Sourness": -0.01162937170938476,
    "Physical and Exhaustive States|Intoxication/Altered States of Consciousness": -0.01826961346025214,
    "Positive High-Energy Emotions|Awe": -0.02575468142336105,
    "Negative High-Energy Emotions|Disgust": -0.03296775570064237,
    "Positive High-Energy Emotions|Pleasure/Ecstasy": -0.05585866253574567,
    "Positive High-Energy Emotions|Astonishment/Surprise": -0.05740297191363551,
    "Positive High-Energy Emotions|Triumph": -0.07185264875184431,
    "Negative High-Energy Emotions|Malevolence/Malice": -0.08346224458199059,
    "Positive High-Energy Emotions|Teasing": -0.11806684610307654,
    "Negative Low-Energy Emotions|Embarrassment": -0.11893043136258265,
    "Positive High-Energy Emotions|Elation": -0.15317388276242339,
    "Extra Dimensions|Emotional Vulnerability": -0.17585894367197064,
    "Cognitive States and Processes|Confusion": -0.1870645516084664,
    "Negative Low-Energy Emotions|Shame": -0.26276882465770157,
    "Longing & Lust|Longing": -0.3671476473629256,
    "Extra Dimensions|Arousal": -0.38511932747704636,
    "Positive High-Energy Emotions|Hope/Enthusiasm/Optimism": -0.4356143132684541,
    "Positive Low-Energy Emotions|Thankfulness/Gratitude": -0.48287299926428556,
    "Positive High-Energy Emotions|Amusement": -0.5260730686669166,
    "Longing & Lust|Sexual Lust": -0.6756044267079769,
    "Negative Low-Energy Emotions|Doubt": -0.7922110842539154,
    "Longing & Lust|Infatuation": -1.6367571440562878,
    "Extra Dimensions|Valence": -1.8169493829283945
  }
}