{
  "key": [
    "stance-detection-part-1",
    "emonet-m1",
    "mj_data_384_U2.png"
  ],
  "value": {
    "Positive High-Energy Emotions|Amusement": 6.44669048459484,
    "Positive High-Energy Emotions|Elation": 5.396780117344967,
    "Positive High-Energy Emotions|Pleasure/Ecstasy": 4.00680355608659,
    "Extra Dimensions|Arousal": 3.6322258625711714,
    "Extra Dimensions|Valence": 2.7357784355606802,
    "Extra Dimensions|Emotional Vulnerability": 1.9737658808519551,
    "Extra Dimensions|Dominance": 0.9106210911196175,
    "Negative High-Energy Emotions|Anger": 0.7514254232466002,
    "Negative High-Energy Emotions|Impatience and Irritability": 0.675509097477619,
    "Positive High-Energy Emotions|Teasing": 0.6218109590107159,
    "Positive High-Energy Emotions|Triumph": 0.498609741097282,
    "Positive High-Energy Emotions|Hope/Enthusiasm/Optimism": 0.1620549901487517,
    "Physical and Exhaustive States|Pain": 0.15559587942164152,
    "Physical and Exhaustive States|Intoxication/Altered States of Consciousness": 0.09932097040062204,
    "Negative High-Energy Emotions|Distress": 0.040971206105399505,
    "Positive Low-Energy Emotions|Relief": 0.014163560749137358,
    "Longing & Lust|Sexual Lust": 0.010200521502739313,
    "Negative Low-Energy Emotions|Jealousy & Envy": 0.0,
    "Positive High-Energy Emotions|Awe": -0.00753301997488235,
    "Physical and Exhaustive States|Sourness": -0.009380793935813746,
    "Negative High-Energy Emotions|Disgust": -0.0511738528862541,
    "Positive High-Energy Emotions|Astonishment/Surprise": -0.06218195312243678,
    "Physical and Exhaustive States|Fatigue/Exhaustion": -0.06651077844584596,
    "Negative High-Energy Emotions|Fear": -0.11366706869254509,
    "Negative Low-Energy Emotions|Embarrassment": -0.11507507255334994,
    "Negative Low-Energy Emotions|Helplessness": -0.14904274358226485,
    "Cognitive States and Processes|Confusion": -0.1879401214884751,
    "Positive Low-Energy Emotions|Affection": -0.2942111370061615,
    "Negative Low-Energy Emotions|Contempt": -0.37396061689603133,
    "Positive Low-Energy Emotions|Thankfulness/Gratitude": -0.4164455821648097,
    "Positive Low-Energy Emotions|Contentment": -0.4978732062032918,
    "Negative High-Energy Emotions|Malevolence/Malice": -0.5285709563015035,
    "Negative Low-Energy Emotions|Emotional Numbness": -0.6557788748171303,
    "Negative Low-Energy Emotions|Shame": -0.6562905358879796,
    "Positive Low-Energy Emotions|Pride": -0.7019485133212238,
    "Negative Low-Energy Emotions|Disappointment": -0.7385497507383372,
    "Longing & Lust|Longing": -0.8687343379080077,
    "Negative Low-Energy Emotions|Doubt": -0.9355432266367756,
    "Negative Low-Energy Emotions|Sadness": -0.9837165481801957,
    "Cognitive States and Processes|Concentration": -1.0802542889702234,
    "Positive Low-Energy Emotions|Contemplation": -1.317597128484985,
    "Positive High-Energy Emotions|Interest": -1.347612933279612,
    "Longing & Lust|Infatuation": -1.6378063199147854,
    "Negative Low-Energy Emotions|Bitterness": -1.8313167104975154
  }
}