{
  "key": [
    "stance-detection-part-1",
    "emonet-m1",
    "mj_data_162_U3.png"
  ],
  "value": {
    "Positive Low-Energy Emotions|Contentment": 3.2943638371774453,
    "Positive Low-Energy Emotions|Affection": 3.104968679239871,
    "Positive High-Energy Emotions|Pleasure/Ecstasy": 2.6635537582655453,
    "Positive High-Energy Emotions|Amusement": 2.5781308856721106,
    "Extra Dimensions|Valence": 1.9183426941361197,
    "Physical and Exhaustive States|Fatigue/Exhaustion": 1.6189425172618566,
    "Positive High-Energy Emotions|Elation": 1.4090123017550629,
    "Positive High-Energy Emotions|Interest": 1.25230638587322,
    "Positive High-Energy Emotions|Hope/Enthusiasm/Optimism": 1.08374736151716,
    "Positive Low-Energy Emotions|Contemplation": 0.891811035539368,
    "Cognitive States and Processes|Concentration": 0.8383572375190345,
    "Extra Dimensions|Dominance": 0.7487408959787789,
    "Extra Dimensions|Emotional Vulnerability": 0.7355602095415303,
    "Positive Low-Energy Emotions|Pride": 0.43804676360672423,
    "Positive High-Energy Emotions|Teasing": 0.25383518758356133,
    "Negative High-Energy Emotions|Impatience and Irritability": 0.2427582167593878,
    "Negative High-Energy Emotions|Anger": 0.05087912879584039,
    "Negative Low-Energy Emotions|Emotional Numbness": 0.040197382507088486,
    "Positive Low-Energy Emotions|Relief": 0.008581615568244414,
    "Negative Low-Energy Emotions|Jealousy & Envy": 0.0,
    "Physical and Exhaustive States|Intoxication/Altered States of Consciousness": -0.0046503395592664195,
    "Positive High-Energy Emotions|Awe": -0.006926095679456935,
    "Physical and Exhaustive States|Sourness": -0.008418551451721034,
    "Physical and Exhaustive States|Pain": -0.020670116004905786,
    "Negative High-Energy Emotions|Disgust": -0.04290602555423429,
    "Positive High-Energy Emotions|Astonishment/Surprise": -0.050943944384872694,
    "Positive High-Energy Emotions|Triumph": -0.07669161458503142,
    "Negative Low-Energy Emotions|Embarrassment": -0.11824423288960596,
    "Longing & Lust|Sexual Lust": -0.11855707451319086,
    "Negative High-Energy Emotions|Fear": -0.12706924012551704,
    "Extra Dimensions|Arousal": -0.16480792420251023,
    "Cognitive States and Processes|Confusion": -0.17536535938253334,
    "Negative Low-Energy Emotions|Helplessness": -0.1780129851288957,
    "Positive Low-Energy Emotions|Thankfulness/Gratitude": -0.31788970436005354,
    "Negative Low-Energy Emotions|Contempt": -0.37512729586112303,
    "Negative Low-Energy Emotions|Sadness": -0.526444807175535,
    "Negative High-Energy Emotions|Malevolence/Malice": -0.5327000606177381,
    "Negative Low-Energy Emotions|Shame": -0.656228063700997,
    "Negative High-Energy Emotions|Distress": -0.662431715452027,
    "Negative Low-Energy Emotions|Disappointment": -0.7398109961976553,
    "Longing & Lust|Longing": -0.8569941078841468,
    "Negative Low-Energy Emotions|Doubt": -0.9246480600906692,
    "Longing & Lust|Infatuation": -0.9325439420566235,
    "Negative Low-Energy Emotions|Bitterness": -1.8309097458154728
  }
}