{
  "key": [
    "stance-detection-part-1",
    "emonet-m1",
    "mj_data_342_U4.png"
  ],
  "value": {
    "Positive High-Energy Emotions|Amusement": 3.6871656623597326,
    "Positive High-Energy Emotions|Pleasure/Ecstasy": 3.425055308939984,
    "Positive Low-Energy Emotions|Contentment": 2.9855826901742715,
    "Positive High-Energy Emotions|Elation": 2.685096844029538,
    "Positive Low-Energy Emotions|Affection": 2.641415727427127,
    "Extra Dimensions|Valence": 2.192273959013439,
    "Positive Low-Energy Emotions|Pride": 1.505310724445042,
    "Extra Dimensions|Emotional Vulnerability": 1.2133417437364766,
    "Positive High-Energy Emotions|Hope/Enthusiasm/Optimism": 1.0965354188444305,
    "Physical and Exhaustive States|Fatigue/Exhaustion": 0.703439492206925,
    "Extra Dimensions|Dominance": 0.4302981936853829,
    "Positive High-Energy Emotions|Teasing": 0.28618185344278374,
    "Positive Low-Energy Emotions|Thankfulness/Gratitude": 0.24510058854670763,
    "Positive High-Energy Emotions|Interest": 0.19071619117107153,
    "Extra Dimensions|Arousal": 0.12537681204932083,
    "Physical and Exhaustive States|Intoxication/Altered States of Consciousness": 0.005771927460482268,
    "Positive Low-Energy Emotions|Relief": 0.005091078163230376,
    "Negative Low-Energy Emotions|Jealousy & Envy": 0.0,
    "Physical and Exhaustive States|Sourness": -0.00023898369745238741,
    "Positive High-Energy Emotions|Awe": -0.0031092079431364397,
    "Physical and Exhaustive States|Pain": -0.020670116004905786,
    "Negative High-Energy Emotions|Disgust": -0.043727981056267524,
    "Positive High-Energy Emotions|Triumph": -0.06973117788325682,
    "Positive High-Energy Emotions|Astonishment/Surprise": -0.07228184097033717,
    "Negative High-Energy Emotions|Anger": -0.10634005762936866,
    "Negative Low-Energy Emotions|Embarrassment": -0.12123497044701716,
    "Longing & Lust|Sexual Lust": -0.12452975794290888,
    "Negative High-Energy Emotions|Fear": -0.13692793032775322,
    "Negative Low-Energy Emotions|Helplessness": -0.1731103093810243,
    "Cognitive States and Processes|Confusion": -0.18565874625911644,
    "Negative Low-Energy Emotions|Emotional Numbness": -0.19188069290184706,
    "Negative High-Energy Emotions|Impatience and Irritability": -0.3681244976313669,
    "Negative Low-Energy Emotions|Contempt": -0.37850085915076537,
    "Negative High-Energy Emotions|Malevolence/Malice": -0.5334727677820257,
    "Negative Low-Energy Emotions|Sadness": -0.5511418725289285,
    "Negative Low-Energy Emotions|Shame": -0.6568887308969131,
    "Negative High-Energy Emotions|Distress": -0.6879181847208258,
    "Negative Low-Energy Emotions|Disappointment": -0.7368423384358431,
    "Positive Low-Energy Emotions|Contemplation": -0.7671600357039181,
    "Longing & Lust|Longing": -0.8849994321882506,
    "Negative Low-Energy Emotions|Doubt": -0.9314642833544098,
    "Cognitive States and Processes|Concentration": -0.9563268149483117,
    "Longing & Lust|Infatuation": -1.0024517265185986,
    "Negative Low-Energy Emotions|Bitterness": -1.831958237151878
  }
}