{
  "key": [
    "stance-detection-part-1",
    "emonet-m1",
    "mj_data_328_U2.png"
  ],
  "value": {
    "Positive High-Energy Emotions|Amusement": 6.021099492620963,
    "Positive High-Energy Emotions|Elation": 5.295114143681637,
    "Positive High-Energy Emotions|Pleasure/Ecstasy": 3.842066331507733,
    "Extra Dimensions|Valence": 2.7373114670243033,
    "Extra Dimensions|Arousal": 2.131008497306279,
    "Extra Dimensions|Emotional Vulnerability": 1.9717989275743673,
    "Positive High-Energy Emotions|Triumph": 1.3168176606949078,
    "Extra Dimensions|Dominance": 0.850313707582325,
    "Positive High-Energy Emotions|Hope/Enthusiasm/Optimism": 0.2057590230467009,
    "Positive Low-Energy Emotions|Contentment": 0.1884569930383464,
    "Positive High-Energy Emotions|Teasing": 0.12148045125543634,
    "Positive Low-Energy Emotions|Affection": 0.11400557785284726,
    "Positive Low-Energy Emotions|Relief": 0.008095167161071257,
    "Negative Low-Energy Emotions|Jealousy & Envy": 0.0,
    "Positive High-Energy Emotions|Awe": -0.005659154251272426,
    "Physical and Exhaustive States|Sourness": -0.007891363269843897,
    "Physical and Exhaustive States|Intoxication/Altered States of Consciousness": -0.012659639195153565,
    "Physical and Exhaustive States|Pain": -0.020670116004905786,
    "Negative High-Energy Emotions|Disgust": -0.03764676501899412,
    "Positive Low-Energy Emotions|Thankfulness/Gratitude": -0.04196354652790785,
    "Negative High-Energy Emotions|Fear": -0.076316198023657,
    "Positive High-Energy Emotions|Astonishment/Surprise": -0.08111746959906795,
    "Negative Low-Energy Emotions|Embarrassment": -0.12118976404924532,
    "Physical and Exhaustive States|Fatigue/Exhaustion": -0.17814634420359743,
    "Cognitive States and Processes|Confusion": -0.19217442055215767,
    "Negative Low-Energy Emotions|Helplessness": -0.19359115077926345,
    "Negative High-Energy Emotions|Anger": -0.31575848855378424,
    "Negative Low-Energy Emotions|Contempt": -0.375353637049077,
    "Negative High-Energy Emotions|Impatience and Irritability": -0.4826520807536203,
    "Negative High-Energy Emotions|Malevolence/Malice": -0.5274614530919126,
    "Negative Low-Energy Emotions|Emotional Numbness": -0.5506837863352272,
    "Longing & Lust|Sexual Lust": -0.5840910015962063,
    "Negative Low-Energy Emotions|Shame": -0.6566637717916599,
    "Negative Low-Energy Emotions|Disappointment": -0.7392263342370535,
    "Negative High-Energy Emotions|Distress": -0.7664081439607855,
    "Positive Low-Energy Emotions|Pride": -0.8373999493640094,
    "Longing & Lust|Longing": -0.8763008495390197,
    "Negative Low-Energy Emotions|Doubt": -0.9392497191203915,
    "Negative Low-Energy Emotions|Sadness": -0.9828567118309319,
    "Positive Low-Energy Emotions|Contemplation": -1.596164278720161,
    "Longing & Lust|Infatuation": -1.6298250940665875,
    "Negative Low-Energy Emotions|Bitterness": -1.8308038292930295,
    "Cognitive States and Processes|Concentration": -2.2449471229898843,
    "Positive High-Energy Emotions|Interest": -2.3741077790275598
  }
}