{
  "key": [
    "stance-detection-part-1",
    "emonet-m1",
    "mj_data_388_U1.png"
  ],
  "value": {
    "Negative Low-Energy Emotions|Sadness": 2.455377236481768,
    "Positive Low-Energy Emotions|Contemplation": 2.1431175693528446,
    "Negative High-Energy Emotions|Distress": 1.8111062511569742,
    "Negative Low-Energy Emotions|Disappointment": 1.6963728140364145,
    "Physical and Exhaustive States|Fatigue/Exhaustion": 1.5760748567393956,
    "Physical and Exhaustive States|Pain": 1.4115982608656188,
    "Negative Low-Energy Emotions|Bitterness": 1.210583325427694,
    "Cognitive States and Processes|Concentration": 1.1000707423102942,
    "Positive Low-Energy Emotions|Affection": 0.9450069788004181,
    "Positive Low-Energy Emotions|Pride": 0.8082723123509259,
    "Negative Low-Energy Emotions|Helplessness": 0.7923006235174971,
    "Extra Dimensions|Emotional Vulnerability": 0.7091014693071553,
    "Negative Low-Energy Emotions|Shame": 0.6357753974587688,
    "Longing & Lust|Longing": 0.5373987326801042,
    "Negative Low-Energy Emotions|Emotional Numbness": 0.48795188480353624,
    "Positive Low-Energy Emotions|Contentment": 0.33532414906709396,
    "Negative High-Energy Emotions|Impatience and Irritability": 0.23118973006886656,
    "Positive High-Energy Emotions|Hope/Enthusiasm/Optimism": 0.08228126606961961,
    "Positive High-Energy Emotions|Interest": 0.05122463309612035,
    "Positive Low-Energy Emotions|Relief": 0.002003408552253203,
    "Negative Low-Energy Emotions|Jealousy & Envy": 0.0,
    "Physical and Exhaustive States|Sourness": -0.00790244973377212,
    "Positive High-Energy Emotions|Awe": -0.013924679353887782,
    "Physical and Exhaustive States|Intoxication/Altered States of Consciousness": -0.01673917479867682,
    "Negative High-Energy Emotions|Disgust": -0.03732390900998762,
    "Positive High-Energy Emotions|Pleasure/Ecstasy": -0.05585866253574567,
    "Positive High-Energy Emotions|Astonishment/Surprise": -0.0615369265578387,
    "Positive High-Energy Emotions|Triumph": -0.07161930401812926,
    "Negative Low-Energy Emotions|Embarrassment": -0.11948250075836321,
    "Positive High-Energy Emotions|Teasing": -0.12035472568929632,
    "Negative High-Energy Emotions|Fear": -0.12890780499825874,
    "Positive High-Energy Emotions|Elation": -0.15317383463560175,
    "Negative High-Energy Emotions|Anger": -0.1570613602578858,
    "Extra Dimensions|Dominance": -0.15812651128354635,
    "Cognitive States and Processes|Confusion": -0.18375359554758003,
    "Negative Low-Energy Emotions|Doubt": -0.3017919348551117,
    "Negative Low-Energy Emotions|Contempt": -0.360978822121499,
    "Extra Dimensions|Arousal": -0.42231667893273483,
    "Positive Low-Energy Emotions|Thankfulness/Gratitude": -0.4805936459362364,
    "Positive High-Energy Emotions|Amusement": -0.5266189093773181,
    "Negative High-Energy Emotions|Malevolence/Malice": -0.5275685030339292,
    "Longing & Lust|Sexual Lust": -0.6710312454364239,
    "Extra Dimensions|Valence": -1.3535396014724008,
    "Longing & Lust|Infatuation": -1.6316774425134335
  }
}