{
  "key": [
    "stance-detection-part-1",
    "emonet-m1",
    "mj_data_61_U3.png"
  ],
  "value": {
    "Positive Low-Energy Emotions|Contemplation": 2.152304790879944,
    "Negative High-Energy Emotions|Distress": 2.132190750516105,
    "Physical and Exhaustive States|Fatigue/Exhaustion": 2.09297515771901,
    "Negative Low-Energy Emotions|Sadness": 1.6471775923930227,
    "Positive Low-Energy Emotions|Affection": 1.3697732809091827,
    "Extra Dimensions|Emotional Vulnerability": 1.18044021823904,
    "Positive Low-Energy Emotions|Contentment": 1.069720606739213,
    "Positive High-Energy Emotions|Interest": 0.9517034729703879,
    "Negative Low-Energy Emotions|Helplessness": 0.5509776292853193,
    "Positive High-Energy Emotions|Pleasure/Ecstasy": 0.3890161055346034,
    "Negative High-Energy Emotions|Impatience and Irritability": 0.3866284512488287,
    "Negative Low-Energy Emotions|Disappointment": 0.290287203646705,
    "Cognitive States and Processes|Concentration": 0.20031001919628055,
    "Positive High-Energy Emotions|Hope/Enthusiasm/Optimism": 0.17173561892530198,
    "Negative High-Energy Emotions|Fear": 0.15153978237261376,
    "Physical and Exhaustive States|Intoxication/Altered States of Consciousness": 0.07692912213449732,
    "Negative Low-Energy Emotions|Emotional Numbness": 0.04331518226599962,
    "Negative Low-Energy Emotions|Jealousy & Envy": 0.0,
    "Positive Low-Energy Emotions|Relief": -0.000434361814415498,
    "Physical and Exhaustive States|Sourness": -0.0029691446490667673,
    "Positive High-Energy Emotions|Awe": -0.01371716578310226,
    "Physical and Exhaustive States|Pain": -0.020464785613396735,
    "Positive Low-Energy Emotions|Pride": -0.03720681839400819,
    "Negative High-Energy Emotions|Disgust": -0.04252246966510465,
    "Positive High-Energy Emotions|Astonishment/Surprise": -0.04878175609332301,
    "Cognitive States and Processes|Confusion": -0.07174499412050178,
    "Positive High-Energy Emotions|Triumph": -0.07476925768892899,
    "Positive High-Energy Emotions|Teasing": -0.08887136232912977,
    "Positive High-Energy Emotions|Amusement": -0.0919636937861259,
    "Negative Low-Energy Emotions|Embarrassment": -0.1202578230764403,
    "Positive High-Energy Emotions|Elation": -0.15317253402179842,
    "Negative High-Energy Emotions|Anger": -0.18956246175172126,
    "Extra Dimensions|Arousal": -0.21570003884179245,
    "Extra Dimensions|Dominance": -0.24110605628076162,
    "Negative Low-Energy Emotions|Doubt": -0.3039659546686493,
    "Negative Low-Energy Emotions|Contempt": -0.37835127384412093,
    "Positive Low-Energy Emotions|Thankfulness/Gratitude": -0.4805943937882638,
    "Negative High-Energy Emotions|Malevolence/Malice": -0.5336911741016439,
    "Longing & Lust|Sexual Lust": -0.5927173508665501,
    "Negative Low-Energy Emotions|Shame": -0.6559033748491636,
    "Extra Dimensions|Valence": -0.8267505919013254,
    "Longing & Lust|Longing": -0.868952632468917,
    "Longing & Lust|Infatuation": -1.6298650738820706,
    "Negative Low-Energy Emotions|Bitterness": -1.829386988702493
  }
}