{
  "key": [
    "stance-detection-part-1",
    "emonet-m1",
    "mj_data_347_U3.png"
  ],
  "value": {
    "Positive Low-Energy Emotions|Contemplation": 2.151214979554871,
    "Positive Low-Energy Emotions|Pride": 2.0082270605046126,
    "Positive Low-Energy Emotions|Affection": 1.8587926748300811,
    "Positive Low-Energy Emotions|Contentment": 1.742593150074174,
    "Positive High-Energy Emotions|Interest": 1.6289173802122092,
    "Cognitive States and Processes|Concentration": 1.563082722367057,
    "Positive High-Energy Emotions|Hope/Enthusiasm/Optimism": 1.4861289008619476,
    "Extra Dimensions|Valence": 1.2671823347534903,
    "Longing & Lust|Longing": 0.9035042891681413,
    "Extra Dimensions|Dominance": 0.8680282080095711,
    "Physical and Exhaustive States|Fatigue/Exhaustion": 0.846819299679154,
    "Negative Low-Energy Emotions|Emotional Numbness": 0.4128375154111412,
    "Positive High-Energy Emotions|Awe": 0.2890704957693269,
    "Negative Low-Energy Emotions|Sadness": 0.19791056263075468,
    "Negative High-Energy Emotions|Distress": 0.1556013092166666,
    "Positive High-Energy Emotions|Pleasure/Ecstasy": 0.1511028248091243,
    "Extra Dimensions|Emotional Vulnerability": 0.12025573947927448,
    "Extra Dimensions|Arousal": 0.01794110877173294,
    "Negative Low-Energy Emotions|Jealousy & Envy": 0.0,
    "Negative High-Energy Emotions|Anger": -0.0034124473512390785,
    "Positive Low-Energy Emotions|Relief": -0.00358786475554709,
    "Physical and Exhaustive States|Intoxication/Altered States of Consciousness": -0.011971205547997804,
    "Physical and Exhaustive States|Sourness": -0.015755845970668633,
    "Physical and Exhaustive States|Pain": -0.020670116004905786,
    "Positive High-Energy Emotions|Astonishment/Surprise": -0.03929721169692256,
    "Positive High-Energy Emotions|Triumph": -0.03983200260441437,
    "Negative High-Energy Emotions|Disgust": -0.040669562424713875,
    "Positive High-Energy Emotions|Amusement": -0.08582912414119792,
    "Negative Low-Energy Emotions|Helplessness": -0.11287578507138915,
    "Negative Low-Energy Emotions|Embarrassment": -0.1162001996304526,
    "Negative High-Energy Emotions|Fear": -0.12042248031745353,
    "Positive High-Energy Emotions|Teasing": -0.12190964695871313,
    "Positive High-Energy Emotions|Elation": -0.1531718336181096,
    "Cognitive States and Processes|Confusion": -0.178659618692302,
    "Negative High-Energy Emotions|Impatience and Irritability": -0.2720429874451715,
    "Negative Low-Energy Emotions|Contempt": -0.3760918480252008,
    "Positive Low-Energy Emotions|Thankfulness/Gratitude": -0.4803021987810588,
    "Negative High-Energy Emotions|Malevolence/Malice": -0.5310527745006612,
    "Longing & Lust|Sexual Lust": -0.6291187195441662,
    "Negative Low-Energy Emotions|Shame": -0.6562474827080003,
    "Negative Low-Energy Emotions|Disappointment": -0.7382783074607397,
    "Negative Low-Energy Emotions|Doubt": -0.9348435947669826,
    "Longing & Lust|Infatuation": -1.5461263966784153,
    "Negative Low-Energy Emotions|Bitterness": -1.8306897012994459
  }
}