{
  "key": [
    "stance-detection-part-1",
    "emonet-m1",
    "mj_data_379_U1.png"
  ],
  "value": {
    "Positive High-Energy Emotions|Amusement": 2.943750783514518,
    "Positive Low-Energy Emotions|Contentment": 2.4429052876779336,
    "Positive High-Energy Emotions|Pleasure/Ecstasy": 2.2103052574415707,
    "Positive Low-Energy Emotions|Affection": 1.8775948408151886,
    "Positive High-Energy Emotions|Elation": 1.8485034545184296,
    "Extra Dimensions|Valence": 1.6259735668625601,
    "Cognitive States and Processes|Concentration": 1.038272169770011,
    "Physical and Exhaustive States|Fatigue/Exhaustion": 0.9375193300059973,
    "Positive High-Energy Emotions|Teasing": 0.7049442988926129,
    "Extra Dimensions|Emotional Vulnerability": 0.5119929621507833,
    "Negative High-Energy Emotions|Impatience and Irritability": 0.429986419579212,
    "Positive High-Energy Emotions|Hope/Enthusiasm/Optimism": 0.2963427051069426,
    "Negative High-Energy Emotions|Anger": 0.20677820644972528,
    "Extra Dimensions|Dominance": 0.18902398585495386,
    "Extra Dimensions|Arousal": 0.12465297324316849,
    "Negative Low-Energy Emotions|Emotional Numbness": 0.08958233409858019,
    "Physical and Exhaustive States|Intoxication/Altered States of Consciousness": 0.0015630870306994008,
    "Positive Low-Energy Emotions|Relief": 0.0013326402316927478,
    "Negative Low-Energy Emotions|Jealousy & Envy": 0.0,
    "Physical and Exhaustive States|Sourness": -0.010219014055290064,
    "Positive High-Energy Emotions|Awe": -0.015987760022337184,
    "Positive Low-Energy Emotions|Contemplation": -0.018425561521789202,
    "Physical and Exhaustive States|Pain": -0.020670116004905786,
    "Positive High-Energy Emotions|Astonishment/Surprise": -0.023470658590614576,
    "Negative High-Energy Emotions|Disgust": -0.04600537022500684,
    "Positive High-Energy Emotions|Triumph": -0.07600346964787379,
    "Positive High-Energy Emotions|Interest": -0.08601053154621363,
    "Negative Low-Energy Emotions|Embarrassment": -0.12102326592464586,
    "Negative High-Energy Emotions|Fear": -0.12860486439118782,
    "Cognitive States and Processes|Confusion": -0.17270664949884346,
    "Negative Low-Energy Emotions|Helplessness": -0.19131036414577193,
    "Negative Low-Energy Emotions|Contempt": -0.3746643316839914,
    "Positive Low-Energy Emotions|Thankfulness/Gratitude": -0.48023620526342153,
    "Negative High-Energy Emotions|Malevolence/Malice": -0.5321023005364469,
    "Negative Low-Energy Emotions|Sadness": -0.5787621880806864,
    "Negative Low-Energy Emotions|Shame": -0.6562677594630948,
    "Longing & Lust|Sexual Lust": -0.6580647914073406,
    "Negative High-Energy Emotions|Distress": -0.6703803971641775,
    "Positive Low-Energy Emotions|Pride": -0.6996008055728107,
    "Negative Low-Energy Emotions|Disappointment": -0.7371021811594511,
    "Longing & Lust|Longing": -0.8757243757664939,
    "Negative Low-Energy Emotions|Doubt": -0.9536232190204941,
    "Longing & Lust|Infatuation": -1.5307142076120053,
    "Negative Low-Energy Emotions|Bitterness": -1.8313163798780014
  }
}