{
  "key": [
    "stance-detection-part-1",
    "emonet-m1",
    "mj_data_221_U1.png"
  ],
  "value": {
    "Physical and Exhaustive States|Pain": 2.897155459390094,
    "Negative Low-Energy Emotions|Sadness": 2.508587971802813,
    "Negative High-Energy Emotions|Distress": 2.3296125396854164,
    "Physical and Exhaustive States|Fatigue/Exhaustion": 2.1991703691295323,
    "Positive Low-Energy Emotions|Contemplation": 2.09975733604596,
    "Negative Low-Energy Emotions|Disappointment": 1.6998878191481088,
    "Negative High-Energy Emotions|Anger": 1.5464567323744078,
    "Cognitive States and Processes|Concentration": 1.3472340380561438,
    "Negative Low-Energy Emotions|Bitterness": 1.1954742632328699,
    "Negative Low-Energy Emotions|Helplessness": 0.8951961217932539,
    "Positive Low-Energy Emotions|Affection": 0.6538657072092315,
    "Negative Low-Energy Emotions|Emotional Numbness": 0.5605192285153893,
    "Negative Low-Energy Emotions|Contempt": 0.523234677603366,
    "Negative High-Energy Emotions|Impatience and Irritability": 0.46793258418721373,
    "Extra Dimensions|Dominance": 0.42789564966377647,
    "Positive Low-Energy Emotions|Pride": 0.18258626288956115,
    "Positive High-Energy Emotions|Interest": 0.0383378704771018,
    "Extra Dimensions|Emotional Vulnerability": 0.02976945140859577,
    "Negative Low-Energy Emotions|Shame": 0.002600918451047818,
    "Negative Low-Energy Emotions|Jealousy & Envy": 0.0,
    "Positive Low-Energy Emotions|Relief": -0.0012087602604985669,
    "Physical and Exhaustive States|Sourness": -0.008207059270896754,
    "Positive High-Energy Emotions|Awe": -0.01478818674391006,
    "Physical and Exhaustive States|Intoxication/Altered States of Consciousness": -0.01998293407315955,
    "Positive Low-Energy Emotions|Contentment": -0.022224803035567176,
    "Negative High-Energy Emotions|Disgust": -0.02387865832000425,
    "Positive High-Energy Emotions|Pleasure/Ecstasy": -0.05585866253574567,
    "Positive High-Energy Emotions|Astonishment/Surprise": -0.0639909093878863,
    "Positive High-Energy Emotions|Triumph": -0.0760972780455245,
    "Positive High-Energy Emotions|Teasing": -0.11752719309986075,
    "Negative High-Energy Emotions|Fear": -0.11800897649178901,
    "Negative Low-Energy Emotions|Embarrassment": -0.11843611514229914,
    "Positive High-Energy Emotions|Elation": -0.15317417005906675,
    "Cognitive States and Processes|Confusion": -0.18529909183254173,
    "Negative High-Energy Emotions|Malevolence/Malice": -0.23199010522347008,
    "Positive Low-Energy Emotions|Thankfulness/Gratitude": -0.4820890976026511,
    "Positive High-Energy Emotions|Amusement": -0.5269474092011268,
    "Extra Dimensions|Arousal": -0.5812143172536577,
    "Positive High-Energy Emotions|Hope/Enthusiasm/Optimism": -0.653613205337317,
    "Longing & Lust|Sexual Lust": -0.6690738438031613,
    "Negative Low-Energy Emotions|Doubt": -0.7365207063032471,
    "Longing & Lust|Longing": -0.7826834773242255,
    "Longing & Lust|Infatuation": -1.6356799093112622,
    "Extra Dimensions|Valence": -1.6698423778090707
  }
}