{
  "key": [
    "stance-detection-part-1",
    "emonet-m1",
    "mj_data_5_U3.png"
  ],
  "value": {
    "Positive Low-Energy Emotions|Affection": 1.6586271646524688,
    "Positive High-Energy Emotions|Interest": 1.6111644943937278,
    "Positive Low-Energy Emotions|Contentment": 1.572980980808427,
    "Physical and Exhaustive States|Fatigue/Exhaustion": 1.4731614770702062,
    "Positive Low-Energy Emotions|Contemplation": 1.248617552186707,
    "Positive High-Energy Emotions|Amusement": 0.9893768277878945,
    "Positive High-Energy Emotions|Hope/Enthusiasm/Optimism": 0.9473105414869475,
    "Negative High-Energy Emotions|Distress": 0.7688667043811563,
    "Positive High-Energy Emotions|Pleasure/Ecstasy": 0.7663358885069392,
    "Extra Dimensions|Emotional Vulnerability": 0.7205674956133077,
    "Negative High-Energy Emotions|Fear": 0.460215339747568,
    "Cognitive States and Processes|Concentration": 0.4096501147163001,
    "Negative High-Energy Emotions|Anger": 0.3945082803785583,
    "Negative High-Energy Emotions|Impatience and Irritability": 0.3756687664000433,
    "Positive High-Energy Emotions|Astonishment/Surprise": 0.30144500381726047,
    "Extra Dimensions|Dominance": 0.24920032858070765,
    "Negative Low-Energy Emotions|Helplessness": 0.23751161680744462,
    "Extra Dimensions|Arousal": 0.1577662144388472,
    "Extra Dimensions|Valence": 0.12877726504466608,
    "Negative Low-Energy Emotions|Emotional Numbness": 0.07774222904181749,
    "Positive Low-Energy Emotions|Pride": 0.017310927577671498,
    "Negative Low-Energy Emotions|Jealousy & Envy": 0.0,
    "Physical and Exhaustive States|Sourness": -4.745907262786349e-05,
    "Positive High-Energy Emotions|Awe": -0.004305175140554653,
    "Physical and Exhaustive States|Intoxication/Altered States of Consciousness": -0.004970535710999818,
    "Positive Low-Energy Emotions|Relief": -0.006952338336861177,
    "Physical and Exhaustive States|Pain": -0.020670116004905786,
    "Negative High-Energy Emotions|Disgust": -0.04163785478025129,
    "Negative Low-Energy Emotions|Sadness": -0.049556120757001665,
    "Positive High-Energy Emotions|Triumph": -0.07618577045391932,
    "Positive High-Energy Emotions|Teasing": -0.1108827206200405,
    "Negative Low-Energy Emotions|Embarrassment": -0.1218781641687884,
    "Positive High-Energy Emotions|Elation": -0.15317120988800736,
    "Cognitive States and Processes|Confusion": -0.18613651473989418,
    "Negative Low-Energy Emotions|Contempt": -0.3748260986899118,
    "Positive Low-Energy Emotions|Thankfulness/Gratitude": -0.4805525792673087,
    "Negative High-Energy Emotions|Malevolence/Malice": -0.5057594764349989,
    "Negative Low-Energy Emotions|Shame": -0.6563718925028077,
    "Longing & Lust|Sexual Lust": -0.6575020639560162,
    "Negative Low-Energy Emotions|Doubt": -0.6614886509252869,
    "Negative Low-Energy Emotions|Disappointment": -0.735011918910339,
    "Longing & Lust|Longing": -0.8641059999882956,
    "Longing & Lust|Infatuation": -1.6154742476567898,
    "Negative Low-Energy Emotions|Bitterness": -1.8299417011917403
  }
}