{
  "key": [
    "stance-detection-part-1",
    "emonet-m1",
    "mj_data_59_U3.png"
  ],
  "value": {
    "Positive High-Energy Emotions|Amusement": 6.5522565093751135,
    "Positive High-Energy Emotions|Elation": 5.779743774724118,
    "Positive High-Energy Emotions|Pleasure/Ecstasy": 4.3630156952162285,
    "Extra Dimensions|Valence": 2.908852681013561,
    "Extra Dimensions|Arousal": 2.746844163962773,
    "Extra Dimensions|Emotional Vulnerability": 2.2663503001024434,
    "Positive High-Energy Emotions|Astonishment/Surprise": 1.5481699372031095,
    "Extra Dimensions|Dominance": 0.9063026153963509,
    "Positive High-Energy Emotions|Teasing": 0.6816602212482648,
    "Positive Low-Energy Emotions|Affection": 0.30908097057593076,
    "Negative High-Energy Emotions|Anger": 0.17301181755659784,
    "Positive High-Energy Emotions|Interest": 0.15476624572124242,
    "Physical and Exhaustive States|Intoxication/Altered States of Consciousness": 0.13665680579786554,
    "Positive Low-Energy Emotions|Contentment": 0.082476715976884,
    "Positive High-Energy Emotions|Awe": 0.07148001472646501,
    "Positive Low-Energy Emotions|Relief": 0.006581350744807677,
    "Negative Low-Energy Emotions|Jealousy & Envy": 0.0,
    "Physical and Exhaustive States|Sourness": -0.015046841270484767,
    "Physical and Exhaustive States|Pain": -0.020670116004905786,
    "Positive High-Energy Emotions|Hope/Enthusiasm/Optimism": -0.03845169701555495,
    "Negative High-Energy Emotions|Disgust": -0.045859145130211616,
    "Positive High-Energy Emotions|Triumph": -0.08317096729766264,
    "Negative High-Energy Emotions|Fear": -0.11204237273583809,
    "Negative Low-Energy Emotions|Embarrassment": -0.11268275817890307,
    "Cognitive States and Processes|Confusion": -0.18084491123428276,
    "Negative High-Energy Emotions|Impatience and Irritability": -0.20354324350672548,
    "Negative Low-Energy Emotions|Helplessness": -0.20799246742202468,
    "Negative Low-Energy Emotions|Contempt": -0.37514396280991835,
    "Longing & Lust|Sexual Lust": -0.3901278464457928,
    "Positive Low-Energy Emotions|Thankfulness/Gratitude": -0.4840422784820056,
    "Negative High-Energy Emotions|Malevolence/Malice": -0.5340746629355482,
    "Physical and Exhaustive States|Fatigue/Exhaustion": -0.650462028164512,
    "Negative Low-Energy Emotions|Shame": -0.6564349961264959,
    "Negative Low-Energy Emotions|Emotional Numbness": -0.6881897050764534,
    "Negative High-Energy Emotions|Distress": -0.7081669852369543,
    "Negative Low-Energy Emotions|Disappointment": -0.7380712446500803,
    "Longing & Lust|Longing": -0.8839371582090636,
    "Negative Low-Energy Emotions|Doubt": -0.9344431372357689,
    "Negative Low-Energy Emotions|Sadness": -0.9854306201375902,
    "Cognitive States and Processes|Concentration": -1.1616139138328943,
    "Positive Low-Energy Emotions|Pride": -1.2238599854033618,
    "Positive Low-Energy Emotions|Contemplation": -1.2861465886576382,
    "Longing & Lust|Infatuation": -1.638812483571497,
    "Negative Low-Energy Emotions|Bitterness": -1.8308257535577586
  }
}