{
  "key": [
    "stance-detection-part-1",
    "emonet-m1",
    "mj_data_369_U3.png"
  ],
  "value": {
    "Positive Low-Energy Emotions|Contentment": 2.523437838489701,
    "Positive Low-Energy Emotions|Affection": 2.281472575953128,
    "Positive High-Energy Emotions|Pleasure/Ecstasy": 1.8877822595854306,
    "Positive Low-Energy Emotions|Contemplation": 1.4335323795335086,
    "Extra Dimensions|Valence": 1.3905995930161246,
    "Physical and Exhaustive States|Fatigue/Exhaustion": 1.3253617467693029,
    "Positive High-Energy Emotions|Interest": 1.2961708744749045,
    "Positive High-Energy Emotions|Amusement": 1.1288744655366127,
    "Positive High-Energy Emotions|Hope/Enthusiasm/Optimism": 0.9345998509885954,
    "Positive High-Energy Emotions|Astonishment/Surprise": 0.9023338819243314,
    "Positive Low-Energy Emotions|Pride": 0.8450421792942853,
    "Extra Dimensions|Emotional Vulnerability": 0.812210113792629,
    "Cognitive States and Processes|Concentration": 0.6097393309485999,
    "Longing & Lust|Longing": 0.40794078208806317,
    "Negative Low-Energy Emotions|Sadness": 0.3418960725031912,
    "Negative High-Energy Emotions|Impatience and Irritability": 0.18701750268620665,
    "Extra Dimensions|Dominance": 0.10933743356880579,
    "Negative Low-Energy Emotions|Helplessness": 0.09880868778751664,
    "Negative Low-Energy Emotions|Emotional Numbness": 0.07716513687110216,
    "Positive Low-Energy Emotions|Relief": 0.00886272597416635,
    "Negative Low-Energy Emotions|Jealousy & Envy": 0.0,
    "Positive High-Energy Emotions|Awe": -0.004253870442564235,
    "Physical and Exhaustive States|Intoxication/Altered States of Consciousness": -0.00582855947370276,
    "Physical and Exhaustive States|Sourness": -0.014102904862918696,
    "Physical and Exhaustive States|Pain": -0.020670116004905786,
    "Negative High-Energy Emotions|Disgust": -0.04163039674907377,
    "Positive High-Energy Emotions|Teasing": -0.06475537148178061,
    "Negative High-Energy Emotions|Anger": -0.0662989536702851,
    "Positive High-Energy Emotions|Triumph": -0.07498032239269152,
    "Positive High-Energy Emotions|Elation": -0.083615348744281,
    "Negative Low-Energy Emotions|Embarrassment": -0.1231116860177054,
    "Negative High-Energy Emotions|Fear": -0.12607537737737098,
    "Cognitive States and Processes|Confusion": -0.17804912556877067,
    "Negative High-Energy Emotions|Distress": -0.19486488255197965,
    "Negative Low-Energy Emotions|Contempt": -0.3783145424817781,
    "Extra Dimensions|Arousal": -0.38728512184960495,
    "Positive Low-Energy Emotions|Thankfulness/Gratitude": -0.4791457373559332,
    "Negative High-Energy Emotions|Malevolence/Malice": -0.5306988495705656,
    "Negative Low-Energy Emotions|Doubt": -0.6545274840666138,
    "Negative Low-Energy Emotions|Shame": -0.6577008497699133,
    "Longing & Lust|Sexual Lust": -0.6883493749759136,
    "Negative Low-Energy Emotions|Disappointment": -0.7287722103973175,
    "Longing & Lust|Infatuation": -1.6166082856282864,
    "Negative Low-Energy Emotions|Bitterness": -1.8316636989370754
  }
}