{
  "key": [
    "stance-detection-part-1",
    "emonet-m1",
    "mj_data_208_U3.png"
  ],
  "value": {
    "Positive Low-Energy Emotions|Contentment": 2.8907035397836465,
    "Positive Low-Energy Emotions|Affection": 2.2634264352823514,
    "Positive High-Energy Emotions|Amusement": 2.244304820608634,
    "Positive High-Energy Emotions|Pleasure/Ecstasy": 1.8475887018461727,
    "Extra Dimensions|Valence": 1.5170336807694205,
    "Positive Low-Energy Emotions|Pride": 1.4769093496281476,
    "Physical and Exhaustive States|Fatigue/Exhaustion": 0.913509506206864,
    "Positive High-Energy Emotions|Hope/Enthusiasm/Optimism": 0.8153345330717253,
    "Positive Low-Energy Emotions|Contemplation": 0.8066257461564335,
    "Positive High-Energy Emotions|Elation": 0.7485595186473053,
    "Extra Dimensions|Emotional Vulnerability": 0.6234784434129903,
    "Positive High-Energy Emotions|Interest": 0.4651388367399192,
    "Positive Low-Energy Emotions|Thankfulness/Gratitude": 0.46334096883387804,
    "Extra Dimensions|Dominance": 0.40492926477608115,
    "Negative Low-Energy Emotions|Emotional Numbness": 0.17046440654731065,
    "Negative High-Energy Emotions|Anger": 0.09516105852720941,
    "Extra Dimensions|Arousal": 0.039470783301762236,
    "Physical and Exhaustive States|Intoxication/Altered States of Consciousness": 0.026448309346487668,
    "Longing & Lust|Longing": 0.021412409323475767,
    "Positive Low-Energy Emotions|Relief": 0.0020453478704332874,
    "Negative Low-Energy Emotions|Jealousy & Envy": 0.0,
    "Physical and Exhaustive States|Sourness": -0.0030190039344213816,
    "Positive High-Energy Emotions|Awe": -0.017433634594137416,
    "Physical and Exhaustive States|Pain": -0.020670116004905786,
    "Negative High-Energy Emotions|Disgust": -0.041824022437626625,
    "Positive High-Energy Emotions|Astonishment/Surprise": -0.05883483939391353,
    "Positive High-Energy Emotions|Triumph": -0.07523091428916588,
    "Positive High-Energy Emotions|Teasing": -0.10803314921319922,
    "Negative Low-Energy Emotions|Embarrassment": -0.11881049191613337,
    "Negative High-Energy Emotions|Fear": -0.12447815916190544,
    "Cognitive States and Processes|Confusion": -0.1872031100558274,
    "Negative Low-Energy Emotions|Helplessness": -0.2044996054358644,
    "Cognitive States and Processes|Concentration": -0.2697310174095544,
    "Negative High-Energy Emotions|Impatience and Irritability": -0.32775765428858583,
    "Negative Low-Energy Emotions|Contempt": -0.36034246803271575,
    "Longing & Lust|Sexual Lust": -0.3662333278319775,
    "Negative High-Energy Emotions|Malevolence/Malice": -0.5270470965025953,
    "Negative Low-Energy Emotions|Sadness": -0.6114944959916055,
    "Negative Low-Energy Emotions|Shame": -0.6565777464567653,
    "Negative High-Energy Emotions|Distress": -0.7016580760710951,
    "Negative Low-Energy Emotions|Disappointment": -0.7392531861295248,
    "Negative Low-Energy Emotions|Doubt": -0.9391980828715645,
    "Longing & Lust|Infatuation": -1.5430352774486218,
    "Negative Low-Energy Emotions|Bitterness": -1.8300815681473186
  }
}