{
  "key": [
    "projects",
    "empathic-insight-face-large",
    "flux_dev_one_0-194_s3306959795.png"
  ],
  "value": {
    "Negative High-Energy Emotions|Malevolence/Malice": 0.5254729997081791,
    "Negative Low-Energy Emotions|Jealousy & Envy": 1.4068195083299104,
    "Longing & Lust|Infatuation": 0.8753472082711318,
    "Cognitive States and Processes|Confusion": 1.8553086454843115,
    "Longing & Lust|Sexual Lust": 1.559809086243896,
    "Positive High-Energy Emotions|Hope/Enthusiasm/Optimism": 0.06214978874167976,
    "Positive High-Energy Emotions|Interest": 0.7635680256411433,
    "Positive High-Energy Emotions|Elation": -0.06609456272905367,
    "Negative Low-Energy Emotions|Disappointment": -0.35110255001003265,
    "Negative High-Energy Emotions|Distress": 1.0658119740731575,
    "Positive Low-Energy Emotions|Contemplation": -1.0535866062036332,
    "Negative Low-Energy Emotions|Emotional Numbness": -0.6660578948149787,
    "Negative High-Energy Emotions|Impatience and Irritability": -0.20236212480813265,
    "Negative Low-Energy Emotions|Helplessness": 0.7500223618395189,
    "Negative Low-Energy Emotions|Contempt": -0.22324002977241486,
    "Positive High-Energy Emotions|Astonishment/Surprise": 1.6341602296009659,
    "Positive High-Energy Emotions|Pleasure/Ecstasy": 0.4981601708338541,
    "Negative Low-Energy Emotions|Doubt": 0.20729012388900359,
    "Negative High-Energy Emotions|Anger": 0.256652767062187,
    "Positive Low-Energy Emotions|Contentment": -2.8044203171199737,
    "Positive Low-Energy Emotions|Relief": -0.5350628652204485,
    "Positive High-Energy Emotions|Amusement": -1.0404090991331374,
    "Longing & Lust|Longing": 0.67708109852132,
    "Positive High-Energy Emotions|Awe": 1.395748205680181,
    "Physical and Exhaustive States|Fatigue/Exhaustion": -0.8188127081161912,
    "Negative Low-Energy Emotions|Bitterness": 0.8850681305457564,
    "Negative High-Energy Emotions|Disgust": 0.18320735522052822,
    "Positive Low-Energy Emotions|Thankfulness/Gratitude": -0.8170809792365659,
    "Positive High-Energy Emotions|Teasing": -0.18408116386436368,
    "Physical and Exhaustive States|Intoxication/Altered States of Consciousness": 0.6501733668805922,
    "Positive Low-Energy Emotions|Pride": 0.029375301610459287,
    "Negative Low-Energy Emotions|Embarrassment": -1.6029119661932483,
    "Positive Low-Energy Emotions|Affection": -1.5765369155564728,
    "Negative Low-Energy Emotions|Sadness": -0.49316653023747836,
    "Negative Low-Energy Emotions|Shame": 0.1725010865904829,
    "Positive High-Energy Emotions|Triumph": -0.23044903290622376,
    "Cognitive States and Processes|Concentration": 0.20875650679802193,
    "Physical and Exhaustive States|Sourness": 0.23835669660940767,
    "Physical and Exhaustive States|Pain": 0.4131895708161242,
    "Negative High-Energy Emotions|Fear": 1.6865488346512703
  }
}