{
  "key": [
    "projects",
    "empathic-insight-face-large",
    "flux_dev_one_1-432_s2934359842.png"
  ],
  "value": {
    "Negative High-Energy Emotions|Malevolence/Malice": 0.3101775061054264,
    "Negative Low-Energy Emotions|Jealousy & Envy": -0.20024900053353867,
    "Longing & Lust|Infatuation": -0.9021282977961442,
    "Cognitive States and Processes|Confusion": 2.8182045156930515,
    "Longing & Lust|Sexual Lust": -0.9479604388072209,
    "Positive High-Energy Emotions|Hope/Enthusiasm/Optimism": -1.2994340401844067,
    "Positive High-Energy Emotions|Interest": 1.8751552222296595,
    "Positive High-Energy Emotions|Elation": -0.21237652035539645,
    "Negative Low-Energy Emotions|Disappointment": -1.3251576018136215,
    "Negative High-Energy Emotions|Distress": -0.1829540086143157,
    "Positive Low-Energy Emotions|Contemplation": -2.673773054300862,
    "Negative Low-Energy Emotions|Emotional Numbness": -0.05942912666894057,
    "Negative High-Energy Emotions|Impatience and Irritability": -1.1441679643467069,
    "Negative Low-Energy Emotions|Helplessness": 0.8698539983875612,
    "Negative Low-Energy Emotions|Contempt": 0.5840402722753146,
    "Positive High-Energy Emotions|Astonishment/Surprise": 4.825512537397444,
    "Positive High-Energy Emotions|Pleasure/Ecstasy": 0.0829930179522318,
    "Negative Low-Energy Emotions|Doubt": -0.4606166074781076,
    "Negative High-Energy Emotions|Anger": 0.5337943381071089,
    "Positive Low-Energy Emotions|Contentment": -0.6997204670375763,
    "Positive Low-Energy Emotions|Relief": -0.6805449285139056,
    "Positive High-Energy Emotions|Amusement": -1.1515112033201491,
    "Longing & Lust|Longing": 0.2786555492525975,
    "Positive High-Energy Emotions|Awe": 3.5060266332810417,
    "Physical and Exhaustive States|Fatigue/Exhaustion": 0.026445229791981384,
    "Negative Low-Energy Emotions|Bitterness": 0.6148852825690718,
    "Negative High-Energy Emotions|Disgust": 2.020067982156487,
    "Positive Low-Energy Emotions|Thankfulness/Gratitude": 0.5629982901726138,
    "Positive High-Energy Emotions|Teasing": 0.054960701007615076,
    "Physical and Exhaustive States|Intoxication/Altered States of Consciousness": 2.0126396425725783,
    "Positive Low-Energy Emotions|Pride": -2.576306385983001,
    "Negative Low-Energy Emotions|Embarrassment": -1.1730282477026477,
    "Positive Low-Energy Emotions|Affection": -2.499595425383133,
    "Negative Low-Energy Emotions|Sadness": -0.13461729298619662,
    "Negative Low-Energy Emotions|Shame": 0.49845054685850354,
    "Positive High-Energy Emotions|Triumph": -1.879183274630238,
    "Cognitive States and Processes|Concentration": -1.2087653275754522,
    "Physical and Exhaustive States|Sourness": -0.6167820001207291,
    "Physical and Exhaustive States|Pain": 0.473355691345299,
    "Negative High-Energy Emotions|Fear": 3.496728738754549
  }
}