{
  "key": [
    "projects",
    "empathic-insight-face-large",
    "flux_prompt_10-image_330.png"
  ],
  "value": {
    "Negative High-Energy Emotions|Malevolence/Malice": -0.21969956050681727,
    "Negative Low-Energy Emotions|Jealousy & Envy": 0.8084854343095247,
    "Longing & Lust|Infatuation": 2.9237167053319073,
    "Cognitive States and Processes|Confusion": 0.7886872525189947,
    "Longing & Lust|Sexual Lust": 3.801222500722198,
    "Positive High-Energy Emotions|Hope/Enthusiasm/Optimism": 0.17333021343192634,
    "Positive High-Energy Emotions|Interest": 3.777456652931869,
    "Positive High-Energy Emotions|Elation": 1.6770916726988028,
    "Negative Low-Energy Emotions|Disappointment": -1.3056573462289047,
    "Negative High-Energy Emotions|Distress": -3.0039577660315175,
    "Positive Low-Energy Emotions|Contemplation": -0.6958297530999955,
    "Negative Low-Energy Emotions|Emotional Numbness": -1.983191202271949,
    "Negative High-Energy Emotions|Impatience and Irritability": -1.4905629800632596,
    "Negative Low-Energy Emotions|Helplessness": -1.163555224572911,
    "Negative Low-Energy Emotions|Contempt": -1.0567571043573758,
    "Positive High-Energy Emotions|Astonishment/Surprise": 3.373503693975508,
    "Positive High-Energy Emotions|Pleasure/Ecstasy": 1.5258563183949274,
    "Negative Low-Energy Emotions|Doubt": -0.5988358746080057,
    "Negative High-Energy Emotions|Anger": -0.286240881085396,
    "Positive Low-Energy Emotions|Contentment": -2.9349244484371124,
    "Positive Low-Energy Emotions|Relief": -0.2828589238752337,
    "Positive High-Energy Emotions|Amusement": 0.7385285982774461,
    "Longing & Lust|Longing": 0.3146333300715367,
    "Positive High-Energy Emotions|Awe": 3.2547929363434807,
    "Physical and Exhaustive States|Fatigue/Exhaustion": -1.839554647660869,
    "Negative Low-Energy Emotions|Bitterness": -0.20294420713887495,
    "Negative High-Energy Emotions|Disgust": -0.1265780108378214,
    "Positive Low-Energy Emotions|Thankfulness/Gratitude": 1.278396601787604,
    "Positive High-Energy Emotions|Teasing": 0.6531605900714502,
    "Physical and Exhaustive States|Intoxication/Altered States of Consciousness": 0.5736708053113784,
    "Positive Low-Energy Emotions|Pride": 1.0743051338305367,
    "Negative Low-Energy Emotions|Embarrassment": -0.8507735899572864,
    "Positive Low-Energy Emotions|Affection": -1.3980447271027985,
    "Negative Low-Energy Emotions|Sadness": -1.360058510408682,
    "Negative Low-Energy Emotions|Shame": -0.5150126820824602,
    "Positive High-Energy Emotions|Triumph": 0.8614366232121692,
    "Cognitive States and Processes|Concentration": 0.3638769987795283,
    "Physical and Exhaustive States|Sourness": -0.7536500001512467,
    "Physical and Exhaustive States|Pain": -0.7301003528517835,
    "Negative High-Energy Emotions|Fear": 1.3103709425623802
  }
}