{
  "key": [
    "projects",
    "empathic-insight-face-large",
    "flux_dev_one_0-14_s2381657101.png"
  ],
  "value": {
    "Negative High-Energy Emotions|Malevolence/Malice": -0.7369976628856625,
    "Negative Low-Energy Emotions|Jealousy & Envy": -1.1159515819391783,
    "Longing & Lust|Infatuation": 0.6731365733243087,
    "Cognitive States and Processes|Confusion": -1.50150514292969,
    "Longing & Lust|Sexual Lust": 0.2123376702473445,
    "Positive High-Energy Emotions|Hope/Enthusiasm/Optimism": 2.343237008456798,
    "Positive High-Energy Emotions|Interest": 0.3904665341600776,
    "Positive High-Energy Emotions|Elation": 5.3640216138761705,
    "Negative Low-Energy Emotions|Disappointment": -1.2439002585213852,
    "Negative High-Energy Emotions|Distress": -2.413598793482079,
    "Positive Low-Energy Emotions|Contemplation": -0.17095274132402505,
    "Negative Low-Energy Emotions|Emotional Numbness": -2.383211563218604,
    "Negative High-Energy Emotions|Impatience and Irritability": -1.5757675813511014,
    "Negative Low-Energy Emotions|Helplessness": -0.4950192767732283,
    "Negative Low-Energy Emotions|Contempt": -1.0790366053186795,
    "Positive High-Energy Emotions|Astonishment/Surprise": -0.7019687801226975,
    "Positive High-Energy Emotions|Pleasure/Ecstasy": 2.8335366123125834,
    "Negative Low-Energy Emotions|Doubt": -1.5309025834111825,
    "Negative High-Energy Emotions|Anger": -1.1581764870882036,
    "Positive Low-Energy Emotions|Contentment": 2.27551219373284,
    "Positive Low-Energy Emotions|Relief": 2.1510321936975507,
    "Positive High-Energy Emotions|Amusement": 6.075169552295085,
    "Longing & Lust|Longing": 0.14107449885663192,
    "Positive High-Energy Emotions|Awe": -0.004177920323084283,
    "Physical and Exhaustive States|Fatigue/Exhaustion": -1.2628797094589648,
    "Negative Low-Energy Emotions|Bitterness": -0.5100960015724687,
    "Negative High-Energy Emotions|Disgust": -0.4317512886927408,
    "Positive Low-Energy Emotions|Thankfulness/Gratitude": 4.374732728115118,
    "Positive High-Energy Emotions|Teasing": 1.0836762966106042,
    "Physical and Exhaustive States|Intoxication/Altered States of Consciousness": 0.8375811584951247,
    "Positive Low-Energy Emotions|Pride": 1.3164510297884835,
    "Negative Low-Energy Emotions|Embarrassment": -0.2815935782080188,
    "Positive Low-Energy Emotions|Affection": 3.0299649021467743,
    "Negative Low-Energy Emotions|Sadness": -0.3667114616492215,
    "Negative Low-Energy Emotions|Shame": -0.31541305840234546,
    "Positive High-Energy Emotions|Triumph": 0.6573639093602405,
    "Cognitive States and Processes|Concentration": -1.5600237246778081,
    "Physical and Exhaustive States|Sourness": 0.0615440701879561,
    "Physical and Exhaustive States|Pain": -0.19089122542563608,
    "Negative High-Energy Emotions|Fear": -1.1551835928265664
  }
}