{
  "key": [
    "projects",
    "empathic-insight-face-large",
    "flux_prompt_9-image_237.png"
  ],
  "value": {
    "Negative High-Energy Emotions|Malevolence/Malice": -0.8929849256114926,
    "Negative Low-Energy Emotions|Jealousy & Envy": -1.8457911453089293,
    "Longing & Lust|Infatuation": -0.7434711046122453,
    "Cognitive States and Processes|Confusion": -3.1972062652136257,
    "Longing & Lust|Sexual Lust": -0.2499747896983342,
    "Positive High-Energy Emotions|Hope/Enthusiasm/Optimism": 3.161609675292583,
    "Positive High-Energy Emotions|Interest": 1.4109250424429773,
    "Positive High-Energy Emotions|Elation": 3.432352795879192,
    "Negative Low-Energy Emotions|Disappointment": -1.2233867239754868,
    "Negative High-Energy Emotions|Distress": -2.8371906456701894,
    "Positive Low-Energy Emotions|Contemplation": 0.39896281409351264,
    "Negative Low-Energy Emotions|Emotional Numbness": -1.5601527196059333,
    "Negative High-Energy Emotions|Impatience and Irritability": -0.8649473832920194,
    "Negative Low-Energy Emotions|Helplessness": -0.41720350567032305,
    "Negative Low-Energy Emotions|Contempt": -1.270913493593826,
    "Positive High-Energy Emotions|Astonishment/Surprise": -0.022257915101945525,
    "Positive High-Energy Emotions|Pleasure/Ecstasy": 2.605871545593528,
    "Negative Low-Energy Emotions|Doubt": -2.5037446806935924,
    "Negative High-Energy Emotions|Anger": 0.23100012004375436,
    "Positive Low-Energy Emotions|Contentment": 2.1605406752162994,
    "Positive Low-Energy Emotions|Relief": 0.7982943795095472,
    "Positive High-Energy Emotions|Amusement": 2.4309428224252425,
    "Longing & Lust|Longing": 0.6933438682204167,
    "Positive High-Energy Emotions|Awe": 1.4809511380379692,
    "Physical and Exhaustive States|Fatigue/Exhaustion": -1.033381084657329,
    "Negative Low-Energy Emotions|Bitterness": -0.64082233900533,
    "Negative High-Energy Emotions|Disgust": -1.1555190461085123,
    "Positive Low-Energy Emotions|Thankfulness/Gratitude": 3.1748900068912875,
    "Positive High-Energy Emotions|Teasing": 0.0218413205335245,
    "Physical and Exhaustive States|Intoxication/Altered States of Consciousness": -0.045010923528495894,
    "Positive Low-Energy Emotions|Pride": 1.651580886851777,
    "Negative Low-Energy Emotions|Embarrassment": -2.1426587275152698,
    "Positive Low-Energy Emotions|Affection": 2.0596937916121063,
    "Negative Low-Energy Emotions|Sadness": -1.1400125862219754,
    "Negative Low-Energy Emotions|Shame": -1.1229824429772357,
    "Positive High-Energy Emotions|Triumph": 0.7572332798207507,
    "Cognitive States and Processes|Concentration": -0.08423197233939872,
    "Physical and Exhaustive States|Sourness": -1.0058753991685807,
    "Physical and Exhaustive States|Pain": 0.17557279339608023,
    "Negative High-Energy Emotions|Fear": -0.4409270677868935
  }
}