{
  "key": [
    "projects",
    "empathic-insight-face-large",
    "flux_prompt_10-image_411.png"
  ],
  "value": {
    "Negative High-Energy Emotions|Malevolence/Malice": -0.11490875373649256,
    "Negative Low-Energy Emotions|Jealousy & Envy": -0.5481796703180846,
    "Longing & Lust|Infatuation": -0.7056130952738664,
    "Cognitive States and Processes|Confusion": 0.06436359238372558,
    "Longing & Lust|Sexual Lust": -1.8670247221781926,
    "Positive High-Energy Emotions|Hope/Enthusiasm/Optimism": -1.0510824662403149,
    "Positive High-Energy Emotions|Interest": -0.8681230427697301,
    "Positive High-Energy Emotions|Elation": -1.3235222551423838,
    "Negative Low-Energy Emotions|Disappointment": 1.971221010704689,
    "Negative High-Energy Emotions|Distress": 1.6807435574776985,
    "Positive Low-Energy Emotions|Contemplation": 1.3936948140272323,
    "Negative Low-Energy Emotions|Emotional Numbness": -0.44781480251647093,
    "Negative High-Energy Emotions|Impatience and Irritability": -0.4561215089634061,
    "Negative Low-Energy Emotions|Helplessness": 0.922802156621919,
    "Negative Low-Energy Emotions|Contempt": 0.25774096254478485,
    "Positive High-Energy Emotions|Astonishment/Surprise": 1.3335905164852737,
    "Positive High-Energy Emotions|Pleasure/Ecstasy": 0.5510858171389383,
    "Negative Low-Energy Emotions|Doubt": -0.0053465704230920424,
    "Negative High-Energy Emotions|Anger": 0.6288055723905561,
    "Positive Low-Energy Emotions|Contentment": -1.5001858124202667,
    "Positive Low-Energy Emotions|Relief": -1.517733291589162,
    "Positive High-Energy Emotions|Amusement": -1.9634866824461257,
    "Longing & Lust|Longing": 0.9790784993415753,
    "Positive High-Energy Emotions|Awe": 1.425351090926458,
    "Physical and Exhaustive States|Fatigue/Exhaustion": 0.29516615464625995,
    "Negative Low-Energy Emotions|Bitterness": 0.6552376270820113,
    "Negative High-Energy Emotions|Disgust": 1.21816479392788,
    "Positive Low-Energy Emotions|Thankfulness/Gratitude": -0.16531849373241547,
    "Positive High-Energy Emotions|Teasing": -1.2442651657869712,
    "Physical and Exhaustive States|Intoxication/Altered States of Consciousness": -0.3657053700922166,
    "Positive Low-Energy Emotions|Pride": -1.494781417835723,
    "Negative Low-Energy Emotions|Embarrassment": -0.7687289885168567,
    "Positive Low-Energy Emotions|Affection": -0.7144668319383088,
    "Negative Low-Energy Emotions|Sadness": 1.6635804532906588,
    "Negative Low-Energy Emotions|Shame": 0.08735269248266431,
    "Positive High-Energy Emotions|Triumph": -1.9267563642298473,
    "Cognitive States and Processes|Concentration": -0.7066918086435865,
    "Physical and Exhaustive States|Sourness": -0.22602586990222334,
    "Physical and Exhaustive States|Pain": 0.7334164785462267,
    "Negative High-Energy Emotions|Fear": 1.3170946743185905
  }
}