{
  "key": [
    "projects",
    "empathic-insight-face-large",
    "flux_dev_one_1-270_s40716292.png"
  ],
  "value": {
    "Negative High-Energy Emotions|Malevolence/Malice": -0.7123725999431576,
    "Negative Low-Energy Emotions|Jealousy & Envy": 0.6562130012669984,
    "Longing & Lust|Infatuation": 2.002974670419798,
    "Cognitive States and Processes|Confusion": 0.947132074353559,
    "Longing & Lust|Sexual Lust": 2.540028450410156,
    "Positive High-Energy Emotions|Hope/Enthusiasm/Optimism": 0.7876939433856922,
    "Positive High-Energy Emotions|Interest": 0.4720131425186992,
    "Positive High-Energy Emotions|Elation": 4.889791324416942,
    "Negative Low-Energy Emotions|Disappointment": -1.0040571284096909,
    "Negative High-Energy Emotions|Distress": -0.11987579885651084,
    "Positive Low-Energy Emotions|Contemplation": -1.2615296880594071,
    "Negative Low-Energy Emotions|Emotional Numbness": -1.8258190852294074,
    "Negative High-Energy Emotions|Impatience and Irritability": -1.3761926339939237,
    "Negative Low-Energy Emotions|Helplessness": -0.3089732724778792,
    "Negative Low-Energy Emotions|Contempt": -0.9924651503168485,
    "Positive High-Energy Emotions|Astonishment/Surprise": 0.21551955644041287,
    "Positive High-Energy Emotions|Pleasure/Ecstasy": 2.479461418907432,
    "Negative Low-Energy Emotions|Doubt": -0.31146432857796114,
    "Negative High-Energy Emotions|Anger": -0.9883671456575396,
    "Positive Low-Energy Emotions|Contentment": -1.3773830780452667,
    "Positive Low-Energy Emotions|Relief": 1.6829955420862226,
    "Positive High-Energy Emotions|Amusement": 5.190846909015056,
    "Longing & Lust|Longing": -0.11820111635866959,
    "Positive High-Energy Emotions|Awe": 0.2917345838730827,
    "Physical and Exhaustive States|Fatigue/Exhaustion": -1.4591547052627978,
    "Negative Low-Energy Emotions|Bitterness": -0.9968420743416337,
    "Negative High-Energy Emotions|Disgust": -0.7770057099268717,
    "Positive Low-Energy Emotions|Thankfulness/Gratitude": 1.7573952628288638,
    "Positive High-Energy Emotions|Teasing": 1.562676581878434,
    "Physical and Exhaustive States|Intoxication/Altered States of Consciousness": 0.7007223971845473,
    "Positive Low-Energy Emotions|Pride": 0.7792751360049143,
    "Negative Low-Energy Emotions|Embarrassment": -0.24972523962311888,
    "Positive Low-Energy Emotions|Affection": 1.5867559096655426,
    "Negative Low-Energy Emotions|Sadness": -1.1540101410010282,
    "Negative Low-Energy Emotions|Shame": -0.4040289527199724,
    "Positive High-Energy Emotions|Triumph": -0.23459554922931336,
    "Cognitive States and Processes|Concentration": -1.1692733761098455,
    "Physical and Exhaustive States|Sourness": 0.19971864873543382,
    "Physical and Exhaustive States|Pain": -0.018701274482642916,
    "Negative High-Energy Emotions|Fear": -0.0040489826504799264
  }
}