{
  "key": [
    "projects",
    "empathic-insight-face-large",
    "flux_prompt_10-image_297.png"
  ],
  "value": {
    "Negative High-Energy Emotions|Malevolence/Malice": -0.3424183715419735,
    "Negative Low-Energy Emotions|Jealousy & Envy": -0.44556145284982285,
    "Longing & Lust|Infatuation": 0.9995694570637801,
    "Cognitive States and Processes|Confusion": -2.681365496399539,
    "Longing & Lust|Sexual Lust": 1.3842266773388667,
    "Positive High-Energy Emotions|Hope/Enthusiasm/Optimism": 3.005229975585552,
    "Positive High-Energy Emotions|Interest": 1.088558685593307,
    "Positive High-Energy Emotions|Elation": 6.70953901080305,
    "Negative Low-Energy Emotions|Disappointment": -1.215504128913231,
    "Negative High-Energy Emotions|Distress": -3.15966846320559,
    "Positive Low-Energy Emotions|Contemplation": -0.6501282493463334,
    "Negative Low-Energy Emotions|Emotional Numbness": -2.4623419743666752,
    "Negative High-Energy Emotions|Impatience and Irritability": -1.3919363664463162,
    "Negative Low-Energy Emotions|Helplessness": -1.1548281509034775,
    "Negative Low-Energy Emotions|Contempt": -1.2651096701227567,
    "Positive High-Energy Emotions|Astonishment/Surprise": -0.4986952453479172,
    "Positive High-Energy Emotions|Pleasure/Ecstasy": 3.724077092926292,
    "Negative Low-Energy Emotions|Doubt": -2.0500610659627574,
    "Negative High-Energy Emotions|Anger": -0.17828518688678763,
    "Positive Low-Energy Emotions|Contentment": 3.0874088233643593,
    "Positive Low-Energy Emotions|Relief": 2.386412902868846,
    "Positive High-Energy Emotions|Amusement": 6.3055291065858565,
    "Longing & Lust|Longing": 0.3315323793536107,
    "Positive High-Energy Emotions|Awe": -0.09515606592244952,
    "Physical and Exhaustive States|Fatigue/Exhaustion": -1.2800882856613574,
    "Negative Low-Energy Emotions|Bitterness": -0.45811645979390425,
    "Negative High-Energy Emotions|Disgust": -0.5959139244959635,
    "Positive Low-Energy Emotions|Thankfulness/Gratitude": 4.2620845986519225,
    "Positive High-Energy Emotions|Teasing": 0.4257530601213083,
    "Physical and Exhaustive States|Intoxication/Altered States of Consciousness": 0.15173780999201192,
    "Positive Low-Energy Emotions|Pride": 1.4375464487185372,
    "Negative Low-Energy Emotions|Embarrassment": -1.533117549765636,
    "Positive Low-Energy Emotions|Affection": 3.6090364239058075,
    "Negative Low-Energy Emotions|Sadness": -1.015837991342825,
    "Negative Low-Energy Emotions|Shame": -0.9945889121315935,
    "Positive High-Energy Emotions|Triumph": 0.6924960790837512,
    "Cognitive States and Processes|Concentration": -0.6476091962482999,
    "Physical and Exhaustive States|Sourness": -0.3942836428247392,
    "Physical and Exhaustive States|Pain": -0.6384238792342298,
    "Negative High-Energy Emotions|Fear": -1.2803337965314003
  }
}