{
  "key": [
    "projects",
    "empathic-insight-face-large",
    "flux_dev_one_1-336_s2434390236.png"
  ],
  "value": {
    "Negative High-Energy Emotions|Malevolence/Malice": -1.241710244520184,
    "Negative Low-Energy Emotions|Jealousy & Envy": -2.321770711883026,
    "Longing & Lust|Infatuation": -1.8247965164088151,
    "Cognitive States and Processes|Confusion": -2.706876045944827,
    "Longing & Lust|Sexual Lust": 2.95821368447998,
    "Positive High-Energy Emotions|Hope/Enthusiasm/Optimism": 6.0760780829235035,
    "Positive High-Energy Emotions|Interest": -1.6833089472725988,
    "Positive High-Energy Emotions|Elation": 8.672927692214794,
    "Negative Low-Energy Emotions|Disappointment": -3.7290439200204086,
    "Negative High-Energy Emotions|Distress": -3.712517994379296,
    "Positive Low-Energy Emotions|Contemplation": -4.550190929590779,
    "Negative Low-Energy Emotions|Emotional Numbness": -3.025714824784766,
    "Negative High-Energy Emotions|Impatience and Irritability": -1.183193271048367,
    "Negative Low-Energy Emotions|Helplessness": -2.3495300609223984,
    "Negative Low-Energy Emotions|Contempt": -1.7596932768427274,
    "Positive High-Energy Emotions|Astonishment/Surprise": -0.38032352026551974,
    "Positive High-Energy Emotions|Pleasure/Ecstasy": 5.233529912750511,
    "Negative Low-Energy Emotions|Doubt": -3.7713957617787974,
    "Negative High-Energy Emotions|Anger": -0.3737631493806841,
    "Positive Low-Energy Emotions|Contentment": 2.8459813347393097,
    "Positive Low-Energy Emotions|Relief": 3.2622783623109846,
    "Positive High-Energy Emotions|Amusement": 7.342268455951091,
    "Longing & Lust|Longing": -0.934695104395779,
    "Positive High-Energy Emotions|Awe": -0.08779417703695147,
    "Physical and Exhaustive States|Fatigue/Exhaustion": -1.5366009275680956,
    "Negative Low-Energy Emotions|Bitterness": -2.3194751023720293,
    "Negative High-Energy Emotions|Disgust": -1.3364291565821451,
    "Positive Low-Energy Emotions|Thankfulness/Gratitude": 5.408421988597906,
    "Positive High-Energy Emotions|Teasing": 2.0002720685193642,
    "Physical and Exhaustive States|Intoxication/Altered States of Consciousness": 1.386660204148468,
    "Positive Low-Energy Emotions|Pride": 1.5515120792498482,
    "Negative Low-Energy Emotions|Embarrassment": -1.965081947196056,
    "Positive Low-Energy Emotions|Affection": 3.1292650482496795,
    "Negative Low-Energy Emotions|Sadness": -2.584620916948599,
    "Negative Low-Energy Emotions|Shame": -2.145826280715273,
    "Positive High-Energy Emotions|Triumph": 1.2311768709386097,
    "Cognitive States and Processes|Concentration": -2.6910658475186895,
    "Physical and Exhaustive States|Sourness": -1.076048781927675,
    "Physical and Exhaustive States|Pain": -0.9342796398085706,
    "Negative High-Energy Emotions|Fear": -1.7090945635144326
  }
}