{
  "key": [
    "projects",
    "empathic-insight-face-large",
    "flux_prompt_10-image_400.png"
  ],
  "value": {
    "Negative High-Energy Emotions|Malevolence/Malice": -0.2035699475841488,
    "Negative Low-Energy Emotions|Jealousy & Envy": -0.3800020656427916,
    "Longing & Lust|Infatuation": -0.3517448491953752,
    "Cognitive States and Processes|Confusion": -0.47465480017914063,
    "Longing & Lust|Sexual Lust": -1.6230097437693791,
    "Positive High-Energy Emotions|Hope/Enthusiasm/Optimism": -0.8034318429187817,
    "Positive High-Energy Emotions|Interest": -0.22648357171565292,
    "Positive High-Energy Emotions|Elation": -1.1805705282289316,
    "Negative Low-Energy Emotions|Disappointment": 1.6419459986883926,
    "Negative High-Energy Emotions|Distress": 0.5163048329598763,
    "Positive Low-Energy Emotions|Contemplation": 1.3794435818800155,
    "Negative Low-Energy Emotions|Emotional Numbness": -0.9623011451850043,
    "Negative High-Energy Emotions|Impatience and Irritability": -0.18766266573220491,
    "Negative Low-Energy Emotions|Helplessness": 0.8012898665315965,
    "Negative Low-Energy Emotions|Contempt": 0.006535875836715999,
    "Positive High-Energy Emotions|Astonishment/Surprise": 1.6467677444592117,
    "Positive High-Energy Emotions|Pleasure/Ecstasy": 0.9322221749232096,
    "Negative Low-Energy Emotions|Doubt": -0.3524068335799829,
    "Negative High-Energy Emotions|Anger": 1.0185624903440473,
    "Positive Low-Energy Emotions|Contentment": -0.9951938042110382,
    "Positive Low-Energy Emotions|Relief": -1.219909862481496,
    "Positive High-Energy Emotions|Amusement": -1.9790017714811599,
    "Longing & Lust|Longing": 1.1942530774718205,
    "Positive High-Energy Emotions|Awe": 2.6749024467652336,
    "Physical and Exhaustive States|Fatigue/Exhaustion": -0.43007216856541,
    "Negative Low-Energy Emotions|Bitterness": 0.7691517592002364,
    "Negative High-Energy Emotions|Disgust": 1.2116779608323294,
    "Positive Low-Energy Emotions|Thankfulness/Gratitude": -0.21410179603954438,
    "Positive High-Energy Emotions|Teasing": -1.2879925637056724,
    "Physical and Exhaustive States|Intoxication/Altered States of Consciousness": -0.34905397810918437,
    "Positive Low-Energy Emotions|Pride": -1.0279167723546134,
    "Negative Low-Energy Emotions|Embarrassment": -0.9013264349585071,
    "Positive Low-Energy Emotions|Affection": -0.4874561050095979,
    "Negative Low-Energy Emotions|Sadness": 1.1076373218438205,
    "Negative Low-Energy Emotions|Shame": -0.29659003079156665,
    "Positive High-Energy Emotions|Triumph": -2.0299495281016124,
    "Cognitive States and Processes|Concentration": -0.4823841598060201,
    "Physical and Exhaustive States|Sourness": -0.733711054380983,
    "Physical and Exhaustive States|Pain": 0.6723330425339586,
    "Negative High-Energy Emotions|Fear": 1.2702973093684105
  }
}