{
  "key": [
    "projects",
    "empathic-insight-face-large",
    "flux_prompt_10-image_496.png"
  ],
  "value": {
    "Negative High-Energy Emotions|Malevolence/Malice": -0.42254513393211024,
    "Negative Low-Energy Emotions|Jealousy & Envy": -1.0082538566431578,
    "Longing & Lust|Infatuation": 0.5428018384076216,
    "Cognitive States and Processes|Confusion": -2.163184887650149,
    "Longing & Lust|Sexual Lust": -1.083463254053803,
    "Positive High-Energy Emotions|Hope/Enthusiasm/Optimism": 0.8196476358219105,
    "Positive High-Energy Emotions|Interest": 0.2106884388253093,
    "Positive High-Energy Emotions|Elation": 1.1528242376249502,
    "Negative Low-Energy Emotions|Disappointment": -0.8262588572304916,
    "Negative High-Energy Emotions|Distress": -0.2316060614936492,
    "Positive Low-Energy Emotions|Contemplation": 1.4814748128065292,
    "Negative Low-Energy Emotions|Emotional Numbness": 0.1896307069172754,
    "Negative High-Energy Emotions|Impatience and Irritability": 0.6461991621181369,
    "Negative Low-Energy Emotions|Helplessness": -0.4175510007493636,
    "Negative Low-Energy Emotions|Contempt": -0.5817417025171658,
    "Positive High-Energy Emotions|Astonishment/Surprise": 0.025341877378523225,
    "Positive High-Energy Emotions|Pleasure/Ecstasy": 1.8392261140749735,
    "Negative Low-Energy Emotions|Doubt": -1.1438334773091927,
    "Negative High-Energy Emotions|Anger": 1.1114506071805952,
    "Positive Low-Energy Emotions|Contentment": 1.9492383351856293,
    "Positive Low-Energy Emotions|Relief": -0.12014491935863214,
    "Positive High-Energy Emotions|Amusement": 1.5726716706441606,
    "Longing & Lust|Longing": 0.7787464165335576,
    "Positive High-Energy Emotions|Awe": 0.17145646383218915,
    "Physical and Exhaustive States|Fatigue/Exhaustion": 0.16234161450801532,
    "Negative Low-Energy Emotions|Bitterness": -0.9732889413307695,
    "Negative High-Energy Emotions|Disgust": -0.4047837632105631,
    "Positive Low-Energy Emotions|Thankfulness/Gratitude": 0.23328208457569,
    "Positive High-Energy Emotions|Teasing": -0.7069918780138388,
    "Physical and Exhaustive States|Intoxication/Altered States of Consciousness": -0.6570512048242723,
    "Positive Low-Energy Emotions|Pride": 0.5430671739687815,
    "Negative Low-Energy Emotions|Embarrassment": -1.5035317114477649,
    "Positive Low-Energy Emotions|Affection": 1.5138430974325714,
    "Negative Low-Energy Emotions|Sadness": 0.0916210769555148,
    "Negative Low-Energy Emotions|Shame": -1.061811864974306,
    "Positive High-Energy Emotions|Triumph": 0.4265012918675647,
    "Cognitive States and Processes|Concentration": -0.26395744049812064,
    "Physical and Exhaustive States|Sourness": -0.466604521330446,
    "Physical and Exhaustive States|Pain": 0.11488286724861929,
    "Negative High-Energy Emotions|Fear": -1.0483990106885048
  }
}