{
  "key": [
    "projects",
    "empathic-insight-face-large",
    "flux_prompt_10-image_388.png"
  ],
  "value": {
    "Negative High-Energy Emotions|Malevolence/Malice": -1.0903041947917904,
    "Negative Low-Energy Emotions|Jealousy & Envy": -0.6009970149836119,
    "Longing & Lust|Infatuation": 2.3406154327488995,
    "Cognitive States and Processes|Confusion": -0.4575730626608301,
    "Longing & Lust|Sexual Lust": 1.9107078289196773,
    "Positive High-Energy Emotions|Hope/Enthusiasm/Optimism": 3.2183897751613575,
    "Positive High-Energy Emotions|Interest": 3.7096878407523035,
    "Positive High-Energy Emotions|Elation": 0.6530676629942129,
    "Negative Low-Energy Emotions|Disappointment": -1.2325782370370102,
    "Negative High-Energy Emotions|Distress": -3.4202931103460927,
    "Positive Low-Energy Emotions|Contemplation": 0.6571009417185012,
    "Negative Low-Energy Emotions|Emotional Numbness": -2.4592084389815434,
    "Negative High-Energy Emotions|Impatience and Irritability": -1.527781312353909,
    "Negative Low-Energy Emotions|Helplessness": -1.0809427100770614,
    "Negative Low-Energy Emotions|Contempt": -2.00100172754158,
    "Positive High-Energy Emotions|Astonishment/Surprise": 4.213246354497969,
    "Positive High-Energy Emotions|Pleasure/Ecstasy": 2.686336862365989,
    "Negative Low-Energy Emotions|Doubt": -0.5779121706990854,
    "Negative High-Energy Emotions|Anger": -0.9270916634798052,
    "Positive Low-Energy Emotions|Contentment": -1.8212412247127472,
    "Positive Low-Energy Emotions|Relief": 1.4746302060256986,
    "Positive High-Energy Emotions|Amusement": -0.3041420092893874,
    "Longing & Lust|Longing": 0.6176679932719151,
    "Positive High-Energy Emotions|Awe": 5.708225853938391,
    "Physical and Exhaustive States|Fatigue/Exhaustion": -2.301093200898784,
    "Negative Low-Energy Emotions|Bitterness": -1.2786382913063554,
    "Negative High-Energy Emotions|Disgust": -0.9502444641993326,
    "Positive Low-Energy Emotions|Thankfulness/Gratitude": 2.560300315729178,
    "Positive High-Energy Emotions|Teasing": 0.28494271947837924,
    "Physical and Exhaustive States|Intoxication/Altered States of Consciousness": 0.49028235754984273,
    "Positive Low-Energy Emotions|Pride": 1.2286594677081002,
    "Negative Low-Energy Emotions|Embarrassment": -0.9880793264990344,
    "Positive Low-Energy Emotions|Affection": -1.2242887237229767,
    "Negative Low-Energy Emotions|Sadness": -1.4198598505118314,
    "Negative Low-Energy Emotions|Shame": -0.6482273942254045,
    "Positive High-Energy Emotions|Triumph": 0.7946834741795764,
    "Cognitive States and Processes|Concentration": 0.03581011330818429,
    "Physical and Exhaustive States|Sourness": -0.8054121041856706,
    "Physical and Exhaustive States|Pain": -0.6835586620253675,
    "Negative High-Energy Emotions|Fear": 0.6430053319628624
  }
}