{
  "key": [
    "projects",
    "empathic-insight-face-large",
    "flux_dev_one_0-150_s538426605.png"
  ],
  "value": {
    "Negative High-Energy Emotions|Malevolence/Malice": -0.6271789659099545,
    "Negative Low-Energy Emotions|Jealousy & Envy": 0.5162415661969606,
    "Longing & Lust|Infatuation": 2.3703670911885357,
    "Cognitive States and Processes|Confusion": -1.7159588401342798,
    "Longing & Lust|Sexual Lust": 4.284599003712921,
    "Positive High-Energy Emotions|Hope/Enthusiasm/Optimism": 1.880926664476009,
    "Positive High-Energy Emotions|Interest": 1.4483621237799524,
    "Positive High-Energy Emotions|Elation": 3.632381811420269,
    "Negative Low-Energy Emotions|Disappointment": -2.0329351019662094,
    "Negative High-Energy Emotions|Distress": -2.4663744148962636,
    "Positive Low-Energy Emotions|Contemplation": -0.19392663639696206,
    "Negative Low-Energy Emotions|Emotional Numbness": -0.6815214854369269,
    "Negative High-Energy Emotions|Impatience and Irritability": -1.3760071443393826,
    "Negative Low-Energy Emotions|Helplessness": -0.8803735572450301,
    "Negative Low-Energy Emotions|Contempt": -1.1928955435358426,
    "Positive High-Energy Emotions|Astonishment/Surprise": 1.6279123515263199,
    "Positive High-Energy Emotions|Pleasure/Ecstasy": 3.531201707641868,
    "Negative Low-Energy Emotions|Doubt": -1.36469920378014,
    "Negative High-Energy Emotions|Anger": -0.6379180604219439,
    "Positive Low-Energy Emotions|Contentment": -0.45967801899375305,
    "Positive Low-Energy Emotions|Relief": 0.8511349103818922,
    "Positive High-Energy Emotions|Amusement": 2.2884158978151046,
    "Longing & Lust|Longing": 0.6852647566443364,
    "Positive High-Energy Emotions|Awe": 2.9360904174035087,
    "Physical and Exhaustive States|Fatigue/Exhaustion": -1.8118899862533984,
    "Negative Low-Energy Emotions|Bitterness": -1.0958427667091875,
    "Negative High-Energy Emotions|Disgust": -1.2464461701319498,
    "Positive Low-Energy Emotions|Thankfulness/Gratitude": 0.7410018397484195,
    "Positive High-Energy Emotions|Teasing": 1.12684881998993,
    "Physical and Exhaustive States|Intoxication/Altered States of Consciousness": 0.8339270361425246,
    "Positive Low-Energy Emotions|Pride": 1.4978893566241158,
    "Negative Low-Energy Emotions|Embarrassment": -2.0767936876898303,
    "Positive Low-Energy Emotions|Affection": 0.5921741432389792,
    "Negative Low-Energy Emotions|Sadness": -1.50004717122106,
    "Negative Low-Energy Emotions|Shame": -0.9552934771798113,
    "Positive High-Energy Emotions|Triumph": 0.7608204065526233,
    "Cognitive States and Processes|Concentration": -0.24963539803291068,
    "Physical and Exhaustive States|Sourness": -0.37570606714114546,
    "Physical and Exhaustive States|Pain": -0.1653828216475599,
    "Negative High-Energy Emotions|Fear": -0.3310654554669472
  }
}