{
  "key": [
    "projects",
    "empathic-insight-face-large",
    "flux_prompt_9-image_201.png"
  ],
  "value": {
    "Negative High-Energy Emotions|Malevolence/Malice": -0.9630122769908871,
    "Negative Low-Energy Emotions|Jealousy & Envy": -1.8931317767939146,
    "Longing & Lust|Infatuation": 0.39611957598696734,
    "Cognitive States and Processes|Confusion": -4.100876099350589,
    "Longing & Lust|Sexual Lust": -0.17062193401596115,
    "Positive High-Energy Emotions|Hope/Enthusiasm/Optimism": 4.231097127799602,
    "Positive High-Energy Emotions|Interest": 1.3923366187140345,
    "Positive High-Energy Emotions|Elation": 6.764038636962718,
    "Negative Low-Energy Emotions|Disappointment": -2.5653447699349594,
    "Negative High-Energy Emotions|Distress": -3.269678133463158,
    "Positive Low-Energy Emotions|Contemplation": -1.4933917562356767,
    "Negative Low-Energy Emotions|Emotional Numbness": -1.7545775872359382,
    "Negative High-Energy Emotions|Impatience and Irritability": -0.3577693151310086,
    "Negative Low-Energy Emotions|Helplessness": -2.3388839561097763,
    "Negative Low-Energy Emotions|Contempt": -1.4574951052271268,
    "Positive High-Energy Emotions|Astonishment/Surprise": -0.611297479234636,
    "Positive High-Energy Emotions|Pleasure/Ecstasy": 3.558587657730369,
    "Negative Low-Energy Emotions|Doubt": -2.8650823424367564,
    "Negative High-Energy Emotions|Anger": 0.16390269458293893,
    "Positive Low-Energy Emotions|Contentment": 6.850569163852317,
    "Positive Low-Energy Emotions|Relief": 2.474884673155406,
    "Positive High-Energy Emotions|Amusement": 5.965982426135417,
    "Longing & Lust|Longing": 0.36874552604016464,
    "Positive High-Energy Emotions|Awe": -0.17775189111776202,
    "Physical and Exhaustive States|Fatigue/Exhaustion": -1.0676827232605395,
    "Negative Low-Energy Emotions|Bitterness": -1.7981595277260332,
    "Negative High-Energy Emotions|Disgust": -1.3723273652003092,
    "Positive Low-Energy Emotions|Thankfulness/Gratitude": 5.712937111965216,
    "Positive High-Energy Emotions|Teasing": 1.0748560757825478,
    "Physical and Exhaustive States|Intoxication/Altered States of Consciousness": 0.06278240761774434,
    "Positive Low-Energy Emotions|Pride": 1.5728023815264596,
    "Negative Low-Energy Emotions|Embarrassment": -1.9600451162939563,
    "Positive Low-Energy Emotions|Affection": 3.6974394104322967,
    "Negative Low-Energy Emotions|Sadness": -1.3727504850485746,
    "Negative Low-Energy Emotions|Shame": -1.6385385400078754,
    "Positive High-Energy Emotions|Triumph": 0.8800597368443713,
    "Cognitive States and Processes|Concentration": -0.8793714340951513,
    "Physical and Exhaustive States|Sourness": -0.9999151731096207,
    "Physical and Exhaustive States|Pain": -0.8139171195906751,
    "Negative High-Energy Emotions|Fear": -1.9541209135357949
  }
}