{
  "key": [
    "projects",
    "empathic-insight-face-large",
    "flux_prompt_10-image_383.png"
  ],
  "value": {
    "Negative High-Energy Emotions|Malevolence/Malice": 0.5508820425434147,
    "Negative Low-Energy Emotions|Jealousy & Envy": 1.333630599931759,
    "Longing & Lust|Infatuation": 0.2768211774922469,
    "Cognitive States and Processes|Confusion": -0.7046600644613672,
    "Longing & Lust|Sexual Lust": 1.189067778508453,
    "Positive High-Energy Emotions|Hope/Enthusiasm/Optimism": -0.4851319533542675,
    "Positive High-Energy Emotions|Interest": 0.20238436441868546,
    "Positive High-Energy Emotions|Elation": -2.5187994691926767,
    "Negative Low-Energy Emotions|Disappointment": 1.1824406790930557,
    "Negative High-Energy Emotions|Distress": 0.2429763796574929,
    "Positive Low-Energy Emotions|Contemplation": -0.16779661577852334,
    "Negative Low-Energy Emotions|Emotional Numbness": -1.5937399369368659,
    "Negative High-Energy Emotions|Impatience and Irritability": 2.119221474044025,
    "Negative Low-Energy Emotions|Helplessness": 0.13263152059386762,
    "Negative Low-Energy Emotions|Contempt": 1.0278472781575778,
    "Positive High-Energy Emotions|Astonishment/Surprise": -0.2620767265185715,
    "Positive High-Energy Emotions|Pleasure/Ecstasy": -1.3306080228879171,
    "Negative Low-Energy Emotions|Doubt": 0.12966721851543028,
    "Negative High-Energy Emotions|Anger": 2.4100998586416242,
    "Positive Low-Energy Emotions|Contentment": -3.2540825256771027,
    "Positive Low-Energy Emotions|Relief": -0.6629048146833392,
    "Positive High-Energy Emotions|Amusement": -2.8299737086607255,
    "Longing & Lust|Longing": 0.45754685040768783,
    "Positive High-Energy Emotions|Awe": -0.15878521631307452,
    "Physical and Exhaustive States|Fatigue/Exhaustion": -1.3940013448959765,
    "Negative Low-Energy Emotions|Bitterness": 1.703060728364131,
    "Negative High-Energy Emotions|Disgust": 0.6706235034062582,
    "Positive Low-Energy Emotions|Thankfulness/Gratitude": 0.1060690833244693,
    "Positive High-Energy Emotions|Teasing": -0.4989004998018637,
    "Physical and Exhaustive States|Intoxication/Altered States of Consciousness": 0.2976593979360427,
    "Positive Low-Energy Emotions|Pride": 0.11957644106053253,
    "Negative Low-Energy Emotions|Embarrassment": -1.2726068667059436,
    "Positive Low-Energy Emotions|Affection": -1.2784112908997955,
    "Negative Low-Energy Emotions|Sadness": -0.9369095207312528,
    "Negative Low-Energy Emotions|Shame": 0.0005951517798444828,
    "Positive High-Energy Emotions|Triumph": -0.39375810784452103,
    "Cognitive States and Processes|Concentration": 0.7666704062197138,
    "Physical and Exhaustive States|Sourness": 0.3152114843763411,
    "Physical and Exhaustive States|Pain": 0.4696170496064074,
    "Negative High-Energy Emotions|Fear": 0.6329344119723228
  }
}