{
  "key": [
    "projects",
    "empathic-insight-face-large",
    "flux_dev_one_1-328_s3436900438.png"
  ],
  "value": {
    "Negative High-Energy Emotions|Malevolence/Malice": -0.0678246606426205,
    "Negative Low-Energy Emotions|Jealousy & Envy": -0.55708937261911,
    "Longing & Lust|Infatuation": 0.05833129216204669,
    "Cognitive States and Processes|Confusion": 1.4155784184907507,
    "Longing & Lust|Sexual Lust": -0.21706515796920822,
    "Positive High-Energy Emotions|Hope/Enthusiasm/Optimism": -0.5945375901416821,
    "Positive High-Energy Emotions|Interest": -0.39938079137355087,
    "Positive High-Energy Emotions|Elation": -1.3089887353975107,
    "Negative Low-Energy Emotions|Disappointment": 2.488044049163513,
    "Negative High-Energy Emotions|Distress": 2.2236184897668223,
    "Positive Low-Energy Emotions|Contemplation": 1.0622259934553329,
    "Negative Low-Energy Emotions|Emotional Numbness": -1.3685118657240973,
    "Negative High-Energy Emotions|Impatience and Irritability": -0.9952550576999784,
    "Negative Low-Energy Emotions|Helplessness": 1.8273832600958206,
    "Negative Low-Energy Emotions|Contempt": -0.4626370787226102,
    "Positive High-Energy Emotions|Astonishment/Surprise": 1.308838853277266,
    "Positive High-Energy Emotions|Pleasure/Ecstasy": 0.6413731449053568,
    "Negative Low-Energy Emotions|Doubt": 0.12617271740153868,
    "Negative High-Energy Emotions|Anger": -0.3710423165559771,
    "Positive Low-Energy Emotions|Contentment": -3.0773929008907257,
    "Positive Low-Energy Emotions|Relief": -0.7893790759672137,
    "Positive High-Energy Emotions|Amusement": 0.05634723994004376,
    "Longing & Lust|Longing": 0.8606573098545949,
    "Positive High-Energy Emotions|Awe": 2.036080420214464,
    "Physical and Exhaustive States|Fatigue/Exhaustion": 0.5922214288943831,
    "Negative Low-Energy Emotions|Bitterness": 0.7086735487510176,
    "Negative High-Energy Emotions|Disgust": 0.9169391018941122,
    "Positive Low-Energy Emotions|Thankfulness/Gratitude": 0.4725732756767642,
    "Positive High-Energy Emotions|Teasing": -0.5446210770418539,
    "Physical and Exhaustive States|Intoxication/Altered States of Consciousness": 1.2947044827701415,
    "Positive Low-Energy Emotions|Pride": -1.3693888616452323,
    "Negative Low-Energy Emotions|Embarrassment": -1.1480360201483264,
    "Positive Low-Energy Emotions|Affection": -0.562139771238846,
    "Negative Low-Energy Emotions|Sadness": 2.25756636847468,
    "Negative Low-Energy Emotions|Shame": 0.7604087287165663,
    "Positive High-Energy Emotions|Triumph": -1.6172056020533336,
    "Cognitive States and Processes|Concentration": -0.08615928852821098,
    "Physical and Exhaustive States|Sourness": 0.0027614330686628885,
    "Physical and Exhaustive States|Pain": 0.6165546583252794,
    "Negative High-Energy Emotions|Fear": 1.7198570873434929
  }
}