{
  "key": [
    "projects",
    "empathic-insight-face-large",
    "flux_dev_one_0-146_s992234574.png"
  ],
  "value": {
    "Negative High-Energy Emotions|Malevolence/Malice": 0.7322140942974125,
    "Negative Low-Energy Emotions|Jealousy & Envy": 0.9338544466653291,
    "Longing & Lust|Infatuation": -0.2649538106821916,
    "Cognitive States and Processes|Confusion": 0.34595447134719604,
    "Longing & Lust|Sexual Lust": -0.46367985256454514,
    "Positive High-Energy Emotions|Hope/Enthusiasm/Optimism": -0.6088908654407543,
    "Positive High-Energy Emotions|Interest": -0.7596305491402745,
    "Positive High-Energy Emotions|Elation": -2.7861873361665537,
    "Negative Low-Energy Emotions|Disappointment": 0.5151952910620499,
    "Negative High-Energy Emotions|Distress": 1.6575004878289559,
    "Positive Low-Energy Emotions|Contemplation": 0.6193785701998893,
    "Negative Low-Energy Emotions|Emotional Numbness": -1.5038196545729743,
    "Negative High-Energy Emotions|Impatience and Irritability": 0.7005860162898898,
    "Negative Low-Energy Emotions|Helplessness": 0.5690274935610155,
    "Negative Low-Energy Emotions|Contempt": 1.1102518916524509,
    "Positive High-Energy Emotions|Astonishment/Surprise": -0.7505143791064621,
    "Positive High-Energy Emotions|Pleasure/Ecstasy": -1.2840198404385763,
    "Negative Low-Energy Emotions|Doubt": 0.8831240345926626,
    "Negative High-Energy Emotions|Anger": 0.36580889880657175,
    "Positive Low-Energy Emotions|Contentment": -2.729925478405374,
    "Positive Low-Energy Emotions|Relief": -0.9182242908109637,
    "Positive High-Energy Emotions|Amusement": -2.09936047700179,
    "Longing & Lust|Longing": 0.044563432896701505,
    "Positive High-Energy Emotions|Awe": -0.7081783933455452,
    "Physical and Exhaustive States|Fatigue/Exhaustion": -0.5561533968216356,
    "Negative Low-Energy Emotions|Bitterness": 1.6003100321222754,
    "Negative High-Energy Emotions|Disgust": 0.762384615619393,
    "Positive Low-Energy Emotions|Thankfulness/Gratitude": -0.33092165459056977,
    "Positive High-Energy Emotions|Teasing": -0.28093680427574064,
    "Physical and Exhaustive States|Intoxication/Altered States of Consciousness": 0.0985728510381545,
    "Positive Low-Energy Emotions|Pride": -0.5387272369752035,
    "Negative Low-Energy Emotions|Embarrassment": -0.6379850081091418,
    "Positive Low-Energy Emotions|Affection": -0.3546150543847505,
    "Negative Low-Energy Emotions|Sadness": 0.44582829464884366,
    "Negative Low-Energy Emotions|Shame": 0.4005967968680403,
    "Positive High-Energy Emotions|Triumph": -0.891663116339375,
    "Cognitive States and Processes|Concentration": 0.4459798935625483,
    "Physical and Exhaustive States|Sourness": 0.6171962117590011,
    "Physical and Exhaustive States|Pain": 0.36012808552559683,
    "Negative High-Energy Emotions|Fear": 0.4911524858172325
  }
}