{
  "key": [
    "projects",
    "empathic-insight-face-large",
    "flux_dev_one_1-275_s4010373244.png"
  ],
  "value": {
    "Negative High-Energy Emotions|Malevolence/Malice": 1.2130814205570255,
    "Negative Low-Energy Emotions|Jealousy & Envy": 0.8404521503606264,
    "Longing & Lust|Infatuation": -2.2450285739802265,
    "Cognitive States and Processes|Confusion": 0.5527665550683569,
    "Longing & Lust|Sexual Lust": -1.1338258410289006,
    "Positive High-Energy Emotions|Hope/Enthusiasm/Optimism": -1.9131539803699535,
    "Positive High-Energy Emotions|Interest": -2.3360174776986242,
    "Positive High-Energy Emotions|Elation": -3.262025043686085,
    "Negative Low-Energy Emotions|Disappointment": 2.8422902631956863,
    "Negative High-Energy Emotions|Distress": 1.5414565625436165,
    "Positive Low-Energy Emotions|Contemplation": -0.1301290432802018,
    "Negative Low-Energy Emotions|Emotional Numbness": -0.8365945321211921,
    "Negative High-Energy Emotions|Impatience and Irritability": 1.4040726972743869,
    "Negative Low-Energy Emotions|Helplessness": 1.8078682225591995,
    "Negative Low-Energy Emotions|Contempt": 2.492674815694199,
    "Positive High-Energy Emotions|Astonishment/Surprise": -0.6685551315173508,
    "Positive High-Energy Emotions|Pleasure/Ecstasy": -1.956856620986672,
    "Negative Low-Energy Emotions|Doubt": 0.5815201808901175,
    "Negative High-Energy Emotions|Anger": 1.7266127413511274,
    "Positive Low-Energy Emotions|Contentment": -2.0357359299129425,
    "Positive Low-Energy Emotions|Relief": -1.4515552081693621,
    "Positive High-Energy Emotions|Amusement": -3.4490251651121415,
    "Longing & Lust|Longing": -0.13003692988100846,
    "Positive High-Energy Emotions|Awe": -0.579630724888514,
    "Physical and Exhaustive States|Fatigue/Exhaustion": 0.12013663842616717,
    "Negative Low-Energy Emotions|Bitterness": 2.160683643870494,
    "Negative High-Energy Emotions|Disgust": 2.0482239944531635,
    "Positive Low-Energy Emotions|Thankfulness/Gratitude": -1.2749204682197202,
    "Positive High-Energy Emotions|Teasing": -1.185769405822982,
    "Physical and Exhaustive States|Intoxication/Altered States of Consciousness": 0.6204838760854567,
    "Positive Low-Energy Emotions|Pride": -1.5207615327725517,
    "Negative Low-Energy Emotions|Embarrassment": -0.5245237520819201,
    "Positive Low-Energy Emotions|Affection": -1.9436252334275665,
    "Negative Low-Energy Emotions|Sadness": 1.4737831710717257,
    "Negative Low-Energy Emotions|Shame": 0.8180089139916441,
    "Positive High-Energy Emotions|Triumph": -2.7833895505701793,
    "Cognitive States and Processes|Concentration": 0.3641542795870234,
    "Physical and Exhaustive States|Sourness": 0.3975621780194342,
    "Physical and Exhaustive States|Pain": 1.04963080159005,
    "Negative High-Energy Emotions|Fear": 0.9016000833208946
  }
}