{
  "key": [
    "projects",
    "empathic-insight-face-large",
    "flux_dev_one_1-257_s2102929539.png"
  ],
  "value": {
    "Negative High-Energy Emotions|Malevolence/Malice": 0.23914569725227697,
    "Negative Low-Energy Emotions|Jealousy & Envy": 0.17597265626577774,
    "Longing & Lust|Infatuation": -0.11068292330731366,
    "Cognitive States and Processes|Confusion": 0.6396911675904822,
    "Longing & Lust|Sexual Lust": -0.2688384676768498,
    "Positive High-Energy Emotions|Hope/Enthusiasm/Optimism": -0.363180134888081,
    "Positive High-Energy Emotions|Interest": -1.341156709380448,
    "Positive High-Energy Emotions|Elation": -0.25896017285173434,
    "Negative Low-Energy Emotions|Disappointment": 1.4133369136053848,
    "Negative High-Energy Emotions|Distress": 2.0306727710015635,
    "Positive Low-Energy Emotions|Contemplation": 0.0786789913782302,
    "Negative Low-Energy Emotions|Emotional Numbness": -1.3992490273604499,
    "Negative High-Energy Emotions|Impatience and Irritability": -0.09164363611489534,
    "Negative Low-Energy Emotions|Helplessness": 1.174410591686473,
    "Negative Low-Energy Emotions|Contempt": 0.7286165833867648,
    "Positive High-Energy Emotions|Astonishment/Surprise": -0.23315679129213107,
    "Positive High-Energy Emotions|Pleasure/Ecstasy": 0.42003457478740636,
    "Negative Low-Energy Emotions|Doubt": 0.02449416715816101,
    "Negative High-Energy Emotions|Anger": 0.18340676486492136,
    "Positive Low-Energy Emotions|Contentment": -2.1982887634700714,
    "Positive Low-Energy Emotions|Relief": 0.06776873687610907,
    "Positive High-Energy Emotions|Amusement": 0.3993397841142381,
    "Longing & Lust|Longing": 0.6728226148730199,
    "Positive High-Energy Emotions|Awe": 0.47898162176065595,
    "Physical and Exhaustive States|Fatigue/Exhaustion": -0.20102892324985822,
    "Negative Low-Energy Emotions|Bitterness": 0.9872031927634688,
    "Negative High-Energy Emotions|Disgust": 1.0315656287266928,
    "Positive Low-Energy Emotions|Thankfulness/Gratitude": -0.4630556153144467,
    "Positive High-Energy Emotions|Teasing": -0.6582461266329184,
    "Physical and Exhaustive States|Intoxication/Altered States of Consciousness": -0.4501961461542283,
    "Positive Low-Energy Emotions|Pride": -0.6591100227723227,
    "Negative Low-Energy Emotions|Embarrassment": -1.0641324690466418,
    "Positive Low-Energy Emotions|Affection": -0.7730893113770906,
    "Negative Low-Energy Emotions|Sadness": 1.265519177808481,
    "Negative Low-Energy Emotions|Shame": 0.4242438071944258,
    "Positive High-Energy Emotions|Triumph": -1.238313061121632,
    "Cognitive States and Processes|Concentration": -0.22908741200233207,
    "Physical and Exhaustive States|Sourness": 0.012218902055174119,
    "Physical and Exhaustive States|Pain": 0.9992711948471911,
    "Negative High-Energy Emotions|Fear": 1.2845033015902427
  }
}