{
  "key": [
    "projects",
    "empathic-insight-face-large",
    "flux_dev_one_0-231_s2858944255.png"
  ],
  "value": {
    "Negative High-Energy Emotions|Malevolence/Malice": -0.9822180856304135,
    "Negative Low-Energy Emotions|Jealousy & Envy": -1.490518852218109,
    "Longing & Lust|Infatuation": -0.03469200800885175,
    "Cognitive States and Processes|Confusion": -0.3760554854895044,
    "Longing & Lust|Sexual Lust": 0.684908089558868,
    "Positive High-Energy Emotions|Hope/Enthusiasm/Optimism": 2.6279924172206837,
    "Positive High-Energy Emotions|Interest": 0.08737404327839615,
    "Positive High-Energy Emotions|Elation": 7.715265109817333,
    "Negative Low-Energy Emotions|Disappointment": -2.415533502082176,
    "Negative High-Energy Emotions|Distress": -3.625285166239037,
    "Positive Low-Energy Emotions|Contemplation": -2.0513167421212968,
    "Negative Low-Energy Emotions|Emotional Numbness": -2.4748339158187016,
    "Negative High-Energy Emotions|Impatience and Irritability": -1.7258349107578397,
    "Negative Low-Energy Emotions|Helplessness": -1.5554679233186386,
    "Negative Low-Energy Emotions|Contempt": -1.2273563265406033,
    "Positive High-Energy Emotions|Astonishment/Surprise": -0.24015556868165744,
    "Positive High-Energy Emotions|Pleasure/Ecstasy": 3.935305702011375,
    "Negative Low-Energy Emotions|Doubt": -2.1194840262441295,
    "Negative High-Energy Emotions|Anger": -1.0712032967805865,
    "Positive Low-Energy Emotions|Contentment": 2.86569232254563,
    "Positive Low-Energy Emotions|Relief": 2.275012537039378,
    "Positive High-Energy Emotions|Amusement": 7.204048145739909,
    "Longing & Lust|Longing": -0.5868332183713039,
    "Positive High-Energy Emotions|Awe": 0.16594184209757,
    "Physical and Exhaustive States|Fatigue/Exhaustion": -1.1560538809067187,
    "Negative Low-Energy Emotions|Bitterness": -1.5224246262978105,
    "Negative High-Energy Emotions|Disgust": -0.7058987992213053,
    "Positive Low-Energy Emotions|Thankfulness/Gratitude": 4.275428767314947,
    "Positive High-Energy Emotions|Teasing": 1.582875523109208,
    "Physical and Exhaustive States|Intoxication/Altered States of Consciousness": 1.038175635850605,
    "Positive Low-Energy Emotions|Pride": 1.2323774862398995,
    "Negative Low-Energy Emotions|Embarrassment": 0.2709132262582288,
    "Positive Low-Energy Emotions|Affection": 2.83125946734758,
    "Negative Low-Energy Emotions|Sadness": -1.4319493414023343,
    "Negative Low-Energy Emotions|Shame": -0.9646409159920671,
    "Positive High-Energy Emotions|Triumph": 0.9529431043828235,
    "Cognitive States and Processes|Concentration": -1.9234667416837286,
    "Physical and Exhaustive States|Sourness": -0.29768090492114424,
    "Physical and Exhaustive States|Pain": -0.7180003715438001,
    "Negative High-Energy Emotions|Fear": -1.0085323248211953
  }
}