{
  "key": [
    "projects",
    "empathic-insight-face-large",
    "flux_prompt_9-image_026.png"
  ],
  "value": {
    "Negative High-Energy Emotions|Malevolence/Malice": -0.7024093259410824,
    "Negative Low-Energy Emotions|Jealousy & Envy": -1.6869171104273375,
    "Longing & Lust|Infatuation": -0.6631612367533586,
    "Cognitive States and Processes|Confusion": -3.309410816910403,
    "Longing & Lust|Sexual Lust": -1.1681609774424748,
    "Positive High-Energy Emotions|Hope/Enthusiasm/Optimism": 2.4996172446056324,
    "Positive High-Energy Emotions|Interest": 0.9436898348852992,
    "Positive High-Energy Emotions|Elation": 3.401059284488506,
    "Negative Low-Energy Emotions|Disappointment": -1.4004871439736557,
    "Negative High-Energy Emotions|Distress": -1.9890618500464103,
    "Positive Low-Energy Emotions|Contemplation": 0.32456647950498496,
    "Negative Low-Energy Emotions|Emotional Numbness": -1.6362101536879645,
    "Negative High-Energy Emotions|Impatience and Irritability": 0.25781505834311247,
    "Negative Low-Energy Emotions|Helplessness": -0.7255085307710311,
    "Negative Low-Energy Emotions|Contempt": -1.0972234129511258,
    "Positive High-Energy Emotions|Astonishment/Surprise": 0.2575651497021316,
    "Positive High-Energy Emotions|Pleasure/Ecstasy": 2.8436012142107767,
    "Negative Low-Energy Emotions|Doubt": -2.16602190237328,
    "Negative High-Energy Emotions|Anger": 1.0310372656583784,
    "Positive Low-Energy Emotions|Contentment": 4.060612236552817,
    "Positive Low-Energy Emotions|Relief": 1.0185750714908628,
    "Positive High-Energy Emotions|Amusement": 3.2525285372422896,
    "Longing & Lust|Longing": 1.151390826070873,
    "Positive High-Energy Emotions|Awe": 1.3262433486168876,
    "Physical and Exhaustive States|Fatigue/Exhaustion": -1.0198291342026171,
    "Negative Low-Energy Emotions|Bitterness": -1.0271713017891435,
    "Negative High-Energy Emotions|Disgust": -0.6968717949793619,
    "Positive Low-Energy Emotions|Thankfulness/Gratitude": 4.15266251098255,
    "Positive High-Energy Emotions|Teasing": -0.7883612780382528,
    "Physical and Exhaustive States|Intoxication/Altered States of Consciousness": -0.5724997512338792,
    "Positive Low-Energy Emotions|Pride": 1.135599212657441,
    "Negative Low-Energy Emotions|Embarrassment": -1.7633130720739856,
    "Positive Low-Energy Emotions|Affection": 2.8568861267408905,
    "Negative Low-Energy Emotions|Sadness": -0.6723090053656522,
    "Negative Low-Energy Emotions|Shame": -1.1677984601281146,
    "Positive High-Energy Emotions|Triumph": 0.04910256254322387,
    "Cognitive States and Processes|Concentration": -0.7312974181201528,
    "Physical and Exhaustive States|Sourness": -1.312932064589113,
    "Physical and Exhaustive States|Pain": 0.14160017243202994,
    "Negative High-Energy Emotions|Fear": -0.6437042150799843
  }
}