{
  "key": [
    "projects",
    "empathic-insight-face-large",
    "flux_dev_one_1-315_s1921461908.png"
  ],
  "value": {
    "Negative High-Energy Emotions|Malevolence/Malice": 0.5115674745006595,
    "Negative Low-Energy Emotions|Jealousy & Envy": 1.2273070224681322,
    "Longing & Lust|Infatuation": -0.38562699030865644,
    "Cognitive States and Processes|Confusion": -0.42553187060608155,
    "Longing & Lust|Sexual Lust": 1.8915790294812007,
    "Positive High-Energy Emotions|Hope/Enthusiasm/Optimism": -0.956215475197224,
    "Positive High-Energy Emotions|Interest": -1.1650385739281774,
    "Positive High-Energy Emotions|Elation": -1.8175245973665048,
    "Negative Low-Energy Emotions|Disappointment": 0.04620031597202301,
    "Negative High-Energy Emotions|Distress": 1.485811454320655,
    "Positive Low-Energy Emotions|Contemplation": -0.5832201282373246,
    "Negative Low-Energy Emotions|Emotional Numbness": -1.542494247544776,
    "Negative High-Energy Emotions|Impatience and Irritability": 2.052455003373325,
    "Negative Low-Energy Emotions|Helplessness": 0.2901415031797746,
    "Negative Low-Energy Emotions|Contempt": 0.8197175145543674,
    "Positive High-Energy Emotions|Astonishment/Surprise": -0.3810485511645676,
    "Positive High-Energy Emotions|Pleasure/Ecstasy": -1.1911980039670187,
    "Negative Low-Energy Emotions|Doubt": 0.79171530503944,
    "Negative High-Energy Emotions|Anger": 1.8713315075635908,
    "Positive Low-Energy Emotions|Contentment": -2.657194937176126,
    "Positive Low-Energy Emotions|Relief": -0.9571210898984881,
    "Positive High-Energy Emotions|Amusement": -0.5190155616117751,
    "Longing & Lust|Longing": 0.37182893391904037,
    "Positive High-Energy Emotions|Awe": -0.6153877897078499,
    "Physical and Exhaustive States|Fatigue/Exhaustion": -0.8392225305801805,
    "Negative Low-Energy Emotions|Bitterness": 1.597172108345172,
    "Negative High-Energy Emotions|Disgust": 0.00954969950458584,
    "Positive Low-Energy Emotions|Thankfulness/Gratitude": -0.7979540871467221,
    "Positive High-Energy Emotions|Teasing": 0.034920248527298914,
    "Physical and Exhaustive States|Intoxication/Altered States of Consciousness": 0.651172817564186,
    "Positive Low-Energy Emotions|Pride": 0.14434845925473114,
    "Negative Low-Energy Emotions|Embarrassment": -1.0199656656866565,
    "Positive Low-Energy Emotions|Affection": -1.1221332767167511,
    "Negative Low-Energy Emotions|Sadness": -1.0401892305472318,
    "Negative Low-Energy Emotions|Shame": -0.15350574314813403,
    "Positive High-Energy Emotions|Triumph": -0.3044615433847203,
    "Cognitive States and Processes|Concentration": 0.7298416498873164,
    "Physical and Exhaustive States|Sourness": 0.23303256386891008,
    "Physical and Exhaustive States|Pain": 0.9221125053482897,
    "Negative High-Energy Emotions|Fear": 0.30062433144406353
  }
}