{
  "key": [
    "projects",
    "empathic-insight-face-large",
    "flux_prompt_9-image_064.png"
  ],
  "value": {
    "Negative High-Energy Emotions|Malevolence/Malice": -1.0253120053844418,
    "Negative Low-Energy Emotions|Jealousy & Envy": -1.8736045799097594,
    "Longing & Lust|Infatuation": 0.6937448792554,
    "Cognitive States and Processes|Confusion": -4.0530102317358425,
    "Longing & Lust|Sexual Lust": -0.19660860546371506,
    "Positive High-Energy Emotions|Hope/Enthusiasm/Optimism": 4.369176294211956,
    "Positive High-Energy Emotions|Interest": 0.8479912994429469,
    "Positive High-Energy Emotions|Elation": 6.806783035079784,
    "Negative Low-Energy Emotions|Disappointment": -2.776896436194725,
    "Negative High-Energy Emotions|Distress": -3.427326696848168,
    "Positive Low-Energy Emotions|Contemplation": -2.13724542063387,
    "Negative Low-Energy Emotions|Emotional Numbness": -2.5153445702681645,
    "Negative High-Energy Emotions|Impatience and Irritability": -0.016027037985622883,
    "Negative Low-Energy Emotions|Helplessness": -3.054646809732213,
    "Negative Low-Energy Emotions|Contempt": -1.2207225679956815,
    "Positive High-Energy Emotions|Astonishment/Surprise": -0.4082277923449875,
    "Positive High-Energy Emotions|Pleasure/Ecstasy": 3.2703304164812845,
    "Negative Low-Energy Emotions|Doubt": -2.923203069975819,
    "Negative High-Energy Emotions|Anger": 0.17983859241008737,
    "Positive Low-Energy Emotions|Contentment": 7.3388311019474095,
    "Positive Low-Energy Emotions|Relief": 2.889021202124217,
    "Positive High-Energy Emotions|Amusement": 5.795774925677653,
    "Longing & Lust|Longing": -0.24842486742678482,
    "Positive High-Energy Emotions|Awe": -0.006829611759851861,
    "Physical and Exhaustive States|Fatigue/Exhaustion": -1.3733643095261034,
    "Negative Low-Energy Emotions|Bitterness": -2.0380241155098466,
    "Negative High-Energy Emotions|Disgust": -1.3632159607813639,
    "Positive Low-Energy Emotions|Thankfulness/Gratitude": 5.827959532848395,
    "Positive High-Energy Emotions|Teasing": 1.302948925037156,
    "Physical and Exhaustive States|Intoxication/Altered States of Consciousness": -0.2850462190149461,
    "Positive Low-Energy Emotions|Pride": 1.619478778850068,
    "Negative Low-Energy Emotions|Embarrassment": -1.6355402639990344,
    "Positive Low-Energy Emotions|Affection": 3.5755567333540497,
    "Negative Low-Energy Emotions|Sadness": -1.6874844671347562,
    "Negative Low-Energy Emotions|Shame": -1.7952117329857806,
    "Positive High-Energy Emotions|Triumph": 0.9300300060475574,
    "Cognitive States and Processes|Concentration": -0.5031924989249776,
    "Physical and Exhaustive States|Sourness": -1.1792811656557023,
    "Physical and Exhaustive States|Pain": -1.4784335685652845,
    "Negative High-Energy Emotions|Fear": -1.9839680586163613
  }
}