{
  "key": [
    "projects",
    "empathic-insight-face-large",
    "flux_dev_one_1-497_s3906372564.png"
  ],
  "value": {
    "Negative High-Energy Emotions|Malevolence/Malice": 0.4115157138271366,
    "Negative Low-Energy Emotions|Jealousy & Envy": 0.11694200421957412,
    "Longing & Lust|Infatuation": -2.070478994359865,
    "Cognitive States and Processes|Confusion": -0.289190894844668,
    "Longing & Lust|Sexual Lust": -1.7922070647074895,
    "Positive High-Energy Emotions|Hope/Enthusiasm/Optimism": -2.0950642567829174,
    "Positive High-Energy Emotions|Interest": -3.194197285361588,
    "Positive High-Energy Emotions|Elation": -2.2582823488313486,
    "Negative Low-Energy Emotions|Disappointment": 3.8965257811743546,
    "Negative High-Energy Emotions|Distress": 1.7891399684197762,
    "Positive Low-Energy Emotions|Contemplation": 0.683468725264949,
    "Negative Low-Energy Emotions|Emotional Numbness": -0.41859633742667296,
    "Negative High-Energy Emotions|Impatience and Irritability": -0.6849470781162381,
    "Negative Low-Energy Emotions|Helplessness": 1.940580825174556,
    "Negative Low-Energy Emotions|Contempt": 1.5781424522794345,
    "Positive High-Energy Emotions|Astonishment/Surprise": -0.6331554561480881,
    "Positive High-Energy Emotions|Pleasure/Ecstasy": -0.8686918146207052,
    "Negative Low-Energy Emotions|Doubt": 0.12488993603900513,
    "Negative High-Energy Emotions|Anger": -0.175015991330147,
    "Positive Low-Energy Emotions|Contentment": -2.930433119243997,
    "Positive Low-Energy Emotions|Relief": -0.8473920383085223,
    "Positive High-Energy Emotions|Amusement": -1.9494028201414382,
    "Longing & Lust|Longing": 0.6009467148428838,
    "Positive High-Energy Emotions|Awe": -0.22249161432332842,
    "Physical and Exhaustive States|Fatigue/Exhaustion": 1.6066342790359083,
    "Negative Low-Energy Emotions|Bitterness": 2.153468263201854,
    "Negative High-Energy Emotions|Disgust": 1.6352822927429396,
    "Positive Low-Energy Emotions|Thankfulness/Gratitude": 0.4682981921348941,
    "Positive High-Energy Emotions|Teasing": -1.0630566744615928,
    "Physical and Exhaustive States|Intoxication/Altered States of Consciousness": 0.7523243733407821,
    "Positive Low-Energy Emotions|Pride": -1.0151629876980888,
    "Negative Low-Energy Emotions|Embarrassment": 0.18905089582152224,
    "Positive Low-Energy Emotions|Affection": -0.9300581433930818,
    "Negative Low-Energy Emotions|Sadness": 3.254300153150278,
    "Negative Low-Energy Emotions|Shame": 1.2587524944521924,
    "Positive High-Energy Emotions|Triumph": -2.0418059648310436,
    "Cognitive States and Processes|Concentration": -0.3248822089459966,
    "Physical and Exhaustive States|Sourness": 0.44524681771174074,
    "Physical and Exhaustive States|Pain": 0.9233419107514269,
    "Negative High-Energy Emotions|Fear": 0.5697186793978599
  }
}