{
  "key": [
    "projects",
    "empathic-insight-face-large",
    "flux_prompt_9-image_235.png"
  ],
  "value": {
    "Negative High-Energy Emotions|Malevolence/Malice": 1.4299674641056095,
    "Negative Low-Energy Emotions|Jealousy & Envy": 3.0108987846532287,
    "Longing & Lust|Infatuation": -0.6378955430888078,
    "Cognitive States and Processes|Confusion": 1.8880441124414038,
    "Longing & Lust|Sexual Lust": 2.232161508272676,
    "Positive High-Energy Emotions|Hope/Enthusiasm/Optimism": -1.730835769768147,
    "Positive High-Energy Emotions|Interest": -1.5399535777047277,
    "Positive High-Energy Emotions|Elation": 0.010915353576488318,
    "Negative Low-Energy Emotions|Disappointment": 3.3151784348685074,
    "Negative High-Energy Emotions|Distress": 1.7918375554330208,
    "Positive Low-Energy Emotions|Contemplation": -0.6800450126519975,
    "Negative Low-Energy Emotions|Emotional Numbness": -1.5963496667037116,
    "Negative High-Energy Emotions|Impatience and Irritability": 0.5490443063899875,
    "Negative Low-Energy Emotions|Helplessness": -0.10732348743607012,
    "Negative Low-Energy Emotions|Contempt": 1.5015659213460544,
    "Positive High-Energy Emotions|Astonishment/Surprise": 0.10326279107481229,
    "Positive High-Energy Emotions|Pleasure/Ecstasy": -0.9930473692013937,
    "Negative Low-Energy Emotions|Doubt": 0.2196695913763388,
    "Negative High-Energy Emotions|Anger": 1.1498383826017378,
    "Positive Low-Energy Emotions|Contentment": -3.4647987732356964,
    "Positive Low-Energy Emotions|Relief": -1.2600576438535662,
    "Positive High-Energy Emotions|Amusement": -1.9099860301328933,
    "Longing & Lust|Longing": -0.4843047654980739,
    "Positive High-Energy Emotions|Awe": -0.22582112978048174,
    "Physical and Exhaustive States|Fatigue/Exhaustion": -0.6026409666305955,
    "Negative Low-Energy Emotions|Bitterness": 2.0089647591639967,
    "Negative High-Energy Emotions|Disgust": 1.9926138145520407,
    "Positive Low-Energy Emotions|Thankfulness/Gratitude": -1.6415739106025327,
    "Positive High-Energy Emotions|Teasing": -0.6537977127840414,
    "Physical and Exhaustive States|Intoxication/Altered States of Consciousness": -0.3530904046533738,
    "Positive Low-Energy Emotions|Pride": -0.5616668593773947,
    "Negative Low-Energy Emotions|Embarrassment": 1.1815626599902616,
    "Positive Low-Energy Emotions|Affection": -0.8419082381883088,
    "Negative Low-Energy Emotions|Sadness": -0.5184315086462918,
    "Negative Low-Energy Emotions|Shame": -0.1112568980477312,
    "Positive High-Energy Emotions|Triumph": -1.3056317390238537,
    "Cognitive States and Processes|Concentration": -0.3140456076886724,
    "Physical and Exhaustive States|Sourness": -0.24539648538455366,
    "Physical and Exhaustive States|Pain": 0.012510816963279936,
    "Negative High-Energy Emotions|Fear": 0.9971826877291587
  }
}