{
  "key": [
    "projects",
    "empathic-insight-face-large",
    "flux_prompt_10-image_489.png"
  ],
  "value": {
    "Negative High-Energy Emotions|Malevolence/Malice": -1.0309310544567074,
    "Negative Low-Energy Emotions|Jealousy & Envy": -1.693047805770355,
    "Longing & Lust|Infatuation": 1.547478210220442,
    "Cognitive States and Processes|Confusion": -4.615462548020022,
    "Longing & Lust|Sexual Lust": 1.707669970910339,
    "Positive High-Energy Emotions|Hope/Enthusiasm/Optimism": 3.918899919395061,
    "Positive High-Energy Emotions|Interest": 1.6493833182379602,
    "Positive High-Energy Emotions|Elation": 6.660257890502757,
    "Negative Low-Energy Emotions|Disappointment": -2.9203881811898422,
    "Negative High-Energy Emotions|Distress": -3.0389824089758535,
    "Positive Low-Energy Emotions|Contemplation": -0.9998878280511674,
    "Negative Low-Energy Emotions|Emotional Numbness": -2.237025688279639,
    "Negative High-Energy Emotions|Impatience and Irritability": 0.2283226801082492,
    "Negative Low-Energy Emotions|Helplessness": -2.7045620280854843,
    "Negative Low-Energy Emotions|Contempt": -1.43378342386116,
    "Positive High-Energy Emotions|Astonishment/Surprise": -0.06123911436647189,
    "Positive High-Energy Emotions|Pleasure/Ecstasy": 3.2586814039156717,
    "Negative Low-Energy Emotions|Doubt": -3.171689350417103,
    "Negative High-Energy Emotions|Anger": 0.7899054831266401,
    "Positive Low-Energy Emotions|Contentment": 6.216506158404929,
    "Positive Low-Energy Emotions|Relief": 2.865910335577586,
    "Positive High-Energy Emotions|Amusement": 6.099389065234538,
    "Longing & Lust|Longing": 0.17884906169232528,
    "Positive High-Energy Emotions|Awe": 0.25551713277750165,
    "Physical and Exhaustive States|Fatigue/Exhaustion": -0.797257284379619,
    "Negative Low-Energy Emotions|Bitterness": -2.534538674301961,
    "Negative High-Energy Emotions|Disgust": -1.5740557091639322,
    "Positive Low-Energy Emotions|Thankfulness/Gratitude": 4.936913247219122,
    "Positive High-Energy Emotions|Teasing": 1.0684291900584801,
    "Physical and Exhaustive States|Intoxication/Altered States of Consciousness": -0.3441141835687791,
    "Positive Low-Energy Emotions|Pride": 1.47865422249936,
    "Negative Low-Energy Emotions|Embarrassment": -2.3762891462927356,
    "Positive Low-Energy Emotions|Affection": 2.9787189743361053,
    "Negative Low-Energy Emotions|Sadness": -1.5610768438437406,
    "Negative Low-Energy Emotions|Shame": -2.073013723494814,
    "Positive High-Energy Emotions|Triumph": 0.9730050741399036,
    "Cognitive States and Processes|Concentration": -0.3047947284009527,
    "Physical and Exhaustive States|Sourness": -1.2174909616075456,
    "Physical and Exhaustive States|Pain": -1.5275721145552748,
    "Negative High-Energy Emotions|Fear": -1.7406466398541542
  }
}