{
  "key": [
    "projects",
    "empathic-insight-face-large",
    "flux_prompt_9-image_099.png"
  ],
  "value": {
    "Negative High-Energy Emotions|Malevolence/Malice": -0.5885880578594174,
    "Negative Low-Energy Emotions|Jealousy & Envy": -0.4921067199549254,
    "Longing & Lust|Infatuation": -0.15888210009564374,
    "Cognitive States and Processes|Confusion": -1.2821641032720972,
    "Longing & Lust|Sexual Lust": -0.4000015879466252,
    "Positive High-Energy Emotions|Hope/Enthusiasm/Optimism": 1.4685961487933117,
    "Positive High-Energy Emotions|Interest": 0.24716794174164536,
    "Positive High-Energy Emotions|Elation": 3.7345351126592825,
    "Negative Low-Energy Emotions|Disappointment": -0.5637042116921616,
    "Negative High-Energy Emotions|Distress": -1.3281126198523185,
    "Positive Low-Energy Emotions|Contemplation": 0.5553730164775077,
    "Negative Low-Energy Emotions|Emotional Numbness": -2.0703064900527104,
    "Negative High-Energy Emotions|Impatience and Irritability": -0.4234395669773221,
    "Negative Low-Energy Emotions|Helplessness": -0.4083288509004256,
    "Negative Low-Energy Emotions|Contempt": -0.3792959570490262,
    "Positive High-Energy Emotions|Astonishment/Surprise": -0.10940276678651584,
    "Positive High-Energy Emotions|Pleasure/Ecstasy": 2.8478596084521097,
    "Negative Low-Energy Emotions|Doubt": -1.267810423186268,
    "Negative High-Energy Emotions|Anger": 0.385378295779228,
    "Positive Low-Energy Emotions|Contentment": 0.3370942225986542,
    "Positive Low-Energy Emotions|Relief": 0.8375950000654249,
    "Positive High-Energy Emotions|Amusement": 4.049060810534831,
    "Longing & Lust|Longing": 0.2728383743410985,
    "Positive High-Energy Emotions|Awe": 0.8433107214158073,
    "Physical and Exhaustive States|Fatigue/Exhaustion": -1.0671881239181933,
    "Negative Low-Energy Emotions|Bitterness": -0.0787666320274858,
    "Negative High-Energy Emotions|Disgust": 0.5953638178899008,
    "Positive Low-Energy Emotions|Thankfulness/Gratitude": 3.0970730138931644,
    "Positive High-Energy Emotions|Teasing": -0.27061888263725187,
    "Physical and Exhaustive States|Intoxication/Altered States of Consciousness": 0.4517646440030898,
    "Positive Low-Energy Emotions|Pride": 0.8671150970568552,
    "Negative Low-Energy Emotions|Embarrassment": -1.209025638449718,
    "Positive Low-Energy Emotions|Affection": 2.37059793685289,
    "Negative Low-Energy Emotions|Sadness": -0.4105071664908353,
    "Negative Low-Energy Emotions|Shame": -0.5928650504372576,
    "Positive High-Energy Emotions|Triumph": 0.42725630390293456,
    "Cognitive States and Processes|Concentration": -0.38116455042625175,
    "Physical and Exhaustive States|Sourness": -0.3986116552911699,
    "Physical and Exhaustive States|Pain": 0.15834430924233267,
    "Negative High-Energy Emotions|Fear": -0.02879480460329975
  }
}