{
  "key": [
    "projects",
    "empathic-insight-face-large",
    "flux_dev_one_0-51_s1428450969.png"
  ],
  "value": {
    "Negative High-Energy Emotions|Malevolence/Malice": -0.766589223249432,
    "Negative Low-Energy Emotions|Jealousy & Envy": -0.743279500945526,
    "Longing & Lust|Infatuation": 1.271591715554104,
    "Cognitive States and Processes|Confusion": -3.408841377976077,
    "Longing & Lust|Sexual Lust": 1.4357026790783687,
    "Positive High-Energy Emotions|Hope/Enthusiasm/Optimism": 4.9226216334148365,
    "Positive High-Energy Emotions|Interest": 0.7633594093844295,
    "Positive High-Energy Emotions|Elation": 8.283124282638378,
    "Negative Low-Energy Emotions|Disappointment": -3.114941556433983,
    "Negative High-Energy Emotions|Distress": -3.940184133981957,
    "Positive Low-Energy Emotions|Contemplation": -2.5044302980295,
    "Negative Low-Energy Emotions|Emotional Numbness": -2.7769689065108403,
    "Negative High-Energy Emotions|Impatience and Irritability": -2.0352078126743436,
    "Negative Low-Energy Emotions|Helplessness": -1.6517084437959335,
    "Negative Low-Energy Emotions|Contempt": -1.3326274275385281,
    "Positive High-Energy Emotions|Astonishment/Surprise": -0.5432728439196945,
    "Positive High-Energy Emotions|Pleasure/Ecstasy": 4.532608377258567,
    "Negative Low-Energy Emotions|Doubt": -2.6394196341542857,
    "Negative High-Energy Emotions|Anger": -1.0293164902925493,
    "Positive Low-Energy Emotions|Contentment": 4.868654762797934,
    "Positive Low-Energy Emotions|Relief": 2.5296045980821638,
    "Positive High-Energy Emotions|Amusement": 7.627699840991374,
    "Longing & Lust|Longing": 0.22158416148480575,
    "Positive High-Energy Emotions|Awe": -0.11459647844381182,
    "Physical and Exhaustive States|Fatigue/Exhaustion": -2.355486969209331,
    "Negative Low-Energy Emotions|Bitterness": -1.1713604211281328,
    "Negative High-Energy Emotions|Disgust": -1.287689723293571,
    "Positive Low-Energy Emotions|Thankfulness/Gratitude": 5.275043959728277,
    "Positive High-Energy Emotions|Teasing": 1.434958967704545,
    "Physical and Exhaustive States|Intoxication/Altered States of Consciousness": 0.5377969153882827,
    "Positive Low-Energy Emotions|Pride": 1.6961398887743844,
    "Negative Low-Energy Emotions|Embarrassment": -2.030347125876476,
    "Positive Low-Energy Emotions|Affection": 3.618901946290451,
    "Negative Low-Energy Emotions|Sadness": -1.5968296171286527,
    "Negative Low-Energy Emotions|Shame": -1.5066227322838763,
    "Positive High-Energy Emotions|Triumph": 1.0720980344975697,
    "Cognitive States and Processes|Concentration": -2.512499153259046,
    "Physical and Exhaustive States|Sourness": -0.3206730390153825,
    "Physical and Exhaustive States|Pain": -0.6154007507247083,
    "Negative High-Energy Emotions|Fear": -1.4520867262189003
  }
}