{
  "key": [
    "projects",
    "empathic-insight-face-large",
    "flux_prompt_10-image_313.png"
  ],
  "value": {
    "Negative High-Energy Emotions|Malevolence/Malice": -0.3669167150096859,
    "Negative Low-Energy Emotions|Jealousy & Envy": 0.9136209049382631,
    "Longing & Lust|Infatuation": 1.0758365504838088,
    "Cognitive States and Processes|Confusion": 0.17429571699844115,
    "Longing & Lust|Sexual Lust": 1.947229740540771,
    "Positive High-Energy Emotions|Hope/Enthusiasm/Optimism": -0.6013298970417065,
    "Positive High-Energy Emotions|Interest": 1.8091567872092127,
    "Positive High-Energy Emotions|Elation": -1.7306725236970713,
    "Negative Low-Energy Emotions|Disappointment": -0.36516805408412933,
    "Negative High-Energy Emotions|Distress": 1.13332150604795,
    "Positive Low-Energy Emotions|Contemplation": 1.4131830890783492,
    "Negative Low-Energy Emotions|Emotional Numbness": -1.6436379653105841,
    "Negative High-Energy Emotions|Impatience and Irritability": 0.933029587380588,
    "Negative Low-Energy Emotions|Helplessness": -0.9633966285340926,
    "Negative Low-Energy Emotions|Contempt": -0.7532936453424832,
    "Positive High-Energy Emotions|Astonishment/Surprise": 0.25198138657957303,
    "Positive High-Energy Emotions|Pleasure/Ecstasy": 0.42733554772594395,
    "Negative Low-Energy Emotions|Doubt": 0.29787461061194975,
    "Negative High-Energy Emotions|Anger": 1.2299935168027876,
    "Positive Low-Energy Emotions|Contentment": -2.083639944500345,
    "Positive Low-Energy Emotions|Relief": -0.9836632766355486,
    "Positive High-Energy Emotions|Amusement": -0.5140242686582839,
    "Longing & Lust|Longing": 0.10348065730389755,
    "Positive High-Energy Emotions|Awe": -0.026260249119471002,
    "Physical and Exhaustive States|Fatigue/Exhaustion": -0.6279907028442796,
    "Negative Low-Energy Emotions|Bitterness": -0.825193095154622,
    "Negative High-Energy Emotions|Disgust": -0.6203265564844889,
    "Positive Low-Energy Emotions|Thankfulness/Gratitude": -0.3519067810859311,
    "Positive High-Energy Emotions|Teasing": -0.30711647556327726,
    "Physical and Exhaustive States|Intoxication/Altered States of Consciousness": -0.24311315932256328,
    "Positive Low-Energy Emotions|Pride": 0.5389040875544443,
    "Negative Low-Energy Emotions|Embarrassment": -1.5752020052557483,
    "Positive Low-Energy Emotions|Affection": 0.8120276710829314,
    "Negative Low-Energy Emotions|Sadness": -0.8002518058875028,
    "Negative Low-Energy Emotions|Shame": -0.995578349234865,
    "Positive High-Energy Emotions|Triumph": 0.35283728229648925,
    "Cognitive States and Processes|Concentration": 0.44186133181785836,
    "Physical and Exhaustive States|Sourness": -0.443095376547426,
    "Physical and Exhaustive States|Pain": -0.05833335646811655,
    "Negative High-Energy Emotions|Fear": 0.03504343888119732
  }
}