{
  "key": [
    "projects",
    "empathic-insight-face-large",
    "flux_prompt_9-image_084.png"
  ],
  "value": {
    "Negative High-Energy Emotions|Malevolence/Malice": -0.10540658126639979,
    "Negative Low-Energy Emotions|Jealousy & Envy": -0.27768616293283066,
    "Longing & Lust|Infatuation": -1.3388477153681657,
    "Cognitive States and Processes|Confusion": -0.3925579850698877,
    "Longing & Lust|Sexual Lust": -1.8291609907939153,
    "Positive High-Energy Emotions|Hope/Enthusiasm/Optimism": -0.8528529149250073,
    "Positive High-Energy Emotions|Interest": -1.216485488601029,
    "Positive High-Energy Emotions|Elation": -0.25887195797746676,
    "Negative Low-Energy Emotions|Disappointment": 1.7794911074835587,
    "Negative High-Energy Emotions|Distress": 0.729434114957557,
    "Positive Low-Energy Emotions|Contemplation": 1.1353071292051498,
    "Negative Low-Energy Emotions|Emotional Numbness": -0.7240088683257209,
    "Negative High-Energy Emotions|Impatience and Irritability": -0.25162989366799593,
    "Negative Low-Energy Emotions|Helplessness": 0.8396403443462709,
    "Negative Low-Energy Emotions|Contempt": 0.5935445905126193,
    "Positive High-Energy Emotions|Astonishment/Surprise": 0.3811981767788528,
    "Positive High-Energy Emotions|Pleasure/Ecstasy": 1.380257735471515,
    "Negative Low-Energy Emotions|Doubt": -0.22938752572819154,
    "Negative High-Energy Emotions|Anger": 1.0664066618680952,
    "Positive Low-Energy Emotions|Contentment": -1.1240499863094269,
    "Positive Low-Energy Emotions|Relief": -0.9561769523252459,
    "Positive High-Energy Emotions|Amusement": -0.5150799861265456,
    "Longing & Lust|Longing": 0.905129311347572,
    "Positive High-Energy Emotions|Awe": 0.7784735040848747,
    "Physical and Exhaustive States|Fatigue/Exhaustion": 0.19224061562953632,
    "Negative Low-Energy Emotions|Bitterness": 1.0372889757682295,
    "Negative High-Energy Emotions|Disgust": 1.229555926997872,
    "Positive Low-Energy Emotions|Thankfulness/Gratitude": 0.1622052146110904,
    "Positive High-Energy Emotions|Teasing": -1.3122492699434654,
    "Physical and Exhaustive States|Intoxication/Altered States of Consciousness": -0.2525004140375291,
    "Positive Low-Energy Emotions|Pride": -1.1607703995595084,
    "Negative Low-Energy Emotions|Embarrassment": -0.8092096022253528,
    "Positive Low-Energy Emotions|Affection": 0.14479137276025378,
    "Negative Low-Energy Emotions|Sadness": 1.524631774320322,
    "Negative Low-Energy Emotions|Shame": 0.18161696135778638,
    "Positive High-Energy Emotions|Triumph": -1.9768247426783336,
    "Cognitive States and Processes|Concentration": -0.672980401309974,
    "Physical and Exhaustive States|Sourness": -0.3112244511209428,
    "Physical and Exhaustive States|Pain": 0.6412815260010607,
    "Negative High-Energy Emotions|Fear": 1.0829219128783134
  }
}