{
  "key": [
    "projects",
    "empathic-insight-face-large",
    "flux_dev_one_0-165_s440154001.png"
  ],
  "value": {
    "Negative High-Energy Emotions|Malevolence/Malice": 1.1157289605302845,
    "Negative Low-Energy Emotions|Jealousy & Envy": 2.125773505226654,
    "Longing & Lust|Infatuation": -2.7202111072443866,
    "Cognitive States and Processes|Confusion": 2.536040180442197,
    "Longing & Lust|Sexual Lust": -0.9393010760142522,
    "Positive High-Energy Emotions|Hope/Enthusiasm/Optimism": -3.0656107407764477,
    "Positive High-Energy Emotions|Interest": -2.4345599295571447,
    "Positive High-Energy Emotions|Elation": -3.8083879205781748,
    "Negative Low-Energy Emotions|Disappointment": 4.926859419365577,
    "Negative High-Energy Emotions|Distress": 2.561501008535133,
    "Positive Low-Energy Emotions|Contemplation": -1.917013887583333,
    "Negative Low-Energy Emotions|Emotional Numbness": -1.9492947560439216,
    "Negative High-Energy Emotions|Impatience and Irritability": 2.698224659077823,
    "Negative Low-Energy Emotions|Helplessness": 2.177418510282741,
    "Negative Low-Energy Emotions|Contempt": 2.1887479752696613,
    "Positive High-Energy Emotions|Astonishment/Surprise": -0.5622364192828537,
    "Positive High-Energy Emotions|Pleasure/Ecstasy": -3.759252918441506,
    "Negative Low-Energy Emotions|Doubt": 2.0310453583689076,
    "Negative High-Energy Emotions|Anger": 2.2942986434698103,
    "Positive Low-Energy Emotions|Contentment": -2.9687708267635284,
    "Positive Low-Energy Emotions|Relief": -1.148869947396657,
    "Positive High-Energy Emotions|Amusement": -4.147777568371419,
    "Longing & Lust|Longing": -0.600373963152798,
    "Positive High-Energy Emotions|Awe": -0.9737991018111214,
    "Physical and Exhaustive States|Fatigue/Exhaustion": -0.23630760119022687,
    "Negative Low-Energy Emotions|Bitterness": 2.060906630807063,
    "Negative High-Energy Emotions|Disgust": 1.928516618688317,
    "Positive Low-Energy Emotions|Thankfulness/Gratitude": -1.9369478272285092,
    "Positive High-Energy Emotions|Teasing": -1.2495518593599693,
    "Physical and Exhaustive States|Intoxication/Altered States of Consciousness": 0.3210644134046401,
    "Positive Low-Energy Emotions|Pride": -2.8195722532162772,
    "Negative Low-Energy Emotions|Embarrassment": 1.2383938410396085,
    "Positive Low-Energy Emotions|Affection": -2.6319890239396515,
    "Negative Low-Energy Emotions|Sadness": 0.5190144537827548,
    "Negative Low-Energy Emotions|Shame": 1.4907385700919171,
    "Positive High-Energy Emotions|Triumph": -2.881000262621571,
    "Cognitive States and Processes|Concentration": 0.6454023722383906,
    "Physical and Exhaustive States|Sourness": 0.9018405174650252,
    "Physical and Exhaustive States|Pain": 2.6009068893509752,
    "Negative High-Energy Emotions|Fear": 1.4670363645847229
  }
}