{
  "key": [
    "projects",
    "empathic-insight-face-large",
    "flux_prompt_9-image_159.png"
  ],
  "value": {
    "Negative High-Energy Emotions|Malevolence/Malice": -1.0301254380779232,
    "Negative Low-Energy Emotions|Jealousy & Envy": -1.659938617690521,
    "Longing & Lust|Infatuation": 2.03333912421237,
    "Cognitive States and Processes|Confusion": -4.0349767272497585,
    "Longing & Lust|Sexual Lust": 0.43251365176895096,
    "Positive High-Energy Emotions|Hope/Enthusiasm/Optimism": 3.970690872077556,
    "Positive High-Energy Emotions|Interest": 3.4517067788168787,
    "Positive High-Energy Emotions|Elation": 4.097730233947582,
    "Negative Low-Energy Emotions|Disappointment": -2.38090701816494,
    "Negative High-Energy Emotions|Distress": -2.419676798319115,
    "Positive Low-Energy Emotions|Contemplation": 2.0313448866018478,
    "Negative Low-Energy Emotions|Emotional Numbness": -1.9804532033095466,
    "Negative High-Energy Emotions|Impatience and Irritability": 0.12191599141806364,
    "Negative Low-Energy Emotions|Helplessness": -2.290383418237462,
    "Negative Low-Energy Emotions|Contempt": -1.6068576693140408,
    "Positive High-Energy Emotions|Astonishment/Surprise": 1.477121779359877,
    "Positive High-Energy Emotions|Pleasure/Ecstasy": 3.0512819164202494,
    "Negative Low-Energy Emotions|Doubt": -2.443018991759266,
    "Negative High-Energy Emotions|Anger": 0.4369696921110151,
    "Positive Low-Energy Emotions|Contentment": 4.072138940387351,
    "Positive Low-Energy Emotions|Relief": 1.6466916940580396,
    "Positive High-Energy Emotions|Amusement": 3.884635795085307,
    "Longing & Lust|Longing": 1.0716437080150525,
    "Positive High-Energy Emotions|Awe": 3.6172012167161003,
    "Physical and Exhaustive States|Fatigue/Exhaustion": -1.183579305863994,
    "Negative Low-Energy Emotions|Bitterness": -2.2398690461586503,
    "Negative High-Energy Emotions|Disgust": -1.415488280575065,
    "Positive Low-Energy Emotions|Thankfulness/Gratitude": 3.3174886656914127,
    "Positive High-Energy Emotions|Teasing": -0.045478072624434485,
    "Physical and Exhaustive States|Intoxication/Altered States of Consciousness": -0.37972950854283916,
    "Positive Low-Energy Emotions|Pride": 1.3033642339815987,
    "Negative Low-Energy Emotions|Embarrassment": -2.437738912451793,
    "Positive Low-Energy Emotions|Affection": 2.4888889572462616,
    "Negative Low-Energy Emotions|Sadness": -1.1398309112647,
    "Negative Low-Energy Emotions|Shame": -1.7342798119805316,
    "Positive High-Energy Emotions|Triumph": 0.8280792413914905,
    "Cognitive States and Processes|Concentration": -0.27851307356620536,
    "Physical and Exhaustive States|Sourness": -1.2070305848680436,
    "Physical and Exhaustive States|Pain": -1.2526673866194837,
    "Negative High-Energy Emotions|Fear": -1.3196380529706093
  }
}