{
  "key": [
    "projects",
    "empathic-insight-face-large",
    "flux_prompt_9-image_040.png"
  ],
  "value": {
    "Negative High-Energy Emotions|Malevolence/Malice": 0.5978394161624943,
    "Negative Low-Energy Emotions|Jealousy & Envy": 0.31509108926443496,
    "Longing & Lust|Infatuation": 0.26706431437502887,
    "Cognitive States and Processes|Confusion": -1.462541348221438,
    "Longing & Lust|Sexual Lust": 1.8945378934548183,
    "Positive High-Energy Emotions|Hope/Enthusiasm/Optimism": 0.806692387466045,
    "Positive High-Energy Emotions|Interest": 0.9566128371283412,
    "Positive High-Energy Emotions|Elation": 1.9268406179350088,
    "Negative Low-Energy Emotions|Disappointment": -0.08201881168300629,
    "Negative High-Energy Emotions|Distress": -1.258559244608178,
    "Positive Low-Energy Emotions|Contemplation": 0.16292392808286582,
    "Negative Low-Energy Emotions|Emotional Numbness": -2.16788859187461,
    "Negative High-Energy Emotions|Impatience and Irritability": -0.8294444726780057,
    "Negative Low-Energy Emotions|Helplessness": 0.09583399709533247,
    "Negative Low-Energy Emotions|Contempt": -0.28937329049934357,
    "Positive High-Energy Emotions|Astonishment/Surprise": 0.16557372514158475,
    "Positive High-Energy Emotions|Pleasure/Ecstasy": 2.11289672784069,
    "Negative Low-Energy Emotions|Doubt": -1.5187041352300301,
    "Negative High-Energy Emotions|Anger": 0.4460486716032026,
    "Positive Low-Energy Emotions|Contentment": -1.8988364586299835,
    "Positive Low-Energy Emotions|Relief": 0.6313717208276777,
    "Positive High-Energy Emotions|Amusement": 1.1026279220269883,
    "Longing & Lust|Longing": 0.6404650413638036,
    "Positive High-Energy Emotions|Awe": 1.1623960213845268,
    "Physical and Exhaustive States|Fatigue/Exhaustion": -1.3966334860092577,
    "Negative Low-Energy Emotions|Bitterness": 1.5158193529178114,
    "Negative High-Energy Emotions|Disgust": 1.0330782754018026,
    "Positive Low-Energy Emotions|Thankfulness/Gratitude": 2.147492344490088,
    "Positive High-Energy Emotions|Teasing": -0.4515151648332968,
    "Physical and Exhaustive States|Intoxication/Altered States of Consciousness": 1.0689562194706763,
    "Positive Low-Energy Emotions|Pride": 0.9937558937182321,
    "Negative Low-Energy Emotions|Embarrassment": -1.7730343512182727,
    "Positive Low-Energy Emotions|Affection": 0.7501391253313597,
    "Negative Low-Energy Emotions|Sadness": -0.5194207073309842,
    "Negative Low-Energy Emotions|Shame": -0.054212511184022705,
    "Positive High-Energy Emotions|Triumph": 0.07488312112934448,
    "Cognitive States and Processes|Concentration": 0.22297310864662423,
    "Physical and Exhaustive States|Sourness": -0.39419662004336714,
    "Physical and Exhaustive States|Pain": -0.09352012404624155,
    "Negative High-Energy Emotions|Fear": 0.8985827769930748
  }
}