{
  "key": [
    "projects",
    "empathic-insight-face-large",
    "flux_prompt_10-image_458.png"
  ],
  "value": {
    "Negative High-Energy Emotions|Malevolence/Malice": -1.1246641267375912,
    "Negative Low-Energy Emotions|Jealousy & Envy": -0.31409172628732285,
    "Longing & Lust|Infatuation": 2.019379835615263,
    "Cognitive States and Processes|Confusion": 2.336871855971677,
    "Longing & Lust|Sexual Lust": 3.263526616017608,
    "Positive High-Energy Emotions|Hope/Enthusiasm/Optimism": 0.1768661993785816,
    "Positive High-Energy Emotions|Interest": 3.234387528710067,
    "Positive High-Energy Emotions|Elation": 2.310262098590679,
    "Negative Low-Energy Emotions|Disappointment": -0.8412329745095444,
    "Negative High-Energy Emotions|Distress": -1.8593466458075187,
    "Positive Low-Energy Emotions|Contemplation": -0.02093708914430703,
    "Negative Low-Energy Emotions|Emotional Numbness": -1.3926310044417487,
    "Negative High-Energy Emotions|Impatience and Irritability": -0.647417132742703,
    "Negative Low-Energy Emotions|Helplessness": -0.548380811845555,
    "Negative Low-Energy Emotions|Contempt": -1.3329819559656522,
    "Positive High-Energy Emotions|Astonishment/Surprise": 4.467020162977278,
    "Positive High-Energy Emotions|Pleasure/Ecstasy": 2.26448683671215,
    "Negative Low-Energy Emotions|Doubt": -1.805734474471058,
    "Negative High-Energy Emotions|Anger": 0.08417218387126901,
    "Positive Low-Energy Emotions|Contentment": -1.8083322891658722,
    "Positive Low-Energy Emotions|Relief": -0.2431773700345965,
    "Positive High-Energy Emotions|Amusement": -0.950447093517903,
    "Longing & Lust|Longing": 0.38300355311688583,
    "Positive High-Energy Emotions|Awe": 4.488299258250525,
    "Physical and Exhaustive States|Fatigue/Exhaustion": -1.2449422876602587,
    "Negative Low-Energy Emotions|Bitterness": -1.5748872041176347,
    "Negative High-Energy Emotions|Disgust": -0.5940680878565592,
    "Positive Low-Energy Emotions|Thankfulness/Gratitude": -0.6727976845588315,
    "Positive High-Energy Emotions|Teasing": 0.2613125176618204,
    "Physical and Exhaustive States|Intoxication/Altered States of Consciousness": 0.43716496310251607,
    "Positive Low-Energy Emotions|Pride": -0.2655872945377932,
    "Negative Low-Energy Emotions|Embarrassment": -0.2923262289648547,
    "Positive Low-Energy Emotions|Affection": -0.842840454832596,
    "Negative Low-Energy Emotions|Sadness": -0.9382029415228788,
    "Negative Low-Energy Emotions|Shame": -0.8234884148858049,
    "Positive High-Energy Emotions|Triumph": -0.19751231086604737,
    "Cognitive States and Processes|Concentration": -0.27681350672507987,
    "Physical and Exhaustive States|Sourness": -1.0429039502702653,
    "Physical and Exhaustive States|Pain": -0.21363874205771616,
    "Negative High-Energy Emotions|Fear": 2.1301610674555684
  }
}