{
  "key": [
    "projects",
    "empathic-insight-face-large",
    "flux_dev_one_0-118_s2373769382.png"
  ],
  "value": {
    "Negative High-Energy Emotions|Malevolence/Malice": -1.4128418553905453,
    "Negative Low-Energy Emotions|Jealousy & Envy": -1.6116912803492125,
    "Longing & Lust|Infatuation": 0.7782661728955367,
    "Cognitive States and Processes|Confusion": 2.0652310783837864,
    "Longing & Lust|Sexual Lust": 1.2690226411030574,
    "Positive High-Energy Emotions|Hope/Enthusiasm/Optimism": 2.873799707297893,
    "Positive High-Energy Emotions|Interest": 3.015380751900375,
    "Positive High-Energy Emotions|Elation": 6.307612493316478,
    "Negative Low-Energy Emotions|Disappointment": -2.350593526343651,
    "Negative High-Energy Emotions|Distress": -1.4706901488058708,
    "Positive Low-Energy Emotions|Contemplation": -1.4622949401727494,
    "Negative Low-Energy Emotions|Emotional Numbness": -2.8878848057875737,
    "Negative High-Energy Emotions|Impatience and Irritability": -2.0104787992313504,
    "Negative Low-Energy Emotions|Helplessness": -0.8915236789338729,
    "Negative Low-Energy Emotions|Contempt": -1.6175946116053006,
    "Positive High-Energy Emotions|Astonishment/Surprise": 4.933733114637434,
    "Positive High-Energy Emotions|Pleasure/Ecstasy": 4.133144246856956,
    "Negative Low-Energy Emotions|Doubt": -0.5276212583093302,
    "Negative High-Energy Emotions|Anger": -1.3252692872285845,
    "Positive Low-Energy Emotions|Contentment": -2.170065725750345,
    "Positive Low-Energy Emotions|Relief": 2.0070763669382123,
    "Positive High-Energy Emotions|Amusement": 5.024419296710368,
    "Longing & Lust|Longing": 0.3598749243861119,
    "Positive High-Energy Emotions|Awe": 5.880533822078039,
    "Physical and Exhaustive States|Fatigue/Exhaustion": -1.8057418863541064,
    "Negative Low-Energy Emotions|Bitterness": -2.1581973313759355,
    "Negative High-Energy Emotions|Disgust": -0.4527483361170572,
    "Positive Low-Energy Emotions|Thankfulness/Gratitude": 1.4427833510551822,
    "Positive High-Energy Emotions|Teasing": 1.0636678369233712,
    "Physical and Exhaustive States|Intoxication/Altered States of Consciousness": 1.7718866475583877,
    "Positive Low-Energy Emotions|Pride": -0.278217176038991,
    "Negative Low-Energy Emotions|Embarrassment": -1.5820458105688586,
    "Positive Low-Energy Emotions|Affection": -1.7113447406449738,
    "Negative Low-Energy Emotions|Sadness": -1.0704675556281034,
    "Negative Low-Energy Emotions|Shame": -0.5707641249917009,
    "Positive High-Energy Emotions|Triumph": 0.6855075536931262,
    "Cognitive States and Processes|Concentration": -1.9993388053205083,
    "Physical and Exhaustive States|Sourness": -0.45161061530932783,
    "Physical and Exhaustive States|Pain": -0.07714839705649545,
    "Negative High-Energy Emotions|Fear": 1.521376950650969
  }
}