{
  "key": [
    "projects",
    "empathic-insight-face-large",
    "flux_dev_one_0-33_s90364259.png"
  ],
  "value": {
    "Negative High-Energy Emotions|Malevolence/Malice": -1.1370063413219418,
    "Negative Low-Energy Emotions|Jealousy & Envy": -2.366656824096161,
    "Longing & Lust|Infatuation": -1.2295571155451677,
    "Cognitive States and Processes|Confusion": -3.221243149521487,
    "Longing & Lust|Sexual Lust": 1.3112791155979915,
    "Positive High-Energy Emotions|Hope/Enthusiasm/Optimism": 6.397508289222332,
    "Positive High-Energy Emotions|Interest": -2.193678009696305,
    "Positive High-Energy Emotions|Elation": 9.670430972854442,
    "Negative Low-Energy Emotions|Disappointment": -4.45581050632412,
    "Negative High-Energy Emotions|Distress": -5.767471807932153,
    "Positive Low-Energy Emotions|Contemplation": -6.982341293512898,
    "Negative Low-Energy Emotions|Emotional Numbness": -4.152452419389259,
    "Negative High-Energy Emotions|Impatience and Irritability": -2.901116673834622,
    "Negative Low-Energy Emotions|Helplessness": -2.886967499887242,
    "Negative Low-Energy Emotions|Contempt": -1.5800460695825955,
    "Positive High-Energy Emotions|Astonishment/Surprise": 0.34472478333860623,
    "Positive High-Energy Emotions|Pleasure/Ecstasy": 5.716851817886619,
    "Negative Low-Energy Emotions|Doubt": -4.0762666056661265,
    "Negative High-Energy Emotions|Anger": -1.5485873872041704,
    "Positive Low-Energy Emotions|Contentment": 4.101304089122397,
    "Positive Low-Energy Emotions|Relief": 3.4629552803407697,
    "Positive High-Energy Emotions|Amusement": 8.38728617521989,
    "Longing & Lust|Longing": -0.9755471742505153,
    "Positive High-Energy Emotions|Awe": 1.8273094372933403,
    "Physical and Exhaustive States|Fatigue/Exhaustion": -3.166512827134746,
    "Negative Low-Energy Emotions|Bitterness": -1.6753172158669023,
    "Negative High-Energy Emotions|Disgust": -0.9267363922999186,
    "Positive Low-Energy Emotions|Thankfulness/Gratitude": 5.911102767101324,
    "Positive High-Energy Emotions|Teasing": 2.020313415069352,
    "Physical and Exhaustive States|Intoxication/Altered States of Consciousness": 0.9508770265342559,
    "Positive Low-Energy Emotions|Pride": 1.6767887640108956,
    "Negative Low-Energy Emotions|Embarrassment": -2.0120239428167834,
    "Positive Low-Energy Emotions|Affection": 2.581776358827072,
    "Negative Low-Energy Emotions|Sadness": -2.6388475538351956,
    "Negative Low-Energy Emotions|Shame": -2.002260387542055,
    "Positive High-Energy Emotions|Triumph": 1.2758262335026966,
    "Cognitive States and Processes|Concentration": -3.9958048459317754,
    "Physical and Exhaustive States|Sourness": -1.0711300874315202,
    "Physical and Exhaustive States|Pain": -1.319048364250099,
    "Negative High-Energy Emotions|Fear": -1.0074670706097695
  }
}