{
  "key": [
    "projects",
    "empathic-insight-face-large",
    "flux_prompt_10-image_405.png"
  ],
  "value": {
    "Negative High-Energy Emotions|Malevolence/Malice": -0.48821073661613124,
    "Negative Low-Energy Emotions|Jealousy & Envy": 0.6103303589978639,
    "Longing & Lust|Infatuation": 2.8235552721119976,
    "Cognitive States and Processes|Confusion": -2.49230743098511,
    "Longing & Lust|Sexual Lust": 3.3534745549366756,
    "Positive High-Energy Emotions|Hope/Enthusiasm/Optimism": 0.6039523738666492,
    "Positive High-Energy Emotions|Interest": 1.7199761984869837,
    "Positive High-Energy Emotions|Elation": 0.31266291407758695,
    "Negative Low-Energy Emotions|Disappointment": -0.09421463725978851,
    "Negative High-Energy Emotions|Distress": -2.618784922098412,
    "Positive Low-Energy Emotions|Contemplation": 0.6592694481023971,
    "Negative Low-Energy Emotions|Emotional Numbness": -1.4355773430953132,
    "Negative High-Energy Emotions|Impatience and Irritability": -0.41480786073952913,
    "Negative Low-Energy Emotions|Helplessness": -0.597718437349095,
    "Negative Low-Energy Emotions|Contempt": -1.1334713816248319,
    "Positive High-Energy Emotions|Astonishment/Surprise": -0.3111156135424973,
    "Positive High-Energy Emotions|Pleasure/Ecstasy": 1.7486806981966776,
    "Negative Low-Energy Emotions|Doubt": -1.719127971938099,
    "Negative High-Energy Emotions|Anger": 0.4651812857389448,
    "Positive Low-Energy Emotions|Contentment": -0.08433708042563781,
    "Positive Low-Energy Emotions|Relief": 0.5489917240510969,
    "Positive High-Energy Emotions|Amusement": 1.6858288982795442,
    "Longing & Lust|Longing": 0.44328924056348007,
    "Positive High-Energy Emotions|Awe": -0.18557345102376788,
    "Physical and Exhaustive States|Fatigue/Exhaustion": -1.196981291032451,
    "Negative Low-Energy Emotions|Bitterness": -0.7059447049568681,
    "Negative High-Energy Emotions|Disgust": -0.6778893845484537,
    "Positive Low-Energy Emotions|Thankfulness/Gratitude": 1.666717167011298,
    "Positive High-Energy Emotions|Teasing": 0.4199251563737497,
    "Physical and Exhaustive States|Intoxication/Altered States of Consciousness": -0.36082875647527324,
    "Positive Low-Energy Emotions|Pride": 1.2787824440112008,
    "Negative Low-Energy Emotions|Embarrassment": -0.4493038824682727,
    "Positive Low-Energy Emotions|Affection": 2.218051173432785,
    "Negative Low-Energy Emotions|Sadness": -1.0897119880774442,
    "Negative Low-Energy Emotions|Shame": -1.0232232219002704,
    "Positive High-Energy Emotions|Triumph": 0.5703396974766956,
    "Cognitive States and Processes|Concentration": 0.48838466441368356,
    "Physical and Exhaustive States|Sourness": -0.30133455043658613,
    "Physical and Exhaustive States|Pain": -0.03228994139853647,
    "Negative High-Energy Emotions|Fear": -1.3765001688305947
  }
}