{
  "key": [
    "projects",
    "empathic-insight-face-large",
    "flux_prompt_9-image_196.png"
  ],
  "value": {
    "Negative High-Energy Emotions|Malevolence/Malice": 0.6126037250919376,
    "Negative Low-Energy Emotions|Jealousy & Envy": 1.6828159251370851,
    "Longing & Lust|Infatuation": 1.9045713954068282,
    "Cognitive States and Processes|Confusion": -0.9606573646093775,
    "Longing & Lust|Sexual Lust": 3.642327246587066,
    "Positive High-Energy Emotions|Hope/Enthusiasm/Optimism": 0.10954609096488532,
    "Positive High-Energy Emotions|Interest": -0.016459185071289517,
    "Positive High-Energy Emotions|Elation": 3.828474476615734,
    "Negative Low-Energy Emotions|Disappointment": 0.8028669762808609,
    "Negative High-Energy Emotions|Distress": -2.013016003107323,
    "Positive Low-Energy Emotions|Contemplation": -0.5062975923410233,
    "Negative Low-Energy Emotions|Emotional Numbness": -0.4423040252814398,
    "Negative High-Energy Emotions|Impatience and Irritability": -1.2967496560886502,
    "Negative Low-Energy Emotions|Helplessness": -0.36854084316421953,
    "Negative Low-Energy Emotions|Contempt": -0.2149464010797879,
    "Positive High-Energy Emotions|Astonishment/Surprise": 0.7292625993862747,
    "Positive High-Energy Emotions|Pleasure/Ecstasy": 2.446236240188865,
    "Negative Low-Energy Emotions|Doubt": -1.4199170659093514,
    "Negative High-Energy Emotions|Anger": 0.09053867518901804,
    "Positive Low-Energy Emotions|Contentment": -0.7605617889827667,
    "Positive Low-Energy Emotions|Relief": 0.12156538585529608,
    "Positive High-Energy Emotions|Amusement": 2.042863954036113,
    "Longing & Lust|Longing": 0.131681700909702,
    "Positive High-Energy Emotions|Awe": 0.9392401056473747,
    "Physical and Exhaustive States|Fatigue/Exhaustion": -1.0224667589432177,
    "Negative Low-Energy Emotions|Bitterness": 1.1705956876803847,
    "Negative High-Energy Emotions|Disgust": 0.467198692043038,
    "Positive Low-Energy Emotions|Thankfulness/Gratitude": -0.4425435112800229,
    "Positive High-Energy Emotions|Teasing": 0.08337536766029452,
    "Physical and Exhaustive States|Intoxication/Altered States of Consciousness": 0.14439165673273457,
    "Positive Low-Energy Emotions|Pride": 1.089917855273713,
    "Negative Low-Energy Emotions|Embarrassment": -0.5060122183447375,
    "Positive Low-Energy Emotions|Affection": 1.7059186479887543,
    "Negative Low-Energy Emotions|Sadness": -0.7892833591559354,
    "Negative Low-Energy Emotions|Shame": -0.45713454544763354,
    "Positive High-Energy Emotions|Triumph": 0.011235582705806268,
    "Cognitive States and Processes|Concentration": -0.9702087041165899,
    "Physical and Exhaustive States|Sourness": -0.4073684716783464,
    "Physical and Exhaustive States|Pain": -0.33170791396323374,
    "Negative High-Energy Emotions|Fear": 0.6976289357836631
  }
}