{
  "key": [
    "projects",
    "empathic-insight-face-large",
    "flux_prompt_9-image_207.png"
  ],
  "value": {
    "Negative High-Energy Emotions|Malevolence/Malice": 0.9240357290668522,
    "Negative Low-Energy Emotions|Jealousy & Envy": 1.4970705964723054,
    "Longing & Lust|Infatuation": -1.0082331485651872,
    "Cognitive States and Processes|Confusion": 0.3846700127099585,
    "Longing & Lust|Sexual Lust": -0.3733420992686467,
    "Positive High-Energy Emotions|Hope/Enthusiasm/Optimism": -1.3621636372760815,
    "Positive High-Energy Emotions|Interest": -2.4908925177529455,
    "Positive High-Energy Emotions|Elation": -1.7854096147615244,
    "Negative Low-Energy Emotions|Disappointment": 4.02608601333683,
    "Negative High-Energy Emotions|Distress": 2.457840663457618,
    "Positive Low-Energy Emotions|Contemplation": 0.12262555557577048,
    "Negative Low-Energy Emotions|Emotional Numbness": -1.2799843054900275,
    "Negative High-Energy Emotions|Impatience and Irritability": -0.07591373194009066,
    "Negative Low-Energy Emotions|Helplessness": 1.7806894582159378,
    "Negative Low-Energy Emotions|Contempt": 1.7021320939458469,
    "Positive High-Energy Emotions|Astonishment/Surprise": -0.3939117103442551,
    "Positive High-Energy Emotions|Pleasure/Ecstasy": -0.15056146450779018,
    "Negative Low-Energy Emotions|Doubt": 0.45776347417548735,
    "Negative High-Energy Emotions|Anger": 1.0829803293943403,
    "Positive Low-Energy Emotions|Contentment": -2.49370988697471,
    "Positive Low-Energy Emotions|Relief": -0.4247821130384417,
    "Positive High-Energy Emotions|Amusement": -2.232757579357747,
    "Longing & Lust|Longing": 0.8306107574349324,
    "Positive High-Energy Emotions|Awe": -0.17384087274618,
    "Physical and Exhaustive States|Fatigue/Exhaustion": -0.2154320280319627,
    "Negative Low-Energy Emotions|Bitterness": 2.0402549326945754,
    "Negative High-Energy Emotions|Disgust": 1.8333498162820059,
    "Positive Low-Energy Emotions|Thankfulness/Gratitude": -0.6340215252723325,
    "Positive High-Energy Emotions|Teasing": -1.5548973946382896,
    "Physical and Exhaustive States|Intoxication/Altered States of Consciousness": -0.6160100690363084,
    "Positive Low-Energy Emotions|Pride": -1.3929053974042045,
    "Negative Low-Energy Emotions|Embarrassment": 0.015628559243153095,
    "Positive Low-Energy Emotions|Affection": -1.0441578843751373,
    "Negative Low-Energy Emotions|Sadness": 1.7845865248581942,
    "Negative Low-Energy Emotions|Shame": 1.149527131912901,
    "Positive High-Energy Emotions|Triumph": -2.4359373868738903,
    "Cognitive States and Processes|Concentration": -0.2549640532758306,
    "Physical and Exhaustive States|Sourness": -0.0905405188165605,
    "Physical and Exhaustive States|Pain": 1.0467862295227892,
    "Negative High-Energy Emotions|Fear": 0.86942913195447
  }
}