{
  "key": [
    "projects",
    "empathic-insight-face-large",
    "flux_prompt_9-image_229.png"
  ],
  "value": {
    "Negative High-Energy Emotions|Malevolence/Malice": -0.5555813897685971,
    "Negative Low-Energy Emotions|Jealousy & Envy": 1.4049238720097963,
    "Longing & Lust|Infatuation": -1.211994010915651,
    "Cognitive States and Processes|Confusion": 2.695153587577207,
    "Longing & Lust|Sexual Lust": -0.3753750944926457,
    "Positive High-Energy Emotions|Hope/Enthusiasm/Optimism": -2.08338723003426,
    "Positive High-Energy Emotions|Interest": -1.9607416274026037,
    "Positive High-Energy Emotions|Elation": -1.8763515207368662,
    "Negative Low-Energy Emotions|Disappointment": 4.675999443550758,
    "Negative High-Energy Emotions|Distress": 3.2294289889581065,
    "Positive Low-Energy Emotions|Contemplation": -1.7432363073221024,
    "Negative Low-Energy Emotions|Emotional Numbness": -1.6901926499495612,
    "Negative High-Energy Emotions|Impatience and Irritability": -0.10621935594826937,
    "Negative Low-Energy Emotions|Helplessness": 1.0891607057697632,
    "Negative Low-Energy Emotions|Contempt": 0.8530393720067599,
    "Positive High-Energy Emotions|Astonishment/Surprise": 1.8959754795208572,
    "Positive High-Energy Emotions|Pleasure/Ecstasy": -2.3276280290677267,
    "Negative Low-Energy Emotions|Doubt": 1.0724121739359245,
    "Negative High-Energy Emotions|Anger": 0.35012643992900827,
    "Positive Low-Energy Emotions|Contentment": -3.0545509705013214,
    "Positive Low-Energy Emotions|Relief": -1.3171336211790057,
    "Positive High-Energy Emotions|Amusement": -3.632586967022542,
    "Longing & Lust|Longing": -0.3082340753430446,
    "Positive High-Energy Emotions|Awe": 0.90786398221903,
    "Physical and Exhaustive States|Fatigue/Exhaustion": -0.13531229898990949,
    "Negative Low-Energy Emotions|Bitterness": 1.0530638814498396,
    "Negative High-Energy Emotions|Disgust": 2.0654057187630848,
    "Positive Low-Energy Emotions|Thankfulness/Gratitude": -1.5083427475776303,
    "Positive High-Energy Emotions|Teasing": -1.1572342781832115,
    "Physical and Exhaustive States|Intoxication/Altered States of Consciousness": 0.04160440049188985,
    "Positive Low-Energy Emotions|Pride": -2.820132536877166,
    "Negative Low-Energy Emotions|Embarrassment": 2.83911309922881,
    "Positive Low-Energy Emotions|Affection": -2.1276037910142365,
    "Negative Low-Energy Emotions|Sadness": 1.2177132128617343,
    "Negative Low-Energy Emotions|Shame": 1.0763814741351148,
    "Positive High-Energy Emotions|Triumph": -3.232889157656361,
    "Cognitive States and Processes|Concentration": -0.896753519418485,
    "Physical and Exhaustive States|Sourness": -0.129207482393831,
    "Physical and Exhaustive States|Pain": 0.6552060054856188,
    "Negative High-Energy Emotions|Fear": 2.724768837898531
  }
}