{
  "key": [
    "projects",
    "empathic-insight-face-large",
    "flux_prompt_10-image_257.png"
  ],
  "value": {
    "Negative High-Energy Emotions|Malevolence/Malice": -0.055053292615887095,
    "Negative Low-Energy Emotions|Jealousy & Envy": 0.04974027063040176,
    "Longing & Lust|Infatuation": -1.884894926061525,
    "Cognitive States and Processes|Confusion": -0.8534066741491724,
    "Longing & Lust|Sexual Lust": -0.5040789271189885,
    "Positive High-Energy Emotions|Hope/Enthusiasm/Optimism": 0.10028460205039558,
    "Positive High-Energy Emotions|Interest": -0.46754359025508163,
    "Positive High-Energy Emotions|Elation": -0.5939876291353037,
    "Negative Low-Energy Emotions|Disappointment": 0.6540944981772232,
    "Negative High-Energy Emotions|Distress": 0.4392480077988961,
    "Positive Low-Energy Emotions|Contemplation": -0.13697499436052407,
    "Negative Low-Energy Emotions|Emotional Numbness": -1.0945058566222297,
    "Negative High-Energy Emotions|Impatience and Irritability": 0.6169244600459933,
    "Negative Low-Energy Emotions|Helplessness": 0.7122159701235155,
    "Negative Low-Energy Emotions|Contempt": 0.12828956846366912,
    "Positive High-Energy Emotions|Astonishment/Surprise": 0.5500928253307937,
    "Positive High-Energy Emotions|Pleasure/Ecstasy": 1.8339478843615336,
    "Negative Low-Energy Emotions|Doubt": -0.6685590932874338,
    "Negative High-Energy Emotions|Anger": 2.052649909853935,
    "Positive Low-Energy Emotions|Contentment": -0.13559755176963195,
    "Positive Low-Energy Emotions|Relief": -1.028651908837697,
    "Positive High-Energy Emotions|Amusement": -0.9267873874021804,
    "Longing & Lust|Longing": 0.895288584495155,
    "Positive High-Energy Emotions|Awe": 0.776978858012487,
    "Physical and Exhaustive States|Fatigue/Exhaustion": -0.28043315813602765,
    "Negative Low-Energy Emotions|Bitterness": -0.16195349688039107,
    "Negative High-Energy Emotions|Disgust": -0.022285618107108496,
    "Positive Low-Energy Emotions|Thankfulness/Gratitude": -0.7338445233192075,
    "Positive High-Energy Emotions|Teasing": -1.3952942757418052,
    "Physical and Exhaustive States|Intoxication/Altered States of Consciousness": -0.5562016955850755,
    "Positive Low-Energy Emotions|Pride": -0.12786374806262116,
    "Negative Low-Energy Emotions|Embarrassment": -1.1564798525457873,
    "Positive Low-Energy Emotions|Affection": 0.35001657222123705,
    "Negative Low-Energy Emotions|Sadness": -0.26249750863103305,
    "Negative Low-Energy Emotions|Shame": -0.28185802757959155,
    "Positive High-Energy Emotions|Triumph": -1.155477982882191,
    "Cognitive States and Processes|Concentration": -0.2685658928182195,
    "Physical and Exhaustive States|Sourness": -1.0270619893632829,
    "Physical and Exhaustive States|Pain": 0.9473014282303698,
    "Negative High-Energy Emotions|Fear": 0.7875448074038414
  }
}