{
  "key": [
    "projects",
    "empathic-insight-face-large",
    "flux_prompt_10-image_267.png"
  ],
  "value": {
    "Negative High-Energy Emotions|Malevolence/Malice": -0.6161101449565853,
    "Negative Low-Energy Emotions|Jealousy & Envy": 0.4190457620778505,
    "Longing & Lust|Infatuation": 1.409303989300833,
    "Cognitive States and Processes|Confusion": 3.2212064201806614,
    "Longing & Lust|Sexual Lust": 3.52879017345169,
    "Positive High-Energy Emotions|Hope/Enthusiasm/Optimism": -1.1885817986682934,
    "Positive High-Energy Emotions|Interest": 4.212867867760361,
    "Positive High-Energy Emotions|Elation": -0.17884866925066012,
    "Negative Low-Energy Emotions|Disappointment": -2.192283112983055,
    "Negative High-Energy Emotions|Distress": -2.4892387566321035,
    "Positive Low-Energy Emotions|Contemplation": -5.13713407915743,
    "Negative Low-Energy Emotions|Emotional Numbness": -3.171441267121802,
    "Negative High-Energy Emotions|Impatience and Irritability": -2.2322056936100125,
    "Negative Low-Energy Emotions|Helplessness": -1.411512692605748,
    "Negative Low-Energy Emotions|Contempt": -1.4507380842768094,
    "Positive High-Energy Emotions|Astonishment/Surprise": 6.2658549636974925,
    "Positive High-Energy Emotions|Pleasure/Ecstasy": 0.9196740858958048,
    "Negative Low-Energy Emotions|Doubt": -1.5451927969960824,
    "Negative High-Energy Emotions|Anger": -0.15775162518024466,
    "Positive Low-Energy Emotions|Contentment": -3.966144884533304,
    "Positive Low-Energy Emotions|Relief": -1.146259263955495,
    "Positive High-Energy Emotions|Amusement": -2.8023462405515946,
    "Longing & Lust|Longing": -0.7108851468915065,
    "Positive High-Energy Emotions|Awe": 6.5110639410203,
    "Physical and Exhaustive States|Fatigue/Exhaustion": -2.536860088563579,
    "Negative Low-Energy Emotions|Bitterness": -1.535759377426961,
    "Negative High-Energy Emotions|Disgust": 1.485263414461823,
    "Positive Low-Energy Emotions|Thankfulness/Gratitude": -0.28640795219799164,
    "Positive High-Energy Emotions|Teasing": -0.09215601966880704,
    "Physical and Exhaustive States|Intoxication/Altered States of Consciousness": 1.314560548281845,
    "Positive Low-Energy Emotions|Pride": -1.9324790668377982,
    "Negative Low-Energy Emotions|Embarrassment": -0.6150590351706042,
    "Positive Low-Energy Emotions|Affection": -3.824821255461258,
    "Negative Low-Energy Emotions|Sadness": -2.0697011591055814,
    "Negative Low-Energy Emotions|Shame": -0.6979961997292498,
    "Positive High-Energy Emotions|Triumph": 0.7221028982365832,
    "Cognitive States and Processes|Concentration": -1.350915729644544,
    "Physical and Exhaustive States|Sourness": -1.5673782134614884,
    "Physical and Exhaustive States|Pain": -0.9326047492903822,
    "Negative High-Energy Emotions|Fear": 4.91957469841794
  }
}