{
  "key": [
    "projects",
    "empathic-insight-face-large",
    "flux_dev_one_1-452_s1953147402.png"
  ],
  "value": {
    "Negative High-Energy Emotions|Malevolence/Malice": -0.05656903873252528,
    "Negative Low-Energy Emotions|Jealousy & Envy": -0.24141292188973984,
    "Longing & Lust|Infatuation": 0.0594473295308211,
    "Cognitive States and Processes|Confusion": -1.3725016181494165,
    "Longing & Lust|Sexual Lust": -1.53106934078476,
    "Positive High-Energy Emotions|Hope/Enthusiasm/Optimism": -0.1870670062259716,
    "Positive High-Energy Emotions|Interest": -1.7446035029366613,
    "Positive High-Energy Emotions|Elation": -0.5938948843080332,
    "Negative Low-Energy Emotions|Disappointment": 2.0188093888956833,
    "Negative High-Energy Emotions|Distress": 2.341992599035011,
    "Positive Low-Energy Emotions|Contemplation": 0.9811159928449813,
    "Negative Low-Energy Emotions|Emotional Numbness": -1.3790144425521003,
    "Negative High-Energy Emotions|Impatience and Irritability": -1.191667859442532,
    "Negative Low-Energy Emotions|Helplessness": 1.3271454971678116,
    "Negative Low-Energy Emotions|Contempt": 0.45322154764305145,
    "Positive High-Energy Emotions|Astonishment/Surprise": 0.09594500962644803,
    "Positive High-Energy Emotions|Pleasure/Ecstasy": 0.24600731066921178,
    "Negative Low-Energy Emotions|Doubt": 0.021473731586490477,
    "Negative High-Energy Emotions|Anger": -0.7676723653078081,
    "Positive Low-Energy Emotions|Contentment": -3.0109370598262726,
    "Positive Low-Energy Emotions|Relief": -0.19037039657726007,
    "Positive High-Energy Emotions|Amusement": -0.20309210923445575,
    "Longing & Lust|Longing": 1.0956391149407307,
    "Positive High-Energy Emotions|Awe": 1.2322515325730339,
    "Physical and Exhaustive States|Fatigue/Exhaustion": -0.011768559671061829,
    "Negative Low-Energy Emotions|Bitterness": 0.9072982788611861,
    "Negative High-Energy Emotions|Disgust": 1.1465385181500631,
    "Positive Low-Energy Emotions|Thankfulness/Gratitude": 0.5193505240593326,
    "Positive High-Energy Emotions|Teasing": -0.5542254118730917,
    "Physical and Exhaustive States|Intoxication/Altered States of Consciousness": -0.32690191187841044,
    "Positive Low-Energy Emotions|Pride": -1.0804004502186881,
    "Negative Low-Energy Emotions|Embarrassment": -1.0354771784430041,
    "Positive Low-Energy Emotions|Affection": -0.18414594914106763,
    "Negative Low-Energy Emotions|Sadness": 2.501794016256052,
    "Negative Low-Energy Emotions|Shame": 0.7570638054587385,
    "Positive High-Energy Emotions|Triumph": -1.7823328794276012,
    "Cognitive States and Processes|Concentration": -1.4235295649793218,
    "Physical and Exhaustive States|Sourness": -0.13292177563533186,
    "Physical and Exhaustive States|Pain": 0.8272031950074084,
    "Negative High-Energy Emotions|Fear": 1.1717395093138603
  }
}