{
  "key": [
    "projects",
    "empathic-insight-face-large",
    "flux_prompt_9-image_058.png"
  ],
  "value": {
    "Negative High-Energy Emotions|Malevolence/Malice": -0.5937215674953427,
    "Negative Low-Energy Emotions|Jealousy & Envy": 1.2156515167215292,
    "Longing & Lust|Infatuation": -1.8681660480402849,
    "Cognitive States and Processes|Confusion": 2.5801697905038425,
    "Longing & Lust|Sexual Lust": -0.4340086603953557,
    "Positive High-Energy Emotions|Hope/Enthusiasm/Optimism": -1.5409112912372631,
    "Positive High-Energy Emotions|Interest": -1.098536360450089,
    "Positive High-Energy Emotions|Elation": -1.648006603439503,
    "Negative Low-Energy Emotions|Disappointment": 3.780953209419899,
    "Negative High-Energy Emotions|Distress": 2.98370311882566,
    "Positive Low-Energy Emotions|Contemplation": -1.0000791589608964,
    "Negative Low-Energy Emotions|Emotional Numbness": -2.7774438363204106,
    "Negative High-Energy Emotions|Impatience and Irritability": -0.14128119219094515,
    "Negative Low-Energy Emotions|Helplessness": 0.6767970722563127,
    "Negative Low-Energy Emotions|Contempt": -0.2848729014002225,
    "Positive High-Energy Emotions|Astonishment/Surprise": 1.7119672388210891,
    "Positive High-Energy Emotions|Pleasure/Ecstasy": -1.205617082793923,
    "Negative Low-Energy Emotions|Doubt": 0.9699250866861685,
    "Negative High-Energy Emotions|Anger": 0.5935587233304975,
    "Positive Low-Energy Emotions|Contentment": -3.677636946148294,
    "Positive Low-Energy Emotions|Relief": -0.09378536125316339,
    "Positive High-Energy Emotions|Amusement": -2.993922244579915,
    "Longing & Lust|Longing": -0.025503853594692538,
    "Positive High-Energy Emotions|Awe": 1.8725265937035576,
    "Physical and Exhaustive States|Fatigue/Exhaustion": -0.6216996710068162,
    "Negative Low-Energy Emotions|Bitterness": -0.06460504526601119,
    "Negative High-Energy Emotions|Disgust": 1.574862748165341,
    "Positive Low-Energy Emotions|Thankfulness/Gratitude": -1.309432988056146,
    "Positive High-Energy Emotions|Teasing": -1.0962876944353477,
    "Physical and Exhaustive States|Intoxication/Altered States of Consciousness": -0.2592743627069627,
    "Positive Low-Energy Emotions|Pride": -2.5722625684628593,
    "Negative Low-Energy Emotions|Embarrassment": 1.493413982641171,
    "Positive Low-Energy Emotions|Affection": -2.2336876609483185,
    "Negative Low-Energy Emotions|Sadness": 0.6848396419426974,
    "Negative Low-Energy Emotions|Shame": 0.5109841221549055,
    "Positive High-Energy Emotions|Triumph": -2.7704315007960094,
    "Cognitive States and Processes|Concentration": -0.9359409805562566,
    "Physical and Exhaustive States|Sourness": 0.1957097744382918,
    "Physical and Exhaustive States|Pain": 0.5095012592392809,
    "Negative High-Energy Emotions|Fear": 1.5684800110603956
  }
}