{
  "key": [
    "projects",
    "empathic-insight-face-large",
    "flux_prompt_10-image_346.png"
  ],
  "value": {
    "Negative High-Energy Emotions|Malevolence/Malice": 0.07641238083076818,
    "Negative Low-Energy Emotions|Jealousy & Envy": 1.1306767919221345,
    "Longing & Lust|Infatuation": 2.814737480173216,
    "Cognitive States and Processes|Confusion": -1.935052162888186,
    "Longing & Lust|Sexual Lust": 2.6563707565472408,
    "Positive High-Energy Emotions|Hope/Enthusiasm/Optimism": 0.09142401397666511,
    "Positive High-Energy Emotions|Interest": 1.3060097811743616,
    "Positive High-Energy Emotions|Elation": 2.057047381679363,
    "Negative Low-Energy Emotions|Disappointment": -0.0314685892861557,
    "Negative High-Energy Emotions|Distress": -2.4290375885718007,
    "Positive Low-Energy Emotions|Contemplation": 0.9125736017831985,
    "Negative Low-Energy Emotions|Emotional Numbness": -1.0195595723281012,
    "Negative High-Energy Emotions|Impatience and Irritability": -1.7049573110416532,
    "Negative Low-Energy Emotions|Helplessness": -0.9785617190950057,
    "Negative Low-Energy Emotions|Contempt": 0.3682328343785861,
    "Positive High-Energy Emotions|Astonishment/Surprise": -0.08622204359620822,
    "Positive High-Energy Emotions|Pleasure/Ecstasy": 0.9770962469980997,
    "Negative Low-Energy Emotions|Doubt": -0.8712954113988535,
    "Negative High-Energy Emotions|Anger": -0.6234660798311236,
    "Positive Low-Energy Emotions|Contentment": 0.38326183467445984,
    "Positive Low-Energy Emotions|Relief": 0.08121316055164618,
    "Positive High-Energy Emotions|Amusement": 1.4888716826127733,
    "Longing & Lust|Longing": 0.6867509686594884,
    "Positive High-Energy Emotions|Awe": -0.02680765817708819,
    "Physical and Exhaustive States|Fatigue/Exhaustion": -1.5767732660538134,
    "Negative Low-Energy Emotions|Bitterness": 0.759283018164775,
    "Negative High-Energy Emotions|Disgust": -0.4375005143091959,
    "Positive Low-Energy Emotions|Thankfulness/Gratitude": 2.392657394519843,
    "Positive High-Energy Emotions|Teasing": 0.544667813319932,
    "Physical and Exhaustive States|Intoxication/Altered States of Consciousness": 0.17225939116495503,
    "Positive Low-Energy Emotions|Pride": 1.1881603765597237,
    "Negative Low-Energy Emotions|Embarrassment": -0.6823058298712268,
    "Positive Low-Energy Emotions|Affection": 2.0821249267897186,
    "Negative Low-Energy Emotions|Sadness": -0.3636589885809842,
    "Negative Low-Energy Emotions|Shame": -0.055002987983033935,
    "Positive High-Energy Emotions|Triumph": 0.22450019704944946,
    "Cognitive States and Processes|Concentration": -0.04786276781821952,
    "Physical and Exhaustive States|Sourness": 0.06011844629421831,
    "Physical and Exhaustive States|Pain": -0.701219995109474,
    "Negative High-Energy Emotions|Fear": -0.1034629736249062
  }
}