{
  "key": [
    "projects",
    "empathic-insight-face-large",
    "flux_prompt_10-image_378.png"
  ],
  "value": {
    "Negative High-Energy Emotions|Malevolence/Malice": -0.01496475826072352,
    "Negative Low-Energy Emotions|Jealousy & Envy": 1.3516771578350488,
    "Longing & Lust|Infatuation": 2.8363798074818707,
    "Cognitive States and Processes|Confusion": -2.698345429184573,
    "Longing & Lust|Sexual Lust": 3.7096521233723445,
    "Positive High-Energy Emotions|Hope/Enthusiasm/Optimism": 0.5044723409458118,
    "Positive High-Energy Emotions|Interest": 0.7360210536047816,
    "Positive High-Energy Emotions|Elation": 2.651681080142803,
    "Negative Low-Energy Emotions|Disappointment": -0.7736646723550034,
    "Negative High-Energy Emotions|Distress": -0.4496200260870597,
    "Positive Low-Energy Emotions|Contemplation": 1.03078698712675,
    "Negative Low-Energy Emotions|Emotional Numbness": -1.6438981991896735,
    "Negative High-Energy Emotions|Impatience and Irritability": -0.21074587572366,
    "Negative Low-Energy Emotions|Helplessness": -0.9444720346086165,
    "Negative Low-Energy Emotions|Contempt": -0.4508015036188504,
    "Positive High-Energy Emotions|Astonishment/Surprise": 0.3010774940624832,
    "Positive High-Energy Emotions|Pleasure/Ecstasy": 2.8272666805193705,
    "Negative Low-Energy Emotions|Doubt": -1.4639592955617562,
    "Negative High-Energy Emotions|Anger": 1.1086735075712202,
    "Positive Low-Energy Emotions|Contentment": 0.09237209468422547,
    "Positive Low-Energy Emotions|Relief": -0.14843686004771905,
    "Positive High-Energy Emotions|Amusement": 2.5840397367166243,
    "Longing & Lust|Longing": 0.8829469585066716,
    "Positive High-Energy Emotions|Awe": 0.6845990495865837,
    "Physical and Exhaustive States|Fatigue/Exhaustion": -0.7149084608322557,
    "Negative Low-Energy Emotions|Bitterness": -0.6605524301003007,
    "Negative High-Energy Emotions|Disgust": -0.3681455033228678,
    "Positive Low-Energy Emotions|Thankfulness/Gratitude": 0.5225381804619205,
    "Positive High-Energy Emotions|Teasing": -0.027687337856520666,
    "Physical and Exhaustive States|Intoxication/Altered States of Consciousness": -0.0306378594873582,
    "Positive Low-Energy Emotions|Pride": 1.1507780122866524,
    "Negative Low-Energy Emotions|Embarrassment": -1.792653339255382,
    "Positive Low-Energy Emotions|Affection": 1.7475244781813202,
    "Negative Low-Energy Emotions|Sadness": -0.6476412654974881,
    "Negative Low-Energy Emotions|Shame": -1.0848285561821918,
    "Positive High-Energy Emotions|Triumph": 0.5172179518903003,
    "Cognitive States and Processes|Concentration": -0.1810897585179876,
    "Physical and Exhaustive States|Sourness": -0.7400805259309708,
    "Physical and Exhaustive States|Pain": -0.31266566046897104,
    "Negative High-Energy Emotions|Fear": -0.41683892348452534
  }
}