{
  "key": [
    "projects",
    "empathic-insight-face-large",
    "flux_dev_one_0-205_s980173569.png"
  ],
  "value": {
    "Negative High-Energy Emotions|Malevolence/Malice": 0.12105459083748205,
    "Negative Low-Energy Emotions|Jealousy & Envy": 0.5863117733159486,
    "Longing & Lust|Infatuation": 1.434108328113661,
    "Cognitive States and Processes|Confusion": -0.8537025516058374,
    "Longing & Lust|Sexual Lust": 1.8152079557583614,
    "Positive High-Energy Emotions|Hope/Enthusiasm/Optimism": 0.24576881111106452,
    "Positive High-Energy Emotions|Interest": 1.5178578017279505,
    "Positive High-Energy Emotions|Elation": -1.950938389022999,
    "Negative Low-Energy Emotions|Disappointment": 0.6687946725088882,
    "Negative High-Energy Emotions|Distress": 0.6311427178628304,
    "Positive Low-Energy Emotions|Contemplation": 1.0891888697752181,
    "Negative Low-Energy Emotions|Emotional Numbness": -1.5911304455885993,
    "Negative High-Energy Emotions|Impatience and Irritability": -0.4338792013004422,
    "Negative Low-Energy Emotions|Helplessness": -0.18192048851181475,
    "Negative Low-Energy Emotions|Contempt": -0.5675794004999539,
    "Positive High-Energy Emotions|Astonishment/Surprise": 0.05359471742063748,
    "Positive High-Energy Emotions|Pleasure/Ecstasy": -0.6255613691403585,
    "Negative Low-Energy Emotions|Doubt": 1.3007253815622672,
    "Negative High-Energy Emotions|Anger": -0.6779509240388872,
    "Positive Low-Energy Emotions|Contentment": -2.601246679729837,
    "Positive Low-Energy Emotions|Relief": -0.04011865039958673,
    "Positive High-Energy Emotions|Amusement": -1.5891275515867507,
    "Longing & Lust|Longing": 0.5670337283259312,
    "Positive High-Energy Emotions|Awe": -0.19578730295247881,
    "Physical and Exhaustive States|Fatigue/Exhaustion": -1.4359160463577685,
    "Negative Low-Energy Emotions|Bitterness": 0.7300421715308638,
    "Negative High-Energy Emotions|Disgust": -1.1087856667444986,
    "Positive Low-Energy Emotions|Thankfulness/Gratitude": 1.8367490125809085,
    "Positive High-Energy Emotions|Teasing": 0.5924456150720224,
    "Physical and Exhaustive States|Intoxication/Altered States of Consciousness": 1.1735463150503005,
    "Positive Low-Energy Emotions|Pride": 1.36065204621457,
    "Negative Low-Energy Emotions|Embarrassment": -1.435296790946056,
    "Positive Low-Energy Emotions|Affection": 0.4465234956583556,
    "Negative Low-Energy Emotions|Sadness": -0.706225240335745,
    "Negative Low-Energy Emotions|Shame": 0.1343885058142683,
    "Positive High-Energy Emotions|Triumph": 0.5485608755315051,
    "Cognitive States and Processes|Concentration": 0.6981949213716914,
    "Physical and Exhaustive States|Sourness": 0.3578591516055167,
    "Physical and Exhaustive States|Pain": -0.1504587722701185,
    "Negative High-Energy Emotions|Fear": 0.32038947007016216
  }
}