{
  "key": [
    "projects",
    "empathic-insight-face-large",
    "flux_dev_one_0-88_s3543459716.png"
  ],
  "value": {
    "Negative High-Energy Emotions|Malevolence/Malice": -0.9087451089458431,
    "Negative Low-Energy Emotions|Jealousy & Envy": -1.061603828414398,
    "Longing & Lust|Infatuation": 0.5457092933751204,
    "Cognitive States and Processes|Confusion": 0.4612799818490576,
    "Longing & Lust|Sexual Lust": 1.7564083313153072,
    "Positive High-Energy Emotions|Hope/Enthusiasm/Optimism": 2.1787731307788807,
    "Positive High-Energy Emotions|Interest": 0.7212124286219478,
    "Positive High-Energy Emotions|Elation": 6.041792228500194,
    "Negative Low-Energy Emotions|Disappointment": -1.8227328848641586,
    "Negative High-Energy Emotions|Distress": -1.2361545738928459,
    "Positive Low-Energy Emotions|Contemplation": -0.4699869195810136,
    "Negative Low-Energy Emotions|Emotional Numbness": -2.0934600335250004,
    "Negative High-Energy Emotions|Impatience and Irritability": -1.5225926088169217,
    "Negative Low-Energy Emotions|Helplessness": -0.3055088121049544,
    "Negative Low-Energy Emotions|Contempt": -1.523087394198074,
    "Positive High-Energy Emotions|Astonishment/Surprise": -0.3965381294116379,
    "Positive High-Energy Emotions|Pleasure/Ecstasy": 3.395449148933677,
    "Negative Low-Energy Emotions|Doubt": -1.3136201689748421,
    "Negative High-Energy Emotions|Anger": -1.259232586026192,
    "Positive Low-Energy Emotions|Contentment": 1.8322353711658539,
    "Positive Low-Energy Emotions|Relief": 2.352664156950572,
    "Positive High-Energy Emotions|Amusement": 6.655371654956218,
    "Longing & Lust|Longing": -0.2540106571072658,
    "Positive High-Energy Emotions|Awe": -0.3543807191664681,
    "Physical and Exhaustive States|Fatigue/Exhaustion": -0.7017601530319627,
    "Negative Low-Energy Emotions|Bitterness": -1.2427810906837968,
    "Negative High-Energy Emotions|Disgust": -0.7839351075098795,
    "Positive Low-Energy Emotions|Thankfulness/Gratitude": 2.9439209057007205,
    "Positive High-Energy Emotions|Teasing": 1.5424341888616189,
    "Physical and Exhaustive States|Intoxication/Altered States of Consciousness": 1.3683675237657393,
    "Positive Low-Energy Emotions|Pride": 0.9075368213763132,
    "Negative Low-Energy Emotions|Embarrassment": 0.08419333184904909,
    "Positive Low-Energy Emotions|Affection": 2.7493345520338592,
    "Negative Low-Energy Emotions|Sadness": -1.1467593551733914,
    "Negative Low-Energy Emotions|Shame": -0.5233910685799578,
    "Positive High-Energy Emotions|Triumph": 0.7554788767064319,
    "Cognitive States and Processes|Concentration": -1.115541338565595,
    "Physical and Exhaustive States|Sourness": 0.0024752413667738504,
    "Physical and Exhaustive States|Pain": -0.19171615370932749,
    "Negative High-Energy Emotions|Fear": -0.4629297647778603
  }
}