{
  "key": [
    "projects",
    "empathic-insight-face-large",
    "flux_prompt_10-image_338.png"
  ],
  "value": {
    "Negative High-Energy Emotions|Malevolence/Malice": -0.93953686843681,
    "Negative Low-Energy Emotions|Jealousy & Envy": -1.020721717818695,
    "Longing & Lust|Infatuation": 2.181425314436064,
    "Cognitive States and Processes|Confusion": -3.5566084449316433,
    "Longing & Lust|Sexual Lust": 2.8154528712437434,
    "Positive High-Energy Emotions|Hope/Enthusiasm/Optimism": 3.7860151785655933,
    "Positive High-Energy Emotions|Interest": 2.232418787293136,
    "Positive High-Energy Emotions|Elation": 5.603183582107372,
    "Negative Low-Energy Emotions|Disappointment": -1.8050860953133774,
    "Negative High-Energy Emotions|Distress": -3.3453865227453847,
    "Positive Low-Energy Emotions|Contemplation": -0.09099179905565347,
    "Negative Low-Energy Emotions|Emotional Numbness": -2.618483017076026,
    "Negative High-Energy Emotions|Impatience and Irritability": -1.420129125006497,
    "Negative Low-Energy Emotions|Helplessness": -2.1506265002839706,
    "Negative Low-Energy Emotions|Contempt": -1.71938813920845,
    "Positive High-Energy Emotions|Astonishment/Surprise": -0.34545551832765353,
    "Positive High-Energy Emotions|Pleasure/Ecstasy": 3.1033624284670633,
    "Negative Low-Energy Emotions|Doubt": -2.365583975127186,
    "Negative High-Energy Emotions|Anger": 0.016136819720268036,
    "Positive Low-Energy Emotions|Contentment": 4.0880599370533055,
    "Positive Low-Energy Emotions|Relief": 2.570982976950267,
    "Positive High-Energy Emotions|Amusement": 5.239935387103435,
    "Longing & Lust|Longing": 0.5476448142176549,
    "Positive High-Energy Emotions|Awe": 1.2758131699746147,
    "Physical and Exhaustive States|Fatigue/Exhaustion": -1.6160210172897753,
    "Negative Low-Energy Emotions|Bitterness": -1.40937702650533,
    "Negative High-Energy Emotions|Disgust": -1.4518952744410318,
    "Positive Low-Energy Emotions|Thankfulness/Gratitude": 5.233249898067511,
    "Positive High-Energy Emotions|Teasing": 0.853746026147376,
    "Physical and Exhaustive States|Intoxication/Altered States of Consciousness": -0.43800139346105205,
    "Positive Low-Energy Emotions|Pride": 1.721324162494172,
    "Negative Low-Energy Emotions|Embarrassment": -1.9534437826757922,
    "Positive Low-Energy Emotions|Affection": 3.198877074464279,
    "Negative Low-Energy Emotions|Sadness": -1.4856285692313138,
    "Negative Low-Energy Emotions|Shame": -1.2596673375390033,
    "Positive High-Energy Emotions|Triumph": 0.9990154682362781,
    "Cognitive States and Processes|Concentration": 0.20554626023506417,
    "Physical and Exhaustive States|Sourness": -0.8376715684495866,
    "Physical and Exhaustive States|Pain": -0.9718396259230726,
    "Negative High-Energy Emotions|Fear": -1.5797183904950234
  }
}