{
  "key": [
    "projects",
    "empathic-insight-face-large",
    "flux_prompt_10-image_439.png"
  ],
  "value": {
    "Negative High-Energy Emotions|Malevolence/Malice": -1.0827823270397152,
    "Negative Low-Energy Emotions|Jealousy & Envy": -0.7197009763559874,
    "Longing & Lust|Infatuation": 0.7198095135785201,
    "Cognitive States and Processes|Confusion": -2.450474983933108,
    "Longing & Lust|Sexual Lust": 1.4254655813381953,
    "Positive High-Energy Emotions|Hope/Enthusiasm/Optimism": 2.3616623538776356,
    "Positive High-Energy Emotions|Interest": 1.083832394890487,
    "Positive High-Energy Emotions|Elation": 0.6308718469541739,
    "Negative Low-Energy Emotions|Disappointment": 1.163562695999794,
    "Negative High-Energy Emotions|Distress": 0.9508926692254402,
    "Positive Low-Energy Emotions|Contemplation": 2.530434842885417,
    "Negative Low-Energy Emotions|Emotional Numbness": -0.5405510169158088,
    "Negative High-Energy Emotions|Impatience and Irritability": -0.2605782197788358,
    "Negative Low-Energy Emotions|Helplessness": 0.15462277349303755,
    "Negative Low-Energy Emotions|Contempt": -1.194579732378616,
    "Positive High-Energy Emotions|Astonishment/Surprise": 2.134786972440779,
    "Positive High-Energy Emotions|Pleasure/Ecstasy": 2.8539461963579935,
    "Negative Low-Energy Emotions|Doubt": -0.2682334224490778,
    "Negative High-Energy Emotions|Anger": -0.10087591946125052,
    "Positive Low-Energy Emotions|Contentment": -0.9256664165920196,
    "Positive Low-Energy Emotions|Relief": -0.3622142829526873,
    "Positive High-Energy Emotions|Amusement": -1.6985659709287917,
    "Longing & Lust|Longing": 1.7318656646853368,
    "Positive High-Energy Emotions|Awe": 3.2891355829422966,
    "Physical and Exhaustive States|Fatigue/Exhaustion": -1.1214693586594042,
    "Negative Low-Energy Emotions|Bitterness": -0.7712320565651445,
    "Negative High-Energy Emotions|Disgust": -1.1770391838953775,
    "Positive Low-Energy Emotions|Thankfulness/Gratitude": 1.8023801995430362,
    "Positive High-Energy Emotions|Teasing": -0.49393638656639005,
    "Physical and Exhaustive States|Intoxication/Altered States of Consciousness": 0.7849824734689559,
    "Positive Low-Energy Emotions|Pride": 1.1557720470538033,
    "Negative Low-Energy Emotions|Embarrassment": -1.5577142408972278,
    "Positive Low-Energy Emotions|Affection": 0.5002368993005332,
    "Negative Low-Energy Emotions|Sadness": 0.6798224060675677,
    "Negative Low-Energy Emotions|Shame": -0.2446398144982317,
    "Positive High-Energy Emotions|Triumph": -0.461228129390408,
    "Cognitive States and Processes|Concentration": 0.09213346278404488,
    "Physical and Exhaustive States|Sourness": -0.6043347621522843,
    "Physical and Exhaustive States|Pain": 0.2602276014405138,
    "Negative High-Energy Emotions|Fear": 1.0486244167979148
  }
}