{
  "key": [
    "projects",
    "empathic-insight-face-large",
    "flux_prompt_9-image_216.png"
  ],
  "value": {
    "Negative High-Energy Emotions|Malevolence/Malice": -0.4525941003398861,
    "Negative Low-Energy Emotions|Jealousy & Envy": -0.7993312320551451,
    "Longing & Lust|Infatuation": 0.33698497344027545,
    "Cognitive States and Processes|Confusion": -1.8277692859198023,
    "Longing & Lust|Sexual Lust": -0.9271422053172307,
    "Positive High-Energy Emotions|Hope/Enthusiasm/Optimism": 0.7690525907321888,
    "Positive High-Energy Emotions|Interest": 0.9683382628485561,
    "Positive High-Energy Emotions|Elation": -0.8638571950990488,
    "Negative Low-Energy Emotions|Disappointment": 0.35304455043857574,
    "Negative High-Energy Emotions|Distress": 0.07645339992116479,
    "Positive Low-Energy Emotions|Contemplation": 1.607231970609111,
    "Negative Low-Energy Emotions|Emotional Numbness": -0.767434011090766,
    "Negative High-Energy Emotions|Impatience and Irritability": -0.17429811228066683,
    "Negative Low-Energy Emotions|Helplessness": -0.05754788700272051,
    "Negative Low-Energy Emotions|Contempt": -0.9299086451136014,
    "Positive High-Energy Emotions|Astonishment/Surprise": 0.29362405244261014,
    "Positive High-Energy Emotions|Pleasure/Ecstasy": 1.8897329442904276,
    "Negative Low-Energy Emotions|Doubt": -0.6613941977529184,
    "Negative High-Energy Emotions|Anger": 0.59890263736248,
    "Positive Low-Energy Emotions|Contentment": 0.3883823504978241,
    "Positive Low-Energy Emotions|Relief": -0.4953852452863665,
    "Positive High-Energy Emotions|Amusement": 0.7264729628251756,
    "Longing & Lust|Longing": 1.146239196622936,
    "Positive High-Energy Emotions|Awe": 1.0151151495163933,
    "Physical and Exhaustive States|Fatigue/Exhaustion": -0.4152533809906419,
    "Negative Low-Energy Emotions|Bitterness": -0.48065655226216597,
    "Negative High-Energy Emotions|Disgust": -0.12076274327495518,
    "Positive Low-Energy Emotions|Thankfulness/Gratitude": 2.393257523885764,
    "Positive High-Energy Emotions|Teasing": -0.8328959612657919,
    "Physical and Exhaustive States|Intoxication/Altered States of Consciousness": -0.17869126715642558,
    "Positive Low-Energy Emotions|Pride": 0.3675600457301035,
    "Negative Low-Energy Emotions|Embarrassment": -1.2587301901464953,
    "Positive Low-Energy Emotions|Affection": 2.131102897866684,
    "Negative Low-Energy Emotions|Sadness": 0.20525733221979703,
    "Negative Low-Energy Emotions|Shame": -0.580934942366884,
    "Positive High-Energy Emotions|Triumph": -0.576453817013432,
    "Cognitive States and Processes|Concentration": -0.16595238411689506,
    "Physical and Exhaustive States|Sourness": -0.5781564021669328,
    "Physical and Exhaustive States|Pain": 0.47237579098519156,
    "Negative High-Energy Emotions|Fear": 0.12281258961514507
  }
}