{
  "key": [
    "projects",
    "empathic-insight-face-large",
    "flux_dev_one_1-395_s1382870909.png"
  ],
  "value": {
    "Negative High-Energy Emotions|Malevolence/Malice": -0.9695008386211361,
    "Negative Low-Energy Emotions|Jealousy & Envy": -0.3165449342569884,
    "Longing & Lust|Infatuation": 2.2244565301037884,
    "Cognitive States and Processes|Confusion": 0.028659456488950186,
    "Longing & Lust|Sexual Lust": 4.4823383664295955,
    "Positive High-Energy Emotions|Hope/Enthusiasm/Optimism": 2.15529331148109,
    "Positive High-Energy Emotions|Interest": 2.2220970509573816,
    "Positive High-Energy Emotions|Elation": 7.473942115585155,
    "Negative Low-Energy Emotions|Disappointment": -3.011536557654686,
    "Negative High-Energy Emotions|Distress": -3.1352093395941396,
    "Positive Low-Energy Emotions|Contemplation": -3.5180912057748612,
    "Negative Low-Energy Emotions|Emotional Numbness": -2.362804363358985,
    "Negative High-Energy Emotions|Impatience and Irritability": -1.2119212793186307,
    "Negative Low-Energy Emotions|Helplessness": -1.8195732432954452,
    "Negative Low-Energy Emotions|Contempt": -1.0163432478510281,
    "Positive High-Energy Emotions|Astonishment/Surprise": 1.7881140798702835,
    "Positive High-Energy Emotions|Pleasure/Ecstasy": 3.9575656526491922,
    "Negative Low-Energy Emotions|Doubt": -2.32684953909203,
    "Negative High-Energy Emotions|Anger": -0.24844319164752982,
    "Positive Low-Energy Emotions|Contentment": -0.7162269005245148,
    "Positive Low-Energy Emotions|Relief": 1.625323339499095,
    "Positive High-Energy Emotions|Amusement": 6.990711677996989,
    "Longing & Lust|Longing": -0.49577699068728287,
    "Positive High-Energy Emotions|Awe": 1.1251658873742119,
    "Physical and Exhaustive States|Fatigue/Exhaustion": -2.067095617509502,
    "Negative Low-Energy Emotions|Bitterness": -1.8400005578468828,
    "Negative High-Energy Emotions|Disgust": -0.999780215542106,
    "Positive Low-Energy Emotions|Thankfulness/Gratitude": 3.2708151293907535,
    "Positive High-Energy Emotions|Teasing": 1.8778894276807412,
    "Physical and Exhaustive States|Intoxication/Altered States of Consciousness": 1.8952873357297744,
    "Positive Low-Energy Emotions|Pride": 1.1597733068575753,
    "Negative Low-Energy Emotions|Embarrassment": -1.6923906973486438,
    "Positive Low-Energy Emotions|Affection": 1.8760409138044891,
    "Negative Low-Energy Emotions|Sadness": -2.0308711172202054,
    "Negative Low-Energy Emotions|Shame": -1.3998314744256,
    "Positive High-Energy Emotions|Triumph": 0.8221018491948352,
    "Cognitive States and Processes|Concentration": -1.4445909854199956,
    "Physical and Exhaustive States|Sourness": -0.5153265500627457,
    "Physical and Exhaustive States|Pain": -0.22175069579306772,
    "Negative High-Energy Emotions|Fear": 0.15980215927914654
  }
}