{
  "key": [
    "projects",
    "empathic-insight-face-large",
    "flux_dev_one_0-134_s1539331190.png"
  ],
  "value": {
    "Negative High-Energy Emotions|Malevolence/Malice": 0.19054263939094884,
    "Negative Low-Energy Emotions|Jealousy & Envy": -0.6239109477839049,
    "Longing & Lust|Infatuation": -0.7817498035334489,
    "Cognitive States and Processes|Confusion": -0.4576616351629663,
    "Longing & Lust|Sexual Lust": -1.4535456324412541,
    "Positive High-Energy Emotions|Hope/Enthusiasm/Optimism": -0.19477448284187737,
    "Positive High-Energy Emotions|Interest": -1.203798401542008,
    "Positive High-Energy Emotions|Elation": -0.9683586809236338,
    "Negative Low-Energy Emotions|Disappointment": 0.8832314419943619,
    "Negative High-Energy Emotions|Distress": 1.3621599498040535,
    "Positive Low-Energy Emotions|Contemplation": 0.2569930215486709,
    "Negative Low-Energy Emotions|Emotional Numbness": -1.1554797392974006,
    "Negative High-Energy Emotions|Impatience and Irritability": -0.13721019495278597,
    "Negative Low-Energy Emotions|Helplessness": 0.9235691789932111,
    "Negative Low-Energy Emotions|Contempt": 0.7961197972692111,
    "Positive High-Energy Emotions|Astonishment/Surprise": 0.3795027822628616,
    "Positive High-Energy Emotions|Pleasure/Ecstasy": 0.8669434659884256,
    "Negative Low-Energy Emotions|Doubt": -0.47192074756905,
    "Negative High-Energy Emotions|Anger": 0.44074767291545847,
    "Positive Low-Energy Emotions|Contentment": -1.4302514442867218,
    "Positive Low-Energy Emotions|Relief": -0.6738551416028948,
    "Positive High-Energy Emotions|Amusement": -0.4957769027067458,
    "Longing & Lust|Longing": 0.6488520109301488,
    "Positive High-Energy Emotions|Awe": 1.3168738560860649,
    "Physical and Exhaustive States|Fatigue/Exhaustion": -0.18613944456638654,
    "Negative Low-Energy Emotions|Bitterness": 0.4307125330497237,
    "Negative High-Energy Emotions|Disgust": 0.884884558398934,
    "Positive Low-Energy Emotions|Thankfulness/Gratitude": 0.5148947192345035,
    "Positive High-Energy Emotions|Teasing": -0.899365869026412,
    "Physical and Exhaustive States|Intoxication/Altered States of Consciousness": -0.5419050446985398,
    "Positive Low-Energy Emotions|Pride": -0.5967992079148398,
    "Negative Low-Energy Emotions|Embarrassment": -1.2882511786108508,
    "Positive Low-Energy Emotions|Affection": -0.5279773690858308,
    "Negative Low-Energy Emotions|Sadness": 1.3389286159417209,
    "Negative Low-Energy Emotions|Shame": 0.31804853617925855,
    "Positive High-Energy Emotions|Triumph": -1.508639079455067,
    "Cognitive States and Processes|Concentration": -0.8370160456922124,
    "Physical and Exhaustive States|Sourness": -0.6384588385187089,
    "Physical and Exhaustive States|Pain": 0.9796408819275744,
    "Negative High-Energy Emotions|Fear": 1.2607839908297447
  }
}