{
  "key": [
    "projects",
    "empathic-insight-face-large",
    "flux_dev_one_0-154_s868638316.png"
  ],
  "value": {
    "Negative High-Energy Emotions|Malevolence/Malice": -0.17270618568229334,
    "Negative Low-Energy Emotions|Jealousy & Envy": 0.6196428098836366,
    "Longing & Lust|Infatuation": 2.7194946222401715,
    "Cognitive States and Processes|Confusion": -0.9780972068334985,
    "Longing & Lust|Sexual Lust": 4.57649844638565,
    "Positive High-Energy Emotions|Hope/Enthusiasm/Optimism": 1.301181923155399,
    "Positive High-Energy Emotions|Interest": 1.4578018305823206,
    "Positive High-Energy Emotions|Elation": 1.3923080709379385,
    "Negative Low-Energy Emotions|Disappointment": -0.8908073496621323,
    "Negative High-Energy Emotions|Distress": -0.91769989106585,
    "Positive Low-Energy Emotions|Contemplation": 0.5431974266776267,
    "Negative Low-Energy Emotions|Emotional Numbness": 0.4301618236412897,
    "Negative High-Energy Emotions|Impatience and Irritability": -0.9328694986179471,
    "Negative Low-Energy Emotions|Helplessness": 0.6411518257505754,
    "Negative Low-Energy Emotions|Contempt": -0.9806612848841092,
    "Positive High-Energy Emotions|Astonishment/Surprise": 1.264940747655928,
    "Positive High-Energy Emotions|Pleasure/Ecstasy": 2.933227764885215,
    "Negative Low-Energy Emotions|Doubt": -1.0830109308271065,
    "Negative High-Energy Emotions|Anger": -0.12808234035968802,
    "Positive Low-Energy Emotions|Contentment": 0.55619827418862,
    "Positive Low-Energy Emotions|Relief": 0.5467661462198286,
    "Positive High-Energy Emotions|Amusement": 0.4757506737397874,
    "Longing & Lust|Longing": 1.6952011787539403,
    "Positive High-Energy Emotions|Awe": 1.9216266946976677,
    "Physical and Exhaustive States|Fatigue/Exhaustion": -0.8254194061523851,
    "Negative Low-Energy Emotions|Bitterness": -0.6818963765572099,
    "Negative High-Energy Emotions|Disgust": -1.143515624325065,
    "Positive Low-Energy Emotions|Thankfulness/Gratitude": 1.0994384242210757,
    "Positive High-Energy Emotions|Teasing": 0.9846265496204004,
    "Physical and Exhaustive States|Intoxication/Altered States of Consciousness": 1.7006713756086196,
    "Positive Low-Energy Emotions|Pride": 1.049579458247651,
    "Negative Low-Energy Emotions|Embarrassment": -2.049737708914806,
    "Positive Low-Energy Emotions|Affection": 1.3428284308752594,
    "Negative Low-Energy Emotions|Sadness": -0.8393364788153592,
    "Negative Low-Energy Emotions|Shame": -0.1487479811928728,
    "Positive High-Energy Emotions|Triumph": -0.2674831868445172,
    "Cognitive States and Processes|Concentration": -0.16654682123924003,
    "Physical and Exhaustive States|Sourness": -0.15747760778293013,
    "Physical and Exhaustive States|Pain": 0.46032110920723746,
    "Negative High-Energy Emotions|Fear": 0.3656651582415489
  }
}