{
  "key": [
    "projects",
    "empathic-insight-face-large",
    "flux_dev_one_1-293_s1108337452.png"
  ],
  "value": {
    "Negative High-Energy Emotions|Malevolence/Malice": 0.06389123310280187,
    "Negative Low-Energy Emotions|Jealousy & Envy": -0.12519113634439072,
    "Longing & Lust|Infatuation": 0.3127734475232222,
    "Cognitive States and Processes|Confusion": -2.7916369502569607,
    "Longing & Lust|Sexual Lust": -1.2805138254954533,
    "Positive High-Energy Emotions|Hope/Enthusiasm/Optimism": 0.9404579061313587,
    "Positive High-Energy Emotions|Interest": -0.30305575150996444,
    "Positive High-Energy Emotions|Elation": 2.125188365260906,
    "Negative Low-Energy Emotions|Disappointment": -0.9942857813637924,
    "Negative High-Energy Emotions|Distress": -1.609012740587487,
    "Positive Low-Energy Emotions|Contemplation": 1.0511880477079574,
    "Negative Low-Energy Emotions|Emotional Numbness": -1.3856437903533088,
    "Negative High-Energy Emotions|Impatience and Irritability": -1.7363613294437528,
    "Negative Low-Energy Emotions|Helplessness": -0.40318699661423174,
    "Negative Low-Energy Emotions|Contempt": -0.14699066873420685,
    "Positive High-Energy Emotions|Astonishment/Surprise": -0.16384517248719943,
    "Positive High-Energy Emotions|Pleasure/Ecstasy": 1.9149578087733072,
    "Negative Low-Energy Emotions|Doubt": -0.8647047470121042,
    "Negative High-Energy Emotions|Anger": -1.0192642861604693,
    "Positive Low-Energy Emotions|Contentment": 0.14034143596230164,
    "Positive Low-Energy Emotions|Relief": 1.1718539997409372,
    "Positive High-Energy Emotions|Amusement": 0.6058697590516771,
    "Longing & Lust|Longing": 0.650718828404514,
    "Positive High-Energy Emotions|Awe": 1.5206965284531608,
    "Physical and Exhaustive States|Fatigue/Exhaustion": -1.0798687736755785,
    "Negative Low-Energy Emotions|Bitterness": 1.2015220344592543,
    "Negative High-Energy Emotions|Disgust": 0.39328225680133877,
    "Positive Low-Energy Emotions|Thankfulness/Gratitude": 2.30446967016796,
    "Positive High-Energy Emotions|Teasing": -0.15631517456077482,
    "Physical and Exhaustive States|Intoxication/Altered States of Consciousness": 0.15878141007440938,
    "Positive Low-Energy Emotions|Pride": 1.4055102634539498,
    "Negative Low-Energy Emotions|Embarrassment": -1.3596255949621692,
    "Positive Low-Energy Emotions|Affection": 0.3109384558043059,
    "Negative Low-Energy Emotions|Sadness": 1.0489952473780688,
    "Negative Low-Energy Emotions|Shame": 0.2451096767165205,
    "Positive High-Energy Emotions|Triumph": 0.44182338106281616,
    "Cognitive States and Processes|Concentration": -1.0745113488462041,
    "Physical and Exhaustive States|Sourness": 0.005692014638334519,
    "Physical and Exhaustive States|Pain": -0.423974950401222,
    "Negative High-Energy Emotions|Fear": 0.143912991493502
  }
}