{
  "key": [
    "projects",
    "empathic-insight-face-large",
    "flux_dev_one_0-243_s693924250.png"
  ],
  "value": {
    "Negative High-Energy Emotions|Malevolence/Malice": 1.2831123631162678,
    "Negative Low-Energy Emotions|Jealousy & Envy": 0.9180171647229616,
    "Longing & Lust|Infatuation": -1.3807059116267106,
    "Cognitive States and Processes|Confusion": 2.380339258429868,
    "Longing & Lust|Sexual Lust": -0.9183087969615178,
    "Positive High-Energy Emotions|Hope/Enthusiasm/Optimism": -2.736007545586018,
    "Positive High-Energy Emotions|Interest": -2.4521654726937414,
    "Positive High-Energy Emotions|Elation": -2.6379486772615244,
    "Negative Low-Energy Emotions|Disappointment": 3.556910436173134,
    "Negative High-Energy Emotions|Distress": 1.8899118724114754,
    "Positive Low-Energy Emotions|Contemplation": -0.4780108372560319,
    "Negative Low-Energy Emotions|Emotional Numbness": -0.5778525572905646,
    "Negative High-Energy Emotions|Impatience and Irritability": -0.7954245256260037,
    "Negative Low-Energy Emotions|Helplessness": 1.9688083332426407,
    "Negative Low-Energy Emotions|Contempt": 1.8615363121427158,
    "Positive High-Energy Emotions|Astonishment/Surprise": 0.1439157814159988,
    "Positive High-Energy Emotions|Pleasure/Ecstasy": -1.290171755035134,
    "Negative Low-Energy Emotions|Doubt": 0.7391959835977896,
    "Negative High-Energy Emotions|Anger": -0.193357055783272,
    "Positive Low-Energy Emotions|Contentment": -3.302000845379251,
    "Positive Low-Energy Emotions|Relief": -1.2223112144102068,
    "Positive High-Energy Emotions|Amusement": -2.1089205851866044,
    "Longing & Lust|Longing": -0.3223688400143703,
    "Positive High-Energy Emotions|Awe": -0.1777504606062874,
    "Physical and Exhaustive States|Fatigue/Exhaustion": 1.1606019337409559,
    "Negative Low-Energy Emotions|Bitterness": 2.0664554954101058,
    "Negative High-Energy Emotions|Disgust": 2.7632104975774006,
    "Positive Low-Energy Emotions|Thankfulness/Gratitude": -1.1236112164344418,
    "Positive High-Energy Emotions|Teasing": -0.8524007468035116,
    "Physical and Exhaustive States|Intoxication/Altered States of Consciousness": 0.9867946960689391,
    "Positive Low-Energy Emotions|Pride": -2.704289956081878,
    "Negative Low-Energy Emotions|Embarrassment": 1.2017713763827786,
    "Positive Low-Energy Emotions|Affection": -2.058055184141678,
    "Negative Low-Energy Emotions|Sadness": 2.527970111264902,
    "Negative Low-Energy Emotions|Shame": 1.5447026485182782,
    "Positive High-Energy Emotions|Triumph": -2.7679409803187145,
    "Cognitive States and Processes|Concentration": -0.1676433678891729,
    "Physical and Exhaustive States|Sourness": 0.43984230065718294,
    "Physical and Exhaustive States|Pain": 0.8725442098694689,
    "Negative High-Energy Emotions|Fear": 1.6433570738728431
  }
}