{
  "key": [
    "projects",
    "empathic-insight-face-large",
    "flux_prompt_9-image_070.png"
  ],
  "value": {
    "Negative High-Energy Emotions|Malevolence/Malice": 0.12556749691200597,
    "Negative Low-Energy Emotions|Jealousy & Envy": 0.8274839081921999,
    "Longing & Lust|Infatuation": -0.4918546266459367,
    "Cognitive States and Processes|Confusion": -1.4874053065802026,
    "Longing & Lust|Sexual Lust": -1.1646853113963322,
    "Positive High-Energy Emotions|Hope/Enthusiasm/Optimism": -0.9616869431690258,
    "Positive High-Energy Emotions|Interest": -0.05044310111552475,
    "Positive High-Energy Emotions|Elation": -1.7517887804109384,
    "Negative Low-Energy Emotions|Disappointment": 1.3622818398672867,
    "Negative High-Energy Emotions|Distress": 0.5156837525613167,
    "Positive Low-Energy Emotions|Contemplation": 1.1899736483701888,
    "Negative Low-Energy Emotions|Emotional Numbness": -1.2846679192671882,
    "Negative High-Energy Emotions|Impatience and Irritability": 1.3265603734180331,
    "Negative Low-Energy Emotions|Helplessness": -0.43572016540695635,
    "Negative Low-Energy Emotions|Contempt": 1.4197262406743625,
    "Positive High-Energy Emotions|Astonishment/Surprise": -0.6740320831164719,
    "Positive High-Energy Emotions|Pleasure/Ecstasy": -1.2077466375424581,
    "Negative Low-Energy Emotions|Doubt": 0.13404026229098875,
    "Negative High-Energy Emotions|Anger": 1.3860989159345625,
    "Positive Low-Energy Emotions|Contentment": -1.8143080124324737,
    "Positive Low-Energy Emotions|Relief": -0.4066644467939349,
    "Positive High-Energy Emotions|Amusement": -0.9909403434110915,
    "Longing & Lust|Longing": -0.1708669460171779,
    "Positive High-Energy Emotions|Awe": -0.5041712446028694,
    "Physical and Exhaustive States|Fatigue/Exhaustion": 0.06558444096980731,
    "Negative Low-Energy Emotions|Bitterness": 0.6165015221168013,
    "Negative High-Energy Emotions|Disgust": 0.6137939316823202,
    "Positive Low-Energy Emotions|Thankfulness/Gratitude": -0.354437117465936,
    "Positive High-Energy Emotions|Teasing": -1.2904022602846519,
    "Physical and Exhaustive States|Intoxication/Altered States of Consciousness": -0.7029925576685105,
    "Positive Low-Energy Emotions|Pride": -0.6016641092190848,
    "Negative Low-Energy Emotions|Embarrassment": 0.2969984837884412,
    "Positive Low-Energy Emotions|Affection": 0.9133980653128203,
    "Negative Low-Energy Emotions|Sadness": 0.08589164008112515,
    "Negative Low-Energy Emotions|Shame": -0.2658124572060564,
    "Positive High-Energy Emotions|Triumph": -0.8864967645441785,
    "Cognitive States and Processes|Concentration": 0.09717649256920113,
    "Physical and Exhaustive States|Sourness": 0.1488633399643004,
    "Physical and Exhaustive States|Pain": -0.07772775420371225,
    "Negative High-Energy Emotions|Fear": -0.9391904268567177
  }
}