{
  "key": [
    "projects",
    "empathic-insight-face-large",
    "flux_dev_one_0-225_s2331072711.png"
  ],
  "value": {
    "Negative High-Energy Emotions|Malevolence/Malice": -0.7275775064067806,
    "Negative Low-Energy Emotions|Jealousy & Envy": -1.9682305297693785,
    "Longing & Lust|Infatuation": 0.5765548162556746,
    "Cognitive States and Processes|Confusion": -3.1553709571386745,
    "Longing & Lust|Sexual Lust": 1.6582514022991939,
    "Positive High-Energy Emotions|Hope/Enthusiasm/Optimism": 4.884675647620769,
    "Positive High-Energy Emotions|Interest": 0.15084846001118424,
    "Positive High-Energy Emotions|Elation": 8.507351234237499,
    "Negative Low-Energy Emotions|Disappointment": -3.125268895606346,
    "Negative High-Energy Emotions|Distress": -4.622099417185082,
    "Positive Low-Energy Emotions|Contemplation": -3.560542587458211,
    "Negative Low-Energy Emotions|Emotional Numbness": -1.9574832421431647,
    "Negative High-Energy Emotions|Impatience and Irritability": -2.536476437933743,
    "Negative Low-Energy Emotions|Helplessness": -2.2601285773866318,
    "Negative Low-Energy Emotions|Contempt": -1.263507020434036,
    "Positive High-Energy Emotions|Astonishment/Surprise": -0.1696675926074387,
    "Positive High-Energy Emotions|Pleasure/Ecstasy": 4.614098178665428,
    "Negative Low-Energy Emotions|Doubt": -3.0968685935048716,
    "Negative High-Energy Emotions|Anger": -1.340433185696602,
    "Positive Low-Energy Emotions|Contentment": 6.445254718356711,
    "Positive Low-Energy Emotions|Relief": 2.8479334555040388,
    "Positive High-Energy Emotions|Amusement": 7.522444714038249,
    "Longing & Lust|Longing": -0.3553205526227077,
    "Positive High-Energy Emotions|Awe": 0.6489583330338493,
    "Physical and Exhaustive States|Fatigue/Exhaustion": -2.0121091406113085,
    "Negative Low-Energy Emotions|Bitterness": -1.4065534352730302,
    "Negative High-Energy Emotions|Disgust": -1.0303264038965982,
    "Positive Low-Energy Emotions|Thankfulness/Gratitude": 6.032258267513312,
    "Positive High-Energy Emotions|Teasing": 1.9687598080823525,
    "Physical and Exhaustive States|Intoxication/Altered States of Consciousness": 1.5475562520982589,
    "Positive Low-Energy Emotions|Pride": 1.5522973108401192,
    "Negative Low-Energy Emotions|Embarrassment": -1.6253149679785266,
    "Positive Low-Energy Emotions|Affection": 3.510684706910568,
    "Negative Low-Energy Emotions|Sadness": -1.7383906484702054,
    "Negative Low-Energy Emotions|Shame": -1.361858308913515,
    "Positive High-Energy Emotions|Triumph": 1.0822901903355824,
    "Cognitive States and Processes|Concentration": -2.8841670151975225,
    "Physical and Exhaustive States|Sourness": -0.9079795384965836,
    "Physical and Exhaustive States|Pain": -0.5970797134322279,
    "Negative High-Energy Emotions|Fear": -1.8703909311596962
  }
}