{
  "key": [
    "projects",
    "empathic-insight-face-large",
    "flux_prompt_9-image_004.png"
  ],
  "value": {
    "Negative High-Energy Emotions|Malevolence/Malice": 1.9590386759204899,
    "Negative Low-Energy Emotions|Jealousy & Envy": 2.0514378109136047,
    "Longing & Lust|Infatuation": 0.8689338677025893,
    "Cognitive States and Processes|Confusion": -0.27616358447326905,
    "Longing & Lust|Sexual Lust": 1.6946422433064265,
    "Positive High-Energy Emotions|Hope/Enthusiasm/Optimism": -1.26276430904427,
    "Positive High-Energy Emotions|Interest": -0.5487334014847874,
    "Positive High-Energy Emotions|Elation": -2.625120804031544,
    "Negative Low-Energy Emotions|Disappointment": 1.9080914664465713,
    "Negative High-Energy Emotions|Distress": 0.0009486201054909604,
    "Positive Low-Energy Emotions|Contemplation": -0.8106229345193681,
    "Negative Low-Energy Emotions|Emotional Numbness": -1.0741874676833258,
    "Negative High-Energy Emotions|Impatience and Irritability": 1.520708347670734,
    "Negative Low-Energy Emotions|Helplessness": 1.0910926413185456,
    "Negative Low-Energy Emotions|Contempt": 1.695238816777573,
    "Positive High-Energy Emotions|Astonishment/Surprise": -0.29293715056031955,
    "Positive High-Energy Emotions|Pleasure/Ecstasy": -2.2400182611539083,
    "Negative Low-Energy Emotions|Doubt": 0.4237527062387808,
    "Negative High-Energy Emotions|Anger": 2.9169690257310865,
    "Positive Low-Energy Emotions|Contentment": -3.1170514473384796,
    "Positive Low-Energy Emotions|Relief": -0.6385136403669329,
    "Positive High-Energy Emotions|Amusement": -2.9391279330564775,
    "Longing & Lust|Longing": 0.46909846898373764,
    "Positive High-Energy Emotions|Awe": -0.4337586087996468,
    "Physical and Exhaustive States|Fatigue/Exhaustion": -1.0449927847153124,
    "Negative Low-Energy Emotions|Bitterness": 2.2314848423530074,
    "Negative High-Energy Emotions|Disgust": 1.6352746037437635,
    "Positive Low-Energy Emotions|Thankfulness/Gratitude": -0.5783166931953061,
    "Positive High-Energy Emotions|Teasing": -0.5122980742266073,
    "Physical and Exhaustive States|Intoxication/Altered States of Consciousness": -0.07458984770757304,
    "Positive Low-Energy Emotions|Pride": -0.5953277778515921,
    "Negative Low-Energy Emotions|Embarrassment": -0.09670473848633909,
    "Positive Low-Energy Emotions|Affection": -0.8517297723451082,
    "Negative Low-Energy Emotions|Sadness": -0.7430841566183988,
    "Negative Low-Energy Emotions|Shame": 0.8258089715220472,
    "Positive High-Energy Emotions|Triumph": -1.1938785733019603,
    "Cognitive States and Processes|Concentration": 0.7588837746355463,
    "Physical and Exhaustive States|Sourness": 0.7587520574964584,
    "Physical and Exhaustive States|Pain": 0.40432552567299673,
    "Negative High-Energy Emotions|Fear": 0.6036477293665794
  }
}