{
  "key": [
    "projects",
    "empathic-insight-face-large",
    "flux_prompt_10-image_318.png"
  ],
  "value": {
    "Negative High-Energy Emotions|Malevolence/Malice": -0.6271035064296688,
    "Negative Low-Energy Emotions|Jealousy & Envy": 0.3018577852406923,
    "Longing & Lust|Infatuation": 2.7996943407155133,
    "Cognitive States and Processes|Confusion": -1.9531412189032007,
    "Longing & Lust|Sexual Lust": 4.1235185240910335,
    "Positive High-Energy Emotions|Hope/Enthusiasm/Optimism": 1.4382462804435807,
    "Positive High-Energy Emotions|Interest": 1.1994361398741602,
    "Positive High-Energy Emotions|Elation": 5.168326928893871,
    "Negative Low-Energy Emotions|Disappointment": -0.4379589152138901,
    "Negative High-Energy Emotions|Distress": -3.7290673432104726,
    "Positive Low-Energy Emotions|Contemplation": -0.23039979141862954,
    "Negative Low-Energy Emotions|Emotional Numbness": -1.8029231530318366,
    "Negative High-Energy Emotions|Impatience and Irritability": -1.9157663034275174,
    "Negative Low-Energy Emotions|Helplessness": -1.200119813119664,
    "Negative Low-Energy Emotions|Contempt": -1.2699600576959988,
    "Positive High-Energy Emotions|Astonishment/Surprise": 0.5046144813671707,
    "Positive High-Energy Emotions|Pleasure/Ecstasy": 3.5057068937228006,
    "Negative Low-Energy Emotions|Doubt": -2.798982698729481,
    "Negative High-Energy Emotions|Anger": -0.37546212017536185,
    "Positive Low-Energy Emotions|Contentment": 2.178608571582419,
    "Positive Low-Energy Emotions|Relief": 1.324603586591342,
    "Positive High-Energy Emotions|Amusement": 3.9490809330629073,
    "Longing & Lust|Longing": 0.31194134589490097,
    "Positive High-Energy Emotions|Awe": 2.005389489430715,
    "Physical and Exhaustive States|Fatigue/Exhaustion": -1.7879336874252734,
    "Negative Low-Energy Emotions|Bitterness": -0.8553375482033281,
    "Negative High-Energy Emotions|Disgust": -0.6953082459376139,
    "Positive Low-Energy Emotions|Thankfulness/Gratitude": 2.0107884360466373,
    "Positive High-Energy Emotions|Teasing": 0.6628998400161371,
    "Physical and Exhaustive States|Intoxication/Altered States of Consciousness": -0.15417873778325664,
    "Positive Low-Energy Emotions|Pride": 1.3698527383913888,
    "Negative Low-Energy Emotions|Embarrassment": -1.3013026884680285,
    "Positive Low-Energy Emotions|Affection": 2.7635862610182342,
    "Negative Low-Energy Emotions|Sadness": -1.1420884967902127,
    "Negative Low-Energy Emotions|Shame": -1.0703973180077533,
    "Positive High-Energy Emotions|Triumph": 0.5726101576054797,
    "Cognitive States and Processes|Concentration": -1.2290448542859624,
    "Physical and Exhaustive States|Sourness": -0.906892230566591,
    "Physical and Exhaustive States|Pain": -0.8042788101119154,
    "Negative High-Energy Emotions|Fear": -0.34618226626559223
  }
}