{
  "key": [
    "projects",
    "empathic-insight-face-large",
    "flux_prompt_9-image_158.png"
  ],
  "value": {
    "Negative High-Energy Emotions|Malevolence/Malice": 0.005920351640704702,
    "Negative Low-Energy Emotions|Jealousy & Envy": -0.26360182379098496,
    "Longing & Lust|Infatuation": 2.4548554830647564,
    "Cognitive States and Processes|Confusion": -3.5672972266699245,
    "Longing & Lust|Sexual Lust": 2.8547533725903316,
    "Positive High-Energy Emotions|Hope/Enthusiasm/Optimism": 4.277887966041179,
    "Positive High-Energy Emotions|Interest": 1.649869811348617,
    "Positive High-Energy Emotions|Elation": 7.940122440139598,
    "Negative Low-Energy Emotions|Disappointment": -2.4505004477303696,
    "Negative High-Energy Emotions|Distress": -5.066122549509301,
    "Positive Low-Energy Emotions|Contemplation": -2.2041642705789384,
    "Negative Low-Energy Emotions|Emotional Numbness": -3.1203574639449223,
    "Negative High-Energy Emotions|Impatience and Irritability": -2.6055133985355496,
    "Negative Low-Energy Emotions|Helplessness": -1.7960427600495956,
    "Negative Low-Energy Emotions|Contempt": -1.5725923895441434,
    "Positive High-Energy Emotions|Astonishment/Surprise": -0.7937277465686203,
    "Positive High-Energy Emotions|Pleasure/Ecstasy": 3.9214805238650126,
    "Negative Low-Energy Emotions|Doubt": -2.9868336508779185,
    "Negative High-Energy Emotions|Anger": -1.4440146142244341,
    "Positive Low-Energy Emotions|Contentment": 4.3304186215931,
    "Positive Low-Energy Emotions|Relief": 3.362492366827586,
    "Positive High-Energy Emotions|Amusement": 7.252176750628825,
    "Longing & Lust|Longing": 0.26430883046445053,
    "Positive High-Energy Emotions|Awe": 0.10204613973550947,
    "Physical and Exhaustive States|Fatigue/Exhaustion": -2.578713278031963,
    "Negative Low-Energy Emotions|Bitterness": -0.6640624284218339,
    "Negative High-Energy Emotions|Disgust": -0.7885761635706705,
    "Positive Low-Energy Emotions|Thankfulness/Gratitude": 5.975983376613653,
    "Positive High-Energy Emotions|Teasing": 1.8188773126790627,
    "Physical and Exhaustive States|Intoxication/Altered States of Consciousness": 0.8358444877626265,
    "Positive Low-Energy Emotions|Pride": 1.715432958613862,
    "Negative Low-Energy Emotions|Embarrassment": -1.5811445883398547,
    "Positive Low-Energy Emotions|Affection": 3.6117594024977264,
    "Negative Low-Energy Emotions|Sadness": -1.6897337080100003,
    "Negative Low-Energy Emotions|Shame": -0.8035200244210222,
    "Positive High-Energy Emotions|Triumph": 1.017279881116222,
    "Cognitive States and Processes|Concentration": -1.5686163302686285,
    "Physical and Exhaustive States|Sourness": -0.07001026516780257,
    "Physical and Exhaustive States|Pain": -1.425874192802345,
    "Negative High-Energy Emotions|Fear": -1.4933123979870888
  }
}