{
  "key": [
    "projects",
    "empathic-insight-face-large",
    "flux_dev_one_1-486_s347380978.png"
  ],
  "value": {
    "Negative High-Energy Emotions|Malevolence/Malice": -0.2887395013408627,
    "Negative Low-Energy Emotions|Jealousy & Envy": -0.1301384410700377,
    "Longing & Lust|Infatuation": 0.6400118284321883,
    "Cognitive States and Processes|Confusion": 0.1273077661965918,
    "Longing & Lust|Sexual Lust": 1.2562593197033687,
    "Positive High-Energy Emotions|Hope/Enthusiasm/Optimism": 0.9813617128177601,
    "Positive High-Energy Emotions|Interest": -0.11769931335002182,
    "Positive High-Energy Emotions|Elation": 0.2843642976682852,
    "Negative Low-Energy Emotions|Disappointment": -0.4711074423592758,
    "Negative High-Energy Emotions|Distress": 1.7130318703896859,
    "Positive Low-Energy Emotions|Contemplation": -0.15664655369432534,
    "Negative Low-Energy Emotions|Emotional Numbness": -1.7438796263823615,
    "Negative High-Energy Emotions|Impatience and Irritability": 0.8577441526576877,
    "Negative Low-Energy Emotions|Helplessness": 0.45184795078109297,
    "Negative Low-Energy Emotions|Contempt": -0.5328635096155545,
    "Positive High-Energy Emotions|Astonishment/Surprise": -0.12773357924073947,
    "Positive High-Energy Emotions|Pleasure/Ecstasy": 0.623706864635734,
    "Negative Low-Energy Emotions|Doubt": 0.0950224955768927,
    "Negative High-Energy Emotions|Anger": 0.7568854635953901,
    "Positive Low-Energy Emotions|Contentment": -1.9247558960384308,
    "Positive Low-Energy Emotions|Relief": -0.5440423049558611,
    "Positive High-Energy Emotions|Amusement": 2.0854293147014342,
    "Longing & Lust|Longing": 0.3161979519968907,
    "Positive High-Energy Emotions|Awe": -0.2573100251967415,
    "Physical and Exhaustive States|Fatigue/Exhaustion": -0.4792417089706834,
    "Negative Low-Energy Emotions|Bitterness": 0.3620987654258223,
    "Negative High-Energy Emotions|Disgust": -0.12455359868267002,
    "Positive Low-Energy Emotions|Thankfulness/Gratitude": 0.14088201057056304,
    "Positive High-Energy Emotions|Teasing": 0.2402347655484781,
    "Physical and Exhaustive States|Intoxication/Altered States of Consciousness": 0.48109650692957295,
    "Positive Low-Energy Emotions|Pride": -0.7507669162640677,
    "Negative Low-Energy Emotions|Embarrassment": -1.5846622160559192,
    "Positive Low-Energy Emotions|Affection": 0.40888161276193224,
    "Negative Low-Energy Emotions|Sadness": -0.9877985359290067,
    "Negative Low-Energy Emotions|Shame": -0.6690233355782488,
    "Positive High-Energy Emotions|Triumph": -0.49769177747123383,
    "Cognitive States and Processes|Concentration": 0.47837370669578805,
    "Physical and Exhaustive States|Sourness": -0.04886238818988203,
    "Physical and Exhaustive States|Pain": 0.7052606748658068,
    "Negative High-Energy Emotions|Fear": 0.8648737277682212
  }
}