{
  "key": [
    "projects",
    "empathic-insight-face-large",
    "flux_dev_one_1-416_s3520764191.png"
  ],
  "value": {
    "Negative High-Energy Emotions|Malevolence/Malice": 0.755927981035236,
    "Negative Low-Energy Emotions|Jealousy & Envy": 0.6877080359616701,
    "Longing & Lust|Infatuation": -1.8338828868769548,
    "Cognitive States and Processes|Confusion": 0.6979715759728979,
    "Longing & Lust|Sexual Lust": -1.1784988070323186,
    "Positive High-Energy Emotions|Hope/Enthusiasm/Optimism": -2.0886579495624584,
    "Positive High-Energy Emotions|Interest": -2.772402394004166,
    "Positive High-Energy Emotions|Elation": -2.8362805101472666,
    "Negative Low-Energy Emotions|Disappointment": 4.8161094594198985,
    "Negative High-Energy Emotions|Distress": 2.609064561391578,
    "Positive Low-Energy Emotions|Contemplation": 0.3624369462141219,
    "Negative Low-Energy Emotions|Emotional Numbness": -1.3235533934722052,
    "Negative High-Energy Emotions|Impatience and Irritability": -0.10378772486001253,
    "Negative Low-Energy Emotions|Helplessness": 2.542109648550258,
    "Negative Low-Energy Emotions|Contempt": 1.3140663981832126,
    "Positive High-Energy Emotions|Astonishment/Surprise": -0.5552691131457688,
    "Positive High-Energy Emotions|Pleasure/Ecstasy": -1.9577549821927267,
    "Negative Low-Energy Emotions|Doubt": 0.7442726304025992,
    "Negative High-Energy Emotions|Anger": 0.17722457110881784,
    "Positive Low-Energy Emotions|Contentment": -3.3336532959407745,
    "Positive Low-Energy Emotions|Relief": -0.5083318509687396,
    "Positive High-Energy Emotions|Amusement": -2.961470614941243,
    "Longing & Lust|Longing": 0.5974214875346104,
    "Positive High-Energy Emotions|Awe": 0.0795756654923454,
    "Physical and Exhaustive States|Fatigue/Exhaustion": 0.9545904298060958,
    "Negative Low-Energy Emotions|Bitterness": 2.05135677462115,
    "Negative High-Energy Emotions|Disgust": 2.2392156941487507,
    "Positive Low-Energy Emotions|Thankfulness/Gratitude": -0.06356668938060883,
    "Positive High-Energy Emotions|Teasing": -1.40891179130577,
    "Physical and Exhaustive States|Intoxication/Altered States of Consciousness": 1.020728931641754,
    "Positive Low-Energy Emotions|Pride": -2.0003301334271537,
    "Negative Low-Energy Emotions|Embarrassment": -0.1143152884130969,
    "Positive Low-Energy Emotions|Affection": -1.4402044036546173,
    "Negative Low-Energy Emotions|Sadness": 3.160609042539316,
    "Negative Low-Energy Emotions|Shame": 1.6705524915434857,
    "Positive High-Energy Emotions|Triumph": -2.7444450677668346,
    "Cognitive States and Processes|Concentration": 0.1635144952509333,
    "Physical and Exhaustive States|Sourness": 0.5247435366548598,
    "Physical and Exhaustive States|Pain": 1.372123818309868,
    "Negative High-Energy Emotions|Fear": 1.0768604483302024
  }
}