{
  "key": [
    "projects",
    "empathic-insight-face-large",
    "flux_prompt_10-image_351.png"
  ],
  "value": {
    "Negative High-Energy Emotions|Malevolence/Malice": 0.7347775112552677,
    "Negative Low-Energy Emotions|Jealousy & Envy": 2.1349790253796996,
    "Longing & Lust|Infatuation": 0.4125597291089156,
    "Cognitive States and Processes|Confusion": -0.9643130366827417,
    "Longing & Lust|Sexual Lust": 2.404693243424682,
    "Positive High-Energy Emotions|Hope/Enthusiasm/Optimism": -0.8418563348011059,
    "Positive High-Energy Emotions|Interest": -1.546983945555985,
    "Positive High-Energy Emotions|Elation": -1.9558665010530283,
    "Negative Low-Energy Emotions|Disappointment": 2.512584548016243,
    "Negative High-Energy Emotions|Distress": 0.8453365388161995,
    "Positive Low-Energy Emotions|Contemplation": 0.7508327623018447,
    "Negative Low-Energy Emotions|Emotional Numbness": -0.2910194796214209,
    "Negative High-Energy Emotions|Impatience and Irritability": -0.7823320077732205,
    "Negative Low-Energy Emotions|Helplessness": 0.7243475120909074,
    "Negative Low-Energy Emotions|Contempt": 0.3807933211721042,
    "Positive High-Energy Emotions|Astonishment/Surprise": -0.006439080797135954,
    "Positive High-Energy Emotions|Pleasure/Ecstasy": 0.07870935134151402,
    "Negative Low-Energy Emotions|Doubt": -0.7079870293645517,
    "Negative High-Energy Emotions|Anger": 0.3649899309873579,
    "Positive Low-Energy Emotions|Contentment": -1.6769445785945831,
    "Positive Low-Energy Emotions|Relief": -1.0832144775022479,
    "Positive High-Energy Emotions|Amusement": -3.487672816784505,
    "Longing & Lust|Longing": 0.7783283048516194,
    "Positive High-Energy Emotions|Awe": 0.016027100581456732,
    "Physical and Exhaustive States|Fatigue/Exhaustion": -0.9473235409027513,
    "Negative Low-Energy Emotions|Bitterness": 1.3417609155703993,
    "Negative High-Energy Emotions|Disgust": 0.3132288081242758,
    "Positive Low-Energy Emotions|Thankfulness/Gratitude": -0.40190220344921235,
    "Positive High-Energy Emotions|Teasing": -0.9292468695452109,
    "Physical and Exhaustive States|Intoxication/Altered States of Consciousness": 0.3594525464536513,
    "Positive Low-Energy Emotions|Pride": 0.6544759440531626,
    "Negative Low-Energy Emotions|Embarrassment": -0.432250039923717,
    "Positive Low-Energy Emotions|Affection": 0.14454469893785082,
    "Negative Low-Energy Emotions|Sadness": 0.10423341978998746,
    "Negative Low-Energy Emotions|Shame": 0.38536977708120557,
    "Positive High-Energy Emotions|Triumph": -0.9379261554514661,
    "Cognitive States and Processes|Concentration": -0.00932514632011161,
    "Physical and Exhaustive States|Sourness": -0.41798990016803145,
    "Physical and Exhaustive States|Pain": 0.5088793443756945,
    "Negative High-Energy Emotions|Fear": 0.8698412384684471
  }
}