{
  "key": [
    "projects",
    "empathic-insight-face-large",
    "flux_dev_one_0-45_s3134356250.png"
  ],
  "value": {
    "Negative High-Energy Emotions|Malevolence/Malice": 0.1611611257953678,
    "Negative Low-Energy Emotions|Jealousy & Envy": -0.10415582273812851,
    "Longing & Lust|Infatuation": -0.9013870544337175,
    "Cognitive States and Processes|Confusion": 0.2198232347940039,
    "Longing & Lust|Sexual Lust": -1.8355425024821477,
    "Positive High-Energy Emotions|Hope/Enthusiasm/Optimism": -1.3685098630146069,
    "Positive High-Energy Emotions|Interest": -2.715934622474015,
    "Positive High-Energy Emotions|Elation": -0.87442390652483,
    "Negative Low-Energy Emotions|Disappointment": 2.916248719711952,
    "Negative High-Energy Emotions|Distress": 1.7225237908608773,
    "Positive Low-Energy Emotions|Contemplation": 0.32138174372999107,
    "Negative Low-Energy Emotions|Emotional Numbness": -0.5563311678061591,
    "Negative High-Energy Emotions|Impatience and Irritability": -0.7609756635501981,
    "Negative Low-Energy Emotions|Helplessness": 1.9855814379103043,
    "Negative Low-Energy Emotions|Contempt": 1.1511187434590915,
    "Positive High-Energy Emotions|Astonishment/Surprise": -0.15780340727418674,
    "Positive High-Energy Emotions|Pleasure/Ecstasy": 0.009315478126792343,
    "Negative Low-Energy Emotions|Doubt": 0.11943284768775543,
    "Negative High-Energy Emotions|Anger": -0.09594065487384817,
    "Positive Low-Energy Emotions|Contentment": -2.003521765179056,
    "Positive Low-Energy Emotions|Relief": -0.5272925653089495,
    "Positive High-Energy Emotions|Amusement": -1.1954002490354811,
    "Longing & Lust|Longing": 0.7255843484049718,
    "Positive High-Energy Emotions|Awe": 0.5610427932923332,
    "Physical and Exhaustive States|Fatigue/Exhaustion": 0.9162343901330058,
    "Negative Low-Energy Emotions|Bitterness": 1.2739174485732527,
    "Negative High-Energy Emotions|Disgust": 1.480530254323693,
    "Positive Low-Energy Emotions|Thankfulness/Gratitude": 0.17570542823413726,
    "Positive High-Energy Emotions|Teasing": -1.0631503729631797,
    "Physical and Exhaustive States|Intoxication/Altered States of Consciousness": 0.38809782347696675,
    "Positive Low-Energy Emotions|Pride": -1.3540196847806083,
    "Negative Low-Energy Emotions|Embarrassment": -0.24845983301453733,
    "Positive Low-Energy Emotions|Affection": -1.142886302725357,
    "Negative Low-Energy Emotions|Sadness": 3.0325096010109958,
    "Negative Low-Energy Emotions|Shame": 1.2056305402495404,
    "Positive High-Energy Emotions|Triumph": -1.8157524884974254,
    "Cognitive States and Processes|Concentration": -0.7035319876101087,
    "Physical and Exhaustive States|Sourness": 0.4016222750581801,
    "Physical and Exhaustive States|Pain": 1.1458019422608263,
    "Negative High-Energy Emotions|Fear": 1.315424850195208
  }
}