{
  "key": [
    "projects",
    "empathic-insight-face-large",
    "flux_dev_one_0-221_s1431563501.png"
  ],
  "value": {
    "Negative High-Energy Emotions|Malevolence/Malice": -0.1932974446849789,
    "Negative Low-Energy Emotions|Jealousy & Envy": -0.8315837821802672,
    "Longing & Lust|Infatuation": 0.0697993450261214,
    "Cognitive States and Processes|Confusion": -1.5317590301062036,
    "Longing & Lust|Sexual Lust": 1.0154716347859187,
    "Positive High-Energy Emotions|Hope/Enthusiasm/Optimism": 2.219154204730602,
    "Positive High-Energy Emotions|Interest": 0.34094512145966294,
    "Positive High-Energy Emotions|Elation": 6.18668015269453,
    "Negative Low-Energy Emotions|Disappointment": -1.583255012015648,
    "Negative High-Energy Emotions|Distress": -2.6884007630102773,
    "Positive Low-Energy Emotions|Contemplation": -0.498049978434163,
    "Negative Low-Energy Emotions|Emotional Numbness": -1.9714797240386115,
    "Negative High-Energy Emotions|Impatience and Irritability": -1.5866254018619657,
    "Negative Low-Energy Emotions|Helplessness": -0.5849605399720809,
    "Negative Low-Energy Emotions|Contempt": -0.5390230536066434,
    "Positive High-Energy Emotions|Astonishment/Surprise": -0.6520734935626389,
    "Positive High-Energy Emotions|Pleasure/Ecstasy": 3.190681802551536,
    "Negative Low-Energy Emotions|Doubt": -1.390160400679554,
    "Negative High-Energy Emotions|Anger": -0.9526205712556841,
    "Positive Low-Energy Emotions|Contentment": 2.0949687114292206,
    "Positive Low-Energy Emotions|Relief": 1.9683790049921064,
    "Positive High-Energy Emotions|Amusement": 6.527129162280437,
    "Longing & Lust|Longing": -0.2116083896512111,
    "Positive High-Energy Emotions|Awe": -0.3202673120314583,
    "Physical and Exhaustive States|Fatigue/Exhaustion": -0.7538018028503831,
    "Negative Low-Energy Emotions|Bitterness": 0.008141827635905319,
    "Negative High-Energy Emotions|Disgust": 0.08119162150165615,
    "Positive Low-Energy Emotions|Thankfulness/Gratitude": 4.173566575161017,
    "Positive High-Energy Emotions|Teasing": 1.3174227507302865,
    "Physical and Exhaustive States|Intoxication/Altered States of Consciousness": 1.3283234991790618,
    "Positive Low-Energy Emotions|Pride": 1.3196025657763375,
    "Negative Low-Energy Emotions|Embarrassment": -0.5861641338949695,
    "Positive Low-Energy Emotions|Affection": 3.1040456077894745,
    "Negative Low-Energy Emotions|Sadness": -0.7617417217352811,
    "Negative Low-Energy Emotions|Shame": -0.17363184750299243,
    "Positive High-Energy Emotions|Triumph": 0.783160942670177,
    "Cognitive States and Processes|Concentration": -1.344201326015241,
    "Physical and Exhaustive States|Sourness": 0.09251275116577745,
    "Physical and Exhaustive States|Pain": -0.09100671538535288,
    "Negative High-Energy Emotions|Fear": -1.073806563407621
  }
}