{
  "key": [
    "projects",
    "empathic-insight-face-large",
    "flux_prompt_10-image_420.png"
  ],
  "value": {
    "Negative High-Energy Emotions|Malevolence/Malice": -1.2276316274242367,
    "Negative Low-Energy Emotions|Jealousy & Envy": -1.8712499580225523,
    "Longing & Lust|Infatuation": 1.070260923395262,
    "Cognitive States and Processes|Confusion": -3.5708134238745144,
    "Longing & Lust|Sexual Lust": 2.528450635592727,
    "Positive High-Energy Emotions|Hope/Enthusiasm/Optimism": 4.135285045508953,
    "Positive High-Energy Emotions|Interest": 1.4882280943915247,
    "Positive High-Energy Emotions|Elation": 5.99147899417097,
    "Negative Low-Energy Emotions|Disappointment": -2.0955133032601547,
    "Negative High-Energy Emotions|Distress": -2.892581480478539,
    "Positive Low-Energy Emotions|Contemplation": -0.8397429029336747,
    "Negative Low-Energy Emotions|Emotional Numbness": -1.6482322913298713,
    "Negative High-Energy Emotions|Impatience and Irritability": -0.08157450426369905,
    "Negative Low-Energy Emotions|Helplessness": -2.186872561609044,
    "Negative Low-Energy Emotions|Contempt": -1.9415134310327908,
    "Positive High-Energy Emotions|Astonishment/Surprise": -0.26603113707155,
    "Positive High-Energy Emotions|Pleasure/Ecstasy": 3.9594424837038797,
    "Negative Low-Energy Emotions|Doubt": -2.7707169840840953,
    "Negative High-Energy Emotions|Anger": 0.48812144458293893,
    "Positive Low-Energy Emotions|Contentment": 5.1557771316104954,
    "Positive Low-Energy Emotions|Relief": 1.7417533836732892,
    "Positive High-Energy Emotions|Amusement": 5.606293667285319,
    "Longing & Lust|Longing": 0.1637924515849034,
    "Positive High-Energy Emotions|Awe": -0.11404048631734698,
    "Physical and Exhaustive States|Fatigue/Exhaustion": -0.9995773832565721,
    "Negative Low-Energy Emotions|Bitterness": -2.646543431229451,
    "Negative High-Energy Emotions|Disgust": -1.8880477326319498,
    "Positive Low-Energy Emotions|Thankfulness/Gratitude": 4.7512569380913146,
    "Positive High-Energy Emotions|Teasing": 1.3506656916329964,
    "Physical and Exhaustive States|Intoxication/Altered States of Consciousness": -0.2615016690729295,
    "Positive Low-Energy Emotions|Pride": 1.7532952594866646,
    "Negative Low-Energy Emotions|Embarrassment": -2.2169163397436633,
    "Positive Low-Energy Emotions|Affection": 3.5926015159925995,
    "Negative Low-Energy Emotions|Sadness": -1.6303145528891507,
    "Negative Low-Energy Emotions|Shame": -1.8905784493706683,
    "Positive High-Energy Emotions|Triumph": 0.9949701009953723,
    "Cognitive States and Processes|Concentration": 0.1427083018991877,
    "Physical and Exhaustive States|Sourness": -1.230598022993654,
    "Physical and Exhaustive States|Pain": -0.17256160506430795,
    "Negative High-Energy Emotions|Fear": -1.7941320333783242
  }
}