{
  "key": [
    "projects",
    "empathic-insight-face-large",
    "flux_prompt_10-image_469.png"
  ],
  "value": {
    "Negative High-Energy Emotions|Malevolence/Malice": 0.4911440025730167,
    "Negative Low-Energy Emotions|Jealousy & Envy": 1.324153163389248,
    "Longing & Lust|Infatuation": -0.46395059298504804,
    "Cognitive States and Processes|Confusion": -2.0980537002111843,
    "Longing & Lust|Sexual Lust": -0.43387896068832443,
    "Positive High-Energy Emotions|Hope/Enthusiasm/Optimism": -0.9986897450641674,
    "Positive High-Energy Emotions|Interest": -1.4093174817040564,
    "Positive High-Energy Emotions|Elation": -2.6202904436189463,
    "Negative Low-Energy Emotions|Disappointment": 2.150593664069824,
    "Negative High-Energy Emotions|Distress": 1.6497241082436898,
    "Positive Low-Energy Emotions|Contemplation": 1.7072879036077682,
    "Negative Low-Energy Emotions|Emotional Numbness": -0.9207366806159125,
    "Negative High-Energy Emotions|Impatience and Irritability": 0.9636752558872104,
    "Negative Low-Energy Emotions|Helplessness": 0.502817074621425,
    "Negative Low-Energy Emotions|Contempt": 1.5596004605687717,
    "Positive High-Energy Emotions|Astonishment/Surprise": -0.4627584129199387,
    "Positive High-Energy Emotions|Pleasure/Ecstasy": -0.2069699890210348,
    "Negative Low-Energy Emotions|Doubt": 1.0314426829309806,
    "Negative High-Energy Emotions|Anger": 1.2667078322172163,
    "Positive Low-Energy Emotions|Contentment": -1.5720771202510773,
    "Positive Low-Energy Emotions|Relief": -1.374425367318532,
    "Positive High-Energy Emotions|Amusement": -2.7521863093687333,
    "Longing & Lust|Longing": 0.68139736887273,
    "Positive High-Energy Emotions|Awe": -0.3046301526839241,
    "Physical and Exhaustive States|Fatigue/Exhaustion": -0.7815209429031785,
    "Negative Low-Energy Emotions|Bitterness": 1.2803990066577406,
    "Negative High-Energy Emotions|Disgust": 0.24620350428363857,
    "Positive Low-Energy Emotions|Thankfulness/Gratitude": 0.26519870292285797,
    "Positive High-Energy Emotions|Teasing": -1.2198353676607505,
    "Physical and Exhaustive States|Intoxication/Altered States of Consciousness": 0.050067783212837114,
    "Positive Low-Energy Emotions|Pride": 0.2200914788355722,
    "Negative Low-Energy Emotions|Embarrassment": -0.662481563437511,
    "Positive Low-Energy Emotions|Affection": 0.3563380024275359,
    "Negative Low-Energy Emotions|Sadness": 0.6901138632437762,
    "Negative Low-Energy Emotions|Shame": 0.31638139426489087,
    "Positive High-Energy Emotions|Triumph": -1.6200175107752575,
    "Cognitive States and Processes|Concentration": 0.23992657696937814,
    "Physical and Exhaustive States|Sourness": -0.0923628712259233,
    "Physical and Exhaustive States|Pain": 0.6168290781098253,
    "Negative High-Energy Emotions|Fear": -0.2283270750348183
  }
}