{
  "key": [
    "projects",
    "empathic-insight-face-large",
    "flux_prompt_10-image_395.png"
  ],
  "value": {
    "Negative High-Energy Emotions|Malevolence/Malice": -1.122032224042889,
    "Negative Low-Energy Emotions|Jealousy & Envy": -1.9410965881189879,
    "Longing & Lust|Infatuation": 0.24960498143206622,
    "Cognitive States and Processes|Confusion": -4.187622315170901,
    "Longing & Lust|Sexual Lust": -0.5783515597178654,
    "Positive High-Energy Emotions|Hope/Enthusiasm/Optimism": 4.038936521415325,
    "Positive High-Energy Emotions|Interest": 1.3435377595946192,
    "Positive High-Energy Emotions|Elation": 6.65260656146223,
    "Negative Low-Energy Emotions|Disappointment": -2.9123153281014633,
    "Negative High-Energy Emotions|Distress": -3.054348009561791,
    "Positive Low-Energy Emotions|Contemplation": -1.4686348478189286,
    "Negative Low-Energy Emotions|Emotional Numbness": -2.593219707597266,
    "Negative High-Energy Emotions|Impatience and Irritability": 0.3099438501521945,
    "Negative Low-Energy Emotions|Helplessness": -2.492881615793004,
    "Negative Low-Energy Emotions|Contempt": -1.406754147966995,
    "Positive High-Energy Emotions|Astonishment/Surprise": -0.10620199736207736,
    "Positive High-Energy Emotions|Pleasure/Ecstasy": 3.474439250747947,
    "Negative Low-Energy Emotions|Doubt": -3.2041512320546763,
    "Negative High-Energy Emotions|Anger": 0.5636510199308393,
    "Positive Low-Energy Emotions|Contentment": 6.538337861590964,
    "Positive Low-Energy Emotions|Relief": 2.733473940886119,
    "Positive High-Energy Emotions|Amusement": 5.869236219851848,
    "Longing & Lust|Longing": 0.1036445104723851,
    "Positive High-Energy Emotions|Awe": 0.375861652392675,
    "Physical and Exhaustive States|Fatigue/Exhaustion": -0.8437047998672899,
    "Negative Low-Energy Emotions|Bitterness": -1.9913992165993242,
    "Negative High-Energy Emotions|Disgust": -1.5532904045985025,
    "Positive Low-Energy Emotions|Thankfulness/Gratitude": 4.747748370281256,
    "Positive High-Energy Emotions|Teasing": 0.5572618575284586,
    "Physical and Exhaustive States|Intoxication/Altered States of Consciousness": -0.5114052287576829,
    "Positive Low-Energy Emotions|Pride": 1.3851972389330758,
    "Negative Low-Energy Emotions|Embarrassment": -2.1075906923895373,
    "Positive Low-Energy Emotions|Affection": 3.17615316127153,
    "Negative Low-Energy Emotions|Sadness": -1.5094108224966947,
    "Negative Low-Energy Emotions|Shame": -2.03483861744623,
    "Positive High-Energy Emotions|Triumph": 0.7855688511098132,
    "Cognitive States and Processes|Concentration": -0.5072837021377157,
    "Physical and Exhaustive States|Sourness": -1.1632392907701432,
    "Physical and Exhaustive States|Pain": -1.5528406692427748,
    "Negative High-Energy Emotions|Fear": -1.6119938288037392
  }
}