{
  "key": [
    "projects",
    "empathic-insight-face-large",
    "flux_dev_one_0-185_s2879784526.png"
  ],
  "value": {
    "Negative High-Energy Emotions|Malevolence/Malice": -1.37888914237785,
    "Negative Low-Energy Emotions|Jealousy & Envy": -1.8162172279200133,
    "Longing & Lust|Infatuation": 0.6234774403668502,
    "Cognitive States and Processes|Confusion": 2.7753604586099216,
    "Longing & Lust|Sexual Lust": 1.6235350345776363,
    "Positive High-Energy Emotions|Hope/Enthusiasm/Optimism": 3.655788566474529,
    "Positive High-Energy Emotions|Interest": 3.7316633580252527,
    "Positive High-Energy Emotions|Elation": 8.827533080856151,
    "Negative Low-Energy Emotions|Disappointment": -4.209181745032616,
    "Negative High-Energy Emotions|Distress": -4.046893614267602,
    "Positive Low-Energy Emotions|Contemplation": -6.3947563211313065,
    "Negative Low-Energy Emotions|Emotional Numbness": -3.851692150224219,
    "Negative High-Energy Emotions|Impatience and Irritability": -3.829107587225735,
    "Negative Low-Energy Emotions|Helplessness": -2.7677076655976913,
    "Negative Low-Energy Emotions|Contempt": -1.9121202349268338,
    "Positive High-Energy Emotions|Astonishment/Surprise": 5.4961406082287425,
    "Positive High-Energy Emotions|Pleasure/Ecstasy": 4.805000650207786,
    "Negative Low-Energy Emotions|Doubt": -1.7632588933019295,
    "Negative High-Energy Emotions|Anger": -2.1701713258028033,
    "Positive Low-Energy Emotions|Contentment": -1.5487030395931183,
    "Positive Low-Energy Emotions|Relief": 2.0006958089242963,
    "Positive High-Energy Emotions|Amusement": 8.255698193042155,
    "Longing & Lust|Longing": -0.9639712369793971,
    "Positive High-Energy Emotions|Awe": 5.271846659678747,
    "Physical and Exhaustive States|Fatigue/Exhaustion": -2.8070024053818163,
    "Negative Low-Energy Emotions|Bitterness": -2.786412167496541,
    "Negative High-Energy Emotions|Disgust": -0.974692382137565,
    "Positive Low-Energy Emotions|Thankfulness/Gratitude": 3.9554774714622867,
    "Positive High-Energy Emotions|Teasing": 2.0077350468824013,
    "Physical and Exhaustive States|Intoxication/Altered States of Consciousness": 1.4820202895166243,
    "Positive Low-Energy Emotions|Pride": 0.2996728587260141,
    "Negative Low-Energy Emotions|Embarrassment": -0.8239381483679309,
    "Positive Low-Energy Emotions|Affection": -0.2293941595712129,
    "Negative Low-Energy Emotions|Sadness": -2.3743862749197904,
    "Negative Low-Energy Emotions|Shame": -1.665989339949892,
    "Positive High-Energy Emotions|Triumph": 1.0672567068303334,
    "Cognitive States and Processes|Concentration": -3.7892413731839727,
    "Physical and Exhaustive States|Sourness": -1.0267413163743913,
    "Physical and Exhaustive States|Pain": -1.4821922374648206,
    "Negative High-Energy Emotions|Fear": 2.129274805992403
  }
}