{
  "key": [
    "projects",
    "empathic-insight-face-large",
    "flux_dev_one_0-224_s3830523705.png"
  ],
  "value": {
    "Negative High-Energy Emotions|Malevolence/Malice": 1.0943162899179493,
    "Negative Low-Energy Emotions|Jealousy & Envy": 1.279457443312687,
    "Longing & Lust|Infatuation": -0.686671335210695,
    "Cognitive States and Processes|Confusion": 0.5215790207360815,
    "Longing & Lust|Sexual Lust": -0.37673622616073654,
    "Positive High-Energy Emotions|Hope/Enthusiasm/Optimism": -0.9360791188434643,
    "Positive High-Energy Emotions|Interest": -1.2133848549798132,
    "Positive High-Energy Emotions|Elation": -1.2853399965364267,
    "Negative Low-Energy Emotions|Disappointment": 1.741998951454811,
    "Negative High-Energy Emotions|Distress": 1.2544040503747322,
    "Positive Low-Energy Emotions|Contemplation": 0.26604619222967063,
    "Negative Low-Energy Emotions|Emotional Numbness": -0.8607322078833686,
    "Negative High-Energy Emotions|Impatience and Irritability": -0.4198258565738797,
    "Negative Low-Energy Emotions|Helplessness": 1.1838257115728714,
    "Negative Low-Energy Emotions|Contempt": 1.2015740752614597,
    "Positive High-Energy Emotions|Astonishment/Surprise": -0.6254058986529709,
    "Positive High-Energy Emotions|Pleasure/Ecstasy": -0.2193732387616354,
    "Negative Low-Energy Emotions|Doubt": 0.2973680903406485,
    "Negative High-Energy Emotions|Anger": 0.14346020877361276,
    "Positive Low-Energy Emotions|Contentment": -2.574450338787454,
    "Positive Low-Energy Emotions|Relief": -0.4783908881772967,
    "Positive High-Energy Emotions|Amusement": -0.3106551280332839,
    "Longing & Lust|Longing": 0.5304998063689152,
    "Positive High-Energy Emotions|Awe": -0.4054588002974495,
    "Physical and Exhaustive States|Fatigue/Exhaustion": -0.08083579943241437,
    "Negative Low-Energy Emotions|Bitterness": 2.09190009241595,
    "Negative High-Energy Emotions|Disgust": 1.1186843139722067,
    "Positive Low-Energy Emotions|Thankfulness/Gratitude": 0.3012340022240054,
    "Positive High-Energy Emotions|Teasing": -0.9032108454515829,
    "Physical and Exhaustive States|Intoxication/Altered States of Consciousness": 0.824366838550743,
    "Positive Low-Energy Emotions|Pride": -0.22156975610948662,
    "Negative Low-Energy Emotions|Embarrassment": -0.7922644785528674,
    "Positive Low-Energy Emotions|Affection": -0.03736420656828321,
    "Negative Low-Energy Emotions|Sadness": 1.5359936713120517,
    "Negative Low-Energy Emotions|Shame": 0.8015051776148817,
    "Positive High-Energy Emotions|Triumph": -0.8149586142336621,
    "Cognitive States and Processes|Concentration": 0.18169367348884835,
    "Physical and Exhaustive States|Sourness": 0.3647967112995684,
    "Physical and Exhaustive States|Pain": 0.34172717800911734,
    "Negative High-Energy Emotions|Fear": 0.9784824456866172
  }
}