{
  "key": [
    "projects",
    "empathic-insight-face-large",
    "flux_dev_one_1-342_s3156749030.png"
  ],
  "value": {
    "Negative High-Energy Emotions|Malevolence/Malice": -0.7296298135356869,
    "Negative Low-Energy Emotions|Jealousy & Envy": -0.32188920591683945,
    "Longing & Lust|Infatuation": 1.9231844358540633,
    "Cognitive States and Processes|Confusion": 0.2111692960237097,
    "Longing & Lust|Sexual Lust": 2.4126488839791103,
    "Positive High-Energy Emotions|Hope/Enthusiasm/Optimism": 0.5251710075183826,
    "Positive High-Energy Emotions|Interest": 0.61142019610852,
    "Positive High-Energy Emotions|Elation": -0.18269722195451754,
    "Negative Low-Energy Emotions|Disappointment": 1.4368307995993423,
    "Negative High-Energy Emotions|Distress": 1.4867026629693367,
    "Positive Low-Energy Emotions|Contemplation": 1.7085829933294479,
    "Negative Low-Energy Emotions|Emotional Numbness": -0.925280759919654,
    "Negative High-Energy Emotions|Impatience and Irritability": -0.9661212610080838,
    "Negative Low-Energy Emotions|Helplessness": 0.7922851842291215,
    "Negative Low-Energy Emotions|Contempt": -1.1045988916956326,
    "Positive High-Energy Emotions|Astonishment/Surprise": 2.192901575602591,
    "Positive High-Energy Emotions|Pleasure/Ecstasy": 1.6874506943629068,
    "Negative Low-Energy Emotions|Doubt": 0.33899585504249174,
    "Negative High-Energy Emotions|Anger": -0.613445585370064,
    "Positive Low-Energy Emotions|Contentment": -1.7477763542598663,
    "Positive Low-Energy Emotions|Relief": 0.0051416597734479375,
    "Positive High-Energy Emotions|Amusement": -0.865772496731404,
    "Longing & Lust|Longing": 1.3134120905047337,
    "Positive High-Energy Emotions|Awe": 3.064241118926336,
    "Physical and Exhaustive States|Fatigue/Exhaustion": -0.7264580528503831,
    "Negative Low-Energy Emotions|Bitterness": -0.7564629792641191,
    "Negative High-Energy Emotions|Disgust": -0.9812174218104166,
    "Positive Low-Energy Emotions|Thankfulness/Gratitude": 0.02629565726856109,
    "Positive High-Energy Emotions|Teasing": 0.5155418546388254,
    "Physical and Exhaustive States|Intoxication/Altered States of Consciousness": 1.0767598234774436,
    "Positive Low-Energy Emotions|Pride": 0.34260501147412203,
    "Negative Low-Energy Emotions|Embarrassment": -1.777662055838634,
    "Positive Low-Energy Emotions|Affection": 0.19732625101419055,
    "Negative Low-Energy Emotions|Sadness": 0.413706993951517,
    "Negative Low-Energy Emotions|Shame": -0.3191419249794939,
    "Positive High-Energy Emotions|Triumph": -1.0863473237787975,
    "Cognitive States and Processes|Concentration": -0.1558417674329351,
    "Physical and Exhaustive States|Sourness": -0.18835144286975264,
    "Physical and Exhaustive States|Pain": 0.43259004822548697,
    "Negative High-Energy Emotions|Fear": 0.9370374288256553
  }
}