{
  "key": [
    "projects",
    "empathic-insight-face-large",
    "flux_dev_one_1-312_s2283612496.png"
  ],
  "value": {
    "Negative High-Energy Emotions|Malevolence/Malice": 0.6056966196460758,
    "Negative Low-Energy Emotions|Jealousy & Envy": 0.7276130476155702,
    "Longing & Lust|Infatuation": 2.2069672160245037,
    "Cognitive States and Processes|Confusion": -0.36999428916229493,
    "Longing & Lust|Sexual Lust": 3.3088021849797054,
    "Positive High-Energy Emotions|Hope/Enthusiasm/Optimism": 1.2332014846845585,
    "Positive High-Energy Emotions|Interest": 0.6709491429850459,
    "Positive High-Energy Emotions|Elation": 6.239435270110912,
    "Negative Low-Energy Emotions|Disappointment": -1.5051722121041489,
    "Negative High-Energy Emotions|Distress": -2.4175324616186757,
    "Positive Low-Energy Emotions|Contemplation": -1.4129864017358598,
    "Negative Low-Energy Emotions|Emotional Numbness": -1.7516316872725592,
    "Negative High-Energy Emotions|Impatience and Irritability": -2.8420384572818875,
    "Negative Low-Energy Emotions|Helplessness": -0.6278141337983748,
    "Negative Low-Energy Emotions|Contempt": -0.43531740899909943,
    "Positive High-Energy Emotions|Astonishment/Surprise": 0.156487116254866,
    "Positive High-Energy Emotions|Pleasure/Ecstasy": 3.4691022508547587,
    "Negative Low-Energy Emotions|Doubt": -0.4670425544290201,
    "Negative High-Energy Emotions|Anger": -1.5444417649507525,
    "Positive Low-Energy Emotions|Contentment": -0.20323690266074523,
    "Positive Low-Energy Emotions|Relief": 1.2459682404469041,
    "Positive High-Energy Emotions|Amusement": 6.4476494679139815,
    "Longing & Lust|Longing": 0.016688069069949796,
    "Positive High-Energy Emotions|Awe": 0.175369389552404,
    "Physical and Exhaustive States|Fatigue/Exhaustion": -1.6212137739426074,
    "Negative Low-Energy Emotions|Bitterness": 0.3014046669532271,
    "Negative High-Energy Emotions|Disgust": -0.5638537781641764,
    "Positive Low-Energy Emotions|Thankfulness/Gratitude": 3.8566249562416446,
    "Positive High-Energy Emotions|Teasing": 1.655925068397294,
    "Physical and Exhaustive States|Intoxication/Altered States of Consciousness": 1.928776086187538,
    "Positive Low-Energy Emotions|Pride": 1.4691546726336373,
    "Negative Low-Energy Emotions|Embarrassment": -1.133602397788097,
    "Positive Low-Energy Emotions|Affection": 1.9638051769575653,
    "Negative Low-Energy Emotions|Sadness": -0.8396126867392484,
    "Negative Low-Energy Emotions|Shame": 0.18382710158605786,
    "Positive High-Energy Emotions|Triumph": 0.8360631643498645,
    "Cognitive States and Processes|Concentration": -1.8922398682859014,
    "Physical and Exhaustive States|Sourness": 0.2714788486994803,
    "Physical and Exhaustive States|Pain": -0.47822709807578256,
    "Negative High-Energy Emotions|Fear": -0.08404401877566303
  }
}