{
  "key": [
    "projects",
    "empathic-insight-face-large",
    "flux_prompt_10-image_414.png"
  ],
  "value": {
    "Negative High-Energy Emotions|Malevolence/Malice": -0.29131883273887293,
    "Negative Low-Energy Emotions|Jealousy & Envy": -0.08344273184152207,
    "Longing & Lust|Infatuation": 0.40000353384982135,
    "Cognitive States and Processes|Confusion": -1.3792438571478296,
    "Longing & Lust|Sexual Lust": -1.2876732970072942,
    "Positive High-Energy Emotions|Hope/Enthusiasm/Optimism": -0.6177607518390698,
    "Positive High-Energy Emotions|Interest": -0.828726995177567,
    "Positive High-Energy Emotions|Elation": 0.09755857257062894,
    "Negative Low-Energy Emotions|Disappointment": 1.331345956345253,
    "Negative High-Energy Emotions|Distress": -0.11221009019543143,
    "Positive Low-Energy Emotions|Contemplation": 0.8778338392385665,
    "Negative Low-Energy Emotions|Emotional Numbness": -1.1006658774504767,
    "Negative High-Energy Emotions|Impatience and Irritability": 0.03499143850058317,
    "Negative Low-Energy Emotions|Helplessness": 0.1747734349615434,
    "Negative Low-Energy Emotions|Contempt": 0.7972875714696506,
    "Positive High-Energy Emotions|Astonishment/Surprise": 0.17837775651365506,
    "Positive High-Energy Emotions|Pleasure/Ecstasy": 1.1253978484080118,
    "Negative Low-Energy Emotions|Doubt": -0.6981984565763132,
    "Negative High-Energy Emotions|Anger": 1.0938176459074018,
    "Positive Low-Energy Emotions|Contentment": 0.47429767756996766,
    "Positive Low-Energy Emotions|Relief": -0.6974908866514178,
    "Positive High-Energy Emotions|Amusement": 0.18903647753464825,
    "Longing & Lust|Longing": 0.6842663192397038,
    "Positive High-Energy Emotions|Awe": 0.6737785415833488,
    "Physical and Exhaustive States|Fatigue/Exhaustion": -0.44090400145115216,
    "Negative Low-Energy Emotions|Bitterness": 0.2702035427619429,
    "Negative High-Energy Emotions|Disgust": 1.0629069430424887,
    "Positive Low-Energy Emotions|Thankfulness/Gratitude": 1.5128569556389224,
    "Positive High-Energy Emotions|Teasing": -1.2561469940950767,
    "Physical and Exhaustive States|Intoxication/Altered States of Consciousness": -0.34842407622319804,
    "Positive Low-Energy Emotions|Pride": -1.1234267187008964,
    "Negative Low-Energy Emotions|Embarrassment": -0.3332922629004016,
    "Positive Low-Energy Emotions|Affection": 0.7420843026480254,
    "Negative Low-Energy Emotions|Sadness": 0.8680180518767413,
    "Negative Low-Energy Emotions|Shame": -0.1209070092461565,
    "Positive High-Energy Emotions|Triumph": -1.7483775438105358,
    "Cognitive States and Processes|Concentration": -0.382220387103803,
    "Physical and Exhaustive States|Sourness": -0.21734755283221602,
    "Physical and Exhaustive States|Pain": 0.1626900838929064,
    "Negative High-Energy Emotions|Fear": 0.12966676613644634
  }
}