{
  "key": [
    "projects",
    "empathic-insight-face-large",
    "flux_prompt_9-image_101.png"
  ],
  "value": {
    "Negative High-Energy Emotions|Malevolence/Malice": 0.08020192493629796,
    "Negative Low-Energy Emotions|Jealousy & Envy": 0.41822894002584854,
    "Longing & Lust|Infatuation": 1.114279177079306,
    "Cognitive States and Processes|Confusion": -2.1242575709844997,
    "Longing & Lust|Sexual Lust": 0.49345892421462967,
    "Positive High-Energy Emotions|Hope/Enthusiasm/Optimism": 0.5545708197399097,
    "Positive High-Energy Emotions|Interest": 0.41185433473438027,
    "Positive High-Energy Emotions|Elation": 4.066569879333324,
    "Negative Low-Energy Emotions|Disappointment": -0.8526930403512192,
    "Negative High-Energy Emotions|Distress": -2.232816952204003,
    "Positive Low-Energy Emotions|Contemplation": 0.6924172301897231,
    "Negative Low-Energy Emotions|Emotional Numbness": -1.7110230427870856,
    "Negative High-Energy Emotions|Impatience and Irritability": -1.2492976831272244,
    "Negative Low-Energy Emotions|Helplessness": -0.9562910396211287,
    "Negative Low-Energy Emotions|Contempt": 0.5576397061742404,
    "Positive High-Energy Emotions|Astonishment/Surprise": -0.3711639552935959,
    "Positive High-Energy Emotions|Pleasure/Ecstasy": 2.5862343185351175,
    "Negative Low-Energy Emotions|Doubt": -1.1288350413350716,
    "Negative High-Energy Emotions|Anger": -0.43954831898212454,
    "Positive Low-Energy Emotions|Contentment": 0.2028648009830536,
    "Positive Low-Energy Emotions|Relief": 0.8273133776556043,
    "Positive High-Energy Emotions|Amusement": 4.528412331073161,
    "Longing & Lust|Longing": 0.1708342635279576,
    "Positive High-Energy Emotions|Awe": 0.4431768732254997,
    "Physical and Exhaustive States|Fatigue/Exhaustion": -1.19754681990208,
    "Negative Low-Energy Emotions|Bitterness": 0.7654312968780013,
    "Negative High-Energy Emotions|Disgust": 0.4800940377309042,
    "Positive Low-Energy Emotions|Thankfulness/Gratitude": 3.3456169320259463,
    "Positive High-Energy Emotions|Teasing": 0.3053435416410074,
    "Physical and Exhaustive States|Intoxication/Altered States of Consciousness": 0.7842532404424514,
    "Positive Low-Energy Emotions|Pride": 1.3634830284228219,
    "Negative Low-Energy Emotions|Embarrassment": -0.4779951742773547,
    "Positive Low-Energy Emotions|Affection": 1.9881180307707367,
    "Negative Low-Energy Emotions|Sadness": 0.07368580092402066,
    "Negative Low-Energy Emotions|Shame": -0.09009891808252124,
    "Positive High-Energy Emotions|Triumph": 0.7715871511662707,
    "Cognitive States and Processes|Concentration": -0.7635145109322141,
    "Physical and Exhaustive States|Sourness": -0.15309726243838667,
    "Physical and Exhaustive States|Pain": -0.3856305671614759,
    "Negative High-Energy Emotions|Fear": -0.5364349279706093
  }
}