{
  "key": [
    "projects",
    "empathic-insight-face-large",
    "flux_prompt_10-image_263.png"
  ],
  "value": {
    "Negative High-Energy Emotions|Malevolence/Malice": 0.734052957193378,
    "Negative Low-Energy Emotions|Jealousy & Envy": 0.18776281263021866,
    "Longing & Lust|Infatuation": -1.2475241012476823,
    "Cognitive States and Processes|Confusion": -1.2853462760473657,
    "Longing & Lust|Sexual Lust": -1.2856736803843694,
    "Positive High-Energy Emotions|Hope/Enthusiasm/Optimism": -0.7260926705555004,
    "Positive High-Energy Emotions|Interest": -1.5520676257088781,
    "Positive High-Energy Emotions|Elation": 1.9686259177129934,
    "Negative Low-Energy Emotions|Disappointment": 1.6463249731261063,
    "Negative High-Energy Emotions|Distress": -0.08261508766342612,
    "Positive Low-Energy Emotions|Contemplation": 0.5169166957148734,
    "Negative Low-Energy Emotions|Emotional Numbness": -1.139230201829444,
    "Negative High-Energy Emotions|Impatience and Irritability": -1.3078454183414578,
    "Negative Low-Energy Emotions|Helplessness": 0.802060912216411,
    "Negative Low-Energy Emotions|Contempt": 0.5798931003011325,
    "Positive High-Energy Emotions|Astonishment/Surprise": 0.05716312829405057,
    "Positive High-Energy Emotions|Pleasure/Ecstasy": 2.24253277711132,
    "Negative Low-Energy Emotions|Doubt": -0.5107360671071665,
    "Negative High-Energy Emotions|Anger": -0.07794672787189505,
    "Positive Low-Energy Emotions|Contentment": -0.5694585689968048,
    "Positive Low-Energy Emotions|Relief": 0.37447558263645453,
    "Positive High-Energy Emotions|Amusement": 1.0800676831887925,
    "Longing & Lust|Longing": 0.16068734761532943,
    "Positive High-Energy Emotions|Awe": 0.5373598413651481,
    "Physical and Exhaustive States|Fatigue/Exhaustion": -0.2754246990448411,
    "Negative Low-Energy Emotions|Bitterness": 2.0129015863467665,
    "Negative High-Energy Emotions|Disgust": 1.918064616401406,
    "Positive Low-Energy Emotions|Thankfulness/Gratitude": 0.5136151267204654,
    "Positive High-Energy Emotions|Teasing": -0.9765393404772177,
    "Physical and Exhaustive States|Intoxication/Altered States of Consciousness": 0.002901674127754106,
    "Positive Low-Energy Emotions|Pride": 0.8845898676028147,
    "Negative Low-Energy Emotions|Embarrassment": -0.15485979830079222,
    "Positive Low-Energy Emotions|Affection": 0.6594020581683692,
    "Negative Low-Energy Emotions|Sadness": 1.716624712838846,
    "Negative Low-Energy Emotions|Shame": 0.4031417959906599,
    "Positive High-Energy Emotions|Triumph": -0.7016165376936688,
    "Cognitive States and Processes|Concentration": -1.7608693238523077,
    "Physical and Exhaustive States|Sourness": -0.15532430058345198,
    "Physical and Exhaustive States|Pain": 0.6804563211518175,
    "Negative High-Energy Emotions|Fear": 0.9795078839953331
  }
}