{
  "key": [
    "projects",
    "empathic-insight-face-large",
    "flux_dev_one_0-28_s2384236756.png"
  ],
  "value": {
    "Negative High-Energy Emotions|Malevolence/Malice": 1.1969649802608524,
    "Negative Low-Energy Emotions|Jealousy & Envy": 2.287036375061554,
    "Longing & Lust|Infatuation": -1.1282802410029313,
    "Cognitive States and Processes|Confusion": 0.8435080583070349,
    "Longing & Lust|Sexual Lust": 0.45379680148818924,
    "Positive High-Energy Emotions|Hope/Enthusiasm/Optimism": -1.1697100144580883,
    "Positive High-Energy Emotions|Interest": -1.6712232710793615,
    "Positive High-Energy Emotions|Elation": -2.9510456773835947,
    "Negative Low-Energy Emotions|Disappointment": 2.295762907286339,
    "Negative High-Energy Emotions|Distress": 1.539447051549659,
    "Positive Low-Energy Emotions|Contemplation": -1.769928936182576,
    "Negative Low-Energy Emotions|Emotional Numbness": -1.8217056494841681,
    "Negative High-Energy Emotions|Impatience and Irritability": 2.6337512684985995,
    "Negative Low-Energy Emotions|Helplessness": 0.8292206328756669,
    "Negative Low-Energy Emotions|Contempt": 1.7800408780969241,
    "Positive High-Energy Emotions|Astonishment/Surprise": -0.4697924762591721,
    "Positive High-Energy Emotions|Pleasure/Ecstasy": -2.5695098764493185,
    "Negative Low-Energy Emotions|Doubt": 1.2787938525171623,
    "Negative High-Energy Emotions|Anger": 4.1257271713018415,
    "Positive Low-Energy Emotions|Contentment": -3.559895361370462,
    "Positive Low-Energy Emotions|Relief": -1.3410822906125994,
    "Positive High-Energy Emotions|Amusement": -3.466787349255208,
    "Longing & Lust|Longing": -0.25578902128878434,
    "Positive High-Energy Emotions|Awe": -0.6257303876692757,
    "Physical and Exhaustive States|Fatigue/Exhaustion": -1.0683792631393847,
    "Negative Low-Energy Emotions|Bitterness": 2.5584414125014754,
    "Negative High-Energy Emotions|Disgust": 0.9304711443974691,
    "Positive Low-Energy Emotions|Thankfulness/Gratitude": -1.5781908081855405,
    "Positive High-Energy Emotions|Teasing": -0.9735313324739828,
    "Physical and Exhaustive States|Intoxication/Altered States of Consciousness": 0.006195665216621293,
    "Positive Low-Energy Emotions|Pride": -1.3199643325696098,
    "Negative Low-Energy Emotions|Embarrassment": -0.8446505240088,
    "Positive Low-Energy Emotions|Affection": -1.7722058513322296,
    "Negative Low-Energy Emotions|Sadness": -0.933668220148367,
    "Negative Low-Energy Emotions|Shame": 0.5403861695506117,
    "Positive High-Energy Emotions|Triumph": -1.8793494523798717,
    "Cognitive States and Processes|Concentration": 0.8971440199587275,
    "Physical and Exhaustive States|Sourness": 0.3744059895910323,
    "Physical and Exhaustive States|Pain": 0.5972198652344591,
    "Negative High-Energy Emotions|Fear": 1.544233007341185
  }
}