{
  "key": [
    "projects",
    "empathic-insight-face-large",
    "flux_dev_one_0-204_s1630999247.png"
  ],
  "value": {
    "Negative High-Energy Emotions|Malevolence/Malice": -0.5840838540630306,
    "Negative Low-Energy Emotions|Jealousy & Envy": 0.08411093141226211,
    "Longing & Lust|Infatuation": 2.8456404619313336,
    "Cognitive States and Processes|Confusion": 0.548729711291654,
    "Longing & Lust|Sexual Lust": 3.492610154073028,
    "Positive High-Energy Emotions|Hope/Enthusiasm/Optimism": 0.13505461395225105,
    "Positive High-Energy Emotions|Interest": 1.479214203171432,
    "Positive High-Energy Emotions|Elation": 1.9528305676382254,
    "Negative Low-Energy Emotions|Disappointment": -0.6101324152749252,
    "Negative High-Energy Emotions|Distress": -0.8662420687430046,
    "Positive Low-Energy Emotions|Contemplation": 0.49948840189067756,
    "Negative Low-Energy Emotions|Emotional Numbness": -0.8370149832854377,
    "Negative High-Energy Emotions|Impatience and Irritability": -1.274623935110867,
    "Negative Low-Energy Emotions|Helplessness": 0.11736808236907514,
    "Negative Low-Energy Emotions|Contempt": -1.0800758719049832,
    "Positive High-Energy Emotions|Astonishment/Surprise": 1.4214909762516617,
    "Positive High-Energy Emotions|Pleasure/Ecstasy": 2.425102936546592,
    "Negative Low-Energy Emotions|Doubt": -1.0797408412007943,
    "Negative High-Energy Emotions|Anger": -0.25490338146686575,
    "Positive Low-Energy Emotions|Contentment": -0.7477322468227325,
    "Positive Low-Energy Emotions|Relief": 0.33805255512104315,
    "Positive High-Energy Emotions|Amusement": 1.7772039363073076,
    "Longing & Lust|Longing": 0.5511935555582921,
    "Positive High-Energy Emotions|Awe": 1.9333350734894768,
    "Physical and Exhaustive States|Fatigue/Exhaustion": -0.9478921692139085,
    "Negative Low-Energy Emotions|Bitterness": -1.0369655370186357,
    "Negative High-Energy Emotions|Disgust": -1.0789208786890787,
    "Positive Low-Energy Emotions|Thankfulness/Gratitude": 0.5714158965263736,
    "Positive High-Energy Emotions|Teasing": 0.9090749838838682,
    "Physical and Exhaustive States|Intoxication/Altered States of Consciousness": 1.1263149910332526,
    "Positive Low-Energy Emotions|Pride": 0.6256104874720468,
    "Negative Low-Energy Emotions|Embarrassment": -1.8313358000402942,
    "Positive Low-Energy Emotions|Affection": 0.9469860873064574,
    "Negative Low-Energy Emotions|Sadness": -0.7069481254675809,
    "Negative Low-Energy Emotions|Shame": -0.6342545157692888,
    "Positive High-Energy Emotions|Triumph": -0.35647912782781266,
    "Cognitive States and Processes|Concentration": -0.19899135792518363,
    "Physical and Exhaustive States|Sourness": -0.33571164852008223,
    "Physical and Exhaustive States|Pain": 0.3026094841080553,
    "Negative High-Energy Emotions|Fear": 0.44181438347653423
  }
}