{
  "key": [
    "projects",
    "empathic-insight-face-large",
    "flux_prompt_10-image_389.png"
  ],
  "value": {
    "Negative High-Energy Emotions|Malevolence/Malice": 0.9750058661861454,
    "Negative Low-Energy Emotions|Jealousy & Envy": 1.5454735317388002,
    "Longing & Lust|Infatuation": -0.1244065351389787,
    "Cognitive States and Processes|Confusion": 0.3355168039773535,
    "Longing & Lust|Sexual Lust": -0.12210303791305588,
    "Positive High-Energy Emotions|Hope/Enthusiasm/Optimism": -1.999526832695393,
    "Positive High-Energy Emotions|Interest": -0.4014953257516026,
    "Positive High-Energy Emotions|Elation": -1.8583285066682627,
    "Negative Low-Energy Emotions|Disappointment": 2.0711215245920944,
    "Negative High-Energy Emotions|Distress": 1.1054211678750374,
    "Positive Low-Energy Emotions|Contemplation": 0.3414711316236678,
    "Negative Low-Energy Emotions|Emotional Numbness": -1.1630115014205085,
    "Negative High-Energy Emotions|Impatience and Irritability": -0.007881705649197102,
    "Negative Low-Energy Emotions|Helplessness": 0.5032382112390855,
    "Negative Low-Energy Emotions|Contempt": 1.6940338492787936,
    "Positive High-Energy Emotions|Astonishment/Surprise": -0.09016119536012424,
    "Positive High-Energy Emotions|Pleasure/Ecstasy": -0.9051133520199972,
    "Negative Low-Energy Emotions|Doubt": 0.8685845543833121,
    "Negative High-Energy Emotions|Anger": 0.26143782794475534,
    "Positive Low-Energy Emotions|Contentment": -3.314179266399759,
    "Positive Low-Energy Emotions|Relief": -1.0344554938901873,
    "Positive High-Energy Emotions|Amusement": -2.0022623648954667,
    "Longing & Lust|Longing": 0.27439578410443466,
    "Positive High-Energy Emotions|Awe": -0.15619336793966143,
    "Physical and Exhaustive States|Fatigue/Exhaustion": -0.286908368325847,
    "Negative Low-Energy Emotions|Bitterness": 1.9991864979793044,
    "Negative High-Energy Emotions|Disgust": 1.7906397653414923,
    "Positive Low-Energy Emotions|Thankfulness/Gratitude": -0.17781162727733735,
    "Positive High-Energy Emotions|Teasing": -0.8497333197405234,
    "Physical and Exhaustive States|Intoxication/Altered States of Consciousness": 0.5540586718084182,
    "Positive Low-Energy Emotions|Pride": -0.6474346947560415,
    "Negative Low-Energy Emotions|Embarrassment": 0.3440991469735608,
    "Positive Low-Energy Emotions|Affection": -0.558937809721512,
    "Negative Low-Energy Emotions|Sadness": 0.9227776585957583,
    "Negative Low-Energy Emotions|Shame": 0.7013609105326674,
    "Positive High-Energy Emotions|Triumph": -0.6330169261729016,
    "Cognitive States and Processes|Concentration": 0.3647622469637324,
    "Physical and Exhaustive States|Sourness": 0.42086152935400606,
    "Physical and Exhaustive States|Pain": 0.21313826313790152,
    "Negative High-Energy Emotions|Fear": 1.0333922710116294
  }
}