{
  "key": [
    "projects",
    "empathic-insight-face-large",
    "flux_dev_one_0-93_s4120650838.png"
  ],
  "value": {
    "Negative High-Energy Emotions|Malevolence/Malice": -1.0595079053478207,
    "Negative Low-Energy Emotions|Jealousy & Envy": -2.6188624343714295,
    "Longing & Lust|Infatuation": -2.1428657359980487,
    "Cognitive States and Processes|Confusion": -3.4380009238745144,
    "Longing & Lust|Sexual Lust": 3.1030629252598567,
    "Positive High-Energy Emotions|Hope/Enthusiasm/Optimism": 6.8062793272777515,
    "Positive High-Energy Emotions|Interest": -2.1273511530831457,
    "Positive High-Energy Emotions|Elation": 9.070494964401073,
    "Negative Low-Energy Emotions|Disappointment": -4.3406505179208,
    "Negative High-Energy Emotions|Distress": -5.461222189401879,
    "Positive Low-Energy Emotions|Contemplation": -7.890516761957723,
    "Negative Low-Energy Emotions|Emotional Numbness": -4.063098381150733,
    "Negative High-Energy Emotions|Impatience and Irritability": -3.614007298834622,
    "Negative Low-Energy Emotions|Helplessness": -2.453173955117955,
    "Negative Low-Energy Emotions|Contempt": -1.6035920500360867,
    "Positive High-Energy Emotions|Astonishment/Surprise": 0.8828039259091018,
    "Positive High-Energy Emotions|Pleasure/Ecstasy": 6.037910568039207,
    "Negative Low-Energy Emotions|Doubt": -4.624361116698231,
    "Negative High-Energy Emotions|Anger": -1.6390295678377154,
    "Positive Low-Energy Emotions|Contentment": 3.962274169021231,
    "Positive Low-Energy Emotions|Relief": 3.1997799120317487,
    "Positive High-Energy Emotions|Amusement": 8.331274021594401,
    "Longing & Lust|Longing": -1.3912182844037135,
    "Positive High-Energy Emotions|Awe": 1.5997819380944267,
    "Physical and Exhaustive States|Fatigue/Exhaustion": -2.707662204957622,
    "Negative Low-Energy Emotions|Bitterness": -2.3058087109993486,
    "Negative High-Energy Emotions|Disgust": -1.3475728409693521,
    "Positive Low-Energy Emotions|Thankfulness/Gratitude": 5.530159468761481,
    "Positive High-Energy Emotions|Teasing": 2.0208747716138467,
    "Physical and Exhaustive States|Intoxication/Altered States of Consciousness": 2.1936515577794875,
    "Positive Low-Energy Emotions|Pride": 1.487779216777314,
    "Negative Low-Energy Emotions|Embarrassment": -1.8195974997168078,
    "Positive Low-Energy Emotions|Affection": -0.5717497089066926,
    "Negative Low-Energy Emotions|Sadness": -2.956848585710806,
    "Negative Low-Energy Emotions|Shame": -1.8812050229332904,
    "Positive High-Energy Emotions|Triumph": 1.354670303937267,
    "Cognitive States and Processes|Concentration": -4.518568813445814,
    "Physical and Exhaustive States|Sourness": -1.4827664399705827,
    "Physical and Exhaustive States|Pain": -1.6321816039961927,
    "Negative High-Energy Emotions|Fear": -0.17908362487002338
  }
}