{
  "key": [
    "projects",
    "empathic-insight-face-large",
    "flux_prompt_9-image_063.png"
  ],
  "value": {
    "Negative High-Energy Emotions|Malevolence/Malice": -0.29696255813407557,
    "Negative Low-Energy Emotions|Jealousy & Envy": 1.0014682271638338,
    "Longing & Lust|Infatuation": 2.491902630815611,
    "Cognitive States and Processes|Confusion": -1.5800478522802759,
    "Longing & Lust|Sexual Lust": 3.426612315099029,
    "Positive High-Energy Emotions|Hope/Enthusiasm/Optimism": -0.11207184612312737,
    "Positive High-Energy Emotions|Interest": 0.9613217828795314,
    "Positive High-Energy Emotions|Elation": 2.363301261941738,
    "Negative Low-Energy Emotions|Disappointment": 0.13701419117038727,
    "Negative High-Energy Emotions|Distress": -1.917918580507531,
    "Positive Low-Energy Emotions|Contemplation": 0.5638277714261237,
    "Negative Low-Energy Emotions|Emotional Numbness": -0.5057772499213324,
    "Negative High-Energy Emotions|Impatience and Irritability": -1.1291788266971707,
    "Negative Low-Energy Emotions|Helplessness": -0.6253958541505477,
    "Negative Low-Energy Emotions|Contempt": -0.4784809469782254,
    "Positive High-Energy Emotions|Astonishment/Surprise": 0.9865415186062454,
    "Positive High-Energy Emotions|Pleasure/Ecstasy": 1.9415566199229044,
    "Negative Low-Energy Emotions|Doubt": -1.4740985224752083,
    "Negative High-Energy Emotions|Anger": 0.027674133181571747,
    "Positive Low-Energy Emotions|Contentment": 0.3068729987674774,
    "Positive Low-Energy Emotions|Relief": -0.6067091979612322,
    "Positive High-Energy Emotions|Amusement": 0.3988292107270921,
    "Longing & Lust|Longing": 0.5309527122622411,
    "Positive High-Energy Emotions|Awe": 1.0668531732743278,
    "Physical and Exhaustive States|Fatigue/Exhaustion": -1.2890590231186327,
    "Negative Low-Energy Emotions|Bitterness": -0.3839036702583818,
    "Negative High-Energy Emotions|Disgust": -0.8602848427698893,
    "Positive Low-Energy Emotions|Thankfulness/Gratitude": 0.6546411467705142,
    "Positive High-Energy Emotions|Teasing": 0.24701246931053256,
    "Physical and Exhaustive States|Intoxication/Altered States of Consciousness": 0.4463438399793471,
    "Positive Low-Energy Emotions|Pride": 1.1652723121752633,
    "Negative Low-Energy Emotions|Embarrassment": -1.0892403296118274,
    "Positive Low-Energy Emotions|Affection": 2.002173521264511,
    "Negative Low-Energy Emotions|Sadness": -0.6884104848959867,
    "Negative Low-Energy Emotions|Shame": -0.5343469983361223,
    "Positive High-Energy Emotions|Triumph": 0.17276437866337158,
    "Cognitive States and Processes|Concentration": -0.4730085279967855,
    "Physical and Exhaustive States|Sourness": -0.729957392271608,
    "Physical and Exhaustive States|Pain": -0.36166044005576303,
    "Negative High-Energy Emotions|Fear": 0.6152553763087181
  }
}