{
  "key": [
    "projects",
    "empathic-insight-face-large",
    "flux_dev_one_0-43_s1766241490.png"
  ],
  "value": {
    "Negative High-Energy Emotions|Malevolence/Malice": 0.048161924974444936,
    "Negative Low-Energy Emotions|Jealousy & Envy": -0.29931346987100205,
    "Longing & Lust|Infatuation": -1.4124527759455583,
    "Cognitive States and Processes|Confusion": 3.215350383040769,
    "Longing & Lust|Sexual Lust": -1.2315555239512639,
    "Positive High-Energy Emotions|Hope/Enthusiasm/Optimism": -1.7190733891681713,
    "Positive High-Energy Emotions|Interest": 2.271300327591598,
    "Positive High-Energy Emotions|Elation": 1.0678201463621328,
    "Negative Low-Energy Emotions|Disappointment": -2.2297334265511703,
    "Negative High-Energy Emotions|Distress": -0.10146323863197776,
    "Positive Low-Energy Emotions|Contemplation": -4.776817802607137,
    "Negative Low-Energy Emotions|Emotional Numbness": -2.4967965584883793,
    "Negative High-Energy Emotions|Impatience and Irritability": -2.325384442694485,
    "Negative Low-Energy Emotions|Helplessness": 0.14582119401763471,
    "Negative Low-Energy Emotions|Contempt": 0.1382340073979953,
    "Positive High-Energy Emotions|Astonishment/Surprise": 5.924932846464216,
    "Positive High-Energy Emotions|Pleasure/Ecstasy": 0.2091228835985941,
    "Negative Low-Energy Emotions|Doubt": -0.4665961752442972,
    "Negative High-Energy Emotions|Anger": -0.448803251385689,
    "Positive Low-Energy Emotions|Contentment": -3.334381903118509,
    "Positive Low-Energy Emotions|Relief": -1.1473865069974871,
    "Positive High-Energy Emotions|Amusement": -0.5295186152769362,
    "Longing & Lust|Longing": -0.7914019620770534,
    "Positive High-Energy Emotions|Awe": 5.588272698420813,
    "Physical and Exhaustive States|Fatigue/Exhaustion": -1.7171009580856738,
    "Negative Low-Energy Emotions|Bitterness": -0.6573371171425371,
    "Negative High-Energy Emotions|Disgust": 3.246517501552315,
    "Positive Low-Energy Emotions|Thankfulness/Gratitude": -0.6825091885413754,
    "Positive High-Energy Emotions|Teasing": -0.31159898326896573,
    "Physical and Exhaustive States|Intoxication/Altered States of Consciousness": 1.3275781430961455,
    "Positive Low-Energy Emotions|Pride": -3.6698911619076835,
    "Negative Low-Energy Emotions|Embarrassment": -0.27273799692444944,
    "Positive Low-Energy Emotions|Affection": -3.5398962714829865,
    "Negative Low-Energy Emotions|Sadness": -1.344853842363638,
    "Negative Low-Energy Emotions|Shame": 0.0734783405043623,
    "Positive High-Energy Emotions|Triumph": -1.56638548982494,
    "Cognitive States and Processes|Concentration": -1.915321886184461,
    "Physical and Exhaustive States|Sourness": -0.8222691321931779,
    "Physical and Exhaustive States|Pain": -0.20216794737998178,
    "Negative High-Energy Emotions|Fear": 4.908588131874361
  }
}