{
  "key": [
    "projects",
    "empathic-insight-face-large",
    "flux_prompt_9-image_039.png"
  ],
  "value": {
    "Negative High-Energy Emotions|Malevolence/Malice": 1.3208463277382885,
    "Negative Low-Energy Emotions|Jealousy & Envy": 1.5496207335153047,
    "Longing & Lust|Infatuation": 2.080670040140257,
    "Cognitive States and Processes|Confusion": -2.1869888370062283,
    "Longing & Lust|Sexual Lust": 2.014141557137756,
    "Positive High-Energy Emotions|Hope/Enthusiasm/Optimism": 1.063880707625957,
    "Positive High-Energy Emotions|Interest": 1.6888231156393885,
    "Positive High-Energy Emotions|Elation": 0.0937522199552725,
    "Negative Low-Energy Emotions|Disappointment": -0.00937672374660492,
    "Negative High-Energy Emotions|Distress": -1.7745266136877678,
    "Positive Low-Energy Emotions|Contemplation": 0.5259950046548072,
    "Negative Low-Energy Emotions|Emotional Numbness": -1.844951341737281,
    "Negative High-Energy Emotions|Impatience and Irritability": -0.32391530741006136,
    "Negative Low-Energy Emotions|Helplessness": -0.4603520232789656,
    "Negative Low-Energy Emotions|Contempt": -0.07013143297065705,
    "Positive High-Energy Emotions|Astonishment/Surprise": -0.4529818206653,
    "Positive High-Energy Emotions|Pleasure/Ecstasy": 0.6006331317827982,
    "Negative Low-Energy Emotions|Doubt": -0.41281749706550996,
    "Negative High-Energy Emotions|Anger": 0.055955821871757294,
    "Positive Low-Energy Emotions|Contentment": -2.550213659710306,
    "Positive Low-Energy Emotions|Relief": 0.8015502534280805,
    "Positive High-Energy Emotions|Amusement": -0.30772114899886005,
    "Longing & Lust|Longing": 0.3981005751734654,
    "Positive High-Energy Emotions|Awe": -0.010293833714197564,
    "Physical and Exhaustive States|Fatigue/Exhaustion": -1.6120985548263964,
    "Negative Low-Energy Emotions|Bitterness": 1.7142625421811553,
    "Negative High-Energy Emotions|Disgust": 0.002204261501045801,
    "Positive Low-Energy Emotions|Thankfulness/Gratitude": 1.7035447312507999,
    "Positive High-Energy Emotions|Teasing": 0.10698762847877596,
    "Physical and Exhaustive States|Intoxication/Altered States of Consciousness": -0.03756678023320781,
    "Positive Low-Energy Emotions|Pride": 1.3714270162691964,
    "Negative Low-Energy Emotions|Embarrassment": -1.6702146700506701,
    "Positive Low-Energy Emotions|Affection": 1.734352090104538,
    "Negative Low-Energy Emotions|Sadness": -0.9741783977606717,
    "Negative Low-Energy Emotions|Shame": 0.16144514024038525,
    "Positive High-Energy Emotions|Triumph": 0.5983843980992541,
    "Cognitive States and Processes|Concentration": 0.778392017242663,
    "Physical and Exhaustive States|Sourness": 0.3538258952833712,
    "Physical and Exhaustive States|Pain": -0.7569131446761244,
    "Negative High-Energy Emotions|Fear": 0.02402206322506939
  }
}