{
  "key": [
    "projects",
    "empathic-insight-face-large",
    "flux_prompt_9-image_018.png"
  ],
  "value": {
    "Negative High-Energy Emotions|Malevolence/Malice": -0.050364076002117564,
    "Negative Low-Energy Emotions|Jealousy & Envy": -0.6609367570719298,
    "Longing & Lust|Infatuation": -1.8720053024195573,
    "Cognitive States and Processes|Confusion": -2.4026458327795437,
    "Longing & Lust|Sexual Lust": -0.8942266131236272,
    "Positive High-Energy Emotions|Hope/Enthusiasm/Optimism": 0.6058857101245838,
    "Positive High-Energy Emotions|Interest": -1.2222659470513464,
    "Positive High-Energy Emotions|Elation": -0.023920700271778284,
    "Negative Low-Energy Emotions|Disappointment": 0.11077765705173492,
    "Negative High-Energy Emotions|Distress": -0.04910318080116721,
    "Positive Low-Energy Emotions|Contemplation": -0.05149168175371255,
    "Negative Low-Energy Emotions|Emotional Numbness": -0.8261108499655829,
    "Negative High-Energy Emotions|Impatience and Irritability": -0.12030631769448519,
    "Negative Low-Energy Emotions|Helplessness": 0.9034628037757734,
    "Negative Low-Energy Emotions|Contempt": 0.09227691892753631,
    "Positive High-Energy Emotions|Astonishment/Surprise": 0.2817627281323074,
    "Positive High-Energy Emotions|Pleasure/Ecstasy": 2.5571033828661722,
    "Negative Low-Energy Emotions|Doubt": -0.8363501022367136,
    "Negative High-Energy Emotions|Anger": 1.1842738932371137,
    "Positive Low-Energy Emotions|Contentment": 1.385150944285971,
    "Positive Low-Energy Emotions|Relief": -0.43512745281352716,
    "Positive High-Energy Emotions|Amusement": -0.0973405947996413,
    "Longing & Lust|Longing": 1.132798520589439,
    "Positive High-Energy Emotions|Awe": 0.5979790764039055,
    "Physical and Exhaustive States|Fatigue/Exhaustion": -0.46130500242771466,
    "Negative Low-Energy Emotions|Bitterness": 0.26158995633616167,
    "Negative High-Energy Emotions|Disgust": 0.04658731051227627,
    "Positive Low-Energy Emotions|Thankfulness/Gratitude": 1.6031473828468692,
    "Positive High-Energy Emotions|Teasing": -1.3056124119570152,
    "Physical and Exhaustive States|Intoxication/Altered States of Consciousness": -0.4147499791620408,
    "Positive Low-Energy Emotions|Pride": 0.8595643806567087,
    "Negative Low-Energy Emotions|Embarrassment": -1.1581170729284778,
    "Positive Low-Energy Emotions|Affection": 1.0928814194044647,
    "Negative Low-Energy Emotions|Sadness": 0.19166914214106168,
    "Negative Low-Energy Emotions|Shame": 0.17356419503469678,
    "Positive High-Energy Emotions|Triumph": -0.8364774705206647,
    "Cognitive States and Processes|Concentration": -0.5508137937810491,
    "Physical and Exhaustive States|Sourness": -0.9935827756486832,
    "Physical and Exhaustive States|Pain": 0.7659889864045031,
    "Negative High-Energy Emotions|Fear": 0.32430203816250835
  }
}