{
  "key": [
    "projects",
    "empathic-insight-face-large",
    "flux_dev_one_0-218_s4187914261.png"
  ],
  "value": {
    "Negative High-Energy Emotions|Malevolence/Malice": 0.1211544882221256,
    "Negative Low-Energy Emotions|Jealousy & Envy": 0.10074730302481094,
    "Longing & Lust|Infatuation": -1.1919797248743913,
    "Cognitive States and Processes|Confusion": 1.8406913216088843,
    "Longing & Lust|Sexual Lust": -0.8222308779551701,
    "Positive High-Energy Emotions|Hope/Enthusiasm/Optimism": -2.198471401329426,
    "Positive High-Energy Emotions|Interest": -2.2524984957650305,
    "Positive High-Energy Emotions|Elation": -2.6962725374299814,
    "Negative Low-Energy Emotions|Disappointment": 3.607738654633217,
    "Negative High-Energy Emotions|Distress": 2.6356267752892832,
    "Positive Low-Energy Emotions|Contemplation": -0.5713830034128007,
    "Negative Low-Energy Emotions|Emotional Numbness": -0.331370185006629,
    "Negative High-Energy Emotions|Impatience and Irritability": 0.7687038732692599,
    "Negative Low-Energy Emotions|Helplessness": 2.002482096517787,
    "Negative Low-Energy Emotions|Contempt": 0.8943284631169894,
    "Positive High-Energy Emotions|Astonishment/Surprise": 0.11207688752561795,
    "Positive High-Energy Emotions|Pleasure/Ecstasy": -1.8573099500729757,
    "Negative Low-Energy Emotions|Doubt": 0.9405421425791128,
    "Negative High-Energy Emotions|Anger": 0.6753601378202436,
    "Positive Low-Energy Emotions|Contentment": -2.2120102295345245,
    "Positive Low-Energy Emotions|Relief": -1.4700219192136736,
    "Positive High-Energy Emotions|Amusement": -3.715677272350911,
    "Longing & Lust|Longing": 0.13839443560895126,
    "Positive High-Energy Emotions|Awe": -0.19950353334493487,
    "Physical and Exhaustive States|Fatigue/Exhaustion": 0.6725359608167235,
    "Negative Low-Energy Emotions|Bitterness": 1.058009219222209,
    "Negative High-Energy Emotions|Disgust": 0.9288965684964376,
    "Positive Low-Energy Emotions|Thankfulness/Gratitude": -1.5476212548102963,
    "Positive High-Energy Emotions|Teasing": -0.8266378311922445,
    "Physical and Exhaustive States|Intoxication/Altered States of Consciousness": 0.19982236704843892,
    "Positive Low-Energy Emotions|Pride": -2.16677670000888,
    "Negative Low-Energy Emotions|Embarrassment": -0.5147512129431262,
    "Positive Low-Energy Emotions|Affection": -1.7372153022447052,
    "Negative Low-Energy Emotions|Sadness": 1.2496736406228122,
    "Negative Low-Energy Emotions|Shame": 0.7555096292473814,
    "Positive High-Energy Emotions|Triumph": -3.025585156801869,
    "Cognitive States and Processes|Concentration": 0.11993980443214669,
    "Physical and Exhaustive States|Sourness": 0.2702261229790747,
    "Physical and Exhaustive States|Pain": 1.442692677887047,
    "Negative High-Energy Emotions|Fear": 1.658767288535395
  }
}