{
  "key": [
    "projects",
    "empathic-insight-face-large",
    "flux_dev_one_0-98_s3846958887.png"
  ],
  "value": {
    "Negative High-Energy Emotions|Malevolence/Malice": 1.024603427545551,
    "Negative Low-Energy Emotions|Jealousy & Envy": 0.10995407487539688,
    "Longing & Lust|Infatuation": -1.5900862998865983,
    "Cognitive States and Processes|Confusion": 0.02411579441772216,
    "Longing & Lust|Sexual Lust": -1.2548952723338322,
    "Positive High-Energy Emotions|Hope/Enthusiasm/Optimism": -1.7114444714740795,
    "Positive High-Energy Emotions|Interest": -2.8982506873086096,
    "Positive High-Energy Emotions|Elation": -2.4290367815095713,
    "Negative Low-Energy Emotions|Disappointment": 3.685409348030739,
    "Negative High-Energy Emotions|Distress": 2.1306676688439707,
    "Positive Low-Energy Emotions|Contemplation": 0.5155014728316489,
    "Negative Low-Energy Emotions|Emotional Numbness": -0.3168145221362219,
    "Negative High-Energy Emotions|Impatience and Irritability": -0.3708711313083768,
    "Negative Low-Energy Emotions|Helplessness": 2.2307320040113785,
    "Negative Low-Energy Emotions|Contempt": 1.4813431382573703,
    "Positive High-Energy Emotions|Astonishment/Surprise": -0.6401523261889817,
    "Positive High-Energy Emotions|Pleasure/Ecstasy": -0.6672798521115499,
    "Negative Low-Energy Emotions|Doubt": 0.013695072123561705,
    "Negative High-Energy Emotions|Anger": 0.10781543910503366,
    "Positive Low-Energy Emotions|Contentment": -3.216816271252054,
    "Positive Low-Energy Emotions|Relief": -0.8762166061033221,
    "Positive High-Energy Emotions|Amusement": -2.159155856640462,
    "Longing & Lust|Longing": 0.7550517522936742,
    "Positive High-Energy Emotions|Awe": -0.21274410913534014,
    "Physical and Exhaustive States|Fatigue/Exhaustion": 1.4364916284316602,
    "Negative Low-Energy Emotions|Bitterness": 2.2581170321036788,
    "Negative High-Energy Emotions|Disgust": 1.9013926310136038,
    "Positive Low-Energy Emotions|Thankfulness/Gratitude": -0.3178968476142514,
    "Positive High-Energy Emotions|Teasing": -0.998281565170516,
    "Physical and Exhaustive States|Intoxication/Altered States of Consciousness": 0.6219193347455825,
    "Positive Low-Energy Emotions|Pride": -1.4355949592480766,
    "Negative Low-Energy Emotions|Embarrassment": -0.5069122484808459,
    "Positive Low-Energy Emotions|Affection": -1.2630334117570343,
    "Negative Low-Energy Emotions|Sadness": 3.0302951692483004,
    "Negative Low-Energy Emotions|Shame": 1.4288397127367993,
    "Positive High-Energy Emotions|Triumph": -2.4690899671351207,
    "Cognitive States and Processes|Concentration": -0.2441773411061834,
    "Physical and Exhaustive States|Sourness": 0.1994704400934279,
    "Physical and Exhaustive States|Pain": 1.2807962106781847,
    "Negative High-Energy Emotions|Fear": 0.8453318681414512
  }
}