{
  "key": [
    "projects",
    "empathic-insight-face-large",
    "flux_dev_one_1-461_s1904767386.png"
  ],
  "value": {
    "Negative High-Energy Emotions|Malevolence/Malice": -1.0085154164867367,
    "Negative Low-Energy Emotions|Jealousy & Envy": -1.7839191398462828,
    "Longing & Lust|Infatuation": 0.20226697255145099,
    "Cognitive States and Processes|Confusion": -3.5379908149267605,
    "Longing & Lust|Sexual Lust": 0.8891260003254695,
    "Positive High-Energy Emotions|Hope/Enthusiasm/Optimism": 4.671802904014202,
    "Positive High-Energy Emotions|Interest": 0.49035989921540024,
    "Positive High-Energy Emotions|Elation": 8.203838660995311,
    "Negative Low-Energy Emotions|Disappointment": -2.4139780592721176,
    "Negative High-Energy Emotions|Distress": -4.420218962167993,
    "Positive Low-Energy Emotions|Contemplation": -2.4125931302896317,
    "Negative Low-Energy Emotions|Emotional Numbness": -3.0618390542159184,
    "Negative High-Energy Emotions|Impatience and Irritability": -2.2079060720279813,
    "Negative Low-Energy Emotions|Helplessness": -1.274571259652867,
    "Negative Low-Energy Emotions|Contempt": -1.611938130816116,
    "Positive High-Energy Emotions|Astonishment/Surprise": -0.8900984435901047,
    "Positive High-Energy Emotions|Pleasure/Ecstasy": 4.086542474548606,
    "Negative Low-Energy Emotions|Doubt": -2.996802408507313,
    "Negative High-Energy Emotions|Anger": -1.4762664490938189,
    "Positive Low-Energy Emotions|Contentment": 4.659772192531211,
    "Positive Low-Energy Emotions|Relief": 3.422447486914256,
    "Positive High-Energy Emotions|Amusement": 7.315413464038249,
    "Longing & Lust|Longing": -0.0707784688824733,
    "Positive High-Energy Emotions|Awe": -0.17654978464193194,
    "Physical and Exhaustive States|Fatigue/Exhaustion": -1.8741415540939745,
    "Negative Low-Energy Emotions|Bitterness": -1.0862726449440507,
    "Negative High-Energy Emotions|Disgust": -1.0968885796473307,
    "Positive Low-Energy Emotions|Thankfulness/Gratitude": 6.0270070983086,
    "Positive High-Energy Emotions|Teasing": 1.8664529652783974,
    "Physical and Exhaustive States|Intoxication/Altered States of Consciousness": 1.003269255972084,
    "Positive Low-Energy Emotions|Pride": 1.6166082191576852,
    "Negative Low-Energy Emotions|Embarrassment": -1.4590614012365832,
    "Positive Low-Energy Emotions|Affection": 3.6849529526075897,
    "Negative Low-Energy Emotions|Sadness": -1.4708132387259427,
    "Negative Low-Energy Emotions|Shame": -1.0610752707741717,
    "Positive High-Energy Emotions|Triumph": 0.9415474115575061,
    "Cognitive States and Processes|Concentration": -2.614281355979688,
    "Physical and Exhaustive States|Sourness": -0.20396017080172896,
    "Physical and Exhaustive States|Pain": -0.6287793708724134,
    "Negative High-Energy Emotions|Fear": -1.9013784323041054
  }
}