{
  "key": [
    "projects",
    "empathic-insight-face-large",
    "flux_dev_one_0-210_s1672347131.png"
  ],
  "value": {
    "Negative High-Energy Emotions|Malevolence/Malice": -0.7560682881908383,
    "Negative Low-Energy Emotions|Jealousy & Envy": -1.0453327140650328,
    "Longing & Lust|Infatuation": 1.2145029530323603,
    "Cognitive States and Processes|Confusion": -3.4350874488378933,
    "Longing & Lust|Sexual Lust": 1.6270583247349544,
    "Positive High-Energy Emotions|Hope/Enthusiasm/Optimism": 5.458542968635173,
    "Positive High-Energy Emotions|Interest": 1.2349192617461084,
    "Positive High-Energy Emotions|Elation": 8.504852607528514,
    "Negative Low-Energy Emotions|Disappointment": -3.1458568167489243,
    "Negative High-Energy Emotions|Distress": -4.569366949533715,
    "Positive Low-Energy Emotions|Contemplation": -1.998233083902913,
    "Negative Low-Energy Emotions|Emotional Numbness": -2.0372766953597172,
    "Negative High-Energy Emotions|Impatience and Irritability": -2.2075713323429227,
    "Negative Low-Energy Emotions|Helplessness": -2.3139890033357284,
    "Negative Low-Energy Emotions|Contempt": -1.225174796541824,
    "Positive High-Energy Emotions|Astonishment/Surprise": -0.017872205339372282,
    "Positive High-Energy Emotions|Pleasure/Ecstasy": 4.936297284881858,
    "Negative Low-Energy Emotions|Doubt": -2.026781279852833,
    "Negative High-Energy Emotions|Anger": -1.4744435006380083,
    "Positive Low-Energy Emotions|Contentment": 5.548065578036887,
    "Positive Low-Energy Emotions|Relief": 2.5184821329484968,
    "Positive High-Energy Emotions|Amusement": 7.805093277423259,
    "Longing & Lust|Longing": -0.08436904314699967,
    "Positive High-Energy Emotions|Awe": 0.722676404017736,
    "Physical and Exhaustive States|Fatigue/Exhaustion": -2.2510105173355517,
    "Negative Low-Energy Emotions|Bitterness": -1.3382529496620683,
    "Negative High-Energy Emotions|Disgust": -1.8063063996241373,
    "Positive Low-Energy Emotions|Thankfulness/Gratitude": 4.655526633373297,
    "Positive High-Energy Emotions|Teasing": 1.8846540780255898,
    "Physical and Exhaustive States|Intoxication/Altered States of Consciousness": 0.008496523714240922,
    "Positive Low-Energy Emotions|Pride": 1.785765843402375,
    "Negative Low-Energy Emotions|Embarrassment": -1.9007778338079944,
    "Positive Low-Energy Emotions|Affection": 3.5585374615034637,
    "Negative Low-Energy Emotions|Sadness": -1.8446290136435453,
    "Negative Low-Energy Emotions|Shame": -1.7335850602410297,
    "Positive High-Energy Emotions|Triumph": 1.0184524236882435,
    "Cognitive States and Processes|Concentration": -1.6655990477826665,
    "Physical and Exhaustive States|Sourness": -0.15899138694629072,
    "Physical and Exhaustive States|Pain": -1.3367824150008314,
    "Negative High-Energy Emotions|Fear": -1.897745648414335
  }
}