{
  "key": [
    "projects",
    "empathic-insight-face-large",
    "flux_dev_one_1-450_s3467810331.png"
  ],
  "value": {
    "Negative High-Energy Emotions|Malevolence/Malice": -1.0805850614147152,
    "Negative Low-Energy Emotions|Jealousy & Envy": -1.9223375758966978,
    "Longing & Lust|Infatuation": 0.08180670071612384,
    "Cognitive States and Processes|Confusion": -3.1303598945166042,
    "Longing & Lust|Sexual Lust": 0.9784783696339412,
    "Positive High-Energy Emotions|Hope/Enthusiasm/Optimism": 4.843195106391521,
    "Positive High-Energy Emotions|Interest": 0.37635034378618004,
    "Positive High-Energy Emotions|Elation": 8.80020554331953,
    "Negative Low-Energy Emotions|Disappointment": -3.2701577734749985,
    "Negative High-Energy Emotions|Distress": -4.880064981912866,
    "Positive Low-Energy Emotions|Contemplation": -3.4819166700235185,
    "Negative Low-Energy Emotions|Emotional Numbness": -3.123286674607764,
    "Negative High-Energy Emotions|Impatience and Irritability": -2.225286786444485,
    "Negative Low-Energy Emotions|Helplessness": -2.3643191653840683,
    "Negative Low-Energy Emotions|Contempt": -1.517009389361038,
    "Positive High-Energy Emotions|Astonishment/Surprise": -0.5939911514148117,
    "Positive High-Energy Emotions|Pleasure/Ecstasy": 4.655851709167747,
    "Negative Low-Energy Emotions|Doubt": -3.113858301451649,
    "Negative High-Energy Emotions|Anger": -1.3575878793001177,
    "Positive Low-Energy Emotions|Contentment": 5.421692048602683,
    "Positive Low-Energy Emotions|Relief": 3.2749147854219465,
    "Positive High-Energy Emotions|Amusement": 7.932393539874431,
    "Longing & Lust|Longing": -0.3686173951977809,
    "Positive High-Energy Emotions|Awe": 0.06142772008829267,
    "Physical and Exhaustive States|Fatigue/Exhaustion": -2.110602239823955,
    "Negative Low-Energy Emotions|Bitterness": -1.7957982301186113,
    "Negative High-Energy Emotions|Disgust": -1.4772811310694498,
    "Positive Low-Energy Emotions|Thankfulness/Gratitude": 6.0405211402092345,
    "Positive High-Energy Emotions|Teasing": 1.9761691422650918,
    "Physical and Exhaustive States|Intoxication/Altered States of Consciousness": 1.1857578501762713,
    "Positive Low-Energy Emotions|Pride": 1.6897009182085885,
    "Negative Low-Energy Emotions|Embarrassment": -1.415089862692882,
    "Positive Low-Energy Emotions|Affection": 3.809033133729416,
    "Negative Low-Energy Emotions|Sadness": -1.9120666624167386,
    "Negative Low-Energy Emotions|Shame": -1.5045942670128802,
    "Positive High-Energy Emotions|Triumph": 1.1701736627782093,
    "Cognitive States and Processes|Concentration": -2.557535707595594,
    "Physical and Exhaustive States|Sourness": -0.6810386682115495,
    "Physical and Exhaustive States|Pain": -1.0678178859633558,
    "Negative High-Energy Emotions|Fear": -1.8391373548810097
  }
}