{
  "key": [
    "projects",
    "empathic-insight-face-large",
    "flux_prompt_10-image_315.png"
  ],
  "value": {
    "Negative High-Energy Emotions|Malevolence/Malice": 1.04496818889809,
    "Negative Low-Energy Emotions|Jealousy & Envy": 2.1604983368077697,
    "Longing & Lust|Infatuation": -0.9073091335200212,
    "Cognitive States and Processes|Confusion": 1.3527861471150946,
    "Longing & Lust|Sexual Lust": 0.45198434344985916,
    "Positive High-Energy Emotions|Hope/Enthusiasm/Optimism": -0.5510701876834911,
    "Positive High-Energy Emotions|Interest": -1.8534761549904943,
    "Positive High-Energy Emotions|Elation": -1.4590956422883798,
    "Negative Low-Energy Emotions|Disappointment": 2.2656906056601334,
    "Negative High-Energy Emotions|Distress": 2.3664712729699473,
    "Positive Low-Energy Emotions|Contemplation": -1.9097082654825028,
    "Negative Low-Energy Emotions|Emotional Numbness": -2.204153726686011,
    "Negative High-Energy Emotions|Impatience and Irritability": 1.3303853226825595,
    "Negative Low-Energy Emotions|Helplessness": 0.7762379896290162,
    "Negative Low-Energy Emotions|Contempt": 2.252649660447941,
    "Positive High-Energy Emotions|Astonishment/Surprise": -0.4013913780078293,
    "Positive High-Energy Emotions|Pleasure/Ecstasy": -1.361268652160378,
    "Negative Low-Energy Emotions|Doubt": 0.5932679583521231,
    "Negative High-Energy Emotions|Anger": 1.025590116381645,
    "Positive Low-Energy Emotions|Contentment": -3.766344393200296,
    "Positive Low-Energy Emotions|Relief": -0.07349737068309503,
    "Positive High-Energy Emotions|Amusement": -2.1291256060911454,
    "Longing & Lust|Longing": -0.040203908717068026,
    "Positive High-Energy Emotions|Awe": -0.17006718347616046,
    "Physical and Exhaustive States|Fatigue/Exhaustion": -1.1616796056991991,
    "Negative Low-Energy Emotions|Bitterness": 2.1571586251784773,
    "Negative High-Energy Emotions|Disgust": 1.43058536179802,
    "Positive Low-Energy Emotions|Thankfulness/Gratitude": -1.0833950089301694,
    "Positive High-Energy Emotions|Teasing": -1.1955629257967368,
    "Physical and Exhaustive States|Intoxication/Altered States of Consciousness": -0.9491556874750291,
    "Positive Low-Energy Emotions|Pride": -0.9323808383832083,
    "Negative Low-Energy Emotions|Embarrassment": -0.11315752779297972,
    "Positive Low-Energy Emotions|Affection": -1.350649736181778,
    "Negative Low-Energy Emotions|Sadness": 0.1121974347970065,
    "Negative Low-Energy Emotions|Shame": 0.9048888081290266,
    "Positive High-Energy Emotions|Triumph": -1.8723354162012829,
    "Cognitive States and Processes|Concentration": -0.032111644389874794,
    "Physical and Exhaustive States|Sourness": 0.08292443508282304,
    "Physical and Exhaustive States|Pain": 0.5503460573273546,
    "Negative High-Energy Emotions|Fear": 0.8537680711443809
  }
}