{
  "key": [
    "projects",
    "empathic-insight-face-large",
    "flux_dev_one_1-333_s282347084.png"
  ],
  "value": {
    "Negative High-Energy Emotions|Malevolence/Malice": -0.21295505653190272,
    "Negative Low-Energy Emotions|Jealousy & Envy": -0.5289401254496153,
    "Longing & Lust|Infatuation": -0.45575590800274823,
    "Cognitive States and Processes|Confusion": 1.0235494459842276,
    "Longing & Lust|Sexual Lust": -1.8439977789714055,
    "Positive High-Energy Emotions|Hope/Enthusiasm/Optimism": -1.1930817109302563,
    "Positive High-Energy Emotions|Interest": -2.239675152488053,
    "Positive High-Energy Emotions|Elation": -1.1079973432618906,
    "Negative Low-Energy Emotions|Disappointment": 2.91253678085392,
    "Negative High-Energy Emotions|Distress": 2.0629551234490733,
    "Positive Low-Energy Emotions|Contemplation": 0.398484322906417,
    "Negative Low-Energy Emotions|Emotional Numbness": -0.5588208538184272,
    "Negative High-Energy Emotions|Impatience and Irritability": -0.7053635763004422,
    "Negative Low-Energy Emotions|Helplessness": 1.6198260587103226,
    "Negative Low-Energy Emotions|Contempt": 0.6585912585652927,
    "Positive High-Energy Emotions|Astonishment/Surprise": 0.5889175027981399,
    "Positive High-Energy Emotions|Pleasure/Ecstasy": 0.3146221511767191,
    "Negative Low-Energy Emotions|Doubt": 0.02621605593875488,
    "Negative High-Energy Emotions|Anger": -0.20746499836444876,
    "Positive Low-Energy Emotions|Contentment": -1.951060141033548,
    "Positive Low-Energy Emotions|Relief": -0.8678047217954608,
    "Positive High-Energy Emotions|Amusement": -0.8349323382688796,
    "Longing & Lust|Longing": 0.06958015796002548,
    "Positive High-Energy Emotions|Awe": 0.4810637312119499,
    "Physical and Exhaustive States|Fatigue/Exhaustion": 0.7395550508731429,
    "Negative Low-Energy Emotions|Bitterness": 0.8621298790503951,
    "Negative High-Energy Emotions|Disgust": 1.5162111146046835,
    "Positive Low-Energy Emotions|Thankfulness/Gratitude": 0.1765360785637271,
    "Positive High-Energy Emotions|Teasing": -0.8036933808138266,
    "Physical and Exhaustive States|Intoxication/Altered States of Consciousness": -0.11388683238011943,
    "Positive Low-Energy Emotions|Pride": -1.8469053935895072,
    "Negative Low-Energy Emotions|Embarrassment": 0.3556028434152112,
    "Positive Low-Energy Emotions|Affection": -0.8110649802842561,
    "Negative Low-Energy Emotions|Sadness": 2.4294473289391574,
    "Negative Low-Energy Emotions|Shame": 0.5837856227137587,
    "Positive High-Energy Emotions|Triumph": -2.3374221147333873,
    "Cognitive States and Processes|Concentration": -0.9031962748792242,
    "Physical and Exhaustive States|Sourness": 0.054487237874418504,
    "Physical and Exhaustive States|Pain": 1.131067078025902,
    "Negative High-Energy Emotions|Fear": 1.4615980740483192
  }
}