{
  "key": [
    "projects",
    "empathic-insight-face-large",
    "flux_dev_one_1-351_s3808535274.png"
  ],
  "value": {
    "Negative High-Energy Emotions|Malevolence/Malice": -0.28160208354758876,
    "Negative Low-Energy Emotions|Jealousy & Envy": 1.6484867491879884,
    "Longing & Lust|Infatuation": 0.41361270476351764,
    "Cognitive States and Processes|Confusion": 2.6265681917642185,
    "Longing & Lust|Sexual Lust": 0.9005207394764705,
    "Positive High-Energy Emotions|Hope/Enthusiasm/Optimism": -2.540362213249592,
    "Positive High-Energy Emotions|Interest": -0.8200275780633092,
    "Positive High-Energy Emotions|Elation": -2.877412483413868,
    "Negative Low-Energy Emotions|Disappointment": 2.4557896810967255,
    "Negative High-Energy Emotions|Distress": 2.442613822484718,
    "Positive Low-Energy Emotions|Contemplation": -1.005199317156392,
    "Negative Low-Energy Emotions|Emotional Numbness": -1.7349769574294196,
    "Negative High-Energy Emotions|Impatience and Irritability": 0.6879910780116916,
    "Negative Low-Energy Emotions|Helplessness": 1.3636545937902786,
    "Negative Low-Energy Emotions|Contempt": -0.1320752024256131,
    "Positive High-Energy Emotions|Astonishment/Surprise": 2.757975348867476,
    "Positive High-Energy Emotions|Pleasure/Ecstasy": -2.84778727360508,
    "Negative Low-Energy Emotions|Doubt": 1.628327410409008,
    "Negative High-Energy Emotions|Anger": -0.07153851330280325,
    "Positive Low-Energy Emotions|Contentment": -3.029673899120706,
    "Positive Low-Energy Emotions|Relief": -0.672019795380971,
    "Positive High-Energy Emotions|Amusement": -3.655242454083089,
    "Longing & Lust|Longing": -0.2227027213925441,
    "Positive High-Energy Emotions|Awe": 1.6533022003357902,
    "Physical and Exhaustive States|Fatigue/Exhaustion": -0.8115846912628587,
    "Negative Low-Energy Emotions|Bitterness": 1.023441028647563,
    "Negative High-Energy Emotions|Disgust": 2.1022079808308796,
    "Positive Low-Energy Emotions|Thankfulness/Gratitude": -0.7090029763068784,
    "Positive High-Energy Emotions|Teasing": -0.3993131785204306,
    "Physical and Exhaustive States|Intoxication/Altered States of Consciousness": 1.1150809907080497,
    "Positive Low-Energy Emotions|Pride": -2.702914996136199,
    "Negative Low-Energy Emotions|Embarrassment": 1.1264544406051145,
    "Positive Low-Energy Emotions|Affection": -2.819142601744217,
    "Negative Low-Energy Emotions|Sadness": -0.5819469333746854,
    "Negative Low-Energy Emotions|Shame": 1.0411180400826474,
    "Positive High-Energy Emotions|Triumph": -2.3211185754572643,
    "Cognitive States and Processes|Concentration": 0.7053816918108393,
    "Physical and Exhaustive States|Sourness": 0.062223682347685105,
    "Physical and Exhaustive States|Pain": 0.7036509918290026,
    "Negative High-Energy Emotions|Fear": 2.702962359398165
  }
}