{
  "key": [
    "projects",
    "empathic-insight-face-large",
    "flux_dev_one_0-80_s2721690873.png"
  ],
  "value": {
    "Negative High-Energy Emotions|Malevolence/Malice": 0.6199759851856266,
    "Negative Low-Energy Emotions|Jealousy & Envy": 0.485361651436371,
    "Longing & Lust|Infatuation": -0.8836475200556657,
    "Cognitive States and Processes|Confusion": -0.7572614018942285,
    "Longing & Lust|Sexual Lust": -0.693704667170258,
    "Positive High-Energy Emotions|Hope/Enthusiasm/Optimism": -0.042737696762470634,
    "Positive High-Energy Emotions|Interest": -0.8535538794472813,
    "Positive High-Energy Emotions|Elation": 0.4168585088651846,
    "Negative Low-Energy Emotions|Disappointment": 1.5327576208311844,
    "Negative High-Energy Emotions|Distress": 0.6252987208611824,
    "Positive Low-Energy Emotions|Contemplation": 0.7301780243524734,
    "Negative Low-Energy Emotions|Emotional Numbness": -1.318450401414405,
    "Negative High-Energy Emotions|Impatience and Irritability": -0.7421856569126248,
    "Negative Low-Energy Emotions|Helplessness": 1.1242500197536804,
    "Negative Low-Energy Emotions|Contempt": 0.4054412722982028,
    "Positive High-Energy Emotions|Astonishment/Surprise": -0.40787874754518283,
    "Positive High-Energy Emotions|Pleasure/Ecstasy": 0.8589907758639139,
    "Negative Low-Energy Emotions|Doubt": -0.013956394305671846,
    "Negative High-Energy Emotions|Anger": -0.23679620563983939,
    "Positive Low-Energy Emotions|Contentment": -3.277847612804788,
    "Positive Low-Energy Emotions|Relief": 0.47674207309589667,
    "Positive High-Energy Emotions|Amusement": 0.6915868410752977,
    "Longing & Lust|Longing": 0.6751171254759709,
    "Positive High-Energy Emotions|Awe": 0.4513841943924919,
    "Physical and Exhaustive States|Fatigue/Exhaustion": 0.22735675170360248,
    "Negative Low-Energy Emotions|Bitterness": 2.1984095693160506,
    "Negative High-Energy Emotions|Disgust": 1.1981727702214438,
    "Positive Low-Energy Emotions|Thankfulness/Gratitude": 1.3948370171699893,
    "Positive High-Energy Emotions|Teasing": -0.44917723224662687,
    "Physical and Exhaustive States|Intoxication/Altered States of Consciousness": 0.9593453564407195,
    "Positive Low-Energy Emotions|Pride": 0.06777052761219879,
    "Negative Low-Energy Emotions|Embarrassment": -1.1608534029608264,
    "Positive Low-Energy Emotions|Affection": 0.7184524617037352,
    "Negative Low-Energy Emotions|Sadness": 1.5928401707551059,
    "Negative Low-Energy Emotions|Shame": 0.8837459491171381,
    "Positive High-Energy Emotions|Triumph": -0.8158552171026959,
    "Cognitive States and Processes|Concentration": 0.0783113840792109,
    "Physical and Exhaustive States|Sourness": 0.3112032694555819,
    "Physical and Exhaustive States|Pain": 0.3847691225129015,
    "Negative High-Energy Emotions|Fear": 0.6568070258791832
  }
}