{
  "key": [
    "projects",
    "empathic-insight-face-large",
    "flux_prompt_9-image_230.png"
  ],
  "value": {
    "Negative High-Energy Emotions|Malevolence/Malice": 0.8715782772464786,
    "Negative Low-Energy Emotions|Jealousy & Envy": 0.8799829044499818,
    "Longing & Lust|Infatuation": -0.970294553747072,
    "Cognitive States and Processes|Confusion": -1.2543799941564966,
    "Longing & Lust|Sexual Lust": -0.22771650799057053,
    "Positive High-Energy Emotions|Hope/Enthusiasm/Optimism": -0.08666989624062005,
    "Positive High-Energy Emotions|Interest": -0.38823341149836776,
    "Positive High-Energy Emotions|Elation": -0.051005289276294885,
    "Negative Low-Energy Emotions|Disappointment": 1.466781656761818,
    "Negative High-Energy Emotions|Distress": 0.6333418908364632,
    "Positive Low-Energy Emotions|Contemplation": 0.7166622241148177,
    "Negative Low-Energy Emotions|Emotional Numbness": -1.3212129574904548,
    "Negative High-Energy Emotions|Impatience and Irritability": -0.559780185110867,
    "Negative Low-Energy Emotions|Helplessness": 0.7250168424494127,
    "Negative Low-Energy Emotions|Contempt": 0.2592671990789035,
    "Positive High-Energy Emotions|Astonishment/Surprise": -0.37524210508912814,
    "Positive High-Energy Emotions|Pleasure/Ecstasy": 2.2366613619730753,
    "Negative Low-Energy Emotions|Doubt": -0.2791526357440607,
    "Negative High-Energy Emotions|Anger": 0.5965980833768842,
    "Positive Low-Energy Emotions|Contentment": -1.5742209801143585,
    "Positive Low-Energy Emotions|Relief": -0.13844068428172784,
    "Positive High-Energy Emotions|Amusement": 0.32973896357285626,
    "Longing & Lust|Longing": 0.4634601080065648,
    "Positive High-Energy Emotions|Awe": -0.12009965608663409,
    "Physical and Exhaustive States|Fatigue/Exhaustion": -0.6621199648147996,
    "Negative Low-Energy Emotions|Bitterness": 1.6772680309195729,
    "Negative High-Energy Emotions|Disgust": 0.9424519164159018,
    "Positive Low-Energy Emotions|Thankfulness/Gratitude": 1.017861957660712,
    "Positive High-Energy Emotions|Teasing": -1.0729971794893638,
    "Physical and Exhaustive States|Intoxication/Altered States of Consciousness": 0.2808166154386367,
    "Positive Low-Energy Emotions|Pride": 0.6138073372950449,
    "Negative Low-Energy Emotions|Embarrassment": -1.1803417376165881,
    "Positive Low-Energy Emotions|Affection": 2.158715941651779,
    "Negative Low-Energy Emotions|Sadness": 0.4294460772416171,
    "Negative Low-Energy Emotions|Shame": 0.3005455726363203,
    "Positive High-Energy Emotions|Triumph": -0.4283049208407893,
    "Cognitive States and Processes|Concentration": 0.14160209929680123,
    "Physical and Exhaustive States|Sourness": -0.11955001002177595,
    "Physical and Exhaustive States|Pain": 0.35466973057564566,
    "Negative High-Energy Emotions|Fear": 0.3712551202471641
  }
}