{
  "key": [
    "projects",
    "empathic-insight-face-large",
    "flux_dev_one_1-300_s1189114824.png"
  ],
  "value": {
    "Negative High-Energy Emotions|Malevolence/Malice": -1.0782566655712094,
    "Negative Low-Energy Emotions|Jealousy & Envy": -1.8343406162104186,
    "Longing & Lust|Infatuation": 0.39770672846804644,
    "Cognitive States and Processes|Confusion": -4.133481270554202,
    "Longing & Lust|Sexual Lust": 1.7189652895138545,
    "Positive High-Energy Emotions|Hope/Enthusiasm/Optimism": 5.74805751026115,
    "Positive High-Energy Emotions|Interest": -0.6355800511315465,
    "Positive High-Energy Emotions|Elation": 9.18597443370039,
    "Negative Low-Energy Emotions|Disappointment": -3.4901351523202133,
    "Negative High-Energy Emotions|Distress": -5.408208387827172,
    "Positive Low-Energy Emotions|Contemplation": -4.135715011774617,
    "Negative Low-Energy Emotions|Emotional Numbness": -2.2965807419905766,
    "Negative High-Energy Emotions|Impatience and Irritability": -2.9637325452640653,
    "Negative Low-Energy Emotions|Helplessness": -2.10631783786942,
    "Negative Low-Energy Emotions|Contempt": -1.7123729109369656,
    "Positive High-Energy Emotions|Astonishment/Surprise": -0.591665378175676,
    "Positive High-Energy Emotions|Pleasure/Ecstasy": 5.227961885254173,
    "Negative Low-Energy Emotions|Doubt": -3.424106676390614,
    "Negative High-Energy Emotions|Anger": -1.9297447854280474,
    "Positive Low-Energy Emotions|Contentment": 6.5331904044681615,
    "Positive Low-Energy Emotions|Relief": 3.180913849867442,
    "Positive High-Energy Emotions|Amusement": 8.367002476184245,
    "Longing & Lust|Longing": -0.29222605589571793,
    "Positive High-Energy Emotions|Awe": -0.39194189737386553,
    "Physical and Exhaustive States|Fatigue/Exhaustion": -2.1674128572708544,
    "Negative Low-Energy Emotions|Bitterness": -1.7296358823250322,
    "Negative High-Energy Emotions|Disgust": -1.901478328029899,
    "Positive Low-Energy Emotions|Thankfulness/Gratitude": 5.976127143016852,
    "Positive High-Energy Emotions|Teasing": 1.9447743029782876,
    "Physical and Exhaustive States|Intoxication/Altered States of Consciousness": 0.6017551430227126,
    "Positive Low-Energy Emotions|Pride": 1.757893757831086,
    "Negative Low-Energy Emotions|Embarrassment": -1.787775295126964,
    "Positive Low-Energy Emotions|Affection": 3.759526946290451,
    "Negative Low-Energy Emotions|Sadness": -2.0955104471304837,
    "Negative Low-Energy Emotions|Shame": -1.787867248656557,
    "Positive High-Energy Emotions|Triumph": 1.1049041925633656,
    "Cognitive States and Processes|Concentration": -3.3876503106381963,
    "Physical and Exhaustive States|Sourness": -0.29534142261371016,
    "Physical and Exhaustive States|Pain": -1.271776874153053,
    "Negative High-Energy Emotions|Fear": -2.094231406242094
  }
}