{
  "key": [
    "projects",
    "empathic-insight-face-large",
    "flux_dev_one_1-429_s265335510.png"
  ],
  "value": {
    "Negative High-Energy Emotions|Malevolence/Malice": -1.353756963117596,
    "Negative Low-Energy Emotions|Jealousy & Envy": -2.557837291701752,
    "Longing & Lust|Infatuation": 0.5764367394543746,
    "Cognitive States and Processes|Confusion": -3.343078381302493,
    "Longing & Lust|Sexual Lust": 3.8434998368428035,
    "Positive High-Energy Emotions|Hope/Enthusiasm/Optimism": 4.316701080207439,
    "Positive High-Energy Emotions|Interest": -1.3786649586632849,
    "Positive High-Energy Emotions|Elation": 6.787792518417186,
    "Negative Low-Energy Emotions|Disappointment": -2.8481425833504868,
    "Negative High-Energy Emotions|Distress": -3.9356403527014394,
    "Positive Low-Energy Emotions|Contemplation": -2.2342436353555497,
    "Negative Low-Energy Emotions|Emotional Numbness": -1.101794670213233,
    "Negative High-Energy Emotions|Impatience and Irritability": -2.098950927145779,
    "Negative Low-Energy Emotions|Helplessness": -0.5457955199830672,
    "Negative Low-Energy Emotions|Contempt": -2.2260655283533475,
    "Positive High-Energy Emotions|Astonishment/Surprise": -0.13347016867250217,
    "Positive High-Energy Emotions|Pleasure/Ecstasy": 5.0741833322451395,
    "Negative Low-Energy Emotions|Doubt": -3.9565904925374644,
    "Negative High-Energy Emotions|Anger": -1.4288597756624224,
    "Positive Low-Energy Emotions|Contentment": 5.951372062259299,
    "Positive Low-Energy Emotions|Relief": 3.444274707831004,
    "Positive High-Energy Emotions|Amusement": 5.583220709292766,
    "Longing & Lust|Longing": -0.5313428438061794,
    "Positive High-Energy Emotions|Awe": 1.3529172616189018,
    "Physical and Exhaustive States|Fatigue/Exhaustion": -0.4538339178329881,
    "Negative Low-Energy Emotions|Bitterness": -3.0196542024086503,
    "Negative High-Energy Emotions|Disgust": -1.877585448543815,
    "Positive Low-Energy Emotions|Thankfulness/Gratitude": 5.404502863994635,
    "Positive High-Energy Emotions|Teasing": 1.8905655474851235,
    "Physical and Exhaustive States|Intoxication/Altered States of Consciousness": 2.1625992067815627,
    "Positive Low-Energy Emotions|Pride": 1.493946151744355,
    "Negative Low-Energy Emotions|Embarrassment": -1.6060424021368518,
    "Positive Low-Energy Emotions|Affection": 1.445269920571762,
    "Negative Low-Energy Emotions|Sadness": -1.9607045293906156,
    "Negative Low-Energy Emotions|Shame": -1.137131631972597,
    "Positive High-Energy Emotions|Triumph": 1.1132402597630726,
    "Cognitive States and Processes|Concentration": -2.209299027564771,
    "Physical and Exhaustive States|Sourness": -0.8388114476762711,
    "Physical and Exhaustive States|Pain": -0.32971258887473276,
    "Negative High-Energy Emotions|Fear": -1.982143441230497
  }
}