{
  "key": [
    "projects",
    "empathic-insight-face-large",
    "flux_dev_one_1-322_s3916812627.png"
  ],
  "value": {
    "Negative High-Energy Emotions|Malevolence/Malice": 1.724439920084003,
    "Negative Low-Energy Emotions|Jealousy & Envy": 1.9670849599996034,
    "Longing & Lust|Infatuation": -1.4646368808649919,
    "Cognitive States and Processes|Confusion": 0.6157213981126379,
    "Longing & Lust|Sexual Lust": -1.585308613856049,
    "Positive High-Energy Emotions|Hope/Enthusiasm/Optimism": -2.6654146653369946,
    "Positive High-Energy Emotions|Interest": -3.5176867129281164,
    "Positive High-Energy Emotions|Elation": -3.5519034120637705,
    "Negative Low-Energy Emotions|Disappointment": 1.9604988503653336,
    "Negative High-Energy Emotions|Distress": 3.1611394706017832,
    "Positive Low-Energy Emotions|Contemplation": -1.50414896410616,
    "Negative Low-Energy Emotions|Emotional Numbness": -1.179702590096961,
    "Negative High-Energy Emotions|Impatience and Irritability": 1.7784343166276813,
    "Negative Low-Energy Emotions|Helplessness": 1.467247883642421,
    "Negative Low-Energy Emotions|Contempt": 2.932023334542618,
    "Positive High-Energy Emotions|Astonishment/Surprise": -0.5883167892321945,
    "Positive High-Energy Emotions|Pleasure/Ecstasy": -2.847606075484963,
    "Negative Low-Energy Emotions|Doubt": 1.4765562226267204,
    "Negative High-Energy Emotions|Anger": 1.088463241457939,
    "Positive Low-Energy Emotions|Contentment": -4.255495871014016,
    "Positive Low-Energy Emotions|Relief": -0.912635520898244,
    "Positive High-Energy Emotions|Amusement": -4.244462501080159,
    "Longing & Lust|Longing": 0.03315480586346786,
    "Positive High-Energy Emotions|Awe": -0.6045399827773079,
    "Physical and Exhaustive States|Fatigue/Exhaustion": 0.4702216882937972,
    "Negative Low-Energy Emotions|Bitterness": 2.7060106516410323,
    "Negative High-Energy Emotions|Disgust": 3.433272324283333,
    "Positive Low-Energy Emotions|Thankfulness/Gratitude": -1.2197845028724301,
    "Positive High-Energy Emotions|Teasing": -0.8624816803743734,
    "Physical and Exhaustive States|Intoxication/Altered States of Consciousness": 0.40475505671518697,
    "Positive Low-Energy Emotions|Pride": -1.5724090766797172,
    "Negative Low-Energy Emotions|Embarrassment": 0.5236886569375501,
    "Positive Low-Energy Emotions|Affection": -2.6235568740525665,
    "Negative Low-Energy Emotions|Sadness": 2.552030479802805,
    "Negative Low-Energy Emotions|Shame": 1.5665181869246503,
    "Positive High-Energy Emotions|Triumph": -1.7205090345179332,
    "Cognitive States and Processes|Concentration": -0.3950070735242437,
    "Physical and Exhaustive States|Sourness": 1.1129188036359847,
    "Physical and Exhaustive States|Pain": 1.6735982703286059,
    "Negative High-Energy Emotions|Fear": 0.8840772118266014
  }
}