{
  "key": [
    "projects",
    "empathic-insight-face-large",
    "flux_dev_one_0-201_s2079557476.png"
  ],
  "value": {
    "Negative High-Energy Emotions|Malevolence/Malice": 1.0262417208118473,
    "Negative Low-Energy Emotions|Jealousy & Envy": 1.7572396555104677,
    "Longing & Lust|Infatuation": -2.1848669834040546,
    "Cognitive States and Processes|Confusion": 3.0275914604638645,
    "Longing & Lust|Sexual Lust": -1.8314245367839055,
    "Positive High-Energy Emotions|Hope/Enthusiasm/Optimism": -3.3699806672290844,
    "Positive High-Energy Emotions|Interest": -3.9771262289956213,
    "Positive High-Energy Emotions|Elation": -2.843074962814503,
    "Negative Low-Energy Emotions|Disappointment": 4.025234739800148,
    "Negative High-Energy Emotions|Distress": 3.9940051856286387,
    "Positive Low-Energy Emotions|Contemplation": -3.712664131342488,
    "Negative Low-Energy Emotions|Emotional Numbness": -2.322824428666602,
    "Negative High-Energy Emotions|Impatience and Irritability": -0.9821813749149442,
    "Negative Low-Energy Emotions|Helplessness": 2.1346143883116104,
    "Negative Low-Energy Emotions|Contempt": 2.4679930687345126,
    "Positive High-Energy Emotions|Astonishment/Surprise": 0.6052579969540237,
    "Positive High-Energy Emotions|Pleasure/Ecstasy": -3.3927472955777365,
    "Negative Low-Energy Emotions|Doubt": 1.8082137515039787,
    "Negative High-Energy Emotions|Anger": -0.81279808819294,
    "Positive Low-Energy Emotions|Contentment": -3.8971112617916046,
    "Positive Low-Energy Emotions|Relief": -0.576349572144887,
    "Positive High-Energy Emotions|Amusement": -3.450068961651448,
    "Longing & Lust|Longing": -0.7127920186871608,
    "Positive High-Energy Emotions|Awe": -0.17362367342061846,
    "Physical and Exhaustive States|Fatigue/Exhaustion": 0.5946151812308852,
    "Negative Low-Energy Emotions|Bitterness": 1.482429084234378,
    "Negative High-Energy Emotions|Disgust": 3.9828362090184406,
    "Positive Low-Energy Emotions|Thankfulness/Gratitude": -1.1688656853522885,
    "Positive High-Energy Emotions|Teasing": -1.2289820580294029,
    "Physical and Exhaustive States|Intoxication/Altered States of Consciousness": 0.7311373063089217,
    "Positive Low-Energy Emotions|Pride": -3.7036762666592704,
    "Negative Low-Energy Emotions|Embarrassment": 3.0915481873864636,
    "Positive Low-Energy Emotions|Affection": -3.079309723631424,
    "Negative Low-Energy Emotions|Sadness": 2.973007953061777,
    "Negative Low-Energy Emotions|Shame": 2.299940883515074,
    "Positive High-Energy Emotions|Triumph": -2.965045434359242,
    "Cognitive States and Processes|Concentration": -2.1852937337186407,
    "Physical and Exhaustive States|Sourness": 1.097698161546141,
    "Physical and Exhaustive States|Pain": 0.6277927564698107,
    "Negative High-Energy Emotions|Fear": 2.6313992347414876
  }
}