{
  "key": [
    "projects",
    "empathic-insight-face-large",
    "flux_dev_one_1-258_s1652258580.png"
  ],
  "value": {
    "Negative High-Energy Emotions|Malevolence/Malice": -0.35807067046928065,
    "Negative Low-Energy Emotions|Jealousy & Envy": 1.471958444372696,
    "Longing & Lust|Infatuation": -0.7347490377329728,
    "Cognitive States and Processes|Confusion": 2.2788373167489597,
    "Longing & Lust|Sexual Lust": -0.49874931820175217,
    "Positive High-Energy Emotions|Hope/Enthusiasm/Optimism": -2.2221888047412914,
    "Positive High-Energy Emotions|Interest": -1.295687902159989,
    "Positive High-Energy Emotions|Elation": -3.6306339952546884,
    "Negative Low-Energy Emotions|Disappointment": 3.449400703926735,
    "Negative High-Energy Emotions|Distress": 2.479476911092506,
    "Positive Low-Energy Emotions|Contemplation": 0.5955982540854636,
    "Negative Low-Energy Emotions|Emotional Numbness": -1.4598297577986823,
    "Negative High-Energy Emotions|Impatience and Irritability": 1.0778889013454318,
    "Negative Low-Energy Emotions|Helplessness": 1.6351607244856217,
    "Negative Low-Energy Emotions|Contempt": 0.597974765340195,
    "Positive High-Energy Emotions|Astonishment/Surprise": -0.5792840629443528,
    "Positive High-Energy Emotions|Pleasure/Ecstasy": -3.2583078271939474,
    "Negative Low-Energy Emotions|Doubt": 1.8689963032694206,
    "Negative High-Energy Emotions|Anger": 0.14496939837932565,
    "Positive Low-Energy Emotions|Contentment": -2.687071646160501,
    "Positive Low-Energy Emotions|Relief": -0.7927028693784686,
    "Positive High-Energy Emotions|Amusement": -3.640806209118489,
    "Longing & Lust|Longing": 0.1294340693598668,
    "Positive High-Energy Emotions|Awe": -0.8281575364882454,
    "Physical and Exhaustive States|Fatigue/Exhaustion": 0.10698260857997577,
    "Negative Low-Energy Emotions|Bitterness": 1.2228345692683669,
    "Negative High-Energy Emotions|Disgust": 0.5642748696400839,
    "Positive Low-Energy Emotions|Thankfulness/Gratitude": -1.609679226764642,
    "Positive High-Energy Emotions|Teasing": -0.6258053450395956,
    "Physical and Exhaustive States|Intoxication/Altered States of Consciousness": 0.2480971225263442,
    "Positive Low-Energy Emotions|Pride": -2.39251117228366,
    "Negative Low-Energy Emotions|Embarrassment": 1.105568317424725,
    "Positive Low-Energy Emotions|Affection": -1.5715310790696564,
    "Negative Low-Energy Emotions|Sadness": 0.8929634376308497,
    "Negative Low-Energy Emotions|Shame": 1.0724157237984677,
    "Positive High-Energy Emotions|Triumph": -2.452436906222035,
    "Cognitive States and Processes|Concentration": 0.8116294745180537,
    "Physical and Exhaustive States|Sourness": 0.9042850231565536,
    "Physical and Exhaustive States|Pain": 0.907510440261925,
    "Negative High-Energy Emotions|Fear": 1.0619760956461815
  }
}