{
  "key": [
    "projects",
    "empathic-insight-face-large",
    "flux_dev_one_1-352_s2240631855.png"
  ],
  "value": {
    "Negative High-Energy Emotions|Malevolence/Malice": 0.2761711489124332,
    "Negative Low-Energy Emotions|Jealousy & Envy": 0.45606292869238296,
    "Longing & Lust|Infatuation": -1.5152936763667009,
    "Cognitive States and Processes|Confusion": 0.24209689450011962,
    "Longing & Lust|Sexual Lust": -1.2940211916758733,
    "Positive High-Energy Emotions|Hope/Enthusiasm/Optimism": -1.2398062688068432,
    "Positive High-Energy Emotions|Interest": -1.4844167115166784,
    "Positive High-Energy Emotions|Elation": -2.1658679697114755,
    "Negative Low-Energy Emotions|Disappointment": 1.6861948776442337,
    "Negative High-Energy Emotions|Distress": 1.2320042672402718,
    "Positive Low-Energy Emotions|Contemplation": 0.11105420786230003,
    "Negative Low-Energy Emotions|Emotional Numbness": -0.888330588925849,
    "Negative High-Energy Emotions|Impatience and Irritability": 0.8201772524043918,
    "Negative Low-Energy Emotions|Helplessness": 1.0413572889215805,
    "Negative Low-Energy Emotions|Contempt": 1.5122310400403598,
    "Positive High-Energy Emotions|Astonishment/Surprise": -0.5213242679461838,
    "Positive High-Energy Emotions|Pleasure/Ecstasy": -1.1448274976803976,
    "Negative Low-Energy Emotions|Doubt": 0.18722565073684294,
    "Negative High-Energy Emotions|Anger": 0.7854122465848921,
    "Positive Low-Energy Emotions|Contentment": -2.6845773109859405,
    "Positive Low-Energy Emotions|Relief": -0.77411861797466,
    "Positive High-Energy Emotions|Amusement": -1.8721425643278395,
    "Longing & Lust|Longing": 0.1706899010783116,
    "Positive High-Energy Emotions|Awe": 0.05621088315897138,
    "Physical and Exhaustive States|Fatigue/Exhaustion": -0.10839555666508038,
    "Negative Low-Energy Emotions|Bitterness": 1.5488767594624968,
    "Negative High-Energy Emotions|Disgust": 1.407388768871041,
    "Positive Low-Energy Emotions|Thankfulness/Gratitude": -0.023466591724358832,
    "Positive High-Energy Emotions|Teasing": -1.0322903065493003,
    "Physical and Exhaustive States|Intoxication/Altered States of Consciousness": 0.3697364934446181,
    "Positive Low-Energy Emotions|Pride": -1.2163529825101005,
    "Negative Low-Energy Emotions|Embarrassment": -0.5159099272375598,
    "Positive Low-Energy Emotions|Affection": -0.9641828754105989,
    "Negative Low-Energy Emotions|Sadness": 1.2496268509766635,
    "Negative Low-Energy Emotions|Shame": 0.6124509865023634,
    "Positive High-Energy Emotions|Triumph": -1.5046994508539928,
    "Cognitive States and Processes|Concentration": 0.2691894177172114,
    "Physical and Exhaustive States|Sourness": 0.30050366574898363,
    "Physical and Exhaustive States|Pain": 0.5673989461975939,
    "Negative High-Energy Emotions|Fear": 0.814047178238192
  }
}