{
  "key": [
    "projects",
    "empathic-insight-face-large",
    "flux_dev_one_0-191_s2725246451.png"
  ],
  "value": {
    "Negative High-Energy Emotions|Malevolence/Malice": 1.358121327282313,
    "Negative Low-Energy Emotions|Jealousy & Envy": 1.0840186485209886,
    "Longing & Lust|Infatuation": -0.303590018262758,
    "Cognitive States and Processes|Confusion": 0.4089906151269507,
    "Longing & Lust|Sexual Lust": 0.2783152436421199,
    "Positive High-Energy Emotions|Hope/Enthusiasm/Optimism": -1.271839712257771,
    "Positive High-Energy Emotions|Interest": -0.9239514948800206,
    "Positive High-Energy Emotions|Elation": -0.5844060632783701,
    "Negative Low-Energy Emotions|Disappointment": 1.9988740492064285,
    "Negative High-Energy Emotions|Distress": 1.2415141883141854,
    "Positive Low-Energy Emotions|Contemplation": 0.14842411476461326,
    "Negative Low-Energy Emotions|Emotional Numbness": -1.6075920563826667,
    "Negative High-Energy Emotions|Impatience and Irritability": -1.1508079217746854,
    "Negative Low-Energy Emotions|Helplessness": 1.3736302655584671,
    "Negative Low-Energy Emotions|Contempt": 1.2918016791738132,
    "Positive High-Energy Emotions|Astonishment/Surprise": -0.46140657957643283,
    "Positive High-Energy Emotions|Pleasure/Ecstasy": -0.5175628788068014,
    "Negative Low-Energy Emotions|Doubt": 0.2812315036745413,
    "Negative High-Energy Emotions|Anger": -0.5606332474946978,
    "Positive Low-Energy Emotions|Contentment": -3.522360647625345,
    "Positive Low-Energy Emotions|Relief": 0.11956100086078925,
    "Positive High-Energy Emotions|Amusement": 0.4971471914933885,
    "Longing & Lust|Longing": 0.2713095152026097,
    "Positive High-Energy Emotions|Awe": -0.10193239877767413,
    "Physical and Exhaustive States|Fatigue/Exhaustion": 0.23258533074794452,
    "Negative Low-Energy Emotions|Bitterness": 2.235094499640605,
    "Negative High-Energy Emotions|Disgust": 2.1330784780575947,
    "Positive Low-Energy Emotions|Thankfulness/Gratitude": 1.6102794362221133,
    "Positive High-Energy Emotions|Teasing": -0.21429368541740323,
    "Physical and Exhaustive States|Intoxication/Altered States of Consciousness": 1.543009907818016,
    "Positive Low-Energy Emotions|Pride": -0.5445165169129477,
    "Negative Low-Energy Emotions|Embarrassment": 0.01939378465361452,
    "Positive Low-Energy Emotions|Affection": -0.07627650286344922,
    "Negative Low-Energy Emotions|Sadness": 1.8917278407952365,
    "Negative Low-Energy Emotions|Shame": 1.4505929344870587,
    "Positive High-Energy Emotions|Triumph": -1.0520106376444591,
    "Cognitive States and Processes|Concentration": -0.28956454956794486,
    "Physical and Exhaustive States|Sourness": 0.5566614066995681,
    "Physical and Exhaustive States|Pain": 0.41434232464608023,
    "Negative High-Energy Emotions|Fear": 0.7115488853152183
  }
}