{
  "key": [
    "projects",
    "empathic-insight-face-large",
    "flux_prompt_10-image_482.png"
  ],
  "value": {
    "Negative High-Energy Emotions|Malevolence/Malice": -0.7775855649547543,
    "Negative Low-Energy Emotions|Jealousy & Envy": -0.4394476852259215,
    "Longing & Lust|Infatuation": 1.512843053827391,
    "Cognitive States and Processes|Confusion": -1.8975908820654321,
    "Longing & Lust|Sexual Lust": 0.7056577777073665,
    "Positive High-Energy Emotions|Hope/Enthusiasm/Optimism": 1.4596377085193115,
    "Positive High-Energy Emotions|Interest": 2.096212160401046,
    "Positive High-Energy Emotions|Elation": -1.471725628097706,
    "Negative Low-Energy Emotions|Disappointment": -0.7961957049172592,
    "Negative High-Energy Emotions|Distress": 0.0956421616322854,
    "Positive Low-Energy Emotions|Contemplation": 2.113857146085185,
    "Negative Low-Energy Emotions|Emotional Numbness": -1.6365595561156379,
    "Negative High-Energy Emotions|Impatience and Irritability": 0.7173182321712375,
    "Negative Low-Energy Emotions|Helplessness": -1.2812460261933944,
    "Negative Low-Energy Emotions|Contempt": -1.1676777720056912,
    "Positive High-Energy Emotions|Astonishment/Surprise": 0.07384336892515408,
    "Positive High-Energy Emotions|Pleasure/Ecstasy": 1.139339315216331,
    "Negative Low-Energy Emotions|Doubt": -0.7474847624807016,
    "Negative High-Energy Emotions|Anger": 1.0591744726896284,
    "Positive Low-Energy Emotions|Contentment": 0.12954250484047547,
    "Positive Low-Energy Emotions|Relief": 0.12118296245441718,
    "Positive High-Energy Emotions|Amusement": -0.44587494042647235,
    "Longing & Lust|Longing": 0.739154776299564,
    "Positive High-Energy Emotions|Awe": 0.7690879182999626,
    "Physical and Exhaustive States|Fatigue/Exhaustion": -0.8002544443375047,
    "Negative Low-Energy Emotions|Bitterness": -1.352959084458211,
    "Negative High-Energy Emotions|Disgust": -0.9449444191859049,
    "Positive Low-Energy Emotions|Thankfulness/Gratitude": 1.5923469020042789,
    "Positive High-Energy Emotions|Teasing": -0.6585569052507773,
    "Physical and Exhaustive States|Intoxication/Altered States of Consciousness": -0.345572947645012,
    "Positive Low-Energy Emotions|Pride": 1.0401650238146676,
    "Negative Low-Energy Emotions|Embarrassment": -1.8771970442419543,
    "Positive Low-Energy Emotions|Affection": 2.0765217325529632,
    "Negative Low-Energy Emotions|Sadness": -0.7530703188040677,
    "Negative Low-Energy Emotions|Shame": -1.2060746556542377,
    "Positive High-Energy Emotions|Triumph": 0.4440532504285083,
    "Cognitive States and Processes|Concentration": 0.214525640365832,
    "Physical and Exhaustive States|Sourness": -0.587622633036226,
    "Physical and Exhaustive States|Pain": -0.25947328337851694,
    "Negative High-Energy Emotions|Fear": -0.8093626890484902
  }
}