{
  "key": [
    "projects",
    "empathic-insight-face-large",
    "flux_dev_one_1-338_s3826261452.png"
  ],
  "value": {
    "Negative High-Energy Emotions|Malevolence/Malice": -0.469847976072308,
    "Negative Low-Energy Emotions|Jealousy & Envy": -0.9697568855127867,
    "Longing & Lust|Infatuation": 0.5127003007031539,
    "Cognitive States and Processes|Confusion": -1.243565804245608,
    "Longing & Lust|Sexual Lust": -0.8621807719065862,
    "Positive High-Energy Emotions|Hope/Enthusiasm/Optimism": 2.0610775607868153,
    "Positive High-Energy Emotions|Interest": -0.11883341092616317,
    "Positive High-Energy Emotions|Elation": 5.556493356506175,
    "Negative Low-Energy Emotions|Disappointment": -1.2695152354043198,
    "Negative High-Energy Emotions|Distress": -1.9426657137625358,
    "Positive Low-Energy Emotions|Contemplation": -0.20915127199800576,
    "Negative Low-Energy Emotions|Emotional Numbness": -1.8337573510298835,
    "Negative High-Energy Emotions|Impatience and Irritability": -1.733918254263699,
    "Negative Low-Energy Emotions|Helplessness": 0.35613880571197065,
    "Negative Low-Energy Emotions|Contempt": -0.6846653341852567,
    "Positive High-Energy Emotions|Astonishment/Surprise": -0.4574924617633225,
    "Positive High-Energy Emotions|Pleasure/Ecstasy": 2.9147319667742533,
    "Negative Low-Energy Emotions|Doubt": -0.9356520960836069,
    "Negative High-Energy Emotions|Anger": -0.8372507745027544,
    "Positive Low-Energy Emotions|Contentment": 1.4294770112567963,
    "Positive Low-Energy Emotions|Relief": 1.5425462565790204,
    "Positive High-Energy Emotions|Amusement": 5.25462220999467,
    "Longing & Lust|Longing": 0.786731680596439,
    "Positive High-Energy Emotions|Awe": 0.5925602989380852,
    "Physical and Exhaustive States|Fatigue/Exhaustion": -0.6057239572769578,
    "Negative Low-Energy Emotions|Bitterness": 0.06610901361002641,
    "Negative High-Energy Emotions|Disgust": -0.10487071446636143,
    "Positive Low-Energy Emotions|Thankfulness/Gratitude": 2.794520343652762,
    "Positive High-Energy Emotions|Teasing": 0.4794003398606882,
    "Physical and Exhaustive States|Intoxication/Altered States of Consciousness": 0.409298718786415,
    "Positive Low-Energy Emotions|Pride": 0.9497111606707468,
    "Negative Low-Energy Emotions|Embarrassment": -1.4029336146002307,
    "Positive Low-Energy Emotions|Affection": 1.8941947004637298,
    "Negative Low-Energy Emotions|Sadness": 0.570575570954996,
    "Negative Low-Energy Emotions|Shame": -0.05853492081384448,
    "Positive High-Energy Emotions|Triumph": 0.5031187711919055,
    "Cognitive States and Processes|Concentration": -1.4379863139417242,
    "Physical and Exhaustive States|Sourness": 0.2966714223660529,
    "Physical and Exhaustive States|Pain": 0.15421597233589956,
    "Negative High-Energy Emotions|Fear": -0.21931318381472553
  }
}