{
  "key": [
    "projects",
    "empathic-insight-face-large",
    "flux_dev_one_1-349_s3760731343.png"
  ],
  "value": {
    "Negative High-Energy Emotions|Malevolence/Malice": 0.1280967604084049,
    "Negative Low-Energy Emotions|Jealousy & Envy": -0.04672960851998886,
    "Longing & Lust|Infatuation": 0.12927285958300616,
    "Cognitive States and Processes|Confusion": -1.2217032973791528,
    "Longing & Lust|Sexual Lust": -0.9249067927195744,
    "Positive High-Energy Emotions|Hope/Enthusiasm/Optimism": -0.07161209404030267,
    "Positive High-Energy Emotions|Interest": -2.1565743567422033,
    "Positive High-Energy Emotions|Elation": -1.486503288467579,
    "Negative Low-Energy Emotions|Disappointment": 0.8187723565298843,
    "Negative High-Energy Emotions|Distress": 2.303287488485084,
    "Positive Low-Energy Emotions|Contemplation": 0.32078232961980735,
    "Negative Low-Energy Emotions|Emotional Numbness": -0.8760681253562079,
    "Negative High-Energy Emotions|Impatience and Irritability": -0.4786277459934354,
    "Negative Low-Energy Emotions|Helplessness": 1.0716282528288223,
    "Negative Low-Energy Emotions|Contempt": 0.6627236485875705,
    "Positive High-Energy Emotions|Astonishment/Surprise": -0.2260810047015549,
    "Positive High-Energy Emotions|Pleasure/Ecstasy": 0.667256759922294,
    "Negative Low-Energy Emotions|Doubt": 0.6622468044252737,
    "Negative High-Energy Emotions|Anger": -0.27096897900104544,
    "Positive Low-Energy Emotions|Contentment": -1.5192840942806183,
    "Positive Low-Energy Emotions|Relief": -0.29500766178264337,
    "Positive High-Energy Emotions|Amusement": -1.0432193389250075,
    "Longing & Lust|Longing": 0.8451932423954884,
    "Positive High-Energy Emotions|Awe": 0.2619062738602653,
    "Physical and Exhaustive States|Fatigue/Exhaustion": 0.2724920113318984,
    "Negative Low-Energy Emotions|Bitterness": 0.9794855833579512,
    "Negative High-Energy Emotions|Disgust": 0.2096305710866171,
    "Positive Low-Energy Emotions|Thankfulness/Gratitude": 0.3273339224968326,
    "Positive High-Energy Emotions|Teasing": -0.4279265074541464,
    "Physical and Exhaustive States|Intoxication/Altered States of Consciousness": 0.5449416049482192,
    "Positive Low-Energy Emotions|Pride": 0.21313859702252289,
    "Negative Low-Energy Emotions|Embarrassment": -1.4567163160925403,
    "Positive Low-Energy Emotions|Affection": -1.2947869517960968,
    "Negative Low-Energy Emotions|Sadness": 2.0790903924843844,
    "Negative Low-Energy Emotions|Shame": 0.2728579038359663,
    "Positive High-Energy Emotions|Triumph": -0.37494975042693757,
    "Cognitive States and Processes|Concentration": -0.5999334450986455,
    "Physical and Exhaustive States|Sourness": 0.4901215081848204,
    "Physical and Exhaustive States|Pain": 0.7373131918030627,
    "Negative High-Energy Emotions|Fear": 0.33945401570157085
  }
}