{
  "key": [
    "projects",
    "empathic-insight-face-large",
    "flux_dev_one_1-255_s2103443533.png"
  ],
  "value": {
    "Negative High-Energy Emotions|Malevolence/Malice": 0.3434628855152164,
    "Negative Low-Energy Emotions|Jealousy & Envy": 0.053882197395843656,
    "Longing & Lust|Infatuation": 0.6188595705128768,
    "Cognitive States and Processes|Confusion": 0.5967433388207983,
    "Longing & Lust|Sexual Lust": 0.11044305316665604,
    "Positive High-Energy Emotions|Hope/Enthusiasm/Optimism": -0.6454866868213696,
    "Positive High-Energy Emotions|Interest": -0.3270913245156407,
    "Positive High-Energy Emotions|Elation": -0.04785768719499606,
    "Negative Low-Energy Emotions|Disappointment": 1.7337147402960587,
    "Negative High-Energy Emotions|Distress": 0.4930243315942147,
    "Positive Low-Energy Emotions|Contemplation": 1.1554909308561507,
    "Negative Low-Energy Emotions|Emotional Numbness": -0.6412838202605353,
    "Negative High-Energy Emotions|Impatience and Irritability": -1.5088067697361112,
    "Negative Low-Energy Emotions|Helplessness": 1.3005149167425492,
    "Negative Low-Energy Emotions|Contempt": 0.19238363508354217,
    "Positive High-Energy Emotions|Astonishment/Surprise": -0.021789184175431853,
    "Positive High-Energy Emotions|Pleasure/Ecstasy": 0.8019497268603129,
    "Negative Low-Energy Emotions|Doubt": -0.09113263178452412,
    "Negative High-Energy Emotions|Anger": -0.8720555955171587,
    "Positive Low-Energy Emotions|Contentment": -0.8638380417293487,
    "Positive Low-Energy Emotions|Relief": 0.05038277725086493,
    "Positive High-Energy Emotions|Amusement": 1.7558116355823243,
    "Longing & Lust|Longing": 0.3198484980708043,
    "Positive High-Energy Emotions|Awe": 0.3214607315247551,
    "Physical and Exhaustive States|Fatigue/Exhaustion": 0.7774439354175154,
    "Negative Low-Energy Emotions|Bitterness": 0.7781642199088545,
    "Negative High-Energy Emotions|Disgust": 0.8914333207204062,
    "Positive Low-Energy Emotions|Thankfulness/Gratitude": 1.3947061253700626,
    "Positive High-Energy Emotions|Teasing": 0.11649164869285678,
    "Physical and Exhaustive States|Intoxication/Altered States of Consciousness": 1.3801098325015868,
    "Positive Low-Energy Emotions|Pride": -0.8780823778996573,
    "Negative Low-Energy Emotions|Embarrassment": 0.2743553944940076,
    "Positive Low-Energy Emotions|Affection": 0.6431202447852667,
    "Negative Low-Energy Emotions|Sadness": 1.9908742069146212,
    "Negative Low-Energy Emotions|Shame": 1.081844284532263,
    "Positive High-Energy Emotions|Triumph": -1.3067518295084728,
    "Cognitive States and Processes|Concentration": -0.2697566744115423,
    "Physical and Exhaustive States|Sourness": 0.17873560840263963,
    "Physical and Exhaustive States|Pain": 0.38447312584694693,
    "Negative High-Energy Emotions|Fear": 0.5367313232119468
  }
}