{
  "key": [
    "projects",
    "empathic-insight-face-large",
    "flux_prompt_10-image_481.png"
  ],
  "value": {
    "Negative High-Energy Emotions|Malevolence/Malice": -0.900324164731976,
    "Negative Low-Energy Emotions|Jealousy & Envy": -2.0683458289942322,
    "Longing & Lust|Infatuation": -1.4211850948237321,
    "Cognitive States and Processes|Confusion": -3.2931883399511745,
    "Longing & Lust|Sexual Lust": -0.9842522764994817,
    "Positive High-Energy Emotions|Hope/Enthusiasm/Optimism": 3.8142391699596363,
    "Positive High-Energy Emotions|Interest": 0.4924666253849864,
    "Positive High-Energy Emotions|Elation": 6.351377561370677,
    "Negative Low-Energy Emotions|Disappointment": -1.8185605597298813,
    "Negative High-Energy Emotions|Distress": -2.9149964031927724,
    "Positive Low-Energy Emotions|Contemplation": -1.852643016993123,
    "Negative Low-Energy Emotions|Emotional Numbness": -2.4807872277388676,
    "Negative High-Energy Emotions|Impatience and Irritability": -0.5476260827854276,
    "Negative Low-Energy Emotions|Helplessness": -1.4272960025422714,
    "Negative Low-Energy Emotions|Contempt": -1.2750650763117215,
    "Positive High-Energy Emotions|Astonishment/Surprise": 0.005557665266096468,
    "Positive High-Energy Emotions|Pleasure/Ecstasy": 3.4640830629275126,
    "Negative Low-Energy Emotions|Doubt": -2.6939209292440074,
    "Negative High-Energy Emotions|Anger": 0.6751035994291303,
    "Positive Low-Energy Emotions|Contentment": 6.152088319354636,
    "Positive Low-Energy Emotions|Relief": 2.487568064726451,
    "Positive High-Energy Emotions|Amusement": 5.4869444260286055,
    "Longing & Lust|Longing": 0.4974896514063756,
    "Positive High-Energy Emotions|Awe": 0.4685803728287712,
    "Physical and Exhaustive States|Fatigue/Exhaustion": -0.8346491853958543,
    "Negative Low-Energy Emotions|Bitterness": -1.7395462274025468,
    "Negative High-Energy Emotions|Disgust": -0.8620243447230143,
    "Positive Low-Energy Emotions|Thankfulness/Gratitude": 5.185295815578497,
    "Positive High-Energy Emotions|Teasing": -0.10581740425132657,
    "Physical and Exhaustive States|Intoxication/Altered States of Consciousness": -0.6281466475961839,
    "Positive Low-Energy Emotions|Pride": 1.1978050041308297,
    "Negative Low-Energy Emotions|Embarrassment": -1.4064734152441516,
    "Positive Low-Energy Emotions|Affection": 3.2824704429945526,
    "Negative Low-Energy Emotions|Sadness": -0.9787351728537503,
    "Negative Low-Energy Emotions|Shame": -1.3514642125390033,
    "Positive High-Energy Emotions|Triumph": 0.4368360220158801,
    "Cognitive States and Processes|Concentration": -1.3992084857251714,
    "Physical and Exhaustive States|Sourness": -1.310667088087648,
    "Physical and Exhaustive States|Pain": -0.05685015448752573,
    "Negative High-Energy Emotions|Fear": -1.1298795137707802
  }
}