{
  "key": [
    "projects",
    "empathic-insight-face-large",
    "flux_prompt_10-image_369.png"
  ],
  "value": {
    "Negative High-Energy Emotions|Malevolence/Malice": -0.6056449998455014,
    "Negative Low-Energy Emotions|Jealousy & Envy": 0.15920718099264541,
    "Longing & Lust|Infatuation": 1.475109498987303,
    "Cognitive States and Processes|Confusion": -2.555563217880862,
    "Longing & Lust|Sexual Lust": 1.975536820809631,
    "Positive High-Energy Emotions|Hope/Enthusiasm/Optimism": 2.8440370816036182,
    "Positive High-Energy Emotions|Interest": 1.163597118668258,
    "Positive High-Energy Emotions|Elation": 1.9313767102163504,
    "Negative Low-Energy Emotions|Disappointment": 0.5883572507101822,
    "Negative High-Energy Emotions|Distress": -1.2859003720038078,
    "Positive Low-Energy Emotions|Contemplation": 0.9844510515340987,
    "Negative Low-Energy Emotions|Emotional Numbness": -1.1621020537505256,
    "Negative High-Energy Emotions|Impatience and Irritability": -1.415164534933865,
    "Negative Low-Energy Emotions|Helplessness": -0.03773548189331499,
    "Negative Low-Energy Emotions|Contempt": -1.1336614012323758,
    "Positive High-Energy Emotions|Astonishment/Surprise": 0.5413042396679519,
    "Positive High-Energy Emotions|Pleasure/Ecstasy": 2.87788616351345,
    "Negative Low-Energy Emotions|Doubt": -1.810894329359974,
    "Negative High-Energy Emotions|Anger": -0.22623545467853567,
    "Positive Low-Energy Emotions|Contentment": 0.631248151355368,
    "Positive Low-Energy Emotions|Relief": 0.9638531945119886,
    "Positive High-Energy Emotions|Amusement": 1.104363788096782,
    "Longing & Lust|Longing": 1.1479820662384908,
    "Positive High-Energy Emotions|Awe": 2.560973830718328,
    "Physical and Exhaustive States|Fatigue/Exhaustion": -1.3817833463913378,
    "Negative Low-Energy Emotions|Bitterness": -0.8753020047615556,
    "Negative High-Energy Emotions|Disgust": -1.2829676049158854,
    "Positive Low-Energy Emotions|Thankfulness/Gratitude": 2.0959316445503604,
    "Positive High-Energy Emotions|Teasing": -0.38407429740928556,
    "Physical and Exhaustive States|Intoxication/Altered States of Consciousness": -0.6456435910699998,
    "Positive Low-Energy Emotions|Pride": 1.2979050445666207,
    "Negative Low-Energy Emotions|Embarrassment": -1.5295579603796496,
    "Positive Low-Energy Emotions|Affection": 2.1903099796614227,
    "Negative Low-Energy Emotions|Sadness": -0.5204749942877713,
    "Negative Low-Energy Emotions|Shame": -0.043556452395723144,
    "Positive High-Energy Emotions|Triumph": -0.34214366686694764,
    "Cognitive States and Processes|Concentration": -0.6819206249144147,
    "Physical and Exhaustive States|Sourness": -1.2349589372240006,
    "Physical and Exhaustive States|Pain": -0.23341580161276987,
    "Negative High-Energy Emotions|Fear": -0.006003895789823188
  }
}