{
  "key": [
    "projects",
    "empathic-insight-face-large",
    "flux_dev_one_0-110_s546993151.png"
  ],
  "value": {
    "Negative High-Energy Emotions|Malevolence/Malice": -0.8778849233226742,
    "Negative Low-Energy Emotions|Jealousy & Envy": -0.6113234004816588,
    "Longing & Lust|Infatuation": 2.2094418816662884,
    "Cognitive States and Processes|Confusion": 1.3814555342172217,
    "Longing & Lust|Sexual Lust": 2.4426648890183253,
    "Positive High-Energy Emotions|Hope/Enthusiasm/Optimism": 2.6591999787136036,
    "Positive High-Energy Emotions|Interest": 4.038804185204208,
    "Positive High-Energy Emotions|Elation": 5.333128288070506,
    "Negative Low-Energy Emotions|Disappointment": -1.7897777151864243,
    "Negative High-Energy Emotions|Distress": -3.3971131024115224,
    "Positive Low-Energy Emotions|Contemplation": -1.4124020377984818,
    "Negative Low-Energy Emotions|Emotional Numbness": -2.6306819420943364,
    "Negative High-Energy Emotions|Impatience and Irritability": -2.4774687932804227,
    "Negative Low-Energy Emotions|Helplessness": -0.9987577993028304,
    "Negative Low-Energy Emotions|Contempt": -1.7459346174799344,
    "Positive High-Energy Emotions|Astonishment/Surprise": 4.10049546662718,
    "Positive High-Energy Emotions|Pleasure/Ecstasy": 3.066979753296165,
    "Negative Low-Energy Emotions|Doubt": -0.9396302888898508,
    "Negative High-Energy Emotions|Anger": -1.3600779229402544,
    "Positive Low-Energy Emotions|Contentment": -0.849556292004007,
    "Positive Low-Energy Emotions|Relief": 1.2954350254903821,
    "Positive High-Energy Emotions|Amusement": 5.393340815036174,
    "Longing & Lust|Longing": 0.5056115591174046,
    "Positive High-Energy Emotions|Awe": 4.082630999583532,
    "Physical and Exhaustive States|Fatigue/Exhaustion": -2.019931654191631,
    "Negative Low-Energy Emotions|Bitterness": -0.774942326493123,
    "Negative High-Energy Emotions|Disgust": -0.8993807213709635,
    "Positive Low-Energy Emotions|Thankfulness/Gratitude": 4.023875947109259,
    "Positive High-Energy Emotions|Teasing": 1.4236861796567544,
    "Physical and Exhaustive States|Intoxication/Altered States of Consciousness": 0.9937751748325194,
    "Positive Low-Energy Emotions|Pride": 1.2021936941256417,
    "Negative Low-Energy Emotions|Embarrassment": -1.0618114641790881,
    "Positive Low-Energy Emotions|Affection": 0.88240156386705,
    "Negative Low-Energy Emotions|Sadness": -1.5128571630576078,
    "Negative Low-Energy Emotions|Shame": -1.023299992682741,
    "Positive High-Energy Emotions|Triumph": 0.668643611546825,
    "Cognitive States and Processes|Concentration": -1.104020833614118,
    "Physical and Exhaustive States|Sourness": -0.16351037269458174,
    "Physical and Exhaustive States|Pain": -1.020504434196388,
    "Negative High-Energy Emotions|Fear": 0.9855801667864708
  }
}