{
  "key": [
    "projects",
    "empathic-insight-face-large",
    "flux_prompt_9-image_128.png"
  ],
  "value": {
    "Negative High-Energy Emotions|Malevolence/Malice": -0.4726584542827572,
    "Negative Low-Energy Emotions|Jealousy & Envy": -0.34140328977914414,
    "Longing & Lust|Infatuation": 1.3825338595009902,
    "Cognitive States and Processes|Confusion": -2.4636528556372097,
    "Longing & Lust|Sexual Lust": 1.9038661693737788,
    "Positive High-Energy Emotions|Hope/Enthusiasm/Optimism": 0.2348777312084156,
    "Positive High-Energy Emotions|Interest": 0.5956084398552776,
    "Positive High-Energy Emotions|Elation": -1.5564629289705088,
    "Negative Low-Energy Emotions|Disappointment": 1.4876987147528458,
    "Negative High-Energy Emotions|Distress": 0.13132960822652368,
    "Positive Low-Energy Emotions|Contemplation": 1.5211194713720504,
    "Negative Low-Energy Emotions|Emotional Numbness": -1.2360486489424811,
    "Negative High-Energy Emotions|Impatience and Irritability": -0.0011971639469265938,
    "Negative Low-Energy Emotions|Helplessness": 0.24544058259795698,
    "Negative Low-Energy Emotions|Contempt": -1.222576034029617,
    "Positive High-Energy Emotions|Astonishment/Surprise": -0.15051018293946994,
    "Positive High-Energy Emotions|Pleasure/Ecstasy": 1.6058810078308863,
    "Negative Low-Energy Emotions|Doubt": -0.7740109751729624,
    "Negative High-Energy Emotions|Anger": 0.6444539374113081,
    "Positive Low-Energy Emotions|Contentment": -0.883381689495462,
    "Positive Low-Energy Emotions|Relief": -0.4096592225660296,
    "Positive High-Energy Emotions|Amusement": -0.3148365130735671,
    "Longing & Lust|Longing": 0.8711435550099293,
    "Positive High-Energy Emotions|Awe": -0.09064447115011065,
    "Physical and Exhaustive States|Fatigue/Exhaustion": -0.9276497165924485,
    "Negative Low-Energy Emotions|Bitterness": -0.5808796166847734,
    "Negative High-Energy Emotions|Disgust": -0.9655185120508951,
    "Positive Low-Energy Emotions|Thankfulness/Gratitude": 2.3383264793072116,
    "Positive High-Energy Emotions|Teasing": -0.24003383205436613,
    "Physical and Exhaustive States|Intoxication/Altered States of Consciousness": 0.11132431111353291,
    "Positive Low-Energy Emotions|Pride": 1.2940595913042916,
    "Negative Low-Energy Emotions|Embarrassment": -1.8147170714025989,
    "Positive Low-Energy Emotions|Affection": 2.0537600300154266,
    "Negative Low-Energy Emotions|Sadness": -0.5773070694067899,
    "Negative Low-Energy Emotions|Shame": -0.8385441905282,
    "Positive High-Energy Emotions|Triumph": 0.3801709591115222,
    "Cognitive States and Processes|Concentration": 0.4199523333284785,
    "Physical and Exhaustive States|Sourness": -0.552150061186403,
    "Physical and Exhaustive States|Pain": 0.6849230932312853,
    "Negative High-Energy Emotions|Fear": -0.7177184019391152
  }
}