{
  "key": [
    "projects",
    "empathic-insight-face-large",
    "flux_dev_one_1-250_s2422959566.png"
  ],
  "value": {
    "Negative High-Energy Emotions|Malevolence/Malice": -0.418320237501141,
    "Negative Low-Energy Emotions|Jealousy & Envy": -0.7855320415339049,
    "Longing & Lust|Infatuation": 1.7029197030163863,
    "Cognitive States and Processes|Confusion": -3.7853825156713894,
    "Longing & Lust|Sexual Lust": 1.3014945959255977,
    "Positive High-Energy Emotions|Hope/Enthusiasm/Optimism": 3.6179362791820484,
    "Positive High-Energy Emotions|Interest": 1.2825458167120813,
    "Positive High-Energy Emotions|Elation": 6.867966010848827,
    "Negative Low-Energy Emotions|Disappointment": -2.384801347235985,
    "Negative High-Energy Emotions|Distress": -3.8197391209356923,
    "Positive Low-Energy Emotions|Contemplation": -0.6988564769616898,
    "Negative Low-Energy Emotions|Emotional Numbness": -2.4579953652510746,
    "Negative High-Energy Emotions|Impatience and Irritability": -1.8180826352909207,
    "Negative Low-Energy Emotions|Helplessness": -1.8448775607698105,
    "Negative Low-Energy Emotions|Contempt": -0.680588614901199,
    "Positive High-Energy Emotions|Astonishment/Surprise": -0.8607555538043381,
    "Positive High-Energy Emotions|Pleasure/Ecstasy": 3.4221428506777567,
    "Negative Low-Energy Emotions|Doubt": -2.007996280005421,
    "Negative High-Energy Emotions|Anger": -1.3622298890352251,
    "Positive Low-Energy Emotions|Contentment": 4.149958764606101,
    "Positive Low-Energy Emotions|Relief": 2.075093790091136,
    "Positive High-Energy Emotions|Amusement": 6.961055744616862,
    "Longing & Lust|Longing": 0.10224356290158432,
    "Positive High-Energy Emotions|Awe": -0.41411673257894366,
    "Physical and Exhaustive States|Fatigue/Exhaustion": -2.0238846342331347,
    "Negative Low-Energy Emotions|Bitterness": -0.6103841542671709,
    "Negative High-Energy Emotions|Disgust": -1.1320720093653482,
    "Positive Low-Energy Emotions|Thankfulness/Gratitude": 5.269129271617926,
    "Positive High-Energy Emotions|Teasing": 1.9175491662213906,
    "Physical and Exhaustive States|Intoxication/Altered States of Consciousness": 0.8264513619901503,
    "Positive Low-Energy Emotions|Pride": 1.7632562685122384,
    "Negative Low-Energy Emotions|Embarrassment": -1.4397897890692248,
    "Positive Low-Energy Emotions|Affection": 3.607312180741745,
    "Negative Low-Energy Emotions|Sadness": -1.351614439592642,
    "Negative Low-Energy Emotions|Shame": -1.1310486203453998,
    "Positive High-Energy Emotions|Triumph": 1.0205924688542591,
    "Cognitive States and Processes|Concentration": -1.4939748641278814,
    "Physical and Exhaustive States|Sourness": -0.06575327163562178,
    "Physical and Exhaustive States|Pain": -0.7177495551985853,
    "Negative High-Energy Emotions|Fear": -1.9887998495404335
  }
}