{
  "key": [
    "projects",
    "empathic-insight-face-large",
    "flux_dev_one_1-499_s567836720.png"
  ],
  "value": {
    "Negative High-Energy Emotions|Malevolence/Malice": -0.9419050801830258,
    "Negative Low-Energy Emotions|Jealousy & Envy": -1.578207775100189,
    "Longing & Lust|Infatuation": -0.2253112382792375,
    "Cognitive States and Processes|Confusion": -3.14573121714844,
    "Longing & Lust|Sexual Lust": -0.12415606029769943,
    "Positive High-Energy Emotions|Hope/Enthusiasm/Optimism": 4.065221931342693,
    "Positive High-Energy Emotions|Interest": 0.387251958809793,
    "Positive High-Energy Emotions|Elation": 7.482435539047069,
    "Negative Low-Energy Emotions|Disappointment": -1.858416039923973,
    "Negative High-Energy Emotions|Distress": -3.2386617836706777,
    "Positive Low-Energy Emotions|Contemplation": -1.3513319532266435,
    "Negative Low-Energy Emotions|Emotional Numbness": -2.4550513726363286,
    "Negative High-Energy Emotions|Impatience and Irritability": -0.9670749353244901,
    "Negative Low-Energy Emotions|Helplessness": -1.049008687173619,
    "Negative Low-Energy Emotions|Contempt": -1.4363685965143582,
    "Positive High-Energy Emotions|Astonishment/Surprise": -0.8163801341876389,
    "Positive High-Energy Emotions|Pleasure/Ecstasy": 3.903286325256614,
    "Negative Low-Energy Emotions|Doubt": -2.14975198011681,
    "Negative High-Energy Emotions|Anger": -0.5712686234712603,
    "Positive Low-Energy Emotions|Contentment": 3.216054414802176,
    "Positive Low-Energy Emotions|Relief": 2.8996297560106306,
    "Positive High-Energy Emotions|Amusement": 6.618786800830241,
    "Longing & Lust|Longing": 0.0862921082621495,
    "Positive High-Energy Emotions|Awe": -0.28655468652791827,
    "Physical and Exhaustive States|Fatigue/Exhaustion": -1.5051048795944628,
    "Negative Low-Energy Emotions|Bitterness": -0.5615519761513261,
    "Negative High-Energy Emotions|Disgust": -1.1169753449366373,
    "Positive Low-Energy Emotions|Thankfulness/Gratitude": 4.823050017467535,
    "Positive High-Energy Emotions|Teasing": 1.0574664802739724,
    "Physical and Exhaustive States|Intoxication/Altered States of Consciousness": 0.48936194262522115,
    "Positive Low-Energy Emotions|Pride": 1.5680104065050973,
    "Negative Low-Energy Emotions|Embarrassment": -1.639724986899425,
    "Positive Low-Energy Emotions|Affection": 3.497563578828293,
    "Negative Low-Energy Emotions|Sadness": -1.2609283567526761,
    "Negative Low-Energy Emotions|Shame": -1.1726483708641986,
    "Positive High-Energy Emotions|Triumph": 0.7992232023442493,
    "Cognitive States and Processes|Concentration": -1.5998083945539068,
    "Physical and Exhaustive States|Sourness": -0.3169373775087297,
    "Physical and Exhaustive States|Pain": -0.37275453337851694,
    "Negative High-Energy Emotions|Fear": -1.478981534034452
  }
}