{
  "key": [
    "projects",
    "empathic-insight-face-large",
    "flux_dev_one_0-215_s561425824.png"
  ],
  "value": {
    "Negative High-Energy Emotions|Malevolence/Malice": -0.5064086307125057,
    "Negative Low-Energy Emotions|Jealousy & Envy": -0.4587942800364073,
    "Longing & Lust|Infatuation": 0.648407679090605,
    "Cognitive States and Processes|Confusion": 2.121805780646665,
    "Longing & Lust|Sexual Lust": 1.6856595253155513,
    "Positive High-Energy Emotions|Hope/Enthusiasm/Optimism": 2.6100006359859425,
    "Positive High-Energy Emotions|Interest": 3.6148175118491053,
    "Positive High-Energy Emotions|Elation": 5.609103277007884,
    "Negative Low-Energy Emotions|Disappointment": -2.0346250128548813,
    "Negative High-Energy Emotions|Distress": -2.944510477518334,
    "Positive Low-Energy Emotions|Contemplation": -2.112329248606282,
    "Negative Low-Energy Emotions|Emotional Numbness": 0.4175979393830194,
    "Negative High-Energy Emotions|Impatience and Irritability": -1.885400597937405,
    "Negative Low-Energy Emotions|Helplessness": -0.4797135192506453,
    "Negative Low-Energy Emotions|Contempt": -0.8959175467096707,
    "Positive High-Energy Emotions|Astonishment/Surprise": 4.683867821134626,
    "Positive High-Energy Emotions|Pleasure/Ecstasy": 3.485849725525169,
    "Negative Low-Energy Emotions|Doubt": -0.8025241683034555,
    "Negative High-Energy Emotions|Anger": -0.42894656002521536,
    "Positive Low-Energy Emotions|Contentment": -1.1321810135311066,
    "Positive Low-Energy Emotions|Relief": 0.3371044836412458,
    "Positive High-Energy Emotions|Amusement": 4.147119749514934,
    "Longing & Lust|Longing": 0.7055862152224461,
    "Positive High-Energy Emotions|Awe": 4.06115258504801,
    "Physical and Exhaustive States|Fatigue/Exhaustion": -1.265683035112041,
    "Negative Low-Energy Emotions|Bitterness": -0.28127603525624556,
    "Negative High-Energy Emotions|Disgust": -0.8723421471522135,
    "Positive Low-Energy Emotions|Thankfulness/Gratitude": 1.0943469954643619,
    "Positive High-Energy Emotions|Teasing": 1.322986218471299,
    "Physical and Exhaustive States|Intoxication/Altered States of Consciousness": 1.0258136250736083,
    "Positive Low-Energy Emotions|Pride": 0.8709202575793161,
    "Negative Low-Energy Emotions|Embarrassment": -1.542136924613048,
    "Positive Low-Energy Emotions|Affection": -0.3459562876382295,
    "Negative Low-Energy Emotions|Sadness": -1.3268699289420072,
    "Negative Low-Energy Emotions|Shame": -1.01300126373987,
    "Positive High-Energy Emotions|Triumph": -0.1879532159601941,
    "Cognitive States and Processes|Concentration": -1.3317731019284795,
    "Physical and Exhaustive States|Sourness": -0.5152420306764542,
    "Physical and Exhaustive States|Pain": -0.7328443122786634,
    "Negative High-Energy Emotions|Fear": 1.5513774193669942
  }
}