{
  "key": [
    "projects",
    "empathic-insight-face-large",
    "flux_dev_one_1-379_s1294062547.png"
  ],
  "value": {
    "Negative High-Energy Emotions|Malevolence/Malice": -0.641337930067059,
    "Negative Low-Energy Emotions|Jealousy & Envy": -1.2889841041407164,
    "Longing & Lust|Infatuation": -0.40057714652050946,
    "Cognitive States and Processes|Confusion": -2.583233124497073,
    "Longing & Lust|Sexual Lust": -0.41317826755783127,
    "Positive High-Energy Emotions|Hope/Enthusiasm/Optimism": 2.5570868510051685,
    "Positive High-Energy Emotions|Interest": 0.10472567062824967,
    "Positive High-Energy Emotions|Elation": 4.901762321273631,
    "Negative Low-Energy Emotions|Disappointment": -0.7864613127511215,
    "Negative High-Energy Emotions|Distress": -1.4957733330481193,
    "Positive Low-Energy Emotions|Contemplation": 0.20925709205953513,
    "Negative Low-Energy Emotions|Emotional Numbness": -1.86631126223899,
    "Negative High-Energy Emotions|Impatience and Irritability": -1.1321674035862088,
    "Negative Low-Energy Emotions|Helplessness": 0.09947852310012373,
    "Negative Low-Energy Emotions|Contempt": -1.1554716944300076,
    "Positive High-Energy Emotions|Astonishment/Surprise": -0.5031989723071457,
    "Positive High-Energy Emotions|Pleasure/Ecstasy": 3.1257216804430765,
    "Negative Low-Energy Emotions|Doubt": -1.6778975317983285,
    "Negative High-Energy Emotions|Anger": -0.5415528470277788,
    "Positive Low-Energy Emotions|Contentment": 1.0690985074573578,
    "Positive Low-Energy Emotions|Relief": 1.8913085303674726,
    "Positive High-Energy Emotions|Amusement": 4.964986074893352,
    "Longing & Lust|Longing": 0.43808897372540634,
    "Positive High-Energy Emotions|Awe": 0.6851022319977775,
    "Physical and Exhaustive States|Fatigue/Exhaustion": -0.5424641172653611,
    "Negative Low-Energy Emotions|Bitterness": 0.09713096623911577,
    "Negative High-Energy Emotions|Disgust": -0.24638620785930576,
    "Positive Low-Energy Emotions|Thankfulness/Gratitude": 3.8300703717384708,
    "Positive High-Energy Emotions|Teasing": 0.3667376370618448,
    "Physical and Exhaustive States|Intoxication/Altered States of Consciousness": 0.8274973340989913,
    "Positive Low-Energy Emotions|Pride": 1.2462425994982613,
    "Negative Low-Energy Emotions|Embarrassment": -1.5891044310217395,
    "Positive Low-Energy Emotions|Affection": 2.88427779887529,
    "Negative Low-Energy Emotions|Sadness": 0.08067092884989346,
    "Negative Low-Energy Emotions|Shame": -0.42384880840997485,
    "Positive High-Energy Emotions|Triumph": 0.2695282279217944,
    "Cognitive States and Processes|Concentration": -1.0262770053174566,
    "Physical and Exhaustive States|Sourness": -0.18725042587146162,
    "Physical and Exhaustive States|Pain": 0.08465866318520376,
    "Negative High-Energy Emotions|Fear": -0.5682504568402382
  }
}