{
  "key": [
    "projects",
    "empathic-insight-face-large",
    "flux_dev_one_1-388_s2942696892.png"
  ],
  "value": {
    "Negative High-Energy Emotions|Malevolence/Malice": 0.24727839340401037,
    "Negative Low-Energy Emotions|Jealousy & Envy": 0.3502363124051515,
    "Longing & Lust|Infatuation": -0.5570222921275041,
    "Cognitive States and Processes|Confusion": 1.3935317332719397,
    "Longing & Lust|Sexual Lust": -0.5684757853343205,
    "Positive High-Energy Emotions|Hope/Enthusiasm/Optimism": -1.098573063011555,
    "Positive High-Energy Emotions|Interest": -1.6741725089028479,
    "Positive High-Energy Emotions|Elation": -1.1954135152894785,
    "Negative Low-Energy Emotions|Disappointment": 2.9567979979712296,
    "Negative High-Energy Emotions|Distress": 1.8904170813805916,
    "Positive Low-Energy Emotions|Contemplation": 0.02872857052175437,
    "Negative Low-Energy Emotions|Emotional Numbness": -1.72263712703086,
    "Negative High-Energy Emotions|Impatience and Irritability": -0.8196006463840604,
    "Negative Low-Energy Emotions|Helplessness": 1.931037287080989,
    "Negative Low-Energy Emotions|Contempt": 0.6895912766851047,
    "Positive High-Energy Emotions|Astonishment/Surprise": -0.41043316420167697,
    "Positive High-Energy Emotions|Pleasure/Ecstasy": -0.46871067353031215,
    "Negative Low-Energy Emotions|Doubt": 0.20149205226615508,
    "Negative High-Energy Emotions|Anger": -0.4491511040925982,
    "Positive Low-Energy Emotions|Contentment": -2.939458692974466,
    "Positive Low-Energy Emotions|Relief": 0.004751845396616883,
    "Positive High-Energy Emotions|Amusement": 0.14658116194474347,
    "Longing & Lust|Longing": 0.4309338533526341,
    "Positive High-Energy Emotions|Awe": 0.0952617006485954,
    "Physical and Exhaustive States|Fatigue/Exhaustion": 0.21750213696895282,
    "Negative Low-Energy Emotions|Bitterness": 1.7178650469113799,
    "Negative High-Energy Emotions|Disgust": 1.6267203164889532,
    "Positive Low-Energy Emotions|Thankfulness/Gratitude": 0.7930580331001651,
    "Positive High-Energy Emotions|Teasing": -0.6280698447039023,
    "Physical and Exhaustive States|Intoxication/Altered States of Consciousness": 1.118756160950836,
    "Positive Low-Energy Emotions|Pride": -1.3072102498898612,
    "Negative Low-Energy Emotions|Embarrassment": 0.11965320790953493,
    "Positive Low-Energy Emotions|Affection": -0.47035207535414136,
    "Negative Low-Energy Emotions|Sadness": 2.259979879750925,
    "Negative Low-Energy Emotions|Shame": 1.174352138636305,
    "Positive High-Energy Emotions|Triumph": -1.9690944970881237,
    "Cognitive States and Processes|Concentration": -0.29774016106391654,
    "Physical and Exhaustive States|Sourness": 0.4086018970049918,
    "Physical and Exhaustive States|Pain": 0.631283085258568,
    "Negative High-Energy Emotions|Fear": 1.210145046919146
  }
}