{
  "key": [
    "projects",
    "empathic-insight-face-large",
    "flux_prompt_9-image_107.png"
  ],
  "value": {
    "Negative High-Energy Emotions|Malevolence/Malice": -0.8359099019603695,
    "Negative Low-Energy Emotions|Jealousy & Envy": -1.6495135269007262,
    "Longing & Lust|Infatuation": 1.347205873618231,
    "Cognitive States and Processes|Confusion": -4.385953194382327,
    "Longing & Lust|Sexual Lust": -0.43099504955551193,
    "Positive High-Energy Emotions|Hope/Enthusiasm/Optimism": 3.837877656821819,
    "Positive High-Energy Emotions|Interest": 2.1407756922766565,
    "Positive High-Energy Emotions|Elation": 6.109730556289501,
    "Negative Low-Energy Emotions|Disappointment": -2.0184697699349594,
    "Negative High-Energy Emotions|Distress": -2.2689798054449697,
    "Positive Low-Energy Emotions|Contemplation": 0.6285682280668441,
    "Negative Low-Energy Emotions|Emotional Numbness": -1.737161110032569,
    "Negative High-Energy Emotions|Impatience and Irritability": -0.03900343645364046,
    "Negative Low-Energy Emotions|Helplessness": -2.023732503091588,
    "Negative Low-Energy Emotions|Contempt": -1.1443721174799344,
    "Positive High-Energy Emotions|Astonishment/Surprise": 0.31022466126829373,
    "Positive High-Energy Emotions|Pleasure/Ecstasy": 3.3365458124087137,
    "Negative Low-Energy Emotions|Doubt": -2.2310124228505748,
    "Negative High-Energy Emotions|Anger": 0.6246282404661176,
    "Positive Low-Energy Emotions|Contentment": 4.864543234401328,
    "Positive Low-Energy Emotions|Relief": 0.9989511064659147,
    "Positive High-Energy Emotions|Amusement": 5.6797239670442305,
    "Longing & Lust|Longing": 0.933991325760452,
    "Positive High-Energy Emotions|Awe": 1.2918431835358635,
    "Physical and Exhaustive States|Fatigue/Exhaustion": -1.199436525560039,
    "Negative Low-Energy Emotions|Bitterness": -1.5061403989265947,
    "Negative High-Energy Emotions|Disgust": -1.100372828762321,
    "Positive Low-Energy Emotions|Thankfulness/Gratitude": 3.6886501265678775,
    "Positive High-Energy Emotions|Teasing": 0.17417618944145297,
    "Physical and Exhaustive States|Intoxication/Altered States of Consciousness": -0.4032964698312913,
    "Positive Low-Energy Emotions|Pride": 1.2764111328234566,
    "Negative Low-Energy Emotions|Embarrassment": -2.0634420088415637,
    "Positive Low-Energy Emotions|Affection": 3.1533741733870086,
    "Negative Low-Energy Emotions|Sadness": -0.9724927784064237,
    "Negative Low-Energy Emotions|Shame": -1.7086309796593646,
    "Positive High-Energy Emotions|Triumph": 0.680713432904552,
    "Cognitive States and Processes|Concentration": -0.520399063470609,
    "Physical and Exhaustive States|Sourness": -1.186804225500673,
    "Physical and Exhaustive States|Pain": -0.7237805915755384,
    "Negative High-Energy Emotions|Fear": -1.3528581056897255
  }
}