{
  "key": [
    "projects",
    "empathic-insight-face-large",
    "flux_dev_one_1-455_s3782583843.png"
  ],
  "value": {
    "Negative High-Energy Emotions|Malevolence/Malice": 3.387345732347492,
    "Negative Low-Energy Emotions|Jealousy & Envy": 2.5629466333547057,
    "Longing & Lust|Infatuation": -2.74038632582654,
    "Cognitive States and Processes|Confusion": 1.1228778418947887,
    "Longing & Lust|Sexual Lust": 0.09655517093399002,
    "Positive High-Energy Emotions|Hope/Enthusiasm/Optimism": -2.6472853165821117,
    "Positive High-Energy Emotions|Interest": -3.048864948935807,
    "Positive High-Energy Emotions|Elation": -3.055160209854298,
    "Negative Low-Energy Emotions|Disappointment": -0.15477438686306,
    "Negative High-Energy Emotions|Distress": 0.9291577162988045,
    "Positive Low-Energy Emotions|Contemplation": -3.1435728113046464,
    "Negative Low-Energy Emotions|Emotional Numbness": -0.9690701466689216,
    "Negative High-Energy Emotions|Impatience and Irritability": 3.320585901848972,
    "Negative Low-Energy Emotions|Helplessness": 0.47121069845031294,
    "Negative Low-Energy Emotions|Contempt": 5.067283976117478,
    "Positive High-Energy Emotions|Astonishment/Surprise": -0.5219274669513108,
    "Positive High-Energy Emotions|Pleasure/Ecstasy": -2.0625144369198996,
    "Negative Low-Energy Emotions|Doubt": 0.8443020393343313,
    "Negative High-Energy Emotions|Anger": 5.655727798342705,
    "Positive Low-Energy Emotions|Contentment": -3.045760954327005,
    "Positive Low-Energy Emotions|Relief": -1.8579287089933367,
    "Positive High-Energy Emotions|Amusement": -3.7256336322141923,
    "Longing & Lust|Longing": -0.781877139841946,
    "Positive High-Energy Emotions|Awe": -0.7538613004500374,
    "Physical and Exhaustive States|Fatigue/Exhaustion": -1.017016510224956,
    "Negative Low-Energy Emotions|Bitterness": 3.256780815177104,
    "Negative High-Energy Emotions|Disgust": 3.5433854682042316,
    "Positive Low-Energy Emotions|Thankfulness/Gratitude": -1.8754196213569272,
    "Positive High-Energy Emotions|Teasing": -0.7802545695116415,
    "Physical and Exhaustive States|Intoxication/Altered States of Consciousness": 1.0207622506381835,
    "Positive Low-Energy Emotions|Pride": -1.0876307320485221,
    "Negative Low-Energy Emotions|Embarrassment": -0.4484552315359607,
    "Positive Low-Energy Emotions|Affection": -3.0102164962449494,
    "Negative Low-Energy Emotions|Sadness": -0.4556487442114774,
    "Negative Low-Energy Emotions|Shame": 0.9976084189095041,
    "Positive High-Energy Emotions|Triumph": -1.3760840715204967,
    "Cognitive States and Processes|Concentration": 0.3781315687868525,
    "Physical and Exhaustive States|Sourness": 0.23476225340738893,
    "Physical and Exhaustive States|Pain": 1.008507411392296,
    "Negative High-Energy Emotions|Fear": 1.0693109836275962
  }
}