{
  "key": [
    "projects",
    "empathic-insight-face-large",
    "flux_prompt_10-image_386.png"
  ],
  "value": {
    "Negative High-Energy Emotions|Malevolence/Malice": 0.220542968408588,
    "Negative Low-Energy Emotions|Jealousy & Envy": 0.3544157900968019,
    "Longing & Lust|Infatuation": -1.930074769964113,
    "Cognitive States and Processes|Confusion": -1.3963329856420923,
    "Longing & Lust|Sexual Lust": -1.6574171210124211,
    "Positive High-Energy Emotions|Hope/Enthusiasm/Optimism": -1.2502726060108227,
    "Positive High-Energy Emotions|Interest": -3.2406479002907873,
    "Positive High-Energy Emotions|Elation": -1.7002774927217295,
    "Negative Low-Energy Emotions|Disappointment": 3.806924502869301,
    "Negative High-Energy Emotions|Distress": 2.521029931569801,
    "Positive Low-Energy Emotions|Contemplation": 0.9928263981947127,
    "Negative Low-Energy Emotions|Emotional Numbness": 0.26916395605706117,
    "Negative High-Energy Emotions|Impatience and Irritability": -0.17334038484841585,
    "Negative Low-Energy Emotions|Helplessness": 1.9200954240209915,
    "Negative Low-Energy Emotions|Contempt": 1.140956509152756,
    "Positive High-Energy Emotions|Astonishment/Surprise": 0.12636316720396268,
    "Positive High-Energy Emotions|Pleasure/Ecstasy": 0.9941611164019388,
    "Negative Low-Energy Emotions|Doubt": 0.7690862824411734,
    "Negative High-Energy Emotions|Anger": 1.0215896910428999,
    "Positive Low-Energy Emotions|Contentment": -1.191350782818216,
    "Positive Low-Energy Emotions|Relief": -1.1855666198362322,
    "Positive High-Energy Emotions|Amusement": -2.5966744532896318,
    "Longing & Lust|Longing": 1.2769828641062657,
    "Positive High-Energy Emotions|Awe": 0.41191900541238935,
    "Physical and Exhaustive States|Fatigue/Exhaustion": 0.9590268929236953,
    "Negative Low-Energy Emotions|Bitterness": 1.396601361088893,
    "Negative High-Energy Emotions|Disgust": 1.7008896393372732,
    "Positive Low-Energy Emotions|Thankfulness/Gratitude": -0.9551987694587338,
    "Positive High-Energy Emotions|Teasing": -1.6113124756624595,
    "Physical and Exhaustive States|Intoxication/Altered States of Consciousness": 0.010146976328071489,
    "Positive Low-Energy Emotions|Pride": -1.688058300007354,
    "Negative Low-Energy Emotions|Embarrassment": -0.13256742273621702,
    "Positive Low-Energy Emotions|Affection": -1.0596785762467804,
    "Negative Low-Energy Emotions|Sadness": 2.571373855962473,
    "Negative Low-Energy Emotions|Shame": 1.1233286255576154,
    "Positive High-Energy Emotions|Triumph": -2.3629772485529674,
    "Cognitive States and Processes|Concentration": -0.46543009543681846,
    "Physical and Exhaustive States|Sourness": 0.1006722247041762,
    "Physical and Exhaustive States|Pain": 1.202149968059624,
    "Negative High-Energy Emotions|Fear": 0.984223803489962
  }
}