{
  "key": [
    "projects",
    "empathic-insight-face-large",
    "flux_dev_one_1-251_s1990224389.png"
  ],
  "value": {
    "Negative High-Energy Emotions|Malevolence/Malice": 2.500892580644611,
    "Negative Low-Energy Emotions|Jealousy & Envy": 2.8676362791219177,
    "Longing & Lust|Infatuation": -2.107806283941164,
    "Cognitive States and Processes|Confusion": 2.419472568747861,
    "Longing & Lust|Sexual Lust": 0.271329340855865,
    "Positive High-Energy Emotions|Hope/Enthusiasm/Optimism": -2.835454795952229,
    "Positive High-Energy Emotions|Interest": -3.2301694037392736,
    "Positive High-Energy Emotions|Elation": -2.6195770952302744,
    "Negative Low-Energy Emotions|Disappointment": 2.485047842879944,
    "Negative High-Energy Emotions|Distress": 3.2549047293908457,
    "Positive Low-Energy Emotions|Contemplation": -4.09098864000948,
    "Negative Low-Energy Emotions|Emotional Numbness": -1.7402774792800055,
    "Negative High-Energy Emotions|Impatience and Irritability": 3.2119559599086642,
    "Negative Low-Energy Emotions|Helplessness": 1.0317092787868836,
    "Negative Low-Energy Emotions|Contempt": 3.3188509822286227,
    "Positive High-Energy Emotions|Astonishment/Surprise": -0.0606299548968674,
    "Positive High-Energy Emotions|Pleasure/Ecstasy": -2.735322845657082,
    "Negative Low-Energy Emotions|Doubt": 1.4731129815073356,
    "Negative High-Energy Emotions|Anger": 3.695515210032463,
    "Positive Low-Energy Emotions|Contentment": -4.598712767071145,
    "Positive Low-Energy Emotions|Relief": -0.7970854796995135,
    "Positive High-Energy Emotions|Amusement": -4.450578223736409,
    "Longing & Lust|Longing": -0.6329711473340114,
    "Positive High-Energy Emotions|Awe": -0.3169897718245491,
    "Physical and Exhaustive States|Fatigue/Exhaustion": -0.810202817178386,
    "Negative Low-Energy Emotions|Bitterness": 3.247942638449809,
    "Negative High-Energy Emotions|Disgust": 3.665538750369759,
    "Positive Low-Energy Emotions|Thankfulness/Gratitude": -1.2033965634193051,
    "Positive High-Energy Emotions|Teasing": -0.8671863941957846,
    "Physical and Exhaustive States|Intoxication/Altered States of Consciousness": 0.7684268661500777,
    "Positive Low-Energy Emotions|Pride": -1.5542682838330375,
    "Negative Low-Energy Emotions|Embarrassment": 1.224251476776074,
    "Positive Low-Energy Emotions|Affection": -3.0757076957383576,
    "Negative Low-Energy Emotions|Sadness": 0.6845942347189959,
    "Negative Low-Energy Emotions|Shame": 1.8237228387572308,
    "Positive High-Energy Emotions|Triumph": -2.211574298266102,
    "Cognitive States and Processes|Concentration": 0.028214991447680138,
    "Physical and Exhaustive States|Sourness": 0.7543500756658614,
    "Physical and Exhaustive States|Pain": 0.32644752732094595,
    "Negative High-Energy Emotions|Fear": 2.100456913917818
  }
}