{
  "key": [
    "projects",
    "empathic-insight-face-large",
    "flux_dev_one_0-196_s1644922385.png"
  ],
  "value": {
    "Negative High-Energy Emotions|Malevolence/Malice": 0.295286358491901,
    "Negative Low-Energy Emotions|Jealousy & Envy": 0.4180900612035219,
    "Longing & Lust|Infatuation": 0.24321703244219806,
    "Cognitive States and Processes|Confusion": -2.2526743476416042,
    "Longing & Lust|Sexual Lust": 0.020315585057525176,
    "Positive High-Energy Emotions|Hope/Enthusiasm/Optimism": 1.7606621342941242,
    "Positive High-Energy Emotions|Interest": 0.7340746937319637,
    "Positive High-Energy Emotions|Elation": 2.741939954141922,
    "Negative Low-Energy Emotions|Disappointment": -0.43586703060085297,
    "Negative High-Energy Emotions|Distress": -1.1849327263586662,
    "Positive Low-Energy Emotions|Contemplation": -0.028642956434803857,
    "Negative Low-Energy Emotions|Emotional Numbness": -1.5748936635146247,
    "Negative High-Energy Emotions|Impatience and Irritability": -0.8005505250766873,
    "Negative Low-Energy Emotions|Helplessness": -0.01684518638779131,
    "Negative Low-Energy Emotions|Contempt": -0.47732771631111115,
    "Positive High-Energy Emotions|Astonishment/Surprise": -0.7112306266650559,
    "Positive High-Energy Emotions|Pleasure/Ecstasy": 1.3564121038422865,
    "Negative Low-Energy Emotions|Doubt": -0.023922343066181337,
    "Negative High-Energy Emotions|Anger": -0.7680638486146929,
    "Positive Low-Energy Emotions|Contentment": -1.668580378002542,
    "Positive Low-Energy Emotions|Relief": 1.5329382858644514,
    "Positive High-Energy Emotions|Amusement": 2.863803792922374,
    "Longing & Lust|Longing": 0.6213773095255772,
    "Positive High-Energy Emotions|Awe": -0.37204705904073565,
    "Physical and Exhaustive States|Fatigue/Exhaustion": -0.810585240579265,
    "Negative Low-Energy Emotions|Bitterness": 1.8490788162280531,
    "Negative High-Energy Emotions|Disgust": -0.08744255475261631,
    "Positive Low-Energy Emotions|Thankfulness/Gratitude": 2.650866950861014,
    "Positive High-Energy Emotions|Teasing": 0.1860971183965311,
    "Physical and Exhaustive States|Intoxication/Altered States of Consciousness": 0.7319982357980575,
    "Positive Low-Energy Emotions|Pride": 1.4315508175005807,
    "Negative Low-Energy Emotions|Embarrassment": -1.5077097586279407,
    "Positive Low-Energy Emotions|Affection": 2.288280584557968,
    "Negative Low-Energy Emotions|Sadness": -0.07924511443166171,
    "Negative Low-Energy Emotions|Shame": 0.33832091033239575,
    "Positive High-Energy Emotions|Triumph": 0.5142402230466113,
    "Cognitive States and Processes|Concentration": 0.24655735528206124,
    "Physical and Exhaustive States|Sourness": 0.6665324663557113,
    "Physical and Exhaustive States|Pain": -0.3009521556777113,
    "Negative High-Energy Emotions|Fear": -0.13843063452883686
  }
}