{
  "key": [
    "projects",
    "empathic-insight-face-large",
    "flux_prompt_10-image_354.png"
  ],
  "value": {
    "Negative High-Energy Emotions|Malevolence/Malice": -0.22375875602531092,
    "Negative Low-Energy Emotions|Jealousy & Envy": -0.5047684154352721,
    "Longing & Lust|Infatuation": 0.04793683815966632,
    "Cognitive States and Processes|Confusion": -2.8743836944128445,
    "Longing & Lust|Sexual Lust": -1.55735689647934,
    "Positive High-Energy Emotions|Hope/Enthusiasm/Optimism": 0.12583496749839362,
    "Positive High-Energy Emotions|Interest": -1.3620350243523718,
    "Positive High-Energy Emotions|Elation": -0.6390928480226328,
    "Negative Low-Energy Emotions|Disappointment": 0.5663509774405289,
    "Negative High-Energy Emotions|Distress": 0.020212632680640497,
    "Positive Low-Energy Emotions|Contemplation": 1.374608155072612,
    "Negative Low-Energy Emotions|Emotional Numbness": -0.03804797946311095,
    "Negative High-Energy Emotions|Impatience and Irritability": 0.8019904447719455,
    "Negative Low-Energy Emotions|Helplessness": 0.024238924349055613,
    "Negative Low-Energy Emotions|Contempt": 0.5514770627416232,
    "Positive High-Energy Emotions|Astonishment/Surprise": -0.18741118010133517,
    "Positive High-Energy Emotions|Pleasure/Ecstasy": 0.8212521546290201,
    "Negative Low-Energy Emotions|Doubt": -1.0019236395864144,
    "Negative High-Energy Emotions|Anger": 1.1842343157529829,
    "Positive Low-Energy Emotions|Contentment": 1.1578727117115082,
    "Positive Low-Energy Emotions|Relief": -0.5219994344343157,
    "Positive High-Energy Emotions|Amusement": -0.6933002581907546,
    "Longing & Lust|Longing": 0.7974444830065648,
    "Positive High-Energy Emotions|Awe": 0.0005029516404166934,
    "Physical and Exhaustive States|Fatigue/Exhaustion": 0.0062803824180189816,
    "Negative Low-Energy Emotions|Bitterness": 0.13501973157419878,
    "Negative High-Energy Emotions|Disgust": 0.28222640581867275,
    "Positive Low-Energy Emotions|Thankfulness/Gratitude": 0.7867538882408511,
    "Positive High-Energy Emotions|Teasing": -1.176376905899276,
    "Physical and Exhaustive States|Intoxication/Altered States of Consciousness": -0.6514053336618577,
    "Positive Low-Energy Emotions|Pride": -0.1993578244636164,
    "Negative Low-Energy Emotions|Embarrassment": -1.1985702685003772,
    "Positive Low-Energy Emotions|Affection": 1.2902021190962372,
    "Negative Low-Energy Emotions|Sadness": 0.5738768338105258,
    "Negative Low-Energy Emotions|Shame": -0.5759063369057634,
    "Positive High-Energy Emotions|Triumph": -0.8910599769388928,
    "Cognitive States and Processes|Concentration": -0.301812946441419,
    "Physical and Exhaustive States|Sourness": -0.23814397102221846,
    "Physical and Exhaustive States|Pain": 0.40083555451210806,
    "Negative High-Energy Emotions|Fear": -0.5803835783307167
  }
}