{
  "key": [
    "projects",
    "empathic-insight-face-large",
    "flux_prompt_9-image_221.png"
  ],
  "value": {
    "Negative High-Energy Emotions|Malevolence/Malice": 0.03797227253151281,
    "Negative Low-Energy Emotions|Jealousy & Envy": -0.44045095060678086,
    "Longing & Lust|Infatuation": 0.3745207600689986,
    "Cognitive States and Processes|Confusion": -1.7113030021215845,
    "Longing & Lust|Sexual Lust": -1.3048740053965764,
    "Positive High-Energy Emotions|Hope/Enthusiasm/Optimism": -0.8730357629016918,
    "Positive High-Energy Emotions|Interest": -2.6050559164956213,
    "Positive High-Energy Emotions|Elation": -1.3572489473420908,
    "Negative Low-Energy Emotions|Disappointment": 1.7926895427901077,
    "Negative High-Energy Emotions|Distress": 2.066994172597633,
    "Positive Low-Energy Emotions|Contemplation": 1.277566488564891,
    "Negative Low-Energy Emotions|Emotional Numbness": 0.054885548662175154,
    "Negative High-Energy Emotions|Impatience and Irritability": -0.9537354158237576,
    "Negative Low-Energy Emotions|Helplessness": 1.4601726334936478,
    "Negative Low-Energy Emotions|Contempt": 1.0429243922628024,
    "Positive High-Energy Emotions|Astonishment/Surprise": -0.5902980476245285,
    "Positive High-Energy Emotions|Pleasure/Ecstasy": -0.4250028259350973,
    "Negative Low-Energy Emotions|Doubt": -0.5667478035001413,
    "Negative High-Energy Emotions|Anger": -0.2059612923860552,
    "Positive Low-Energy Emotions|Contentment": -0.3156579384273468,
    "Positive Low-Energy Emotions|Relief": -0.39428623100413995,
    "Positive High-Energy Emotions|Amusement": -2.109218131573323,
    "Longing & Lust|Longing": 1.1246366777664105,
    "Positive High-Energy Emotions|Awe": -0.34728132913656085,
    "Physical and Exhaustive States|Fatigue/Exhaustion": 0.6845949937337462,
    "Negative Low-Energy Emotions|Bitterness": 1.2280804336596938,
    "Negative High-Energy Emotions|Disgust": 0.2801353556706625,
    "Positive Low-Energy Emotions|Thankfulness/Gratitude": 0.372569079509772,
    "Positive High-Energy Emotions|Teasing": -0.6680991320421591,
    "Physical and Exhaustive States|Intoxication/Altered States of Consciousness": -0.20913529314977275,
    "Positive Low-Energy Emotions|Pride": -0.27689648612238027,
    "Negative Low-Energy Emotions|Embarrassment": -1.233106391776134,
    "Positive Low-Energy Emotions|Affection": -0.2569718578019563,
    "Negative Low-Energy Emotions|Sadness": 2.423875963582712,
    "Negative Low-Energy Emotions|Shame": 0.4188169831015608,
    "Positive High-Energy Emotions|Triumph": -1.2979046524798168,
    "Cognitive States and Processes|Concentration": -0.6746625598695348,
    "Physical and Exhaustive States|Sourness": 0.43236229026690126,
    "Physical and Exhaustive States|Pain": 0.8338170456009752,
    "Negative High-Energy Emotions|Fear": 0.5355012025530723
  }
}