{
  "key": [
    "projects",
    "empathic-insight-face-large",
    "flux_prompt_9-image_126.png"
  ],
  "value": {
    "Negative High-Energy Emotions|Malevolence/Malice": -0.2607178081111874,
    "Negative Low-Energy Emotions|Jealousy & Envy": -0.7605650863489684,
    "Longing & Lust|Infatuation": -0.6845919675730607,
    "Cognitive States and Processes|Confusion": -2.1115715568090847,
    "Longing & Lust|Sexual Lust": -0.9036048079325871,
    "Positive High-Energy Emotions|Hope/Enthusiasm/Optimism": 0.8849151986881214,
    "Positive High-Energy Emotions|Interest": -0.19532440919429062,
    "Positive High-Energy Emotions|Elation": 2.814227813537068,
    "Negative Low-Energy Emotions|Disappointment": 0.1539853024679947,
    "Negative High-Energy Emotions|Distress": -1.0662163672201774,
    "Positive Low-Energy Emotions|Contemplation": 0.3366869648107711,
    "Negative Low-Energy Emotions|Emotional Numbness": -2.3532144528517827,
    "Negative High-Energy Emotions|Impatience and Irritability": -1.1510749505832791,
    "Negative Low-Energy Emotions|Helplessness": 0.4560870927221635,
    "Negative Low-Energy Emotions|Contempt": -0.14687265153755158,
    "Positive High-Energy Emotions|Astonishment/Surprise": -0.3099869399890305,
    "Positive High-Energy Emotions|Pleasure/Ecstasy": 1.8694190853045267,
    "Negative Low-Energy Emotions|Doubt": -1.0351777861623421,
    "Negative High-Energy Emotions|Anger": -0.16734940350055716,
    "Positive Low-Energy Emotions|Contentment": -1.359244669384378,
    "Positive Low-Energy Emotions|Relief": 0.5169074974428205,
    "Positive High-Energy Emotions|Amusement": 1.9905863145278657,
    "Longing & Lust|Longing": 0.8640146606808583,
    "Positive High-Energy Emotions|Awe": 1.0950713234131828,
    "Physical and Exhaustive States|Fatigue/Exhaustion": -0.7423113386398729,
    "Negative Low-Energy Emotions|Bitterness": 1.380609762721202,
    "Negative High-Energy Emotions|Disgust": 0.7104741556241232,
    "Positive Low-Energy Emotions|Thankfulness/Gratitude": 3.0218036128197086,
    "Positive High-Energy Emotions|Teasing": -0.1533925204088583,
    "Physical and Exhaustive States|Intoxication/Altered States of Consciousness": 0.357100129938301,
    "Positive Low-Energy Emotions|Pride": 1.4315381813158883,
    "Negative Low-Energy Emotions|Embarrassment": -1.2991738489752307,
    "Positive Low-Energy Emotions|Affection": 1.340794481976944,
    "Negative Low-Energy Emotions|Sadness": 0.5596215485474643,
    "Negative Low-Energy Emotions|Shame": 0.1831328266837141,
    "Positive High-Energy Emotions|Triumph": 0.513357955094646,
    "Cognitive States and Processes|Concentration": -0.5817153897311758,
    "Physical and Exhaustive States|Sourness": -0.15720670467242598,
    "Physical and Exhaustive States|Pain": 0.3327051805573351,
    "Negative High-Energy Emotions|Fear": 0.24876280686215435
  }
}