{
  "key": [
    "projects",
    "empathic-insight-face-large",
    "flux_prompt_9-image_146.png"
  ],
  "value": {
    "Negative High-Energy Emotions|Malevolence/Malice": -0.3441172231273617,
    "Negative Low-Energy Emotions|Jealousy & Envy": -0.4516158542475279,
    "Longing & Lust|Infatuation": 0.627072196493254,
    "Cognitive States and Processes|Confusion": -3.118385082962649,
    "Longing & Lust|Sexual Lust": -0.06370526798507736,
    "Positive High-Energy Emotions|Hope/Enthusiasm/Optimism": 1.4982364396794754,
    "Positive High-Energy Emotions|Interest": 0.4396785503253341,
    "Positive High-Energy Emotions|Elation": 1.0110857036512564,
    "Negative Low-Energy Emotions|Disappointment": -1.323916633109398,
    "Negative High-Energy Emotions|Distress": -0.8549958643667839,
    "Positive Low-Energy Emotions|Contemplation": 0.9962552149900619,
    "Negative Low-Energy Emotions|Emotional Numbness": -0.4734579127917395,
    "Negative High-Energy Emotions|Impatience and Irritability": 0.33798211347311735,
    "Negative Low-Energy Emotions|Helplessness": -0.366976102029576,
    "Negative Low-Energy Emotions|Contempt": -0.7353738665186307,
    "Positive High-Energy Emotions|Astonishment/Surprise": 0.3472949356213211,
    "Positive High-Energy Emotions|Pleasure/Ecstasy": 2.8853938453600687,
    "Negative Low-Energy Emotions|Doubt": -1.72243686418816,
    "Negative High-Energy Emotions|Anger": 1.3852651661634443,
    "Positive Low-Energy Emotions|Contentment": 1.891674553447348,
    "Positive Low-Energy Emotions|Relief": -0.6189013280500384,
    "Positive High-Energy Emotions|Amusement": 1.5564726183103288,
    "Longing & Lust|Longing": 1.3175543152933995,
    "Positive High-Energy Emotions|Awe": 1.0182490425293937,
    "Physical and Exhaustive States|Fatigue/Exhaustion": -0.7206392090088304,
    "Negative Low-Energy Emotions|Bitterness": -0.7600311517189531,
    "Negative High-Energy Emotions|Disgust": -0.605610408108024,
    "Positive Low-Energy Emotions|Thankfulness/Gratitude": 0.9016927434120547,
    "Positive High-Energy Emotions|Teasing": -0.7802718548586264,
    "Physical and Exhaustive States|Intoxication/Altered States of Consciousness": -0.16625451960546123,
    "Positive Low-Energy Emotions|Pride": 1.1558519172778023,
    "Negative Low-Energy Emotions|Embarrassment": -2.043376462805797,
    "Positive Low-Energy Emotions|Affection": 2.238498189195114,
    "Negative Low-Energy Emotions|Sadness": -0.5862512231924955,
    "Negative Low-Energy Emotions|Shame": -1.1988658314965228,
    "Positive High-Energy Emotions|Triumph": 0.3722610651219592,
    "Cognitive States and Processes|Concentration": -0.2804462310102056,
    "Physical and Exhaustive States|Sourness": -1.0533061528764665,
    "Physical and Exhaustive States|Pain": 0.15667025318917105,
    "Negative High-Energy Emotions|Fear": -0.40594939330264057
  }
}