{
  "key": [
    "projects",
    "empathic-insight-face-large",
    "flux_dev_one_1-304_s2124930780.png"
  ],
  "value": {
    "Negative High-Energy Emotions|Malevolence/Malice": 1.1474774639768635,
    "Negative Low-Energy Emotions|Jealousy & Envy": 0.8387655773320619,
    "Longing & Lust|Infatuation": -0.3620576448344133,
    "Cognitive States and Processes|Confusion": 2.5123761827920505,
    "Longing & Lust|Sexual Lust": -0.18224483974716232,
    "Positive High-Energy Emotions|Hope/Enthusiasm/Optimism": -1.5720747452930492,
    "Positive High-Energy Emotions|Interest": -0.400436926074326,
    "Positive High-Energy Emotions|Elation": -1.4255615923005869,
    "Negative Low-Energy Emotions|Disappointment": 1.969974945803337,
    "Negative High-Energy Emotions|Distress": 1.6248490634209969,
    "Positive Low-Energy Emotions|Contemplation": -0.17581469219835366,
    "Negative Low-Energy Emotions|Emotional Numbness": -1.6230129700789557,
    "Negative High-Energy Emotions|Impatience and Irritability": -1.254484717734158,
    "Negative Low-Energy Emotions|Helplessness": 1.3678363960630753,
    "Negative Low-Energy Emotions|Contempt": 0.922973978558884,
    "Positive High-Energy Emotions|Astonishment/Surprise": 1.4991412848606704,
    "Positive High-Energy Emotions|Pleasure/Ecstasy": -0.8212047941281515,
    "Negative Low-Energy Emotions|Doubt": 0.8556440879793509,
    "Negative High-Energy Emotions|Anger": -0.5696027928590777,
    "Positive Low-Energy Emotions|Contentment": -3.3034742721980987,
    "Positive Low-Energy Emotions|Relief": -0.8092920341123553,
    "Positive High-Energy Emotions|Amusement": -0.008499752552632023,
    "Longing & Lust|Longing": -0.17511651877108414,
    "Positive High-Energy Emotions|Awe": 1.3126787619774833,
    "Physical and Exhaustive States|Fatigue/Exhaustion": 0.2747807700866286,
    "Negative Low-Energy Emotions|Bitterness": 1.5614123985697241,
    "Negative High-Energy Emotions|Disgust": 2.1743293029858783,
    "Positive Low-Energy Emotions|Thankfulness/Gratitude": -0.08261013496776703,
    "Positive High-Energy Emotions|Teasing": -0.20566126392387296,
    "Physical and Exhaustive States|Intoxication/Altered States of Consciousness": 1.4841775008203353,
    "Positive Low-Energy Emotions|Pride": -2.216202898014556,
    "Negative Low-Energy Emotions|Embarrassment": 0.7639689871186719,
    "Positive Low-Energy Emotions|Affection": -1.571335575834793,
    "Negative Low-Energy Emotions|Sadness": 1.6736937521836337,
    "Negative Low-Energy Emotions|Shame": 1.4490365976073285,
    "Positive High-Energy Emotions|Triumph": -2.0438952268397106,
    "Cognitive States and Processes|Concentration": -0.19110137188697562,
    "Physical and Exhaustive States|Sourness": 0.2675818001665175,
    "Physical and Exhaustive States|Pain": 0.23604373207863638,
    "Negative High-Energy Emotions|Fear": 1.7792637701924232
  }
}