{
  "key": [
    "projects",
    "empathic-insight-face-large",
    "flux_dev_one_0-233_s39089629.png"
  ],
  "value": {
    "Negative High-Energy Emotions|Malevolence/Malice": -0.8146234143810238,
    "Negative Low-Energy Emotions|Jealousy & Envy": -1.6233747443995055,
    "Longing & Lust|Infatuation": -0.352354723920717,
    "Cognitive States and Processes|Confusion": 1.6416073973153662,
    "Longing & Lust|Sexual Lust": 0.24635022632339432,
    "Positive High-Energy Emotions|Hope/Enthusiasm/Optimism": 2.013275708560558,
    "Positive High-Energy Emotions|Interest": 1.23778618555516,
    "Positive High-Energy Emotions|Elation": 1.5208545473020743,
    "Negative Low-Energy Emotions|Disappointment": -1.1135127138894272,
    "Negative High-Energy Emotions|Distress": 1.5975392880685189,
    "Positive Low-Energy Emotions|Contemplation": -0.1402207056871232,
    "Negative Low-Energy Emotions|Emotional Numbness": 0.6382763284554376,
    "Negative High-Energy Emotions|Impatience and Irritability": 1.0958152366802096,
    "Negative Low-Energy Emotions|Helplessness": 0.5484850209600786,
    "Negative Low-Energy Emotions|Contempt": -1.2173346399866483,
    "Positive High-Energy Emotions|Astonishment/Surprise": 2.023629257120192,
    "Positive High-Energy Emotions|Pleasure/Ecstasy": 2.0509576075480265,
    "Negative Low-Energy Emotions|Doubt": -0.11098171656786958,
    "Negative High-Energy Emotions|Anger": 1.2803606337308882,
    "Positive Low-Energy Emotions|Contentment": 1.5928393950992645,
    "Positive Low-Energy Emotions|Relief": -0.6093786515821429,
    "Positive High-Energy Emotions|Amusement": 2.9584414848970138,
    "Longing & Lust|Longing": 0.6329483592158238,
    "Positive High-Energy Emotions|Awe": 0.6195571499054924,
    "Physical and Exhaustive States|Fatigue/Exhaustion": 0.9047803369098727,
    "Negative Low-Energy Emotions|Bitterness": -1.0425497769783525,
    "Negative High-Energy Emotions|Disgust": -1.0395336525843424,
    "Positive Low-Energy Emotions|Thankfulness/Gratitude": 0.22206377517322418,
    "Positive High-Energy Emotions|Teasing": 0.575433763999711,
    "Physical and Exhaustive States|Intoxication/Altered States of Consciousness": 1.2827032216550673,
    "Positive Low-Energy Emotions|Pride": -1.4016788434872733,
    "Negative Low-Energy Emotions|Embarrassment": -1.7415678671484485,
    "Positive Low-Energy Emotions|Affection": 0.7488297900995787,
    "Negative Low-Energy Emotions|Sadness": -0.9124639869788114,
    "Negative Low-Energy Emotions|Shame": -0.9327642327568987,
    "Positive High-Energy Emotions|Triumph": -0.9364882530009045,
    "Cognitive States and Processes|Concentration": 0.33642405307029977,
    "Physical and Exhaustive States|Sourness": -0.6867460513673722,
    "Physical and Exhaustive States|Pain": 0.4962588953095324,
    "Negative High-Energy Emotions|Fear": 1.4814112540181068
  }
}