{
  "key": [
    "projects",
    "empathic-insight-face-large",
    "flux_prompt_9-image_025.png"
  ],
  "value": {
    "Negative High-Energy Emotions|Malevolence/Malice": -1.0155823815898861,
    "Negative Low-Energy Emotions|Jealousy & Envy": -1.1781328162989195,
    "Longing & Lust|Infatuation": 1.8813678436375716,
    "Cognitive States and Processes|Confusion": -3.2314236228491238,
    "Longing & Lust|Sexual Lust": 2.8064174627468867,
    "Positive High-Energy Emotions|Hope/Enthusiasm/Optimism": 4.166748430137249,
    "Positive High-Energy Emotions|Interest": 0.47946342509239914,
    "Positive High-Energy Emotions|Elation": 8.029535129348583,
    "Negative Low-Energy Emotions|Disappointment": -2.478228051642723,
    "Negative High-Energy Emotions|Distress": -5.439443605875268,
    "Positive Low-Energy Emotions|Contemplation": -3.0376064817300614,
    "Negative Low-Energy Emotions|Emotional Numbness": -2.332547376740943,
    "Negative High-Energy Emotions|Impatience and Irritability": -2.3945711301639676,
    "Negative Low-Energy Emotions|Helplessness": -2.2762463885896347,
    "Negative Low-Energy Emotions|Contempt": -1.8577708124719998,
    "Positive High-Energy Emotions|Astonishment/Surprise": -0.3474310546740891,
    "Positive High-Energy Emotions|Pleasure/Ecstasy": 4.1358569734499735,
    "Negative Low-Energy Emotions|Doubt": -3.821225006392445,
    "Negative High-Energy Emotions|Anger": -0.8094521218538286,
    "Positive Low-Energy Emotions|Contentment": 7.076557313495261,
    "Positive Low-Energy Emotions|Relief": 3.0119158468614606,
    "Positive High-Energy Emotions|Amusement": 7.331673611132976,
    "Longing & Lust|Longing": 0.014733930790988614,
    "Positive High-Energy Emotions|Awe": -0.1525281591231331,
    "Physical and Exhaustive States|Fatigue/Exhaustion": -1.7711828748947558,
    "Negative Low-Energy Emotions|Bitterness": -2.0130137681435136,
    "Negative High-Energy Emotions|Disgust": -1.7206049340174479,
    "Positive Low-Energy Emotions|Thankfulness/Gratitude": 5.607713217845953,
    "Positive High-Energy Emotions|Teasing": 1.775356266040574,
    "Physical and Exhaustive States|Intoxication/Altered States of Consciousness": -0.2231725446222459,
    "Positive Low-Energy Emotions|Pride": 1.6166094112505807,
    "Negative Low-Energy Emotions|Embarrassment": -1.3007624319677844,
    "Positive Low-Energy Emotions|Affection": 3.4896986267408905,
    "Negative Low-Energy Emotions|Sadness": -1.7537347913840238,
    "Negative Low-Energy Emotions|Shame": -1.73699230015497,
    "Positive High-Energy Emotions|Triumph": 0.8849272905553088,
    "Cognitive States and Processes|Concentration": -2.4399479028012823,
    "Physical and Exhaustive States|Sourness": -0.7468853498063981,
    "Physical and Exhaustive States|Pain": -1.506851155845558,
    "Negative High-Energy Emotions|Fear": -1.9038780126874062
  }
}