{
  "key": [
    "projects",
    "empathic-insight-face-large",
    "flux_prompt_10-image_498.png"
  ],
  "value": {
    "Negative High-Energy Emotions|Malevolence/Malice": 0.21135431637001378,
    "Negative Low-Energy Emotions|Jealousy & Envy": 0.35210187818197647,
    "Longing & Lust|Infatuation": -0.25032873820294355,
    "Cognitive States and Processes|Confusion": 1.4046268398736548,
    "Longing & Lust|Sexual Lust": -0.8091910506083684,
    "Positive High-Energy Emotions|Hope/Enthusiasm/Optimism": 0.20690753639182624,
    "Positive High-Energy Emotions|Interest": 1.0420163987204432,
    "Positive High-Energy Emotions|Elation": 1.13287909297163,
    "Negative Low-Energy Emotions|Disappointment": 1.3330340790945816,
    "Negative High-Energy Emotions|Distress": -0.07169149342705222,
    "Positive Low-Energy Emotions|Contemplation": 0.5454077904233161,
    "Negative Low-Energy Emotions|Emotional Numbness": -1.5085343819747077,
    "Negative High-Energy Emotions|Impatience and Irritability": -0.7119451211765409,
    "Negative Low-Energy Emotions|Helplessness": 0.05490575250457319,
    "Negative Low-Energy Emotions|Contempt": -0.32167042489875763,
    "Positive High-Energy Emotions|Astonishment/Surprise": 0.7866312355175613,
    "Positive High-Energy Emotions|Pleasure/Ecstasy": 1.2638305597708506,
    "Negative Low-Energy Emotions|Doubt": 0.341422598549877,
    "Negative High-Energy Emotions|Anger": -0.06302220165729544,
    "Positive Low-Energy Emotions|Contentment": -3.0832937607234894,
    "Positive Low-Energy Emotions|Relief": 0.41486380914554877,
    "Positive High-Energy Emotions|Amusement": 0.9789755234407151,
    "Longing & Lust|Longing": 0.11904676791485946,
    "Positive High-Energy Emotions|Awe": 1.4872641639893547,
    "Physical and Exhaustive States|Fatigue/Exhaustion": 0.06247248246608417,
    "Negative Low-Energy Emotions|Bitterness": 1.226779502682826,
    "Negative High-Energy Emotions|Disgust": 1.0907607299878317,
    "Positive Low-Energy Emotions|Thankfulness/Gratitude": -0.4456856297340024,
    "Positive High-Energy Emotions|Teasing": -0.5471346049120321,
    "Physical and Exhaustive States|Intoxication/Altered States of Consciousness": -0.09554159560186015,
    "Positive Low-Energy Emotions|Pride": -0.024359343637000125,
    "Negative Low-Energy Emotions|Embarrassment": -0.45062007223420286,
    "Positive Low-Energy Emotions|Affection": 0.22997180436463915,
    "Negative Low-Energy Emotions|Sadness": 0.6598777084490832,
    "Negative Low-Energy Emotions|Shame": 0.36336934506674023,
    "Positive High-Energy Emotions|Triumph": -0.1845241011416211,
    "Cognitive States and Processes|Concentration": 0.22959005868171944,
    "Physical and Exhaustive States|Sourness": 0.031816134396940476,
    "Physical and Exhaustive States|Pain": -0.30251785048667124,
    "Negative High-Energy Emotions|Fear": 1.0128600206072715
  }
}