{
  "key": [
    "projects",
    "empathic-insight-face-large",
    "flux_prompt_9-image_204.png"
  ],
  "value": {
    "Negative High-Energy Emotions|Malevolence/Malice": -0.8615756620006527,
    "Negative Low-Energy Emotions|Jealousy & Envy": -1.8213432273706969,
    "Longing & Lust|Infatuation": -0.9090483970545671,
    "Cognitive States and Processes|Confusion": -3.3892014091040066,
    "Longing & Lust|Sexual Lust": -0.3476312781169133,
    "Positive High-Energy Emotions|Hope/Enthusiasm/Optimism": 3.7168063181682545,
    "Positive High-Energy Emotions|Interest": 0.7533325074240566,
    "Positive High-Energy Emotions|Elation": 6.530473068038768,
    "Negative Low-Energy Emotions|Disappointment": -2.142989594916649,
    "Negative High-Energy Emotions|Distress": -3.111990946268334,
    "Positive Low-Energy Emotions|Contemplation": -2.117596868692952,
    "Negative Low-Energy Emotions|Emotional Numbness": -2.59955043612815,
    "Negative High-Energy Emotions|Impatience and Irritability": -0.4558764146640897,
    "Negative Low-Energy Emotions|Helplessness": -1.5927809077851913,
    "Negative Low-Energy Emotions|Contempt": -1.4640423178278348,
    "Positive High-Energy Emotions|Astonishment/Surprise": -0.28514038618654025,
    "Positive High-Energy Emotions|Pleasure/Ecstasy": 3.5193616025851053,
    "Negative Low-Energy Emotions|Doubt": -2.692196447661366,
    "Negative High-Energy Emotions|Anger": 0.42741053760051706,
    "Positive Low-Energy Emotions|Contentment": 4.791371380382163,
    "Positive Low-Energy Emotions|Relief": 2.507038756407359,
    "Positive High-Energy Emotions|Amusement": 5.437816847293254,
    "Longing & Lust|Longing": 0.39920302268323105,
    "Positive High-Energy Emotions|Awe": 0.3092143612092033,
    "Physical and Exhaustive States|Fatigue/Exhaustion": -1.529085020280498,
    "Negative Low-Energy Emotions|Bitterness": -1.3938626527260332,
    "Negative High-Energy Emotions|Disgust": -0.7370105164454264,
    "Positive Low-Energy Emotions|Thankfulness/Gratitude": 5.797950263134039,
    "Positive High-Energy Emotions|Teasing": 0.4773238928506479,
    "Physical and Exhaustive States|Intoxication/Altered States of Consciousness": -0.028062938833061324,
    "Positive Low-Energy Emotions|Pride": 1.3697124290575875,
    "Negative Low-Energy Emotions|Embarrassment": -1.6343481711035266,
    "Positive Low-Energy Emotions|Affection": 3.5147349617323456,
    "Negative Low-Energy Emotions|Sadness": -1.3507520795920316,
    "Negative Low-Energy Emotions|Shame": -1.4975203877709369,
    "Positive High-Energy Emotions|Triumph": 0.6806720672810779,
    "Cognitive States and Processes|Concentration": -1.0319147702481817,
    "Physical and Exhaustive States|Sourness": -1.043341090735048,
    "Physical and Exhaustive States|Pain": -0.16186137923422983,
    "Negative High-Energy Emotions|Fear": -1.4072130117718789
  }
}