{
  "key": [
    "projects",
    "empathic-insight-face-large",
    "juggernaut-xl-v8-prompt-6-80_result.png"
  ],
  "value": {
    "Negative High-Energy Emotions|Malevolence/Malice": -0.08199828754233973,
    "Negative Low-Energy Emotions|Jealousy & Envy": 0.422018841759247,
    "Longing & Lust|Infatuation": -0.7044883556269548,
    "Cognitive States and Processes|Confusion": 0.0008182461236547756,
    "Longing & Lust|Sexual Lust": 0.32629388324478104,
    "Positive High-Energy Emotions|Hope/Enthusiasm/Optimism": -1.1411269646839184,
    "Positive High-Energy Emotions|Interest": -0.6126830460503697,
    "Positive High-Energy Emotions|Elation": -0.7459656450349619,
    "Negative Low-Energy Emotions|Disappointment": 2.982179443855934,
    "Negative High-Energy Emotions|Distress": 0.9135718169457772,
    "Positive Low-Energy Emotions|Contemplation": 1.3511155207761947,
    "Negative Low-Energy Emotions|Emotional Numbness": -0.19132776080466368,
    "Negative High-Energy Emotions|Impatience and Irritability": -0.25506312120705843,
    "Negative Low-Energy Emotions|Helplessness": 0.021390179956660593,
    "Negative Low-Energy Emotions|Contempt": 0.10701738599906951,
    "Positive High-Energy Emotions|Astonishment/Surprise": 0.2827960342541336,
    "Positive High-Energy Emotions|Pleasure/Ecstasy": 0.23411439589717808,
    "Negative Low-Energy Emotions|Doubt": 1.1423074414224967,
    "Negative High-Energy Emotions|Anger": 0.8217872923612592,
    "Positive Low-Energy Emotions|Contentment": -0.32932337612571105,
    "Positive Low-Energy Emotions|Relief": -0.7933942832578631,
    "Positive High-Energy Emotions|Amusement": -0.09521437791121357,
    "Longing & Lust|Longing": -0.06008062723818619,
    "Positive High-Energy Emotions|Awe": -0.2060984296614632,
    "Physical and Exhaustive States|Fatigue/Exhaustion": 0.21997245147166888,
    "Negative Low-Energy Emotions|Bitterness": 0.6617595673133345,
    "Negative High-Energy Emotions|Disgust": 1.0892269236638266,
    "Positive Low-Energy Emotions|Thankfulness/Gratitude": 1.847808952442206,
    "Positive High-Energy Emotions|Teasing": -0.3056989579012289,
    "Physical and Exhaustive States|Intoxication/Altered States of Consciousness": -0.028152822637382613,
    "Positive Low-Energy Emotions|Pride": 0.12945626855992218,
    "Negative Low-Energy Emotions|Embarrassment": 1.1701842376107678,
    "Positive Low-Energy Emotions|Affection": 1.2296236536345062,
    "Negative Low-Energy Emotions|Sadness": 0.35833588828058804,
    "Negative Low-Energy Emotions|Shame": -0.30551010430078296,
    "Positive High-Energy Emotions|Triumph": -0.3635918096935048,
    "Cognitive States and Processes|Concentration": 0.09837770497535958,
    "Physical and Exhaustive States|Sourness": -0.1374121511541307,
    "Physical and Exhaustive States|Pain": 0.2913473056870348,
    "Negative High-Energy Emotions|Fear": -0.2843890581433388
  }
}