{
  "key": [
    "projects",
    "empathic-insight-face-large",
    "juggernaut-xl-v8-prompt-6-50_result.png"
  ],
  "value": {
    "Negative High-Energy Emotions|Malevolence/Malice": -0.7468128789501156,
    "Negative Low-Energy Emotions|Jealousy & Envy": -1.087243123992401,
    "Longing & Lust|Infatuation": -0.1783322877787492,
    "Cognitive States and Processes|Confusion": -2.093444830658572,
    "Longing & Lust|Sexual Lust": 0.16828673831680252,
    "Positive High-Energy Emotions|Hope/Enthusiasm/Optimism": 0.29267718971213874,
    "Positive High-Energy Emotions|Interest": 1.0704565165564417,
    "Positive High-Energy Emotions|Elation": 1.1472380903166006,
    "Negative Low-Energy Emotions|Disappointment": 1.2376810717779922,
    "Negative High-Energy Emotions|Distress": -0.1564497937612674,
    "Positive Low-Energy Emotions|Contemplation": 1.6691909988531295,
    "Negative Low-Energy Emotions|Emotional Numbness": -0.7572700482497321,
    "Negative High-Energy Emotions|Impatience and Irritability": -0.7045112298801541,
    "Negative Low-Energy Emotions|Helplessness": -0.9703880149476668,
    "Negative Low-Energy Emotions|Contempt": -0.8824173330866238,
    "Positive High-Energy Emotions|Astonishment/Surprise": 0.602704533971846,
    "Positive High-Energy Emotions|Pleasure/Ecstasy": 2.461284863273887,
    "Negative Low-Energy Emotions|Doubt": -0.07255215968772331,
    "Negative High-Energy Emotions|Anger": 0.6139873808622358,
    "Positive Low-Energy Emotions|Contentment": 2.5682355514102997,
    "Positive Low-Energy Emotions|Relief": 0.3318440757165937,
    "Positive High-Energy Emotions|Amusement": 1.4733921477483476,
    "Longing & Lust|Longing": 0.5666961574202458,
    "Positive High-Energy Emotions|Awe": 0.16987229158334882,
    "Physical and Exhaustive States|Fatigue/Exhaustion": -0.3487442533737596,
    "Negative Low-Energy Emotions|Bitterness": -0.6927966355751543,
    "Negative High-Energy Emotions|Disgust": -0.6504674332545084,
    "Positive Low-Energy Emotions|Thankfulness/Gratitude": 3.9361426783714664,
    "Positive High-Energy Emotions|Teasing": 0.3057045073697672,
    "Physical and Exhaustive States|Intoxication/Altered States of Consciousness": 0.13606870255487813,
    "Positive Low-Energy Emotions|Pride": 1.164380984317292,
    "Negative Low-Energy Emotions|Embarrassment": -0.01795055185609007,
    "Positive Low-Energy Emotions|Affection": 2.681859709962326,
    "Negative Low-Energy Emotions|Sadness": -0.21859797249822055,
    "Negative Low-Energy Emotions|Shame": -0.874036372306154,
    "Positive High-Energy Emotions|Triumph": -0.133412224177052,
    "Cognitive States and Processes|Concentration": -0.22161668503547416,
    "Physical and Exhaustive States|Sourness": -0.8961403871141373,
    "Physical and Exhaustive States|Pain": 0.05522684326943228,
    "Negative High-Energy Emotions|Fear": -0.6460652742688271
  }
}