{
  "key": [
    "projects",
    "empathic-insight-face-large",
    "juggernaut-xl-v8-prompt-6-177_result.png"
  ],
  "value": {
    "Negative High-Energy Emotions|Malevolence/Malice": -0.5633705247478451,
    "Negative Low-Energy Emotions|Jealousy & Envy": -0.5758541068872984,
    "Longing & Lust|Infatuation": -0.28113980959881757,
    "Cognitive States and Processes|Confusion": 2.4922940666650364,
    "Longing & Lust|Sexual Lust": 1.1987449502156062,
    "Positive High-Energy Emotions|Hope/Enthusiasm/Optimism": 0.0920491474910694,
    "Positive High-Energy Emotions|Interest": 1.5754892943426966,
    "Positive High-Energy Emotions|Elation": 3.6247251179617117,
    "Negative Low-Energy Emotions|Disappointment": -1.7497362685006332,
    "Negative High-Energy Emotions|Distress": -1.5829460797064445,
    "Positive Low-Energy Emotions|Contemplation": -2.666403536020833,
    "Negative Low-Energy Emotions|Emotional Numbness": -1.060553262818824,
    "Negative High-Energy Emotions|Impatience and Irritability": -0.9108739541843534,
    "Negative Low-Energy Emotions|Helplessness": -1.1307128268830917,
    "Negative Low-Energy Emotions|Contempt": -0.9245661615930936,
    "Positive High-Energy Emotions|Astonishment/Surprise": 3.835341939367354,
    "Positive High-Energy Emotions|Pleasure/Ecstasy": 1.715602206508903,
    "Negative Low-Energy Emotions|Doubt": -0.8675114701299326,
    "Negative High-Energy Emotions|Anger": -0.09472638905048392,
    "Positive Low-Energy Emotions|Contentment": -1.356549585766214,
    "Positive Low-Energy Emotions|Relief": 0.19221274474964423,
    "Positive High-Energy Emotions|Amusement": 2.9228185305284224,
    "Longing & Lust|Longing": -0.6227545535916408,
    "Positive High-Energy Emotions|Awe": 2.2657224314396873,
    "Physical and Exhaustive States|Fatigue/Exhaustion": -0.7280509273773607,
    "Negative Low-Energy Emotions|Bitterness": -0.6978296517799882,
    "Negative High-Energy Emotions|Disgust": 1.2523303849293905,
    "Positive Low-Energy Emotions|Thankfulness/Gratitude": 2.793594743124045,
    "Positive High-Energy Emotions|Teasing": 0.6241424114892588,
    "Physical and Exhaustive States|Intoxication/Altered States of Consciousness": 0.8222076602937545,
    "Positive Low-Energy Emotions|Pride": -0.3295823615679846,
    "Negative Low-Energy Emotions|Embarrassment": 0.8538645335549817,
    "Positive Low-Energy Emotions|Affection": -1.8856482722917023,
    "Negative Low-Energy Emotions|Sadness": -1.5659005285361234,
    "Negative Low-Energy Emotions|Shame": -0.6180977231286028,
    "Positive High-Energy Emotions|Triumph": 0.7995383917058215,
    "Cognitive States and Processes|Concentration": -0.9205546375539373,
    "Physical and Exhaustive States|Sourness": -0.7040383124910294,
    "Physical and Exhaustive States|Pain": -0.7500390602034681,
    "Negative High-Energy Emotions|Fear": 1.599353883400121
  }
}