{
  "key": [
    "projects",
    "empathic-insight-face-large",
    "juggernaut-xl-v8-prompt-6-233_result.png"
  ],
  "value": {
    "Negative High-Energy Emotions|Malevolence/Malice": -0.5868845571117367,
    "Negative Low-Energy Emotions|Jealousy & Envy": -0.4117039880594786,
    "Longing & Lust|Infatuation": -1.8016279525660417,
    "Cognitive States and Processes|Confusion": -0.6100577180410791,
    "Longing & Lust|Sexual Lust": -1.3632689143016057,
    "Positive High-Energy Emotions|Hope/Enthusiasm/Optimism": 0.29610922515830573,
    "Positive High-Energy Emotions|Interest": 0.3298813221976161,
    "Positive High-Energy Emotions|Elation": -1.1363362524110605,
    "Negative Low-Energy Emotions|Disappointment": 0.7370274472433853,
    "Negative High-Energy Emotions|Distress": 1.4113044562585213,
    "Positive Low-Energy Emotions|Contemplation": 0.935599501908702,
    "Negative Low-Energy Emotions|Emotional Numbness": -0.31099305569029906,
    "Negative High-Energy Emotions|Impatience and Irritability": 0.8759092641994357,
    "Negative Low-Energy Emotions|Helplessness": 0.2738090556509355,
    "Negative Low-Energy Emotions|Contempt": -0.658909213503494,
    "Positive High-Energy Emotions|Astonishment/Surprise": 0.12023557130247342,
    "Positive High-Energy Emotions|Pleasure/Ecstasy": 1.030138360779075,
    "Negative Low-Energy Emotions|Doubt": -0.10000482879414717,
    "Negative High-Energy Emotions|Anger": 1.7047119683027265,
    "Positive Low-Energy Emotions|Contentment": 0.09327379375038758,
    "Positive Low-Energy Emotions|Relief": -0.7472492017377825,
    "Positive High-Energy Emotions|Amusement": -0.1331820597959792,
    "Longing & Lust|Longing": 0.869082173073856,
    "Positive High-Energy Emotions|Awe": -0.01310526559896319,
    "Physical and Exhaustive States|Fatigue/Exhaustion": 0.40848343565402667,
    "Negative Low-Energy Emotions|Bitterness": -0.5998095750282793,
    "Negative High-Energy Emotions|Disgust": -0.1975349562571329,
    "Positive Low-Energy Emotions|Thankfulness/Gratitude": 0.1809296561394107,
    "Positive High-Energy Emotions|Teasing": -1.0577504305651084,
    "Physical and Exhaustive States|Intoxication/Altered States of Consciousness": -0.4476513854501878,
    "Positive Low-Energy Emotions|Pride": -0.8498105239758597,
    "Negative Low-Energy Emotions|Embarrassment": -0.8526699713354602,
    "Positive Low-Energy Emotions|Affection": 1.4217104098639068,
    "Negative Low-Energy Emotions|Sadness": 0.13579014529200162,
    "Negative Low-Energy Emotions|Shame": -0.8260950452111223,
    "Positive High-Energy Emotions|Triumph": -1.5920362294947399,
    "Cognitive States and Processes|Concentration": -0.06931209528709159,
    "Physical and Exhaustive States|Sourness": -0.41458617692813277,
    "Physical and Exhaustive States|Pain": 0.5543392108994372,
    "Negative High-Energy Emotions|Fear": -0.2011192236249062
  }
}