{
  "key": [
    "projects",
    "empathic-insight-face-large",
    "juggernaut-xl-v8-prompt-5-203_result.png"
  ],
  "value": {
    "Negative High-Energy Emotions|Malevolence/Malice": 0.6269639145298038,
    "Negative Low-Energy Emotions|Jealousy & Envy": 1.1918392487922136,
    "Longing & Lust|Infatuation": -1.3086086101435563,
    "Cognitive States and Processes|Confusion": 1.4877112443421912,
    "Longing & Lust|Sexual Lust": -0.6614108706309514,
    "Positive High-Energy Emotions|Hope/Enthusiasm/Optimism": -1.6164058190540356,
    "Positive High-Energy Emotions|Interest": -2.0431457640603186,
    "Positive High-Energy Emotions|Elation": -2.350847408493214,
    "Negative Low-Energy Emotions|Disappointment": 3.6172928023535538,
    "Negative High-Energy Emotions|Distress": 1.8070322098977425,
    "Positive Low-Energy Emotions|Contemplation": 0.24291354018537437,
    "Negative Low-Energy Emotions|Emotional Numbness": -0.11495267866946318,
    "Negative High-Energy Emotions|Impatience and Irritability": 1.3777306033298373,
    "Negative Low-Energy Emotions|Helplessness": 0.7125611108190874,
    "Negative Low-Energy Emotions|Contempt": 1.598715412656174,
    "Positive High-Energy Emotions|Astonishment/Surprise": -0.07101880606263888,
    "Positive High-Energy Emotions|Pleasure/Ecstasy": -1.5746606714322287,
    "Negative Low-Energy Emotions|Doubt": 1.1033475806208,
    "Negative High-Energy Emotions|Anger": 2.2127190178632734,
    "Positive Low-Energy Emotions|Contentment": -1.214964712566751,
    "Positive Low-Energy Emotions|Relief": -1.9031335868467303,
    "Positive High-Energy Emotions|Amusement": -2.4863176455808915,
    "Longing & Lust|Longing": -0.14802847269717057,
    "Positive High-Energy Emotions|Awe": -0.3980547113234505,
    "Physical and Exhaustive States|Fatigue/Exhaustion": 0.8500094649129931,
    "Negative Low-Energy Emotions|Bitterness": 1.078242373519084,
    "Negative High-Energy Emotions|Disgust": 1.7167667967869955,
    "Positive Low-Energy Emotions|Thankfulness/Gratitude": -1.6585116432990659,
    "Positive High-Energy Emotions|Teasing": -1.6315747170259849,
    "Physical and Exhaustive States|Intoxication/Altered States of Consciousness": -0.4540959588525926,
    "Positive Low-Energy Emotions|Pride": -2.6906311941037284,
    "Negative Low-Energy Emotions|Embarrassment": 0.6577784844750867,
    "Positive Low-Energy Emotions|Affection": -1.303795955435318,
    "Negative Low-Energy Emotions|Sadness": 1.0350400118968066,
    "Negative Low-Energy Emotions|Shame": -0.10494333565454272,
    "Positive High-Energy Emotions|Triumph": -2.1476805032526745,
    "Cognitive States and Processes|Concentration": 0.0286251310083796,
    "Physical and Exhaustive States|Sourness": -0.10029446130618452,
    "Physical and Exhaustive States|Pain": 0.5201543973999865,
    "Negative High-Energy Emotions|Fear": 0.6859842147524742
  }
}