{
  "key": [
    "projects",
    "empathic-insight-face-large",
    "juggernaut-xl-v8-prompt-6-88_result.png"
  ],
  "value": {
    "Negative High-Energy Emotions|Malevolence/Malice": -0.23041921745109217,
    "Negative Low-Energy Emotions|Jealousy & Envy": -0.19906596754403671,
    "Longing & Lust|Infatuation": -0.4689979143046281,
    "Cognitive States and Processes|Confusion": -2.204794174912112,
    "Longing & Lust|Sexual Lust": -0.9494949007823186,
    "Positive High-Energy Emotions|Hope/Enthusiasm/Optimism": 0.10223272026023444,
    "Positive High-Energy Emotions|Interest": 0.4843759505078197,
    "Positive High-Energy Emotions|Elation": 0.6940930631559561,
    "Negative Low-Energy Emotions|Disappointment": -0.6830122065346909,
    "Negative High-Energy Emotions|Distress": 0.053728860879645624,
    "Positive Low-Energy Emotions|Contemplation": 0.5039610152253333,
    "Negative Low-Energy Emotions|Emotional Numbness": 0.6101049679627313,
    "Negative High-Energy Emotions|Impatience and Irritability": 1.726275841705501,
    "Negative Low-Energy Emotions|Helplessness": -1.1647551852815292,
    "Negative Low-Energy Emotions|Contempt": 1.5291195393003085,
    "Positive High-Energy Emotions|Astonishment/Surprise": 0.09683669511228787,
    "Positive High-Energy Emotions|Pleasure/Ecstasy": 0.5220974557802958,
    "Negative Low-Energy Emotions|Doubt": -1.0197957942990914,
    "Negative High-Energy Emotions|Anger": 2.1588981693983076,
    "Positive Low-Energy Emotions|Contentment": 1.6206796517902435,
    "Positive Low-Energy Emotions|Relief": -1.0824391402830096,
    "Positive High-Energy Emotions|Amusement": 1.15958922001588,
    "Longing & Lust|Longing": -0.15575228098574478,
    "Positive High-Energy Emotions|Awe": -0.09944712350911944,
    "Physical and Exhaustive States|Fatigue/Exhaustion": 0.23228420808253925,
    "Negative Low-Energy Emotions|Bitterness": -0.44432394499287886,
    "Negative High-Energy Emotions|Disgust": -0.08955196313121738,
    "Positive Low-Energy Emotions|Thankfulness/Gratitude": -0.7286443756904233,
    "Positive High-Energy Emotions|Teasing": -0.6972034840395346,
    "Physical and Exhaustive States|Intoxication/Altered States of Consciousness": -0.6969139567850267,
    "Positive Low-Energy Emotions|Pride": -0.2024873588869677,
    "Negative Low-Energy Emotions|Embarrassment": -0.43982435976319456,
    "Positive Low-Energy Emotions|Affection": 0.8038115880331572,
    "Negative Low-Energy Emotions|Sadness": -0.5321234108069364,
    "Negative Low-Energy Emotions|Shame": -1.2641462689660052,
    "Positive High-Energy Emotions|Triumph": -0.4156956569587483,
    "Cognitive States and Processes|Concentration": -0.20011490547919975,
    "Physical and Exhaustive States|Sourness": -0.666875174101442,
    "Physical and Exhaustive States|Pain": -0.4141416145247572,
    "Negative High-Energy Emotions|Fear": -0.8589077387158486
  }
}