{
  "key": [
    "projects",
    "empathic-insight-face-large",
    "juggernaut-xl-v8-prompt-6-17_result.png"
  ],
  "value": {
    "Negative High-Energy Emotions|Malevolence/Malice": 0.757897556917194,
    "Negative Low-Energy Emotions|Jealousy & Envy": 0.7209293999829713,
    "Longing & Lust|Infatuation": -1.5308190174006364,
    "Cognitive States and Processes|Confusion": 2.3304938013528416,
    "Longing & Lust|Sexual Lust": -0.32722312458297775,
    "Positive High-Energy Emotions|Hope/Enthusiasm/Optimism": -1.4302185517505688,
    "Positive High-Energy Emotions|Interest": -0.18317573089152572,
    "Positive High-Energy Emotions|Elation": 0.22062022952253324,
    "Negative Low-Energy Emotions|Disappointment": -0.4643609118264389,
    "Negative High-Energy Emotions|Distress": 2.105993968511329,
    "Positive Low-Energy Emotions|Contemplation": -2.5116877595773515,
    "Negative Low-Energy Emotions|Emotional Numbness": -0.6684202057013617,
    "Negative High-Energy Emotions|Impatience and Irritability": -0.25871044863015413,
    "Negative Low-Energy Emotions|Helplessness": -0.4183421928041121,
    "Negative Low-Energy Emotions|Contempt": 1.759193587342606,
    "Positive High-Energy Emotions|Astonishment/Surprise": 4.722077736295759,
    "Positive High-Energy Emotions|Pleasure/Ecstasy": -0.6360310442044455,
    "Negative Low-Energy Emotions|Doubt": 0.28295997876838286,
    "Negative High-Energy Emotions|Anger": 1.7875208204984663,
    "Positive Low-Energy Emotions|Contentment": -1.503376806682962,
    "Positive Low-Energy Emotions|Relief": -1.9608258761991473,
    "Positive High-Energy Emotions|Amusement": -1.7727575412107741,
    "Longing & Lust|Longing": -0.5759303367489894,
    "Positive High-Energy Emotions|Awe": 2.6304197387879387,
    "Physical and Exhaustive States|Fatigue/Exhaustion": 0.7157822747462813,
    "Negative Low-Energy Emotions|Bitterness": 0.054337453894755416,
    "Negative High-Energy Emotions|Disgust": 2.422626815517159,
    "Positive Low-Energy Emotions|Thankfulness/Gratitude": -1.864282612689935,
    "Positive High-Energy Emotions|Teasing": -0.7674097685625448,
    "Physical and Exhaustive States|Intoxication/Altered States of Consciousness": -0.0748500815866624,
    "Positive Low-Energy Emotions|Pride": -2.9811280202756034,
    "Negative Low-Energy Emotions|Embarrassment": 1.1672690489406095,
    "Positive Low-Energy Emotions|Affection": -2.448551199690384,
    "Negative Low-Energy Emotions|Sadness": -0.44387921105412875,
    "Negative Low-Energy Emotions|Shame": -0.6467588549874285,
    "Positive High-Energy Emotions|Triumph": -1.7375556052958263,
    "Cognitive States and Processes|Concentration": -0.30335682595039115,
    "Physical and Exhaustive States|Sourness": -1.0623754764162003,
    "Physical and Exhaustive States|Pain": -0.6881908965987318,
    "Negative High-Energy Emotions|Fear": 3.419247349708834
  }
}