{
  "key": [
    "projects",
    "empathic-insight-face-large",
    "juggernaut-xl-v8-prompt-5-225_result.png"
  ],
  "value": {
    "Negative High-Energy Emotions|Malevolence/Malice": -0.47176128516959803,
    "Negative Low-Energy Emotions|Jealousy & Envy": -0.8273547134241637,
    "Longing & Lust|Infatuation": -1.5805044956110856,
    "Cognitive States and Processes|Confusion": 0.3013703162644934,
    "Longing & Lust|Sexual Lust": -0.6414356852366643,
    "Positive High-Energy Emotions|Hope/Enthusiasm/Optimism": -0.11977157413521233,
    "Positive High-Energy Emotions|Interest": 0.11811072807759049,
    "Positive High-Energy Emotions|Elation": 1.1095476892393301,
    "Negative Low-Energy Emotions|Disappointment": 2.2376029896933365,
    "Negative High-Energy Emotions|Distress": -0.05657030913759681,
    "Positive Low-Energy Emotions|Contemplation": 1.224259730161113,
    "Negative Low-Energy Emotions|Emotional Numbness": -0.015424846548806218,
    "Negative High-Energy Emotions|Impatience and Irritability": -0.1771779702976346,
    "Negative Low-Energy Emotions|Helplessness": 0.6021911304838518,
    "Negative Low-Energy Emotions|Contempt": -0.8554922461115262,
    "Positive High-Energy Emotions|Astonishment/Surprise": 0.26298178140074,
    "Positive High-Energy Emotions|Pleasure/Ecstasy": 0.9963862770006937,
    "Negative Low-Energy Emotions|Doubt": -1.2187369654683724,
    "Negative High-Energy Emotions|Anger": 0.9854692763090132,
    "Positive Low-Energy Emotions|Contentment": 1.035269056850058,
    "Positive Low-Energy Emotions|Relief": 0.0532013616930036,
    "Positive High-Energy Emotions|Amusement": -0.1639299502683913,
    "Longing & Lust|Longing": 0.21571381923016708,
    "Positive High-Energy Emotions|Awe": 0.31885493566446454,
    "Physical and Exhaustive States|Fatigue/Exhaustion": 0.6464166541331832,
    "Negative Low-Energy Emotions|Bitterness": -0.5957350015114335,
    "Negative High-Energy Emotions|Disgust": 0.02383812495014248,
    "Positive Low-Energy Emotions|Thankfulness/Gratitude": 0.0016324473533999573,
    "Positive High-Energy Emotions|Teasing": -0.9014877943804159,
    "Physical and Exhaustive States|Intoxication/Altered States of Consciousness": -0.6593700639246141,
    "Positive Low-Energy Emotions|Pride": -0.8922073674092398,
    "Negative Low-Energy Emotions|Embarrassment": 0.6434248515481458,
    "Positive Low-Energy Emotions|Affection": 1.3551640889486847,
    "Negative Low-Energy Emotions|Sadness": 0.33635911931009854,
    "Negative Low-Energy Emotions|Shame": -0.2631137973092058,
    "Positive High-Energy Emotions|Triumph": -1.780265432718922,
    "Cognitive States and Processes|Concentration": -0.1872637268331121,
    "Physical and Exhaustive States|Sourness": -0.6940421367250382,
    "Physical and Exhaustive States|Pain": 0.05454162827309439,
    "Negative High-Energy Emotions|Fear": 0.05932744404629742
  }
}