{
  "key": [
    "projects",
    "empathic-insight-face-large",
    "juggernaut-xl-v8-prompt-5-53_result.png"
  ],
  "value": {
    "Negative High-Energy Emotions|Malevolence/Malice": -0.3871489156322445,
    "Negative Low-Energy Emotions|Jealousy & Envy": 0.34797842885641495,
    "Longing & Lust|Infatuation": -1.4398608989619157,
    "Cognitive States and Processes|Confusion": -0.4952803914572168,
    "Longing & Lust|Sexual Lust": -1.3763995791270451,
    "Positive High-Energy Emotions|Hope/Enthusiasm/Optimism": -0.8755732518390698,
    "Positive High-Energy Emotions|Interest": 0.0013586400076747163,
    "Positive High-Energy Emotions|Elation": -1.4662811014253427,
    "Negative Low-Energy Emotions|Disappointment": 3.307646791954689,
    "Negative High-Energy Emotions|Distress": 1.9401860060937264,
    "Positive Low-Energy Emotions|Contemplation": 1.2764469941267196,
    "Negative Low-Energy Emotions|Emotional Numbness": -0.7003699642310248,
    "Negative High-Energy Emotions|Impatience and Irritability": 0.6153184724971652,
    "Negative Low-Energy Emotions|Helplessness": 0.35140226301024946,
    "Negative Low-Energy Emotions|Contempt": 0.35493456129203826,
    "Positive High-Energy Emotions|Astonishment/Surprise": -0.2606617122516037,
    "Positive High-Energy Emotions|Pleasure/Ecstasy": 0.7998606436655802,
    "Negative Low-Energy Emotions|Doubt": 0.04983755547717651,
    "Negative High-Energy Emotions|Anger": 1.2146386450529096,
    "Positive Low-Energy Emotions|Contentment": -1.977052057690042,
    "Positive Low-Energy Emotions|Relief": -0.14510805984630304,
    "Positive High-Energy Emotions|Amusement": -0.8336017241789138,
    "Longing & Lust|Longing": 0.1579030954485814,
    "Positive High-Energy Emotions|Awe": -0.09314476678914874,
    "Physical and Exhaustive States|Fatigue/Exhaustion": 0.4512670834296767,
    "Negative Low-Energy Emotions|Bitterness": 0.9436380386878462,
    "Negative High-Energy Emotions|Disgust": 1.241024158675881,
    "Positive Low-Energy Emotions|Thankfulness/Gratitude": -0.8116903351630795,
    "Positive High-Energy Emotions|Teasing": -1.0126967100908653,
    "Physical and Exhaustive States|Intoxication/Altered States of Consciousness": -0.5657606116769944,
    "Positive Low-Energy Emotions|Pride": -0.9478927683720694,
    "Negative Low-Energy Emotions|Embarrassment": 0.07470033849425173,
    "Positive Low-Energy Emotions|Affection": 0.6705154186925467,
    "Negative Low-Energy Emotions|Sadness": 1.355539417161661,
    "Negative Low-Energy Emotions|Shame": -0.3636329776070574,
    "Positive High-Energy Emotions|Triumph": -1.8200228036677135,
    "Cognitive States and Processes|Concentration": -0.014396607520825722,
    "Physical and Exhaustive States|Sourness": -0.1067000532709062,
    "Physical and Exhaustive States|Pain": 0.664859335334862,
    "Negative High-Energy Emotions|Fear": -0.10089520552798237
  }
}