{
  "key": [
    "projects",
    "empathic-insight-face-large",
    "juggernaut-xl-v8-prompt-5-111_result.png"
  ],
  "value": {
    "Negative High-Energy Emotions|Malevolence/Malice": -1.7196987260417904,
    "Negative Low-Energy Emotions|Jealousy & Envy": -2.6361406287989197,
    "Longing & Lust|Infatuation": -1.4995013065241716,
    "Cognitive States and Processes|Confusion": -3.9517338340307644,
    "Longing & Lust|Sexual Lust": -0.6792407656504826,
    "Positive High-Energy Emotions|Hope/Enthusiasm/Optimism": 4.186139013175579,
    "Positive High-Energy Emotions|Interest": 1.030043971352279,
    "Positive High-Energy Emotions|Elation": 6.714047029296703,
    "Negative Low-Energy Emotions|Disappointment": -3.1288008284371567,
    "Negative High-Energy Emotions|Distress": -3.01434375617434,
    "Positive Low-Energy Emotions|Contemplation": -1.1751416961541947,
    "Negative Low-Energy Emotions|Emotional Numbness": -1.7065500718245612,
    "Negative High-Energy Emotions|Impatience and Irritability": 0.6203617407009006,
    "Negative Low-Energy Emotions|Helplessness": -2.7901452380769394,
    "Negative Low-Energy Emotions|Contempt": -1.817943465670242,
    "Positive High-Energy Emotions|Astonishment/Surprise": 0.15939558450132596,
    "Positive High-Energy Emotions|Pleasure/Ecstasy": 3.4383877389834208,
    "Negative Low-Energy Emotions|Doubt": -3.449793417265858,
    "Negative High-Energy Emotions|Anger": 0.805027896761894,
    "Positive Low-Energy Emotions|Contentment": 5.004973208003623,
    "Positive Low-Energy Emotions|Relief": 3.120352431334117,
    "Positive High-Energy Emotions|Amusement": 5.243445385424968,
    "Longing & Lust|Longing": -0.02268729571047623,
    "Positive High-Energy Emotions|Awe": 1.0031200723832145,
    "Physical and Exhaustive States|Fatigue/Exhaustion": -0.5292471449142869,
    "Negative Low-Energy Emotions|Bitterness": -2.8098320245216875,
    "Negative High-Energy Emotions|Disgust": -1.7351894753382486,
    "Positive Low-Energy Emotions|Thankfulness/Gratitude": 4.908732886425055,
    "Positive High-Energy Emotions|Teasing": 1.0730972023198708,
    "Physical and Exhaustive States|Intoxication/Altered States of Consciousness": -0.5094436398981248,
    "Positive Low-Energy Emotions|Pride": 1.2516768741717232,
    "Negative Low-Energy Emotions|Embarrassment": -2.1206829718237414,
    "Positive Low-Energy Emotions|Affection": 2.9544675133070526,
    "Negative Low-Energy Emotions|Sadness": -1.7751366735556546,
    "Negative Low-Energy Emotions|Shame": -2.232705534102724,
    "Positive High-Energy Emotions|Triumph": 0.7325220285619006,
    "Cognitive States and Processes|Concentration": -0.5581532564189504,
    "Physical and Exhaustive States|Sourness": -1.5466632152162492,
    "Physical and Exhaustive States|Pain": -1.5986117912215345,
    "Negative High-Energy Emotions|Fear": -1.5594358835522744
  }
}