{
  "key": [
    "projects",
    "empathic-insight-face-large",
    "juggernaut-xl-v8-prompt-5-143_result.png"
  ],
  "value": {
    "Negative High-Energy Emotions|Malevolence/Malice": -0.21751910339164393,
    "Negative Low-Energy Emotions|Jealousy & Envy": -0.11989502523751816,
    "Longing & Lust|Infatuation": -0.9511133022211931,
    "Cognitive States and Processes|Confusion": 0.5930272276376318,
    "Longing & Lust|Sexual Lust": -0.11991411693832443,
    "Positive High-Energy Emotions|Hope/Enthusiasm/Optimism": 0.03911271274528083,
    "Positive High-Energy Emotions|Interest": 1.3891252992674707,
    "Positive High-Energy Emotions|Elation": 0.9751536395948599,
    "Negative Low-Energy Emotions|Disappointment": 2.7889482188422012,
    "Negative High-Energy Emotions|Distress": -0.40906931731630775,
    "Positive Low-Energy Emotions|Contemplation": 1.1017354686865035,
    "Negative Low-Energy Emotions|Emotional Numbness": -0.4679998260626898,
    "Negative High-Energy Emotions|Impatience and Irritability": -0.06463534105569124,
    "Negative Low-Energy Emotions|Helplessness": -0.13557060543228594,
    "Negative Low-Energy Emotions|Contempt": -0.32594598527778595,
    "Positive High-Energy Emotions|Astonishment/Surprise": 0.8102164358273147,
    "Positive High-Energy Emotions|Pleasure/Ecstasy": 0.6289837830469889,
    "Negative Low-Energy Emotions|Doubt": -1.0755445549993172,
    "Negative High-Energy Emotions|Anger": 1.2186736410856245,
    "Positive Low-Energy Emotions|Contentment": -0.04165371746482238,
    "Positive Low-Energy Emotions|Relief": -0.32829029937877374,
    "Positive High-Energy Emotions|Amusement": -0.27891160157454364,
    "Longing & Lust|Longing": -0.03633485201540787,
    "Positive High-Energy Emotions|Awe": 0.9614898042862907,
    "Physical and Exhaustive States|Fatigue/Exhaustion": 0.10014130666194598,
    "Negative Low-Energy Emotions|Bitterness": -0.1738385438393144,
    "Negative High-Energy Emotions|Disgust": 0.7737311942174154,
    "Positive Low-Energy Emotions|Thankfulness/Gratitude": -0.021792893299065863,
    "Positive High-Energy Emotions|Teasing": -1.1045949129869834,
    "Physical and Exhaustive States|Intoxication/Altered States of Consciousness": -0.902608989858452,
    "Positive Low-Energy Emotions|Pride": -1.1625183653721916,
    "Negative Low-Energy Emotions|Embarrassment": 1.5854499765748487,
    "Positive Low-Energy Emotions|Affection": 0.8385306081614073,
    "Negative Low-Energy Emotions|Sadness": -0.19556149254826938,
    "Negative Low-Energy Emotions|Shame": -0.22179609596948413,
    "Positive High-Energy Emotions|Triumph": -2.0631630243098034,
    "Cognitive States and Processes|Concentration": -0.25423181021476493,
    "Physical and Exhaustive States|Sourness": -1.0975492501817643,
    "Physical and Exhaustive States|Pain": -0.3229746414107435,
    "Negative High-Energy Emotions|Fear": 0.6596288289721397
  }
}