{
  "key": [
    "projects",
    "empathic-insight-face-large",
    "juggernaut-xl-v8-prompt-5-118_result.png"
  ],
  "value": {
    "Negative High-Energy Emotions|Malevolence/Malice": -0.949868260725018,
    "Negative Low-Energy Emotions|Jealousy & Envy": -1.3840496978601988,
    "Longing & Lust|Infatuation": 0.3017569594479659,
    "Cognitive States and Processes|Confusion": -2.8995859687353542,
    "Longing & Lust|Sexual Lust": 1.0380734776661678,
    "Positive High-Energy Emotions|Hope/Enthusiasm/Optimism": 2.2606971520229298,
    "Positive High-Energy Emotions|Interest": 1.5765264151617884,
    "Positive High-Energy Emotions|Elation": 1.0348838117521475,
    "Negative Low-Energy Emotions|Disappointment": 0.5861273217398453,
    "Negative High-Energy Emotions|Distress": -0.9965470609419487,
    "Positive Low-Energy Emotions|Contemplation": 1.1612232287534896,
    "Negative Low-Energy Emotions|Emotional Numbness": -0.28029985247946837,
    "Negative High-Energy Emotions|Impatience and Irritability": -0.32211214769631624,
    "Negative Low-Energy Emotions|Helplessness": -0.9234588939302107,
    "Negative Low-Energy Emotions|Contempt": -1.2985230803095242,
    "Positive High-Energy Emotions|Astonishment/Surprise": 0.14889753762632596,
    "Positive High-Energy Emotions|Pleasure/Ecstasy": 1.8551489584849161,
    "Negative Low-Energy Emotions|Doubt": -1.7717250178365365,
    "Negative High-Energy Emotions|Anger": 1.1072229689359663,
    "Positive Low-Energy Emotions|Contentment": 3.6726230135494293,
    "Positive Low-Energy Emotions|Relief": 0.8412419698606519,
    "Positive High-Energy Emotions|Amusement": 0.5729939827607835,
    "Longing & Lust|Longing": 0.6456512117033879,
    "Positive High-Energy Emotions|Awe": 1.0364271478837028,
    "Physical and Exhaustive States|Fatigue/Exhaustion": -0.0014817516571458134,
    "Negative Low-Energy Emotions|Bitterness": -1.1304482697914628,
    "Negative High-Energy Emotions|Disgust": -1.1818309204981607,
    "Positive Low-Energy Emotions|Thankfulness/Gratitude": 2.446565072051085,
    "Positive High-Energy Emotions|Teasing": -0.27168318317436124,
    "Physical and Exhaustive States|Intoxication/Altered States of Consciousness": -0.5964719048975144,
    "Positive Low-Energy Emotions|Pride": 1.3503047990908517,
    "Negative Low-Energy Emotions|Embarrassment": -0.9605581930761828,
    "Positive Low-Energy Emotions|Affection": 2.088691928132492,
    "Negative Low-Energy Emotions|Sadness": -0.8307295681097928,
    "Negative Low-Energy Emotions|Shame": -0.8940083390496233,
    "Positive High-Energy Emotions|Triumph": 0.47456683504230834,
    "Cognitive States and Processes|Concentration": 0.30502706801628365,
    "Physical and Exhaustive States|Sourness": -1.1410563493333756,
    "Physical and Exhaustive States|Pain": -0.10163970717612436,
    "Negative High-Energy Emotions|Fear": -0.9450328741376015
  }
}