{
  "key": [
    "projects",
    "empathic-insight-face-large",
    "juggernaut-xl-v8-prompt-6-85_result.png"
  ],
  "value": {
    "Negative High-Energy Emotions|Malevolence/Malice": 0.21193975319099767,
    "Negative Low-Energy Emotions|Jealousy & Envy": 0.7740532317319337,
    "Longing & Lust|Infatuation": -1.9590607471369645,
    "Cognitive States and Processes|Confusion": 0.146550768134458,
    "Longing & Lust|Sexual Lust": -0.9849458361460881,
    "Positive High-Energy Emotions|Hope/Enthusiasm/Optimism": -1.032525632973103,
    "Positive High-Energy Emotions|Interest": -1.1101621272042395,
    "Positive High-Energy Emotions|Elation": -1.9004980775911142,
    "Negative Low-Energy Emotions|Disappointment": 3.647957603951149,
    "Negative High-Energy Emotions|Distress": 2.0494289222009043,
    "Positive Low-Energy Emotions|Contemplation": 0.013953562558573829,
    "Negative Low-Energy Emotions|Emotional Numbness": -0.7670565944800483,
    "Negative High-Energy Emotions|Impatience and Irritability": 1.0931400014087558,
    "Negative Low-Energy Emotions|Helplessness": 0.850715930426822,
    "Negative Low-Energy Emotions|Contempt": 0.9236985326207736,
    "Positive High-Energy Emotions|Astonishment/Surprise": -0.12329231794923556,
    "Positive High-Energy Emotions|Pleasure/Ecstasy": 0.39981185130336705,
    "Negative Low-Energy Emotions|Doubt": 0.41107497710898955,
    "Negative High-Energy Emotions|Anger": 2.094864780306816,
    "Positive Low-Energy Emotions|Contentment": -2.0190785774654327,
    "Positive Low-Energy Emotions|Relief": -1.2192215480436297,
    "Positive High-Energy Emotions|Amusement": -1.9504699817014968,
    "Longing & Lust|Longing": 0.09110381242093246,
    "Positive High-Energy Emotions|Awe": -0.1394942922408089,
    "Physical and Exhaustive States|Fatigue/Exhaustion": 0.35197999074397723,
    "Negative Low-Energy Emotions|Bitterness": 1.4251466215182753,
    "Negative High-Energy Emotions|Disgust": 1.5267462057664114,
    "Positive Low-Energy Emotions|Thankfulness/Gratitude": -1.4420480774726498,
    "Positive High-Energy Emotions|Teasing": -1.5689445404817954,
    "Physical and Exhaustive States|Intoxication/Altered States of Consciousness": -0.3915508977411424,
    "Positive Low-Energy Emotions|Pride": -2.0904216003308402,
    "Negative Low-Energy Emotions|Embarrassment": -0.270262735236217,
    "Positive Low-Energy Emotions|Affection": 0.042223908647018304,
    "Negative Low-Energy Emotions|Sadness": 0.7744570731064853,
    "Negative Low-Energy Emotions|Shame": -0.060664117934510986,
    "Positive High-Energy Emotions|Triumph": -2.686795693758656,
    "Cognitive States and Processes|Concentration": 0.07891434466575875,
    "Physical and Exhaustive States|Sourness": -0.1675773168168962,
    "Physical and Exhaustive States|Pain": 0.9358312295990832,
    "Negative High-Energy Emotions|Fear": 0.8545028772051719
  }
}