{
  "key": [
    "projects",
    "empathic-insight-face-large",
    "juggernaut-xl-v8-prompt-6-75_result.png"
  ],
  "value": {
    "Negative High-Energy Emotions|Malevolence/Malice": -0.3982650626735653,
    "Negative Low-Energy Emotions|Jealousy & Envy": -0.14807157133431992,
    "Longing & Lust|Infatuation": -0.1494304723643205,
    "Cognitive States and Processes|Confusion": -0.7568835084463525,
    "Longing & Lust|Sexual Lust": -1.541044058878632,
    "Positive High-Energy Emotions|Hope/Enthusiasm/Optimism": -0.7439330559925121,
    "Positive High-Energy Emotions|Interest": 0.7405287144705653,
    "Positive High-Energy Emotions|Elation": 0.6432770040434073,
    "Negative Low-Energy Emotions|Disappointment": 2.759605805893593,
    "Negative High-Energy Emotions|Distress": 0.775891405606971,
    "Positive Low-Energy Emotions|Contemplation": 1.7056697567114059,
    "Negative Low-Energy Emotions|Emotional Numbness": -1.3267776471266852,
    "Negative High-Energy Emotions|Impatience and Irritability": -0.28336865175515413,
    "Negative Low-Energy Emotions|Helplessness": -0.17447670284439531,
    "Negative Low-Energy Emotions|Contempt": -0.007595431765212712,
    "Positive High-Energy Emotions|Astonishment/Surprise": 0.30726922456175076,
    "Positive High-Energy Emotions|Pleasure/Ecstasy": 1.4116310872838778,
    "Negative Low-Energy Emotions|Doubt": 0.16086296338752348,
    "Negative High-Energy Emotions|Anger": 0.5380923098325727,
    "Positive Low-Energy Emotions|Contentment": -0.6671822914546905,
    "Positive Low-Energy Emotions|Relief": 0.40758202890262885,
    "Positive High-Energy Emotions|Amusement": 0.438463080851909,
    "Longing & Lust|Longing": 0.30369611617383163,
    "Positive High-Energy Emotions|Awe": 0.5209847765152946,
    "Physical and Exhaustive States|Fatigue/Exhaustion": -0.1344768802887376,
    "Negative Low-Energy Emotions|Bitterness": 0.631238412909648,
    "Negative High-Energy Emotions|Disgust": 1.1280479056431967,
    "Positive Low-Energy Emotions|Thankfulness/Gratitude": -0.19307041633983735,
    "Positive High-Energy Emotions|Teasing": -0.9455730585863485,
    "Physical and Exhaustive States|Intoxication/Altered States of Consciousness": -0.6753369561670457,
    "Positive Low-Energy Emotions|Pride": -1.0860674214253532,
    "Negative Low-Energy Emotions|Embarrassment": 0.7703865000123487,
    "Positive Low-Energy Emotions|Affection": 1.3297355553946075,
    "Negative Low-Energy Emotions|Sadness": 1.4541755079171237,
    "Negative Low-Energy Emotions|Shame": -0.2163345223687151,
    "Positive High-Energy Emotions|Triumph": -2.197188121203114,
    "Cognitive States and Processes|Concentration": -0.5304202284839223,
    "Physical and Exhaustive States|Sourness": -0.049479296263307326,
    "Physical and Exhaustive States|Pain": 0.25952808132942984,
    "Negative High-Energy Emotions|Fear": 0.2641641702349571
  }
}