{
  "key": [
    "projects",
    "empathic-insight-face-large",
    "juggernaut-xl-v8-prompt-6-142_result.png"
  ],
  "value": {
    "Negative High-Energy Emotions|Malevolence/Malice": -0.757609902723309,
    "Negative Low-Energy Emotions|Jealousy & Envy": -0.6312070331415709,
    "Longing & Lust|Infatuation": -1.8555782623194597,
    "Cognitive States and Processes|Confusion": -1.090285546066897,
    "Longing & Lust|Sexual Lust": -2.0954926634623723,
    "Positive High-Energy Emotions|Hope/Enthusiasm/Optimism": -0.5481831771091503,
    "Positive High-Energy Emotions|Interest": -0.7110719563439488,
    "Positive High-Energy Emotions|Elation": -1.4538008424836923,
    "Negative Low-Energy Emotions|Disappointment": 2.89406697036808,
    "Negative High-Energy Emotions|Distress": 2.031554204488502,
    "Positive Low-Energy Emotions|Contemplation": 1.9067019184240523,
    "Negative Low-Energy Emotions|Emotional Numbness": -0.46252591430045226,
    "Negative High-Energy Emotions|Impatience and Irritability": -0.3386784242466092,
    "Negative Low-Energy Emotions|Helplessness": 0.7041299742109636,
    "Negative Low-Energy Emotions|Contempt": -0.0714970945917508,
    "Positive High-Energy Emotions|Astonishment/Surprise": 0.1798645347729324,
    "Positive High-Energy Emotions|Pleasure/Ecstasy": 0.06497119597652379,
    "Negative Low-Energy Emotions|Doubt": -0.011850904932464754,
    "Negative High-Energy Emotions|Anger": 0.6153332537412641,
    "Positive Low-Energy Emotions|Contentment": -1.1280625709957062,
    "Positive Low-Energy Emotions|Relief": -0.38755352874889093,
    "Positive High-Energy Emotions|Amusement": -2.289752494366292,
    "Longing & Lust|Longing": 0.9347714984064976,
    "Positive High-Energy Emotions|Awe": 1.0743385629838005,
    "Physical and Exhaustive States|Fatigue/Exhaustion": 0.579861720346791,
    "Negative Low-Energy Emotions|Bitterness": 0.861951303534648,
    "Negative High-Energy Emotions|Disgust": 0.6175034863545614,
    "Positive Low-Energy Emotions|Thankfulness/Gratitude": -0.5410435246314633,
    "Positive High-Energy Emotions|Teasing": -1.1083566813280479,
    "Physical and Exhaustive States|Intoxication/Altered States of Consciousness": -0.5789252511499559,
    "Positive Low-Energy Emotions|Pride": -0.0783762466797934,
    "Negative Low-Energy Emotions|Embarrassment": -0.2547724417334094,
    "Positive Low-Energy Emotions|Affection": -0.5051398494401399,
    "Negative Low-Energy Emotions|Sadness": 2.0827495216271457,
    "Negative Low-Energy Emotions|Shame": -0.09113794625024585,
    "Positive High-Energy Emotions|Triumph": -2.3188551486765636,
    "Cognitive States and Processes|Concentration": -0.3658300038602422,
    "Physical and Exhaustive States|Sourness": -0.3182725811563432,
    "Physical and Exhaustive States|Pain": 0.7353214429932482,
    "Negative High-Energy Emotions|Fear": 0.11555882355526959
  }
}