{
  "key": [
    "projects",
    "empathic-insight-face-large",
    "juggernaut-xl-v8-prompt-6-201_result.png"
  ],
  "value": {
    "Negative High-Energy Emotions|Malevolence/Malice": -0.6829362500743832,
    "Negative Low-Energy Emotions|Jealousy & Envy": -1.2648327789148863,
    "Longing & Lust|Infatuation": -0.5734668559931657,
    "Cognitive States and Processes|Confusion": -1.7740101878668237,
    "Longing & Lust|Sexual Lust": -1.3924964094950871,
    "Positive High-Energy Emotions|Hope/Enthusiasm/Optimism": 2.1081886547847706,
    "Positive High-Energy Emotions|Interest": 1.1464536307379602,
    "Positive High-Energy Emotions|Elation": 4.565420940200633,
    "Negative Low-Energy Emotions|Disappointment": -0.8162986826699448,
    "Negative High-Energy Emotions|Distress": -1.497311490511193,
    "Positive Low-Energy Emotions|Contemplation": 1.026878889382762,
    "Negative Low-Energy Emotions|Emotional Numbness": -2.002429435838233,
    "Negative High-Energy Emotions|Impatience and Irritability": -0.654497210867703,
    "Negative Low-Energy Emotions|Helplessness": -1.062276681100621,
    "Negative Low-Energy Emotions|Contempt": -0.9113398909174344,
    "Positive High-Energy Emotions|Astonishment/Surprise": 0.12890232507139432,
    "Positive High-Energy Emotions|Pleasure/Ecstasy": 2.011818277160911,
    "Negative Low-Energy Emotions|Doubt": -1.468327600768055,
    "Negative High-Energy Emotions|Anger": 0.2546989268064497,
    "Positive Low-Energy Emotions|Contentment": 3.534339403205496,
    "Positive Low-Energy Emotions|Relief": 1.7865278563867597,
    "Positive High-Energy Emotions|Amusement": 4.319829452960368,
    "Longing & Lust|Longing": 0.8355770015364568,
    "Positive High-Energy Emotions|Awe": 0.6629115419571892,
    "Physical and Exhaustive States|Fatigue/Exhaustion": -0.6571827928787645,
    "Negative Low-Energy Emotions|Bitterness": -0.6167849778603105,
    "Negative High-Energy Emotions|Disgust": -0.29097262791850986,
    "Positive Low-Energy Emotions|Thankfulness/Gratitude": 3.0112302852783572,
    "Positive High-Energy Emotions|Teasing": -0.09972390220664884,
    "Physical and Exhaustive States|Intoxication/Altered States of Consciousness": -0.47902429022771464,
    "Positive Low-Energy Emotions|Pride": 0.9076522159685984,
    "Negative Low-Energy Emotions|Embarrassment": -0.33108641420655394,
    "Positive Low-Energy Emotions|Affection": 2.60219452594133,
    "Negative Low-Energy Emotions|Sadness": -0.18711861382512485,
    "Negative Low-Energy Emotions|Shame": -1.0084124213479022,
    "Positive High-Energy Emotions|Triumph": -0.15715802920215272,
    "Cognitive States and Processes|Concentration": -1.091868221404798,
    "Physical and Exhaustive States|Sourness": -0.30723529106006026,
    "Physical and Exhaustive States|Pain": -0.37681480178061655,
    "Negative High-Energy Emotions|Fear": -0.9338219557110878
  }
}