{
  "key": [
    "projects",
    "empathic-insight-face-large",
    "juggernaut-xl-v8-prompt-6-154_result.png"
  ],
  "value": {
    "Negative High-Energy Emotions|Malevolence/Malice": -0.7337401498393978,
    "Negative Low-Energy Emotions|Jealousy & Envy": -0.7371652564844664,
    "Longing & Lust|Infatuation": 1.498756628522978,
    "Cognitive States and Processes|Confusion": -1.4783513610388208,
    "Longing & Lust|Sexual Lust": 2.7804577325985713,
    "Positive High-Energy Emotions|Hope/Enthusiasm/Optimism": 1.2969339746280628,
    "Positive High-Energy Emotions|Interest": 1.9403911946341394,
    "Positive High-Energy Emotions|Elation": 1.9503197815817068,
    "Negative Low-Energy Emotions|Disappointment": 0.46845595123355865,
    "Negative High-Energy Emotions|Distress": -0.5830783424132011,
    "Positive Low-Energy Emotions|Contemplation": 0.9559549053320113,
    "Negative Low-Energy Emotions|Emotional Numbness": -0.2900019687304602,
    "Negative High-Energy Emotions|Impatience and Irritability": 0.46122449170798063,
    "Negative Low-Energy Emotions|Helplessness": -0.5715885955445906,
    "Negative Low-Energy Emotions|Contempt": -1.201328647097244,
    "Positive High-Energy Emotions|Astonishment/Surprise": 0.5064992994442581,
    "Positive High-Energy Emotions|Pleasure/Ecstasy": 2.5559837692187113,
    "Negative Low-Energy Emotions|Doubt": -1.9757912943868294,
    "Negative High-Energy Emotions|Anger": 1.5416762179136274,
    "Positive Low-Energy Emotions|Contentment": 1.8450920930439056,
    "Positive Low-Energy Emotions|Relief": 0.2729499183069257,
    "Positive High-Energy Emotions|Amusement": 2.5312377104448043,
    "Longing & Lust|Longing": 0.0563039981966893,
    "Positive High-Energy Emotions|Awe": 0.5426286535447136,
    "Physical and Exhaustive States|Fatigue/Exhaustion": 0.2645806868308608,
    "Negative Low-Energy Emotions|Bitterness": -1.7093245267342119,
    "Negative High-Energy Emotions|Disgust": -0.8644037621424479,
    "Positive Low-Energy Emotions|Thankfulness/Gratitude": 1.0593482209358585,
    "Positive High-Energy Emotions|Teasing": 0.0897361369321451,
    "Physical and Exhaustive States|Intoxication/Altered States of Consciousness": -0.4361270658014451,
    "Positive Low-Energy Emotions|Pride": -0.09340384422637085,
    "Negative Low-Energy Emotions|Embarrassment": -1.1475928000097766,
    "Positive Low-Energy Emotions|Affection": 2.533604480966049,
    "Negative Low-Energy Emotions|Sadness": -0.7684005142310086,
    "Negative Low-Energy Emotions|Shame": -1.2468265897057513,
    "Positive High-Energy Emotions|Triumph": -0.15655432355754517,
    "Cognitive States and Processes|Concentration": 0.19368755852913155,
    "Physical and Exhaustive States|Sourness": -1.1937358880601823,
    "Physical and Exhaustive States|Pain": -0.29383893737021616,
    "Negative High-Energy Emotions|Fear": -0.6750352773968789
  }
}