{
  "key": [
    "projects",
    "empathic-insight-face-large",
    "juggernaut-xl-v8-prompt-5-245_result.png"
  ],
  "value": {
    "Negative High-Energy Emotions|Malevolence/Malice": 0.04680913795662267,
    "Negative Low-Energy Emotions|Jealousy & Envy": 0.06045217897085586,
    "Longing & Lust|Infatuation": -1.3641103095911882,
    "Cognitive States and Processes|Confusion": 0.7532523806069922,
    "Longing & Lust|Sexual Lust": -0.21463161953231857,
    "Positive High-Energy Emotions|Hope/Enthusiasm/Optimism": -1.1891878586963696,
    "Positive High-Energy Emotions|Interest": -0.8035328270867467,
    "Positive High-Energy Emotions|Elation": -1.5858766290742685,
    "Negative Low-Energy Emotions|Disappointment": 2.9129662919241714,
    "Negative High-Energy Emotions|Distress": 1.9465856375939705,
    "Positive Low-Energy Emotions|Contemplation": 1.4572125037321273,
    "Negative Low-Energy Emotions|Emotional Numbness": -0.031546893406878496,
    "Negative High-Energy Emotions|Impatience and Irritability": 0.6168505502864718,
    "Negative Low-Energy Emotions|Helplessness": 0.19881544526885542,
    "Negative Low-Energy Emotions|Contempt": 0.6953790069020847,
    "Positive High-Energy Emotions|Astonishment/Surprise": 0.15657151643186795,
    "Positive High-Energy Emotions|Pleasure/Ecstasy": -0.905753744323464,
    "Negative Low-Energy Emotions|Doubt": 1.3075697829218254,
    "Negative High-Energy Emotions|Anger": 1.2472646778821943,
    "Positive Low-Energy Emotions|Contentment": -0.8033886799282013,
    "Positive Low-Energy Emotions|Relief": -1.407377437554738,
    "Positive High-Energy Emotions|Amusement": -1.5795650592161452,
    "Longing & Lust|Longing": -0.09736380938235123,
    "Positive High-Energy Emotions|Awe": -0.3396323842818245,
    "Physical and Exhaustive States|Fatigue/Exhaustion": 0.673690055751187,
    "Negative Low-Energy Emotions|Bitterness": 0.7014303923179122,
    "Negative High-Energy Emotions|Disgust": 0.8089999777867514,
    "Positive Low-Energy Emotions|Thankfulness/Gratitude": -0.05196691025158051,
    "Positive High-Energy Emotions|Teasing": -0.9501559405138388,
    "Physical and Exhaustive States|Intoxication/Altered States of Consciousness": 0.12996482930200948,
    "Positive Low-Energy Emotions|Pride": -1.0275772642979728,
    "Negative Low-Energy Emotions|Embarrassment": 0.3189481326455579,
    "Positive Low-Energy Emotions|Affection": 0.38474238727899157,
    "Negative Low-Energy Emotions|Sadness": 0.43810371149988736,
    "Negative Low-Energy Emotions|Shame": -0.3125472670815447,
    "Positive High-Energy Emotions|Triumph": -1.060909849528004,
    "Cognitive States and Processes|Concentration": 0.22983580863212838,
    "Physical and Exhaustive States|Sourness": 0.04971350187435747,
    "Physical and Exhaustive States|Pain": 0.45450727215584585,
    "Negative High-Energy Emotions|Fear": 0.523731311767855
  }
}