{
  "key": [
    "projects",
    "empathic-insight-face-large",
    "juggernaut-xl-v8-prompt-6-253_result.png"
  ],
  "value": {
    "Negative High-Energy Emotions|Malevolence/Malice": 0.0740268837375675,
    "Negative Low-Energy Emotions|Jealousy & Envy": -0.5725202998957213,
    "Longing & Lust|Infatuation": -0.8073066062830827,
    "Cognitive States and Processes|Confusion": 0.36516016077743285,
    "Longing & Lust|Sexual Lust": -0.3190475130870061,
    "Positive High-Energy Emotions|Hope/Enthusiasm/Optimism": -0.49088856994667474,
    "Positive High-Energy Emotions|Interest": -0.796640026755631,
    "Positive High-Energy Emotions|Elation": 3.001981302778072,
    "Negative Low-Energy Emotions|Disappointment": 0.18402461292331695,
    "Negative High-Energy Emotions|Distress": 0.57292191412519,
    "Positive Low-Energy Emotions|Contemplation": 0.11179521280614768,
    "Negative Low-Energy Emotions|Emotional Numbness": 0.38239555538796327,
    "Negative High-Energy Emotions|Impatience and Irritability": -0.2987466501072049,
    "Negative Low-Energy Emotions|Helplessness": -0.07365961853195635,
    "Negative Low-Energy Emotions|Contempt": 0.6561734557546237,
    "Positive High-Energy Emotions|Astonishment/Surprise": 0.09330380860716092,
    "Positive High-Energy Emotions|Pleasure/Ecstasy": 1.460520575265674,
    "Negative Low-Energy Emotions|Doubt": -0.3839954922704355,
    "Negative High-Energy Emotions|Anger": 0.6753744429349897,
    "Positive Low-Energy Emotions|Contentment": 0.2630945792728485,
    "Positive Low-Energy Emotions|Relief": -0.4760001458753558,
    "Positive High-Energy Emotions|Amusement": 2.093518827288028,
    "Longing & Lust|Longing": -0.11012885931673844,
    "Positive High-Energy Emotions|Awe": -0.19532238672323077,
    "Physical and Exhaustive States|Fatigue/Exhaustion": 0.9940268297427718,
    "Negative Low-Energy Emotions|Bitterness": -0.07871060366139693,
    "Negative High-Energy Emotions|Disgust": 0.6209649664952475,
    "Positive Low-Energy Emotions|Thankfulness/Gratitude": -0.07920766342540864,
    "Positive High-Energy Emotions|Teasing": -0.317468371849288,
    "Physical and Exhaustive States|Intoxication/Altered States of Consciousness": -0.35539734282476054,
    "Positive Low-Energy Emotions|Pride": -0.6712651979813681,
    "Negative Low-Energy Emotions|Embarrassment": 0.12475679601378298,
    "Positive Low-Energy Emotions|Affection": 0.3377140245279845,
    "Negative Low-Energy Emotions|Sadness": 0.6269158928534564,
    "Negative Low-Energy Emotions|Shame": -0.2896435862801531,
    "Positive High-Energy Emotions|Triumph": -0.4508268134032979,
    "Cognitive States and Processes|Concentration": -0.18211960757041679,
    "Physical and Exhaustive States|Sourness": 0.05473417991772295,
    "Physical and Exhaustive States|Pain": -0.5276231361312025,
    "Negative High-Energy Emotions|Fear": -0.07743910887881245
  }
}