{
  "key": [
    "projects",
    "empathic-insight-face-large",
    "juggernaut-xl-v8-prompt-6-57_result.png"
  ],
  "value": {
    "Negative High-Energy Emotions|Malevolence/Malice": -0.35573416839408534,
    "Negative Low-Energy Emotions|Jealousy & Envy": -0.27861289594979843,
    "Longing & Lust|Infatuation": -0.0957204885386369,
    "Cognitive States and Processes|Confusion": -0.1919061009909082,
    "Longing & Lust|Sexual Lust": -1.5365632201029973,
    "Positive High-Energy Emotions|Hope/Enthusiasm/Optimism": -0.48061940490761224,
    "Positive High-Energy Emotions|Interest": 1.0552997110411524,
    "Positive High-Energy Emotions|Elation": 2.1167948987882803,
    "Negative Low-Energy Emotions|Disappointment": 0.6586103844839859,
    "Negative High-Energy Emotions|Distress": -0.6105067906134269,
    "Positive Low-Energy Emotions|Contemplation": 0.8486528654703323,
    "Negative Low-Energy Emotions|Emotional Numbness": -1.3255371552596198,
    "Negative High-Energy Emotions|Impatience and Irritability": -0.41102964151650667,
    "Negative Low-Energy Emotions|Helplessness": -0.6588688689820906,
    "Negative Low-Energy Emotions|Contempt": 0.44402776960502655,
    "Positive High-Energy Emotions|Astonishment/Surprise": 0.1431185096874832,
    "Positive High-Energy Emotions|Pleasure/Ecstasy": 1.0455241077349466,
    "Negative Low-Energy Emotions|Doubt": -0.5080349038152353,
    "Negative High-Energy Emotions|Anger": 0.7242469137907026,
    "Positive Low-Energy Emotions|Contentment": -0.1900618919795929,
    "Positive Low-Energy Emotions|Relief": -0.002517537080189758,
    "Positive High-Energy Emotions|Amusement": 2.1035210231231414,
    "Longing & Lust|Longing": 0.28435637589749496,
    "Positive High-Energy Emotions|Awe": 0.3383969145005241,
    "Physical and Exhaustive States|Fatigue/Exhaustion": -0.41520021364750226,
    "Negative Low-Energy Emotions|Bitterness": 0.03208763604654985,
    "Negative High-Energy Emotions|Disgust": 0.8590407592847067,
    "Positive Low-Energy Emotions|Thankfulness/Gratitude": 1.0150690032158267,
    "Positive High-Energy Emotions|Teasing": -0.47123691127799894,
    "Physical and Exhaustive States|Intoxication/Altered States of Consciousness": -0.5159422151086961,
    "Positive Low-Energy Emotions|Pride": -0.8336539697537527,
    "Negative Low-Energy Emotions|Embarrassment": 0.28497074330992556,
    "Positive Low-Energy Emotions|Affection": 1.361240186437088,
    "Negative Low-Energy Emotions|Sadness": 0.6815865396401461,
    "Negative Low-Energy Emotions|Shame": -0.36741501152734546,
    "Positive High-Energy Emotions|Triumph": -1.3201523841654552,
    "Cognitive States and Processes|Concentration": -0.5172138955619405,
    "Physical and Exhaustive States|Sourness": -0.21460305696353316,
    "Physical and Exhaustive States|Pain": -0.09091659316245249,
    "Negative High-Energy Emotions|Fear": 0.048055609672823296
  }
}