{
  "key": [
    "projects",
    "empathic-insight-face-large",
    "juggernaut-xl-v8-prompt-5-35_result.png"
  ],
  "value": {
    "Negative High-Energy Emotions|Malevolence/Malice": -0.9449444402294125,
    "Negative Low-Energy Emotions|Jealousy & Envy": -1.3195071658930357,
    "Longing & Lust|Infatuation": -1.856471139898195,
    "Cognitive States and Processes|Confusion": -2.2285142009283474,
    "Longing & Lust|Sexual Lust": -1.345092835505219,
    "Positive High-Energy Emotions|Hope/Enthusiasm/Optimism": 2.0125245708270985,
    "Positive High-Energy Emotions|Interest": 0.2328834353014827,
    "Positive High-Energy Emotions|Elation": 2.154025152007885,
    "Negative Low-Energy Emotions|Disappointment": -0.24680300472194672,
    "Negative High-Energy Emotions|Distress": 0.3268770101315835,
    "Positive Low-Energy Emotions|Contemplation": 0.5626797263631049,
    "Negative Low-Energy Emotions|Emotional Numbness": -0.8695955377707587,
    "Negative High-Energy Emotions|Impatience and Irritability": 0.28852933179587126,
    "Negative Low-Energy Emotions|Helplessness": -0.17835768047501055,
    "Negative Low-Energy Emotions|Contempt": -1.0332127928339383,
    "Positive High-Energy Emotions|Astonishment/Surprise": -0.5515068679675461,
    "Positive High-Energy Emotions|Pleasure/Ecstasy": 2.42450903586605,
    "Negative Low-Energy Emotions|Doubt": -1.460212309172596,
    "Negative High-Energy Emotions|Anger": 1.104522640109062,
    "Positive Low-Energy Emotions|Contentment": 1.7165571799808563,
    "Positive Low-Energy Emotions|Relief": 0.9103048286806135,
    "Positive High-Energy Emotions|Amusement": 3.286581266848918,
    "Longing & Lust|Longing": 0.5912399494295995,
    "Positive High-Energy Emotions|Awe": -0.30756508539266436,
    "Physical and Exhaustive States|Fatigue/Exhaustion": 0.38757430508075397,
    "Negative Low-Energy Emotions|Bitterness": -1.0115243672798662,
    "Negative High-Energy Emotions|Disgust": -0.5272770302698893,
    "Positive Low-Energy Emotions|Thankfulness/Gratitude": 2.603749792090453,
    "Positive High-Energy Emotions|Teasing": -0.4194137720873251,
    "Physical and Exhaustive States|Intoxication/Altered States of Consciousness": -0.4333834640024339,
    "Positive Low-Energy Emotions|Pride": 0.6233490872492685,
    "Negative Low-Energy Emotions|Embarrassment": -1.1043474844580188,
    "Positive Low-Energy Emotions|Affection": 2.930406310304123,
    "Negative Low-Energy Emotions|Sadness": -0.04482092867879306,
    "Negative Low-Energy Emotions|Shame": -1.126828373076723,
    "Positive High-Energy Emotions|Triumph": -0.40951356006019257,
    "Cognitive States and Processes|Concentration": -0.24378991091514335,
    "Physical and Exhaustive States|Sourness": -0.36378841644153,
    "Physical and Exhaustive States|Pain": 0.5239907907563097,
    "Negative High-Energy Emotions|Fear": -1.3202846441571328
  }
}