{
  "key": [
    "projects",
    "empathic-insight-face-large",
    "juggernaut-xl-v8-prompt-5-170_result.png"
  ],
  "value": {
    "Negative High-Energy Emotions|Malevolence/Malice": 0.24265653003883703,
    "Negative Low-Energy Emotions|Jealousy & Envy": 0.13692469979910293,
    "Longing & Lust|Infatuation": -1.8519101924799821,
    "Cognitive States and Processes|Confusion": 1.8913421566461157,
    "Longing & Lust|Sexual Lust": -1.4766903544261174,
    "Positive High-Energy Emotions|Hope/Enthusiasm/Optimism": -1.1612852555469555,
    "Positive High-Energy Emotions|Interest": -0.5227817179635167,
    "Positive High-Energy Emotions|Elation": -1.2270266267854502,
    "Negative Low-Energy Emotions|Disappointment": 2.520665090103798,
    "Negative High-Energy Emotions|Distress": 1.6937122168786385,
    "Positive Low-Energy Emotions|Contemplation": -0.7028458158365067,
    "Negative Low-Energy Emotions|Emotional Numbness": -0.8374145132193671,
    "Negative High-Energy Emotions|Impatience and Irritability": 0.9641464902088046,
    "Negative Low-Energy Emotions|Helplessness": 0.8985689495153287,
    "Negative Low-Energy Emotions|Contempt": 1.015500891248093,
    "Positive High-Energy Emotions|Astonishment/Surprise": 1.2343053907528518,
    "Positive High-Energy Emotions|Pleasure/Ecstasy": -0.2627358562543112,
    "Negative Low-Energy Emotions|Doubt": 0.20914159316733916,
    "Negative High-Energy Emotions|Anger": 1.7982463186979292,
    "Positive Low-Energy Emotions|Contentment": -1.0673149475521027,
    "Positive Low-Energy Emotions|Relief": -1.2772976913084002,
    "Positive High-Energy Emotions|Amusement": -1.9471616854978835,
    "Longing & Lust|Longing": -0.05322037104311783,
    "Positive High-Energy Emotions|Awe": 0.9100397901719108,
    "Physical and Exhaustive States|Fatigue/Exhaustion": 0.12979217364726703,
    "Negative Low-Energy Emotions|Bitterness": 0.859688234381816,
    "Negative High-Energy Emotions|Disgust": 2.6829293591572956,
    "Positive Low-Energy Emotions|Thankfulness/Gratitude": -1.7482833908881772,
    "Positive High-Energy Emotions|Teasing": -1.5766273407747642,
    "Physical and Exhaustive States|Intoxication/Altered States of Consciousness": -0.699156521940056,
    "Positive Low-Energy Emotions|Pride": -3.0096643400082694,
    "Negative Low-Energy Emotions|Embarrassment": 1.0286163815373883,
    "Positive Low-Energy Emotions|Affection": -1.7011506774583283,
    "Negative Low-Energy Emotions|Sadness": 0.5046985505959567,
    "Negative Low-Energy Emotions|Shame": -0.0584501034043291,
    "Positive High-Energy Emotions|Triumph": -2.78497360360973,
    "Cognitive States and Processes|Concentration": -0.2796806689527105,
    "Physical and Exhaustive States|Sourness": -0.6739452386461198,
    "Physical and Exhaustive States|Pain": 0.9515275167542345,
    "Negative High-Energy Emotions|Fear": 2.052034189909258
  }
}