{
  "key": [
    "projects",
    "empathic-insight-face-large",
    "juggernaut-xl-v8-prompt-6-236_result.png"
  ],
  "value": {
    "Negative High-Energy Emotions|Malevolence/Malice": -0.775253831251141,
    "Negative Low-Energy Emotions|Jealousy & Envy": -0.33788983438821396,
    "Longing & Lust|Infatuation": -1.4243570156000993,
    "Cognitive States and Processes|Confusion": -0.7651431624914575,
    "Longing & Lust|Sexual Lust": -1.969682040293427,
    "Positive High-Energy Emotions|Hope/Enthusiasm/Optimism": -0.8464022618488354,
    "Positive High-Energy Emotions|Interest": -0.5692562939599156,
    "Positive High-Energy Emotions|Elation": -2.0884682390291025,
    "Negative Low-Energy Emotions|Disappointment": 3.7680435586172867,
    "Negative High-Energy Emotions|Distress": 1.9731778922326424,
    "Positive Low-Energy Emotions|Contemplation": 2.071955796063823,
    "Negative Low-Energy Emotions|Emotional Numbness": -0.418696503032218,
    "Negative High-Energy Emotions|Impatience and Irritability": 0.635971481911838,
    "Negative Low-Energy Emotions|Helplessness": 0.6671417158491472,
    "Negative Low-Energy Emotions|Contempt": 0.06687771085868865,
    "Positive High-Energy Emotions|Astonishment/Surprise": -0.38708387907594455,
    "Positive High-Energy Emotions|Pleasure/Ecstasy": -0.2583017475201803,
    "Negative Low-Energy Emotions|Doubt": 0.08874463636592468,
    "Negative High-Energy Emotions|Anger": 1.0689424818754194,
    "Positive Low-Energy Emotions|Contentment": -1.5098117241329132,
    "Positive Low-Energy Emotions|Relief": -0.24060769458903986,
    "Positive High-Energy Emotions|Amusement": -2.074413787396077,
    "Longing & Lust|Longing": 0.7128138148432652,
    "Positive High-Energy Emotions|Awe": -0.07901846597738116,
    "Physical and Exhaustive States|Fatigue/Exhaustion": 0.7082885254853789,
    "Negative Low-Energy Emotions|Bitterness": 0.40748651032938676,
    "Negative High-Energy Emotions|Disgust": 0.7713450414731222,
    "Positive Low-Energy Emotions|Thankfulness/Gratitude": -0.5040807770576108,
    "Positive High-Energy Emotions|Teasing": -1.0600635676195518,
    "Physical and Exhaustive States|Intoxication/Altered States of Consciousness": -0.5298311702249681,
    "Positive Low-Energy Emotions|Pride": -1.0779341888318168,
    "Negative Low-Energy Emotions|Embarrassment": 0.4858687945718274,
    "Positive Low-Energy Emotions|Affection": 0.09878835891099536,
    "Negative Low-Energy Emotions|Sadness": 2.1484849809548434,
    "Negative Low-Energy Emotions|Shame": -0.13891953289727954,
    "Positive High-Energy Emotions|Triumph": -2.2957420171534313,
    "Cognitive States and Processes|Concentration": -0.014776527526624061,
    "Physical and Exhaustive States|Sourness": -0.11114283448085188,
    "Physical and Exhaustive States|Pain": 0.636442940147484,
    "Negative High-Energy Emotions|Fear": -0.6523671541516396
  }
}