{
  "key": [
    "projects",
    "empathic-insight-face-large",
    "juggernaut-xl-v8-prompt-6-237_result.png"
  ],
  "value": {
    "Negative High-Energy Emotions|Malevolence/Malice": -0.4966503966884579,
    "Negative Low-Energy Emotions|Jealousy & Envy": -0.6708267173609312,
    "Longing & Lust|Infatuation": 0.28777585555087115,
    "Cognitive States and Processes|Confusion": -0.3028489415670801,
    "Longing & Lust|Sexual Lust": 1.6096416091130061,
    "Positive High-Energy Emotions|Hope/Enthusiasm/Optimism": -0.5070919734195751,
    "Positive High-Energy Emotions|Interest": -0.07584767360240219,
    "Positive High-Energy Emotions|Elation": 1.5088314559858511,
    "Negative Low-Energy Emotions|Disappointment": 1.423430483360939,
    "Negative High-Energy Emotions|Distress": -0.5212733027689598,
    "Positive Low-Energy Emotions|Contemplation": 1.4788876135954085,
    "Negative Low-Energy Emotions|Emotional Numbness": 0.10791393102311037,
    "Negative High-Energy Emotions|Impatience and Irritability": -0.08625656832009554,
    "Negative Low-Energy Emotions|Helplessness": -0.0826173621766707,
    "Negative Low-Energy Emotions|Contempt": -0.7666784643732449,
    "Positive High-Energy Emotions|Astonishment/Surprise": 0.42970360223203885,
    "Positive High-Energy Emotions|Pleasure/Ecstasy": 1.2673686020777506,
    "Negative Low-Energy Emotions|Doubt": -1.652714807799305,
    "Negative High-Energy Emotions|Anger": 1.0228635615110395,
    "Positive Low-Energy Emotions|Contentment": 2.0217565050655426,
    "Positive Low-Energy Emotions|Relief": -0.014056042634388977,
    "Positive High-Energy Emotions|Amusement": 0.5557420143769944,
    "Longing & Lust|Longing": 0.21637554999646347,
    "Positive High-Energy Emotions|Awe": 0.15586853792123945,
    "Physical and Exhaustive States|Fatigue/Exhaustion": 0.17745544507442157,
    "Negative Low-Energy Emotions|Bitterness": -1.1512319325874834,
    "Negative High-Energy Emotions|Disgust": -0.48723987511852207,
    "Positive Low-Energy Emotions|Thankfulness/Gratitude": 1.0918583823356998,
    "Positive High-Energy Emotions|Teasing": 0.09376225187278842,
    "Physical and Exhaustive States|Intoxication/Altered States of Consciousness": -0.3267191640375291,
    "Positive Low-Energy Emotions|Pride": -0.1558470260987387,
    "Negative Low-Energy Emotions|Embarrassment": -0.7119548491125598,
    "Positive Low-Energy Emotions|Affection": 1.6312336704573211,
    "Negative Low-Energy Emotions|Sadness": -0.18543537865666782,
    "Negative Low-Energy Emotions|Shame": -0.8734796649239519,
    "Positive High-Energy Emotions|Triumph": -0.7106090010439648,
    "Cognitive States and Processes|Concentration": -0.1953133341100286,
    "Physical and Exhaustive States|Sourness": -0.7891998792253434,
    "Physical and Exhaustive States|Pain": -0.08689971694174936,
    "Negative High-Energy Emotions|Fear": -0.6731954012219521
  }
}