{
  "key": [
    "projects",
    "empathic-insight-face-large",
    "juggernaut-xl-v8-prompt-5-23_result.png"
  ],
  "value": {
    "Negative High-Energy Emotions|Malevolence/Malice": -0.17943769584464686,
    "Negative Low-Energy Emotions|Jealousy & Envy": -0.1527545890650328,
    "Longing & Lust|Infatuation": -1.9891856498621843,
    "Cognitive States and Processes|Confusion": -0.8225404088522363,
    "Longing & Lust|Sexual Lust": -1.5260694647624211,
    "Positive High-Energy Emotions|Hope/Enthusiasm/Optimism": -1.0657955151752514,
    "Positive High-Energy Emotions|Interest": -1.3342838170006872,
    "Positive High-Energy Emotions|Elation": -1.2860438081819345,
    "Negative Low-Energy Emotions|Disappointment": 2.5990897822577286,
    "Negative High-Energy Emotions|Distress": 1.3836592259652474,
    "Positive Low-Energy Emotions|Contemplation": 0.8205477853426162,
    "Negative Low-Energy Emotions|Emotional Numbness": -0.35215188084937193,
    "Negative High-Energy Emotions|Impatience and Irritability": 0.5272733522579074,
    "Negative Low-Energy Emotions|Helplessness": 1.0100795280582764,
    "Negative Low-Energy Emotions|Contempt": 0.9702418923772433,
    "Positive High-Energy Emotions|Astonishment/Surprise": -0.5192414432391526,
    "Positive High-Energy Emotions|Pleasure/Ecstasy": -0.3552883989407736,
    "Negative Low-Energy Emotions|Doubt": -0.3246097455529825,
    "Negative High-Energy Emotions|Anger": 1.2514118498563764,
    "Positive Low-Energy Emotions|Contentment": -1.8868258842891632,
    "Positive Low-Energy Emotions|Relief": -0.312597826920888,
    "Positive High-Energy Emotions|Amusement": -0.8238740077329909,
    "Longing & Lust|Longing": 0.2987029158717076,
    "Positive High-Energy Emotions|Awe": -0.26542007158346026,
    "Physical and Exhaustive States|Fatigue/Exhaustion": 0.997995515608174,
    "Negative Low-Energy Emotions|Bitterness": 0.6430241585303755,
    "Negative High-Energy Emotions|Disgust": 1.444610066492768,
    "Positive Low-Energy Emotions|Thankfulness/Gratitude": -0.4522028015937436,
    "Positive High-Energy Emotions|Teasing": -1.0355991987993614,
    "Physical and Exhaustive States|Intoxication/Altered States of Consciousness": -0.33260285773259746,
    "Positive Low-Energy Emotions|Pride": -1.4407021236310111,
    "Negative Low-Energy Emotions|Embarrassment": -0.20340110575013304,
    "Positive Low-Energy Emotions|Affection": -0.30589552904753126,
    "Negative Low-Energy Emotions|Sadness": 1.609457647695261,
    "Negative Low-Energy Emotions|Shame": 0.2094712251402876,
    "Positive High-Energy Emotions|Triumph": -1.6391339124476207,
    "Cognitive States and Processes|Concentration": 0.027783751842730187,
    "Physical and Exhaustive States|Sourness": 0.18626027757301927,
    "Physical and Exhaustive States|Pain": 1.0713835167008288,
    "Negative High-Energy Emotions|Fear": -0.09551529029055561
  }
}