{
  "key": [
    "projects",
    "empathic-insight-face-large",
    "juggernaut-xl-v8-prompt-6-212_result.png"
  ],
  "value": {
    "Negative High-Energy Emotions|Malevolence/Malice": -0.7383764375286068,
    "Negative Low-Energy Emotions|Jealousy & Envy": -0.8670275649866637,
    "Longing & Lust|Infatuation": 1.3523509465552428,
    "Cognitive States and Processes|Confusion": -1.924605614426272,
    "Longing & Lust|Sexual Lust": 0.4890766715214534,
    "Positive High-Energy Emotions|Hope/Enthusiasm/Optimism": 0.5497275251193958,
    "Positive High-Energy Emotions|Interest": 1.27055407743901,
    "Positive High-Energy Emotions|Elation": 4.358077123443431,
    "Negative Low-Energy Emotions|Disappointment": -0.2156283449929428,
    "Negative High-Energy Emotions|Distress": -2.9423563656561513,
    "Positive Low-Energy Emotions|Contemplation": -0.32654852074297036,
    "Negative Low-Energy Emotions|Emotional Numbness": -0.4510890346655951,
    "Negative High-Energy Emotions|Impatience and Irritability": -0.9121392415836453,
    "Negative Low-Energy Emotions|Helplessness": -1.6218298274629257,
    "Negative Low-Energy Emotions|Contempt": -0.5262695669733426,
    "Positive High-Energy Emotions|Astonishment/Surprise": 0.5776114553585647,
    "Positive High-Energy Emotions|Pleasure/Ecstasy": 2.781689154426841,
    "Negative Low-Energy Emotions|Doubt": -0.6482561419515268,
    "Negative High-Energy Emotions|Anger": 0.7599453276395796,
    "Positive Low-Energy Emotions|Contentment": 4.454340492778403,
    "Positive Low-Energy Emotions|Relief": -0.4488411702741595,
    "Positive High-Energy Emotions|Amusement": 4.07374047133195,
    "Longing & Lust|Longing": 0.31308754321393173,
    "Positive High-Energy Emotions|Awe": 0.044357188243199897,
    "Physical and Exhaustive States|Fatigue/Exhaustion": -0.5912178556686815,
    "Negative Low-Energy Emotions|Bitterness": -0.5392021417091875,
    "Negative High-Energy Emotions|Disgust": -0.5032635109827799,
    "Positive Low-Energy Emotions|Thankfulness/Gratitude": 4.1674519730720885,
    "Positive High-Energy Emotions|Teasing": 0.8340629146883592,
    "Physical and Exhaustive States|Intoxication/Altered States of Consciousness": -0.1972405902383958,
    "Positive Low-Energy Emotions|Pride": 1.1246310043444527,
    "Negative Low-Energy Emotions|Embarrassment": 1.2333916255349622,
    "Positive Low-Energy Emotions|Affection": 3.1390211365065155,
    "Negative Low-Energy Emotions|Sadness": -0.6101148964026395,
    "Negative Low-Energy Emotions|Shame": -0.8838877087853411,
    "Positive High-Energy Emotions|Triumph": -0.2942614452277913,
    "Cognitive States and Processes|Concentration": -1.10473281109596,
    "Physical and Exhaustive States|Sourness": -0.9747534299455582,
    "Physical and Exhaustive States|Pain": -0.4665026260298841,
    "Negative High-Energy Emotions|Fear": -0.8665202055279824
  }
}