{
  "key": [
    "projects",
    "empathic-insight-face-large",
    "juggernaut-xl-v8-prompt-6-251_result.png"
  ],
  "value": {
    "Negative High-Energy Emotions|Malevolence/Malice": -0.7919448007183041,
    "Negative Low-Energy Emotions|Jealousy & Envy": -0.26695339296670517,
    "Longing & Lust|Infatuation": -1.6205895728968522,
    "Cognitive States and Processes|Confusion": 0.3264055783723425,
    "Longing & Lust|Sexual Lust": -0.8211269999339299,
    "Positive High-Energy Emotions|Hope/Enthusiasm/Optimism": -0.4132209759906811,
    "Positive High-Energy Emotions|Interest": -0.39165984410792587,
    "Positive High-Energy Emotions|Elation": -1.7142001840669443,
    "Negative Low-Energy Emotions|Disappointment": 4.0453797984320445,
    "Negative High-Energy Emotions|Distress": 1.96058939125608,
    "Positive Low-Energy Emotions|Contemplation": 1.11075764495222,
    "Negative Low-Energy Emotions|Emotional Numbness": -0.18713403760291197,
    "Negative High-Energy Emotions|Impatience and Irritability": 1.4040656043216586,
    "Negative Low-Energy Emotions|Helplessness": 1.3274776738531449,
    "Negative Low-Energy Emotions|Contempt": -0.46074427362312287,
    "Positive High-Energy Emotions|Astonishment/Surprise": -0.05488764341920627,
    "Positive High-Energy Emotions|Pleasure/Ecstasy": 0.5365911000178141,
    "Negative Low-Energy Emotions|Doubt": 0.3725090434046133,
    "Negative High-Energy Emotions|Anger": 2.075566226840019,
    "Positive Low-Energy Emotions|Contentment": 0.01734605937538758,
    "Positive Low-Energy Emotions|Relief": -1.1270162620176287,
    "Positive High-Energy Emotions|Amusement": -1.259914170773152,
    "Longing & Lust|Longing": 0.2592410647517125,
    "Positive High-Energy Emotions|Awe": -0.12332331369466631,
    "Physical and Exhaustive States|Fatigue/Exhaustion": 0.835926131599528,
    "Negative Low-Energy Emotions|Bitterness": -0.6444510697792558,
    "Negative High-Energy Emotions|Disgust": -0.0566643851206583,
    "Positive Low-Energy Emotions|Thankfulness/Gratitude": -1.6602058457221616,
    "Positive High-Energy Emotions|Teasing": -1.4521819023897544,
    "Physical and Exhaustive States|Intoxication/Altered States of Consciousness": -0.45814299502355205,
    "Positive Low-Energy Emotions|Pride": -2.5775711965451347,
    "Negative Low-Energy Emotions|Embarrassment": -0.5350670984869494,
    "Positive Low-Energy Emotions|Affection": 0.8173090002378997,
    "Negative Low-Energy Emotions|Sadness": 0.6535915492913302,
    "Negative Low-Energy Emotions|Shame": -0.3644718533776262,
    "Positive High-Energy Emotions|Triumph": -2.9735307515894664,
    "Cognitive States and Processes|Concentration": 0.23739463126396432,
    "Physical and Exhaustive States|Sourness": -0.556010654028505,
    "Physical and Exhaustive States|Pain": 1.1770537304001696,
    "Negative High-Energy Emotions|Fear": 0.5940370764429954
  }
}