{
  "key": [
    "projects",
    "empathic-insight-face-large",
    "juggernaut-xl-v8-prompt-6-4_result.png"
  ],
  "value": {
    "Negative High-Energy Emotions|Malevolence/Malice": 0.8257204901142154,
    "Negative Low-Energy Emotions|Jealousy & Envy": 1.9947338857808534,
    "Longing & Lust|Infatuation": -3.3203292674921894,
    "Cognitive States and Processes|Confusion": 2.1927719051812717,
    "Longing & Lust|Sexual Lust": -2.0407393599345403,
    "Positive High-Energy Emotions|Hope/Enthusiasm/Optimism": -1.8046265584186596,
    "Positive High-Energy Emotions|Interest": -2.6255341650918127,
    "Positive High-Energy Emotions|Elation": -2.1040083620149423,
    "Negative Low-Energy Emotions|Disappointment": 5.066349308510475,
    "Negative High-Energy Emotions|Distress": 2.623287421727882,
    "Positive Low-Energy Emotions|Contemplation": -2.3425362150064286,
    "Negative Low-Energy Emotions|Emotional Numbness": -0.6467975479254828,
    "Negative High-Energy Emotions|Impatience and Irritability": 2.4061978412792087,
    "Negative Low-Energy Emotions|Helplessness": 1.0394506108410217,
    "Negative Low-Energy Emotions|Contempt": 3.7507406354344943,
    "Positive High-Energy Emotions|Astonishment/Surprise": 0.21214354936033475,
    "Positive High-Energy Emotions|Pleasure/Ecstasy": -2.681566608627053,
    "Negative Low-Energy Emotions|Doubt": 1.938671271988903,
    "Negative High-Energy Emotions|Anger": 2.092593962550163,
    "Positive Low-Energy Emotions|Contentment": -1.1213501343196808,
    "Positive Low-Energy Emotions|Relief": -1.6048106708158465,
    "Positive High-Energy Emotions|Amusement": -3.3182053675962724,
    "Longing & Lust|Longing": -0.5730403459424098,
    "Positive High-Energy Emotions|Awe": -0.37580262849874346,
    "Physical and Exhaustive States|Fatigue/Exhaustion": 0.28050323321757953,
    "Negative Low-Energy Emotions|Bitterness": 2.605531168036601,
    "Negative High-Energy Emotions|Disgust": 3.6033299786641315,
    "Positive Low-Energy Emotions|Thankfulness/Gratitude": -2.2632985161628354,
    "Positive High-Energy Emotions|Teasing": -1.7150269417574302,
    "Physical and Exhaustive States|Intoxication/Altered States of Consciousness": -0.6681005946634446,
    "Positive Low-Energy Emotions|Pride": -3.9852242898831474,
    "Negative Low-Energy Emotions|Embarrassment": 3.6164953538293347,
    "Positive Low-Energy Emotions|Affection": -2.4428885200181427,
    "Negative Low-Energy Emotions|Sadness": 1.7573781370064792,
    "Negative Low-Energy Emotions|Shame": 1.3384152942873975,
    "Positive High-Energy Emotions|Triumph": -4.2204298795496715,
    "Cognitive States and Processes|Concentration": -0.2664842602040838,
    "Physical and Exhaustive States|Sourness": 0.42663005942478777,
    "Physical and Exhaustive States|Pain": 0.6144975828247912,
    "Negative High-Energy Emotions|Fear": 1.9008536841566948
  }
}