{
  "key": [
    "projects",
    "empathic-insight-face-large",
    "juggernaut-xl-v8-prompt-5-25_result.png"
  ],
  "value": {
    "Negative High-Energy Emotions|Malevolence/Malice": -1.068255483015057,
    "Negative Low-Energy Emotions|Jealousy & Envy": -2.024531885131317,
    "Longing & Lust|Infatuation": -0.6533987111948869,
    "Cognitive States and Processes|Confusion": -3.165569550278323,
    "Longing & Lust|Sexual Lust": -1.1771438742472844,
    "Positive High-Energy Emotions|Hope/Enthusiasm/Optimism": 2.5577242630763966,
    "Positive High-Energy Emotions|Interest": 1.6739283917471766,
    "Positive High-Energy Emotions|Elation": 3.1497525122564505,
    "Negative Low-Energy Emotions|Disappointment": -1.586428840140648,
    "Negative High-Energy Emotions|Distress": -2.0277261910193105,
    "Positive Low-Energy Emotions|Contemplation": -0.014145914732533349,
    "Negative Low-Energy Emotions|Emotional Numbness": -0.014825838495265035,
    "Negative High-Energy Emotions|Impatience and Irritability": 1.0594162894412875,
    "Negative Low-Energy Emotions|Helplessness": -1.8645184833161972,
    "Negative Low-Energy Emotions|Contempt": -1.1014405607782742,
    "Positive High-Energy Emotions|Astonishment/Surprise": -0.2835448890551926,
    "Positive High-Energy Emotions|Pleasure/Ecstasy": 2.5584195726321024,
    "Negative Low-Energy Emotions|Doubt": -2.500088293364491,
    "Negative High-Energy Emotions|Anger": 1.2411598509550092,
    "Positive Low-Energy Emotions|Contentment": 5.337635909610373,
    "Positive Low-Energy Emotions|Relief": 1.4757258586059598,
    "Positive High-Energy Emotions|Amusement": 3.601215709178325,
    "Longing & Lust|Longing": 0.37070395585354965,
    "Positive High-Energy Emotions|Awe": 0.02232540418558271,
    "Physical and Exhaustive States|Fatigue/Exhaustion": -0.03995827839435895,
    "Negative Low-Energy Emotions|Bitterness": -1.819375920243123,
    "Negative High-Energy Emotions|Disgust": -0.8618097680018229,
    "Positive Low-Energy Emotions|Thankfulness/Gratitude": 4.80520271789173,
    "Positive High-Energy Emotions|Teasing": 0.20302865221000765,
    "Physical and Exhaustive States|Intoxication/Altered States of Consciousness": -0.3591048709390794,
    "Positive Low-Energy Emotions|Pride": 1.0875583458056344,
    "Negative Low-Energy Emotions|Embarrassment": -1.4018554857855334,
    "Positive Low-Energy Emotions|Affection": 2.9469735405287323,
    "Negative Low-Energy Emotions|Sadness": -0.8969859720328275,
    "Negative Low-Energy Emotions|Shame": -1.4899010068200091,
    "Positive High-Energy Emotions|Triumph": 0.3514639316762195,
    "Cognitive States and Processes|Concentration": -0.2619976993825506,
    "Physical and Exhaustive States|Sourness": -1.0111563706956803,
    "Physical and Exhaustive States|Pain": -0.07148524054709604,
    "Negative High-Energy Emotions|Fear": -1.58324340918704
  }
}