{
  "key": [
    "projects",
    "empathic-insight-face-large",
    "juggernaut-xl-v8-prompt-6-198_result.png"
  ],
  "value": {
    "Negative High-Energy Emotions|Malevolence/Malice": -0.3641973126964535,
    "Negative Low-Energy Emotions|Jealousy & Envy": -0.4700723132929381,
    "Longing & Lust|Infatuation": 0.8540622406102278,
    "Cognitive States and Processes|Confusion": -1.8842830722357202,
    "Longing & Lust|Sexual Lust": -1.2405973101451115,
    "Positive High-Energy Emotions|Hope/Enthusiasm/Optimism": 0.68698253810844,
    "Positive High-Energy Emotions|Interest": 2.6774805901572107,
    "Positive High-Energy Emotions|Elation": 3.929974630157299,
    "Negative Low-Energy Emotions|Disappointment": -0.8742181849282455,
    "Negative High-Energy Emotions|Distress": -2.5495231327765127,
    "Positive Low-Energy Emotions|Contemplation": 1.7350128849157516,
    "Negative Low-Energy Emotions|Emotional Numbness": -1.313447902787696,
    "Negative High-Energy Emotions|Impatience and Irritability": -0.8527272390201688,
    "Negative Low-Energy Emotions|Helplessness": -1.7195366222016952,
    "Negative Low-Energy Emotions|Contempt": -0.26965345140327424,
    "Positive High-Energy Emotions|Astonishment/Surprise": 0.18116725388914334,
    "Positive High-Energy Emotions|Pleasure/Ecstasy": 2.114539670269279,
    "Negative Low-Energy Emotions|Doubt": -0.9495252559690134,
    "Negative High-Energy Emotions|Anger": 0.2579488104581831,
    "Positive Low-Energy Emotions|Contentment": 2.5175246944957794,
    "Positive Low-Energy Emotions|Relief": 0.7498251936803846,
    "Positive High-Energy Emotions|Amusement": 3.049885619609233,
    "Longing & Lust|Longing": 0.6901445293074528,
    "Positive High-Energy Emotions|Awe": 0.8335689382737175,
    "Physical and Exhaustive States|Fatigue/Exhaustion": -0.7687994043594774,
    "Negative Low-Energy Emotions|Bitterness": -0.18208818430409712,
    "Negative High-Energy Emotions|Disgust": -0.10417500905254307,
    "Positive Low-Energy Emotions|Thankfulness/Gratitude": 1.8257319880638492,
    "Positive High-Energy Emotions|Teasing": 0.009528669852982508,
    "Physical and Exhaustive States|Intoxication/Altered States of Consciousness": -0.5411156407831346,
    "Positive Low-Energy Emotions|Pride": 0.7368813920130625,
    "Negative Low-Energy Emotions|Embarrassment": -0.6614391974096789,
    "Positive Low-Energy Emotions|Affection": 2.4363339922270355,
    "Negative Low-Energy Emotions|Sadness": 0.0538475870034274,
    "Negative Low-Energy Emotions|Shame": -0.7457541829369524,
    "Positive High-Energy Emotions|Triumph": -0.11165846598498963,
    "Cognitive States and Processes|Concentration": -0.6175799962308477,
    "Physical and Exhaustive States|Sourness": -0.3573312068544328,
    "Physical and Exhaustive States|Pain": -0.7148780418318861,
    "Negative High-Energy Emotions|Fear": -0.5848763380353066
  }
}