{
  "key": [
    "projects",
    "empathic-insight-face-large",
    "juggernaut-xl-v8-prompt-5-11_result.png"
  ],
  "value": {
    "Negative High-Energy Emotions|Malevolence/Malice": -0.31214338432120936,
    "Negative Low-Energy Emotions|Jealousy & Envy": -0.3246477088770445,
    "Longing & Lust|Infatuation": -1.8341968841456315,
    "Cognitive States and Processes|Confusion": 0.5069279606317114,
    "Longing & Lust|Sexual Lust": -1.6157212878062444,
    "Positive High-Energy Emotions|Hope/Enthusiasm/Optimism": -0.8285106164173168,
    "Positive High-Energy Emotions|Interest": 0.38856604751199486,
    "Positive High-Energy Emotions|Elation": -0.9600004407960703,
    "Negative Low-Energy Emotions|Disappointment": 1.7570690322119522,
    "Negative High-Energy Emotions|Distress": 0.8216916742570259,
    "Positive Low-Energy Emotions|Contemplation": 0.9207458754190627,
    "Negative Low-Energy Emotions|Emotional Numbness": -0.6462032300124274,
    "Negative High-Energy Emotions|Impatience and Irritability": 0.44792359601706266,
    "Negative Low-Energy Emotions|Helplessness": -0.36254914585281817,
    "Negative Low-Energy Emotions|Contempt": 0.23396967653404266,
    "Positive High-Energy Emotions|Astonishment/Surprise": 0.152566799558699,
    "Positive High-Energy Emotions|Pleasure/Ecstasy": 1.164797591488151,
    "Negative Low-Energy Emotions|Doubt": -0.4092974255590097,
    "Negative High-Energy Emotions|Anger": 1.6744098013639448,
    "Positive Low-Energy Emotions|Contentment": -0.6042526611751495,
    "Positive Low-Energy Emotions|Relief": -0.5578010835279437,
    "Positive High-Energy Emotions|Amusement": -0.25556374696028583,
    "Longing & Lust|Longing": 0.38317521449383896,
    "Positive High-Energy Emotions|Awe": 0.3291918115799919,
    "Physical and Exhaustive States|Fatigue/Exhaustion": -0.06368718550266583,
    "Negative Low-Energy Emotions|Bitterness": 0.36604781156077104,
    "Negative High-Energy Emotions|Disgust": 0.9550944192006308,
    "Positive Low-Energy Emotions|Thankfulness/Gratitude": 0.2966539813194644,
    "Positive High-Energy Emotions|Teasing": -1.0706712870409385,
    "Physical and Exhaustive States|Intoxication/Altered States of Consciousness": -0.4103668920038377,
    "Positive Low-Energy Emotions|Pride": -0.8902692031750784,
    "Negative Low-Energy Emotions|Embarrassment": 0.12919209684080935,
    "Positive Low-Energy Emotions|Affection": 0.18425578687997424,
    "Negative Low-Energy Emotions|Sadness": 0.6193699746272143,
    "Negative Low-Energy Emotions|Shame": -0.49722641766290454,
    "Positive High-Energy Emotions|Triumph": -1.8007523835932506,
    "Cognitive States and Processes|Concentration": -0.22148233616615043,
    "Physical and Exhaustive States|Sourness": -0.562175204809755,
    "Physical and Exhaustive States|Pain": 0.3986862110215075,
    "Negative High-Energy Emotions|Fear": 0.04083772560910259
  }
}