{
  "key": [
    "projects",
    "empathic-insight-face-large",
    "juggernaut-xl-v8-prompt-6-99_result.png"
  ],
  "value": {
    "Negative High-Energy Emotions|Malevolence/Malice": -0.31400138030814784,
    "Negative Low-Energy Emotions|Jealousy & Envy": -0.33530895326943955,
    "Longing & Lust|Infatuation": 0.9255539589024642,
    "Cognitive States and Processes|Confusion": -0.5634903972174097,
    "Longing & Lust|Sexual Lust": 1.4057874654934688,
    "Positive High-Energy Emotions|Hope/Enthusiasm/Optimism": -0.8250351887897533,
    "Positive High-Energy Emotions|Interest": -0.24901108760386703,
    "Positive High-Energy Emotions|Elation": 0.5918548849027823,
    "Negative Low-Energy Emotions|Disappointment": 2.621258120556526,
    "Negative High-Energy Emotions|Distress": -0.20861190084148856,
    "Positive Low-Energy Emotions|Contemplation": 1.3355051239141646,
    "Negative Low-Energy Emotions|Emotional Numbness": -0.030492852319251088,
    "Negative High-Energy Emotions|Impatience and Irritability": -0.9021030114963651,
    "Negative Low-Energy Emotions|Helplessness": -0.020486136113896047,
    "Negative Low-Energy Emotions|Contempt": -0.3120819449030301,
    "Positive High-Energy Emotions|Astonishment/Surprise": 0.6901933044567703,
    "Positive High-Energy Emotions|Pleasure/Ecstasy": 1.8201444619105143,
    "Negative Low-Energy Emotions|Doubt": 0.6837895323725088,
    "Negative High-Energy Emotions|Anger": 0.4817861860990522,
    "Positive Low-Energy Emotions|Contentment": 2.4485057941013397,
    "Positive Low-Energy Emotions|Relief": -0.5453033008207293,
    "Positive High-Energy Emotions|Amusement": 1.627220381228801,
    "Longing & Lust|Longing": 0.15115906831082504,
    "Positive High-Energy Emotions|Awe": 0.10788811017923505,
    "Physical and Exhaustive States|Fatigue/Exhaustion": 0.06314351155696551,
    "Negative Low-Energy Emotions|Bitterness": 0.20996589665903764,
    "Negative High-Energy Emotions|Disgust": 0.47615154810688076,
    "Positive Low-Energy Emotions|Thankfulness/Gratitude": 3.358633155933417,
    "Positive High-Energy Emotions|Teasing": 0.3469561667630777,
    "Physical and Exhaustive States|Intoxication/Altered States of Consciousness": 0.3926826127530898,
    "Positive Low-Energy Emotions|Pride": 0.3029229807963266,
    "Negative Low-Energy Emotions|Embarrassment": 1.4807171949262128,
    "Positive Low-Energy Emotions|Affection": 2.3474596521696625,
    "Negative Low-Energy Emotions|Sadness": 0.5734308122536715,
    "Negative Low-Energy Emotions|Shame": -0.3910681611321428,
    "Positive High-Energy Emotions|Triumph": -0.812402737263371,
    "Cognitive States and Processes|Concentration": -0.3482909795072149,
    "Physical and Exhaustive States|Sourness": -0.4787117148004472,
    "Physical and Exhaustive States|Pain": 0.0816741394120104,
    "Negative High-Energy Emotions|Fear": -0.5138633642499062
  }
}