{
  "key": [
    "projects",
    "empathic-insight-face-large",
    "juggernaut-xl-v8-prompt-5-48_result.png"
  ],
  "value": {
    "Negative High-Energy Emotions|Malevolence/Malice": -1.1327028859691586,
    "Negative Low-Energy Emotions|Jealousy & Envy": -1.6963673076471861,
    "Longing & Lust|Infatuation": -1.7108760661982438,
    "Cognitive States and Processes|Confusion": -3.335735565903323,
    "Longing & Lust|Sexual Lust": -1.3399255896403508,
    "Positive High-Energy Emotions|Hope/Enthusiasm/Optimism": 2.374654974345775,
    "Positive High-Energy Emotions|Interest": 0.6106199143454433,
    "Positive High-Energy Emotions|Elation": -1.4353358003694345,
    "Negative Low-Energy Emotions|Disappointment": -0.03613348720485687,
    "Negative High-Energy Emotions|Distress": 0.5556584420449593,
    "Positive Low-Energy Emotions|Contemplation": 1.964060183347148,
    "Negative Low-Energy Emotions|Emotional Numbness": 0.01604546339415452,
    "Negative High-Energy Emotions|Impatience and Irritability": 0.17121475469321012,
    "Negative Low-Energy Emotions|Helplessness": -0.14884575191666094,
    "Negative Low-Energy Emotions|Contempt": -1.1053763746820828,
    "Positive High-Energy Emotions|Astonishment/Surprise": 0.3625117630138992,
    "Positive High-Energy Emotions|Pleasure/Ecstasy": 0.06639181308010045,
    "Negative Low-Energy Emotions|Doubt": -1.5997978041677132,
    "Negative High-Energy Emotions|Anger": 0.7563189810514448,
    "Positive Low-Energy Emotions|Contentment": 1.1651389947467865,
    "Positive Low-Energy Emotions|Relief": 0.2475808701883344,
    "Positive High-Energy Emotions|Amusement": -2.589052211315755,
    "Longing & Lust|Longing": 1.242488419378368,
    "Positive High-Energy Emotions|Awe": 2.4506015258019462,
    "Physical and Exhaustive States|Fatigue/Exhaustion": -0.2040698330170091,
    "Negative Low-Energy Emotions|Bitterness": -0.4779721974800615,
    "Negative High-Energy Emotions|Disgust": -1.2046413796351236,
    "Positive Low-Energy Emotions|Thankfulness/Gratitude": 0.9438385916862857,
    "Positive High-Energy Emotions|Teasing": -0.6855939297487631,
    "Physical and Exhaustive States|Intoxication/Altered States of Consciousness": -0.3498533956049119,
    "Positive Low-Energy Emotions|Pride": 1.4321256446947945,
    "Negative Low-Energy Emotions|Embarrassment": -1.7871699503546252,
    "Positive Low-Energy Emotions|Affection": -0.2729173519769136,
    "Negative Low-Energy Emotions|Sadness": -0.3382671714880887,
    "Negative Low-Energy Emotions|Shame": -0.8981655246041277,
    "Positive High-Energy Emotions|Triumph": 0.03114439832813598,
    "Cognitive States and Processes|Concentration": 0.16111254727577462,
    "Physical and Exhaustive States|Sourness": -1.1811495328508317,
    "Physical and Exhaustive States|Pain": 0.2867520259934313,
    "Negative High-Energy Emotions|Fear": -0.3561981115643593
  }
}