{
  "key": [
    "projects",
    "empathic-insight-face-large",
    "juggernaut-xl-v8-prompt-5-82_result.png"
  ],
  "value": {
    "Negative High-Energy Emotions|Malevolence/Malice": -0.40327256809043543,
    "Negative Low-Energy Emotions|Jealousy & Envy": -0.24169067953439316,
    "Longing & Lust|Infatuation": -0.31272454928387616,
    "Cognitive States and Processes|Confusion": -1.175931936981814,
    "Longing & Lust|Sexual Lust": -1.4861307764842229,
    "Positive High-Energy Emotions|Hope/Enthusiasm/Optimism": -0.4514820319370312,
    "Positive High-Energy Emotions|Interest": 1.0818187115713953,
    "Positive High-Energy Emotions|Elation": -0.0004266950685312132,
    "Negative Low-Energy Emotions|Disappointment": 2.360392476936035,
    "Negative High-Energy Emotions|Distress": 0.7379122796304085,
    "Positive Low-Energy Emotions|Contemplation": 1.7597455938467208,
    "Negative Low-Energy Emotions|Emotional Numbness": -0.5102183920035468,
    "Negative High-Energy Emotions|Impatience and Irritability": -0.03232151735574007,
    "Negative Low-Energy Emotions|Helplessness": 0.007497171724543894,
    "Negative Low-Energy Emotions|Contempt": -0.4369875311457059,
    "Positive High-Energy Emotions|Astonishment/Surprise": 0.44583679143339383,
    "Positive High-Energy Emotions|Pleasure/Ecstasy": 1.2675751172707361,
    "Negative Low-Energy Emotions|Doubt": 0.1393323053808554,
    "Negative High-Energy Emotions|Anger": 0.6860167330503462,
    "Positive Low-Energy Emotions|Contentment": -0.3496240028804718,
    "Positive Low-Energy Emotions|Relief": 0.48172472337589545,
    "Positive High-Energy Emotions|Amusement": -1.1258895507169997,
    "Longing & Lust|Longing": 0.5047356688624303,
    "Positive High-Energy Emotions|Awe": 0.8566700296586052,
    "Physical and Exhaustive States|Fatigue/Exhaustion": 0.24006636931834857,
    "Negative Low-Energy Emotions|Bitterness": 0.4417672873069258,
    "Negative High-Energy Emotions|Disgust": 0.5964778287007528,
    "Positive Low-Energy Emotions|Thankfulness/Gratitude": -0.7109413193549741,
    "Positive High-Energy Emotions|Teasing": -0.9765951304247275,
    "Physical and Exhaustive States|Intoxication/Altered States of Consciousness": -0.6266229144571458,
    "Positive Low-Energy Emotions|Pride": -0.8549926113972769,
    "Negative Low-Energy Emotions|Embarrassment": 0.2600809165353284,
    "Positive Low-Energy Emotions|Affection": 0.7067460573157843,
    "Negative Low-Energy Emotions|Sadness": 1.4823615907570895,
    "Negative Low-Energy Emotions|Shame": -0.17440491974572925,
    "Positive High-Energy Emotions|Triumph": -2.1524839223658336,
    "Cognitive States and Processes|Concentration": -0.2798577543523382,
    "Physical and Exhaustive States|Sourness": -0.13341437822207808,
    "Physical and Exhaustive States|Pain": 0.3609956907349474,
    "Negative High-Energy Emotions|Fear": 0.2965433206255821
  }
}