{
  "key": [
    "projects",
    "empathic-insight-face-large",
    "juggernaut-xl-v8-prompt-5-67_result.png"
  ],
  "value": {
    "Negative High-Energy Emotions|Malevolence/Malice": 1.602916301385883,
    "Negative Low-Energy Emotions|Jealousy & Envy": 1.596897021786255,
    "Longing & Lust|Infatuation": -3.459395009984865,
    "Cognitive States and Processes|Confusion": 1.9189486439202856,
    "Longing & Lust|Sexual Lust": -0.7084384585215764,
    "Positive High-Energy Emotions|Hope/Enthusiasm/Optimism": -1.6098843556598705,
    "Positive High-Energy Emotions|Interest": -2.235172379203141,
    "Positive High-Energy Emotions|Elation": -1.158993408401661,
    "Negative Low-Energy Emotions|Disappointment": -0.38500853298122406,
    "Negative High-Energy Emotions|Distress": 1.46584103729795,
    "Positive Low-Energy Emotions|Contemplation": -2.924927477060872,
    "Negative Low-Energy Emotions|Emotional Numbness": -1.5642854672560798,
    "Negative High-Energy Emotions|Impatience and Irritability": 3.4042617632076144,
    "Negative Low-Energy Emotions|Helplessness": -0.9240115481965682,
    "Negative Low-Energy Emotions|Contempt": 4.274544346371995,
    "Positive High-Energy Emotions|Astonishment/Surprise": 0.022429117597639436,
    "Positive High-Energy Emotions|Pleasure/Ecstasy": -1.1325494176938253,
    "Negative Low-Energy Emotions|Doubt": 0.3542166759462698,
    "Negative High-Energy Emotions|Anger": 4.8747758215665815,
    "Positive Low-Energy Emotions|Contentment": -1.5893162140315948,
    "Positive Low-Energy Emotions|Relief": -1.4205102481473895,
    "Positive High-Energy Emotions|Amusement": -2.2824578395201005,
    "Longing & Lust|Longing": -0.8380325830334743,
    "Positive High-Energy Emotions|Awe": -0.3681050462538704,
    "Physical and Exhaustive States|Fatigue/Exhaustion": -0.9509593050247606,
    "Negative Low-Energy Emotions|Bitterness": 2.557900202326915,
    "Negative High-Energy Emotions|Disgust": 4.0045594794347,
    "Positive Low-Energy Emotions|Thankfulness/Gratitude": -1.3622093247260678,
    "Positive High-Energy Emotions|Teasing": -1.275840845566024,
    "Physical and Exhaustive States|Intoxication/Altered States of Consciousness": -0.058490633153740035,
    "Positive Low-Energy Emotions|Pride": -2.633933110226165,
    "Negative Low-Energy Emotions|Embarrassment": 0.5180329510087476,
    "Positive Low-Energy Emotions|Affection": -2.819757960096878,
    "Negative Low-Energy Emotions|Sadness": -1.3177830816367093,
    "Negative Low-Energy Emotions|Shame": -0.37023598015527515,
    "Positive High-Energy Emotions|Triumph": -1.2742435158526195,
    "Cognitive States and Processes|Concentration": 0.06375938689445748,
    "Physical and Exhaustive States|Sourness": -0.28061985021457075,
    "Physical and Exhaustive States|Pain": 0.9179834531861193,
    "Negative High-Energy Emotions|Fear": 1.2525887992079643
  }
}