{
  "key": [
    "projects",
    "empathic-insight-face-large",
    "juggernaut-xl-v8-prompt-5-144_result.png"
  ],
  "value": {
    "Negative High-Energy Emotions|Malevolence/Malice": -0.6477642644481625,
    "Negative Low-Energy Emotions|Jealousy & Envy": -0.005123301490264742,
    "Longing & Lust|Infatuation": 1.2271210961438277,
    "Cognitive States and Processes|Confusion": -0.8637108867193628,
    "Longing & Lust|Sexual Lust": 2.0642984335825725,
    "Positive High-Energy Emotions|Hope/Enthusiasm/Optimism": 0.5854144948764759,
    "Positive High-Energy Emotions|Interest": 1.9294643519446253,
    "Positive High-Energy Emotions|Elation": 1.8743778016966055,
    "Negative Low-Energy Emotions|Disappointment": 0.9326041150290298,
    "Negative High-Energy Emotions|Distress": -1.4988751587622307,
    "Positive Low-Energy Emotions|Contemplation": 1.261379416764659,
    "Negative Low-Energy Emotions|Emotional Numbness": -1.3178240758071051,
    "Negative High-Energy Emotions|Impatience and Irritability": 0.27416890393942595,
    "Negative Low-Energy Emotions|Helplessness": -1.1326363879792831,
    "Negative Low-Energy Emotions|Contempt": -0.8041192411981961,
    "Positive High-Energy Emotions|Astonishment/Surprise": 0.9197591632977127,
    "Positive High-Energy Emotions|Pleasure/Ecstasy": 1.6292907022640986,
    "Negative Low-Energy Emotions|Doubt": -2.232895452788319,
    "Negative High-Energy Emotions|Anger": 1.6803716963529585,
    "Positive Low-Energy Emotions|Contentment": 1.3230531564289154,
    "Positive Low-Energy Emotions|Relief": 0.14775340179310126,
    "Positive High-Energy Emotions|Amusement": 0.9627324232743943,
    "Longing & Lust|Longing": 0.4853649341708104,
    "Positive High-Energy Emotions|Awe": 1.3819664197152153,
    "Physical and Exhaustive States|Fatigue/Exhaustion": -0.5647786657577928,
    "Negative Low-Energy Emotions|Bitterness": -1.3706721543739824,
    "Negative High-Energy Emotions|Disgust": -0.5966844933436197,
    "Positive Low-Energy Emotions|Thankfulness/Gratitude": 0.2689905120048892,
    "Positive High-Energy Emotions|Teasing": -0.06358310268424894,
    "Physical and Exhaustive States|Intoxication/Altered States of Consciousness": -0.4073785535333787,
    "Positive Low-Energy Emotions|Pride": -0.07487009285784821,
    "Negative Low-Energy Emotions|Embarrassment": -0.38426567827515745,
    "Positive Low-Energy Emotions|Affection": 1.9800935766539154,
    "Negative Low-Energy Emotions|Sadness": -0.5563462616064969,
    "Negative Low-Energy Emotions|Shame": -1.0828976041100482,
    "Positive High-Energy Emotions|Triumph": -1.097374898317982,
    "Cognitive States and Processes|Concentration": -0.2522429224278997,
    "Physical and Exhaustive States|Sourness": -1.2554318214021623,
    "Physical and Exhaustive States|Pain": -0.4657632900160902,
    "Negative High-Energy Emotions|Fear": -0.263238469154081
  }
}