{
  "key": [
    "projects",
    "empathic-insight-face-large",
    "juggernaut-xl-v8-prompt-5-70_result.png"
  ],
  "value": {
    "Negative High-Energy Emotions|Malevolence/Malice": -0.5578748572902645,
    "Negative Low-Energy Emotions|Jealousy & Envy": -0.5228414974054869,
    "Longing & Lust|Infatuation": -0.7853630370997331,
    "Cognitive States and Processes|Confusion": 0.8052955801461767,
    "Longing & Lust|Sexual Lust": 0.24425381175735428,
    "Positive High-Energy Emotions|Hope/Enthusiasm/Optimism": -0.223320458526997,
    "Positive High-Energy Emotions|Interest": 0.10019595604389908,
    "Positive High-Energy Emotions|Elation": -0.14831654759233492,
    "Negative Low-Energy Emotions|Disappointment": 2.0180879789788055,
    "Negative High-Energy Emotions|Distress": 1.5852336707360604,
    "Positive Low-Energy Emotions|Contemplation": 0.6222527806767646,
    "Negative Low-Energy Emotions|Emotional Numbness": 0.9446344274392022,
    "Negative High-Energy Emotions|Impatience and Irritability": 1.6324298633262515,
    "Negative Low-Energy Emotions|Helplessness": 0.4268049996740678,
    "Negative Low-Energy Emotions|Contempt": -0.4390813231073758,
    "Positive High-Energy Emotions|Astonishment/Surprise": 0.016554006971418733,
    "Positive High-Energy Emotions|Pleasure/Ecstasy": 0.80530874661663,
    "Negative Low-Energy Emotions|Doubt": -0.4728113601712839,
    "Negative High-Energy Emotions|Anger": 2.2539817041158674,
    "Positive Low-Energy Emotions|Contentment": 0.9560400596195282,
    "Positive Low-Energy Emotions|Relief": -0.5353215493787737,
    "Positive High-Energy Emotions|Amusement": 0.5397518763231004,
    "Longing & Lust|Longing": -0.1428459680432399,
    "Positive High-Energy Emotions|Awe": -0.14113389680929034,
    "Physical and Exhaustive States|Fatigue/Exhaustion": 1.0925757040017667,
    "Negative Low-Energy Emotions|Bitterness": -0.9086274384926347,
    "Negative High-Energy Emotions|Disgust": 0.21651156969806729,
    "Positive Low-Energy Emotions|Thankfulness/Gratitude": -1.058473114856683,
    "Positive High-Energy Emotions|Teasing": -1.1150633959581748,
    "Physical and Exhaustive States|Intoxication/Altered States of Consciousness": -0.5719223014352952,
    "Positive Low-Energy Emotions|Pride": -2.279701991070281,
    "Negative Low-Energy Emotions|Embarrassment": -0.178921239722301,
    "Positive Low-Energy Emotions|Affection": 1.157272376759964,
    "Negative Low-Energy Emotions|Sadness": -0.43417700539616977,
    "Negative Low-Energy Emotions|Shame": -0.7784942990563372,
    "Positive High-Energy Emotions|Triumph": -1.6484010041987194,
    "Cognitive States and Processes|Concentration": 0.19469994342064156,
    "Physical and Exhaustive States|Sourness": -0.8288604522310197,
    "Physical and Exhaustive States|Pain": 0.3308729337769396,
    "Negative High-Energy Emotions|Fear": -0.07422200778170551
  }
}