{
  "key": [
    "projects",
    "empathic-insight-face-large",
    "juggernaut-xl-v8-prompt-5-84_result.png"
  ],
  "value": {
    "Negative High-Energy Emotions|Malevolence/Malice": -0.2826700795726742,
    "Negative Low-Energy Emotions|Jealousy & Envy": 0.031318620697540434,
    "Longing & Lust|Infatuation": 0.45700279999743487,
    "Cognitive States and Processes|Confusion": -1.2776091163183618,
    "Longing & Lust|Sexual Lust": 0.29936355106094314,
    "Positive High-Energy Emotions|Hope/Enthusiasm/Optimism": -0.030988190765766532,
    "Positive High-Energy Emotions|Interest": 1.439946305565536,
    "Positive High-Energy Emotions|Elation": 3.774125292579479,
    "Negative Low-Energy Emotions|Disappointment": 1.4787317323881912,
    "Negative High-Energy Emotions|Distress": 0.501414460206733,
    "Positive Low-Energy Emotions|Contemplation": 1.0012823899397079,
    "Negative Low-Energy Emotions|Emotional Numbness": -1.3842753869185553,
    "Negative High-Energy Emotions|Impatience and Irritability": -0.5614135907962918,
    "Negative Low-Energy Emotions|Helplessness": -0.6861897307984969,
    "Negative Low-Energy Emotions|Contempt": 0.3376649499333957,
    "Positive High-Energy Emotions|Astonishment/Surprise": 1.1921601385250686,
    "Positive High-Energy Emotions|Pleasure/Ecstasy": 2.697508441726951,
    "Negative Low-Energy Emotions|Doubt": -0.12156239829793135,
    "Negative High-Energy Emotions|Anger": 0.7053603476285932,
    "Positive Low-Energy Emotions|Contentment": 0.2991654029422821,
    "Positive Low-Energy Emotions|Relief": 0.3814375243555097,
    "Positive High-Energy Emotions|Amusement": 2.2038636693643294,
    "Longing & Lust|Longing": 0.03297706481274765,
    "Positive High-Energy Emotions|Awe": 1.5156816320603386,
    "Physical and Exhaustive States|Fatigue/Exhaustion": -0.3966446916824754,
    "Negative Low-Energy Emotions|Bitterness": 0.4002804279853316,
    "Negative High-Energy Emotions|Disgust": 0.6931717021062094,
    "Positive Low-Energy Emotions|Thankfulness/Gratitude": -0.5546693848456967,
    "Positive High-Energy Emotions|Teasing": -0.52838942096733,
    "Physical and Exhaustive States|Intoxication/Altered States of Consciousness": -0.2892440549371873,
    "Positive Low-Energy Emotions|Pride": -0.12244196056223969,
    "Negative Low-Energy Emotions|Embarrassment": 0.3098741599435315,
    "Positive Low-Energy Emotions|Affection": 1.4688729426703033,
    "Negative Low-Energy Emotions|Sadness": 0.8846103831073817,
    "Negative Low-Energy Emotions|Shame": -0.5956628924630144,
    "Positive High-Energy Emotions|Triumph": -1.4904126943384899,
    "Cognitive States and Processes|Concentration": -0.597973972203977,
    "Physical and Exhaustive States|Sourness": -0.6097106838785111,
    "Physical and Exhaustive States|Pain": -0.374017675010597,
    "Negative High-Energy Emotions|Fear": 0.23644705674008404
  }
}