{
  "key": [
    "projects",
    "empathic-insight-face-large",
    "juggernaut-xl-v8-prompt-6-116_result.png"
  ],
  "value": {
    "Negative High-Energy Emotions|Malevolence/Malice": 0.32013136257362707,
    "Negative Low-Energy Emotions|Jealousy & Envy": 0.10172326947836319,
    "Longing & Lust|Infatuation": -1.3036468810938737,
    "Cognitive States and Processes|Confusion": -1.3361897532965112,
    "Longing & Lust|Sexual Lust": -0.3453391218974309,
    "Positive High-Energy Emotions|Hope/Enthusiasm/Optimism": -0.3194503527835888,
    "Positive High-Energy Emotions|Interest": -0.3160999299958348,
    "Positive High-Energy Emotions|Elation": -0.524030372818165,
    "Negative Low-Energy Emotions|Disappointment": 2.4688086170155334,
    "Negative High-Energy Emotions|Distress": 0.7351667704827645,
    "Positive Low-Energy Emotions|Contemplation": 0.4518521015652839,
    "Negative Low-Energy Emotions|Emotional Numbness": 0.16976421059273622,
    "Negative High-Energy Emotions|Impatience and Irritability": 0.2596039129421115,
    "Negative Low-Energy Emotions|Helplessness": -0.1281622249238631,
    "Negative Low-Energy Emotions|Contempt": 0.391787397900925,
    "Positive High-Energy Emotions|Astonishment/Surprise": -0.06928979452699435,
    "Positive High-Energy Emotions|Pleasure/Ecstasy": 0.5099931233332438,
    "Negative Low-Energy Emotions|Doubt": 0.2711204697580679,
    "Negative High-Energy Emotions|Anger": 0.87124150454998,
    "Positive Low-Energy Emotions|Contentment": 0.08129492908058777,
    "Positive Low-Energy Emotions|Relief": -0.6396692552198382,
    "Positive High-Energy Emotions|Amusement": -1.0112907996488845,
    "Longing & Lust|Longing": -0.252981761729153,
    "Positive High-Energy Emotions|Awe": -0.3259161634261116,
    "Physical and Exhaustive States|Fatigue/Exhaustion": 0.3401172359221999,
    "Negative Low-Energy Emotions|Bitterness": 1.2019349158336134,
    "Negative High-Energy Emotions|Disgust": 0.6287184578969198,
    "Positive Low-Energy Emotions|Thankfulness/Gratitude": 0.8346781684074771,
    "Positive High-Energy Emotions|Teasing": -0.7908978133013144,
    "Physical and Exhaustive States|Intoxication/Altered States of Consciousness": -0.4083975545404588,
    "Positive Low-Energy Emotions|Pride": -0.04725584207869629,
    "Negative Low-Energy Emotions|Embarrassment": 0.8803447910661206,
    "Positive Low-Energy Emotions|Affection": 1.0167016169867096,
    "Negative Low-Energy Emotions|Sadness": -0.5002991796591703,
    "Negative Low-Energy Emotions|Shame": -0.11950916111688403,
    "Positive High-Energy Emotions|Triumph": -0.9264122666155591,
    "Cognitive States and Processes|Concentration": 0.4183610085222651,
    "Physical and Exhaustive States|Sourness": -0.246242930945009,
    "Physical and Exhaustive States|Pain": -0.039605815498267916,
    "Negative High-Energy Emotions|Fear": 0.010107001274385796
  }
}