{
  "key": [
    "projects",
    "empathic-insight-face-large",
    "juggernaut-xl-v8-prompt-6-15_result.png"
  ],
  "value": {
    "Negative High-Energy Emotions|Malevolence/Malice": -0.35425907264518397,
    "Negative Low-Energy Emotions|Jealousy & Envy": -0.014976068480926363,
    "Longing & Lust|Infatuation": -1.4805823154353044,
    "Cognitive States and Processes|Confusion": -1.0083205764318872,
    "Longing & Lust|Sexual Lust": -0.9226565981700139,
    "Positive High-Energy Emotions|Hope/Enthusiasm/Optimism": -0.708638046379475,
    "Positive High-Energy Emotions|Interest": -0.8445181729272008,
    "Positive High-Energy Emotions|Elation": -1.596861526687794,
    "Negative Low-Energy Emotions|Disappointment": 3.197452645321541,
    "Negative High-Energy Emotions|Distress": 2.0668861689813,
    "Positive Low-Energy Emotions|Contemplation": 0.6640233357557479,
    "Negative Low-Energy Emotions|Emotional Numbness": -0.032479665119420076,
    "Negative High-Energy Emotions|Impatience and Irritability": 0.8686844659969211,
    "Negative Low-Energy Emotions|Helplessness": 1.2135839563257553,
    "Negative Low-Energy Emotions|Contempt": -0.17360461946357697,
    "Positive High-Energy Emotions|Astonishment/Surprise": -0.17771612700074924,
    "Positive High-Energy Emotions|Pleasure/Ecstasy": 0.7317063682482523,
    "Negative Low-Energy Emotions|Doubt": -0.5640906284360544,
    "Negative High-Energy Emotions|Anger": 1.810488159060478,
    "Positive Low-Energy Emotions|Contentment": -1.6620953926509796,
    "Positive Low-Energy Emotions|Relief": -0.611562088929555,
    "Positive High-Energy Emotions|Amusement": -1.1242652049375808,
    "Longing & Lust|Longing": 0.5999136769419591,
    "Positive High-Energy Emotions|Awe": -0.1463302297408089,
    "Physical and Exhaustive States|Fatigue/Exhaustion": 1.0404311169618192,
    "Negative Low-Energy Emotions|Bitterness": 0.3065194607306929,
    "Negative High-Energy Emotions|Disgust": 0.5378695351674276,
    "Positive Low-Energy Emotions|Thankfulness/Gratitude": -1.4620223091926206,
    "Positive High-Energy Emotions|Teasing": -1.1832867531587974,
    "Physical and Exhaustive States|Intoxication/Altered States of Consciousness": -0.23265159049016582,
    "Positive Low-Energy Emotions|Pride": -1.5718652439007865,
    "Negative Low-Energy Emotions|Embarrassment": -1.002848642218639,
    "Positive Low-Energy Emotions|Affection": 0.3223219892820891,
    "Negative Low-Energy Emotions|Sadness": 1.3996695636651095,
    "Negative Low-Energy Emotions|Shame": -0.3839281207344988,
    "Positive High-Energy Emotions|Triumph": -2.3989805997645153,
    "Cognitive States and Processes|Concentration": 0.05140572821831002,
    "Physical and Exhaustive States|Sourness": -0.3199738169275224,
    "Physical and Exhaustive States|Pain": 0.9746839212494738,
    "Negative High-Energy Emotions|Fear": 0.15413065811947857
  }
}