{
  "key": [
    "projects",
    "empathic-insight-face-large",
    "juggernaut-xl-v8-prompt-6-62_result.png"
  ],
  "value": {
    "Negative High-Energy Emotions|Malevolence/Malice": -0.23801404128837245,
    "Negative Low-Energy Emotions|Jealousy & Envy": -0.05815045450540146,
    "Longing & Lust|Infatuation": -2.2310329265498066,
    "Cognitive States and Processes|Confusion": 0.7237720723126959,
    "Longing & Lust|Sexual Lust": -1.1479850436045842,
    "Positive High-Energy Emotions|Hope/Enthusiasm/Optimism": -1.2218321305469555,
    "Positive High-Energy Emotions|Interest": -1.2882506730034948,
    "Positive High-Energy Emotions|Elation": -1.928287193496876,
    "Negative Low-Energy Emotions|Disappointment": 3.964715521355324,
    "Negative High-Energy Emotions|Distress": 1.6847013058907845,
    "Positive Low-Energy Emotions|Contemplation": 0.7454768975385848,
    "Negative Low-Energy Emotions|Emotional Numbness": -0.4278568726668463,
    "Negative High-Energy Emotions|Impatience and Irritability": 1.1394838048145175,
    "Negative Low-Energy Emotions|Helplessness": 1.305668691957698,
    "Negative Low-Energy Emotions|Contempt": 0.6996115327275851,
    "Positive High-Energy Emotions|Astonishment/Surprise": -0.1595228820666672,
    "Positive High-Energy Emotions|Pleasure/Ecstasy": -0.2883407003476339,
    "Negative Low-Energy Emotions|Doubt": 0.17292598981574614,
    "Negative High-Energy Emotions|Anger": 2.3596054261922834,
    "Positive Low-Energy Emotions|Contentment": -0.09894164890708312,
    "Positive Low-Energy Emotions|Relief": -1.0418180980314227,
    "Positive High-Energy Emotions|Amusement": -1.7883474936796462,
    "Longing & Lust|Longing": 0.2942900263911168,
    "Positive High-Energy Emotions|Awe": 0.03786695768289716,
    "Physical and Exhaustive States|Fatigue/Exhaustion": 0.5976309080356185,
    "Negative Low-Energy Emotions|Bitterness": 0.5090521097709151,
    "Negative High-Energy Emotions|Disgust": 1.6660877464010435,
    "Positive Low-Energy Emotions|Thankfulness/Gratitude": -1.2716207550849545,
    "Positive High-Energy Emotions|Teasing": -1.7580307392885581,
    "Physical and Exhaustive States|Intoxication/Altered States of Consciousness": -0.6976791612146531,
    "Positive Low-Energy Emotions|Pride": -2.109038991917144,
    "Negative Low-Energy Emotions|Embarrassment": 0.661090476166676,
    "Positive Low-Energy Emotions|Affection": -0.9195002534547273,
    "Negative Low-Energy Emotions|Sadness": 1.1391829608819064,
    "Negative Low-Energy Emotions|Shame": 0.10845792233724805,
    "Positive High-Energy Emotions|Triumph": -2.5618798555170788,
    "Cognitive States and Processes|Concentration": -0.11995226109290824,
    "Physical and Exhaustive States|Sourness": -0.58945261484012,
    "Physical and Exhaustive States|Pain": 1.385500352295006,
    "Negative High-Energy Emotions|Fear": 0.21215268036679302
  }
}