{
  "key": [
    "projects",
    "empathic-insight-face-large",
    "juggernaut-xl-v8-prompt-6-112_result.png"
  ],
  "value": {
    "Negative High-Energy Emotions|Malevolence/Malice": -0.8218389142589535,
    "Negative Low-Energy Emotions|Jealousy & Envy": -1.1382062873682555,
    "Longing & Lust|Infatuation": 1.1647244953013518,
    "Cognitive States and Processes|Confusion": -3.110501534226077,
    "Longing & Lust|Sexual Lust": -0.7465127135112004,
    "Positive High-Energy Emotions|Hope/Enthusiasm/Optimism": 2.3812081474109608,
    "Positive High-Energy Emotions|Interest": 2.7546008942648768,
    "Positive High-Energy Emotions|Elation": 6.124719455520458,
    "Negative Low-Energy Emotions|Disappointment": -1.6137826037209702,
    "Negative High-Energy Emotions|Distress": -2.970321672891869,
    "Positive Low-Energy Emotions|Contemplation": 0.9235003550657455,
    "Negative Low-Energy Emotions|Emotional Numbness": -2.20853800593711,
    "Negative High-Energy Emotions|Impatience and Irritability": -0.3909979509189725,
    "Negative Low-Energy Emotions|Helplessness": -2.3859020072572372,
    "Negative Low-Energy Emotions|Contempt": -0.9001666426264188,
    "Positive High-Energy Emotions|Astonishment/Surprise": -0.18803535994142306,
    "Positive High-Energy Emotions|Pleasure/Ecstasy": 3.1015491359637064,
    "Negative Low-Energy Emotions|Doubt": -1.9427353928594246,
    "Negative High-Energy Emotions|Anger": 0.40434020221233347,
    "Positive Low-Energy Emotions|Contentment": 5.267416631274802,
    "Positive Low-Energy Emotions|Relief": 1.5607209644685773,
    "Positive High-Energy Emotions|Amusement": 5.359788883654948,
    "Longing & Lust|Longing": 0.7616583907252232,
    "Positive High-Energy Emotions|Awe": 0.5388922767823234,
    "Physical and Exhaustive States|Fatigue/Exhaustion": -1.2243124048477587,
    "Negative Low-Energy Emotions|Bitterness": -1.3403443574379472,
    "Negative High-Energy Emotions|Disgust": -1.055784739773063,
    "Positive Low-Energy Emotions|Thankfulness/Gratitude": 3.321231062522925,
    "Positive High-Energy Emotions|Teasing": 0.6685772718379602,
    "Physical and Exhaustive States|Intoxication/Altered States of Consciousness": -0.4737981549738084,
    "Positive Low-Energy Emotions|Pride": 1.3458262252917184,
    "Negative Low-Energy Emotions|Embarrassment": -1.4256854227667346,
    "Positive Low-Energy Emotions|Affection": 3.106098868592697,
    "Negative Low-Energy Emotions|Sadness": -0.7001350761511747,
    "Negative Low-Energy Emotions|Shame": -1.450216234328554,
    "Positive High-Energy Emotions|Triumph": 0.53241844761021,
    "Cognitive States and Processes|Concentration": -0.668274715187795,
    "Physical and Exhaustive States|Sourness": -0.7361426854692399,
    "Physical and Exhaustive States|Pain": -1.3414089275282972,
    "Negative High-Energy Emotions|Fear": -1.6387398634259316
  }
}