{
  "key": [
    "projects",
    "empathic-insight-face-large",
    "juggernaut-xl-v8-prompt-6-32_result.png"
  ],
  "value": {
    "Negative High-Energy Emotions|Malevolence/Malice": -0.6183217156963314,
    "Negative Low-Energy Emotions|Jealousy & Envy": -1.3202743968805846,
    "Longing & Lust|Infatuation": -0.6304207630061052,
    "Cognitive States and Processes|Confusion": 0.04146861386047118,
    "Longing & Lust|Sexual Lust": 0.5149711941883846,
    "Positive High-Energy Emotions|Hope/Enthusiasm/Optimism": -0.09446093856850091,
    "Positive High-Energy Emotions|Interest": -0.6432304264977574,
    "Positive High-Energy Emotions|Elation": -0.5485216829377939,
    "Negative Low-Energy Emotions|Disappointment": 1.6006421852309036,
    "Negative High-Energy Emotions|Distress": 1.7273218455560067,
    "Positive Low-Energy Emotions|Contemplation": 1.3264314492353622,
    "Negative Low-Energy Emotions|Emotional Numbness": 0.5743251937737359,
    "Negative High-Energy Emotions|Impatience and Irritability": 0.9593202425166965,
    "Negative Low-Energy Emotions|Helplessness": 0.9040712181873182,
    "Negative Low-Energy Emotions|Contempt": -0.76870454545845,
    "Positive High-Energy Emotions|Astonishment/Surprise": 0.16339267197996366,
    "Positive High-Energy Emotions|Pleasure/Ecstasy": 0.8913276069567484,
    "Negative Low-Energy Emotions|Doubt": -0.5876540730504648,
    "Negative High-Energy Emotions|Anger": 1.8747190779447553,
    "Positive Low-Energy Emotions|Contentment": 1.2043767324024262,
    "Positive Low-Energy Emotions|Relief": -0.5047884740461321,
    "Positive High-Energy Emotions|Amusement": 0.951201368300792,
    "Longing & Lust|Longing": 0.4098486506586949,
    "Positive High-Energy Emotions|Awe": -0.0324395818526253,
    "Physical and Exhaustive States|Fatigue/Exhaustion": 1.2438760895961347,
    "Negative Low-Energy Emotions|Bitterness": -1.554849553055623,
    "Negative High-Energy Emotions|Disgust": -0.6728792565272135,
    "Positive Low-Energy Emotions|Thankfulness/Gratitude": 0.34827780257800933,
    "Positive High-Energy Emotions|Teasing": -0.7594160704424276,
    "Physical and Exhaustive States|Intoxication/Altered States of Consciousness": 0.08634317002313985,
    "Positive Low-Energy Emotions|Pride": -1.2193574738392936,
    "Negative Low-Energy Emotions|Embarrassment": -1.1502683333044543,
    "Positive Low-Energy Emotions|Affection": 1.6879459402403412,
    "Negative Low-Energy Emotions|Sadness": 0.3766623495957431,
    "Negative Low-Energy Emotions|Shame": -0.7877189523003557,
    "Positive High-Energy Emotions|Triumph": -0.8903932393824353,
    "Cognitive States and Processes|Concentration": 0.02567333018516793,
    "Physical and Exhaustive States|Sourness": -0.42969529872760176,
    "Physical and Exhaustive States|Pain": 0.8432633089142687,
    "Negative High-Energy Emotions|Fear": -0.4036817941968056
  }
}