{
  "key": [
    "projects",
    "empathic-insight-face-large",
    "juggernaut-xl-v8-prompt-5-247_result.png"
  ],
  "value": {
    "Negative High-Energy Emotions|Malevolence/Malice": 0.3567610393924747,
    "Negative Low-Energy Emotions|Jealousy & Envy": 0.4969672718205873,
    "Longing & Lust|Infatuation": -0.37495990466107343,
    "Cognitive States and Processes|Confusion": 0.158569389102323,
    "Longing & Lust|Sexual Lust": 0.3599068497822566,
    "Positive High-Energy Emotions|Hope/Enthusiasm/Optimism": -0.4000080567554516,
    "Positive High-Energy Emotions|Interest": 1.2108276007696985,
    "Positive High-Energy Emotions|Elation": 0.19068582324201566,
    "Negative Low-Energy Emotions|Disappointment": -0.09776445148403168,
    "Negative High-Energy Emotions|Distress": -0.21602136168409797,
    "Positive Low-Energy Emotions|Contemplation": 0.4357031767377082,
    "Negative Low-Energy Emotions|Emotional Numbness": -1.490100334275733,
    "Negative High-Energy Emotions|Impatience and Irritability": 0.07773178350180387,
    "Negative Low-Energy Emotions|Helplessness": -0.7102118331544539,
    "Negative Low-Energy Emotions|Contempt": 1.1724693656362155,
    "Positive High-Energy Emotions|Astonishment/Surprise": 0.22191441956907498,
    "Positive High-Energy Emotions|Pleasure/Ecstasy": 0.46470843486049596,
    "Negative Low-Energy Emotions|Doubt": -0.2988919059543268,
    "Negative High-Energy Emotions|Anger": 0.6456605738401411,
    "Positive Low-Energy Emotions|Contentment": -2.094044531292337,
    "Positive Low-Energy Emotions|Relief": -0.2702434815992327,
    "Positive High-Energy Emotions|Amusement": 0.5984004625962938,
    "Longing & Lust|Longing": 0.03372772570904892,
    "Positive High-Energy Emotions|Awe": 0.45461798479013593,
    "Physical and Exhaustive States|Fatigue/Exhaustion": -0.8456572096115526,
    "Negative Low-Energy Emotions|Bitterness": 0.8761887670089217,
    "Negative High-Energy Emotions|Disgust": 1.3555223269059378,
    "Positive Low-Energy Emotions|Thankfulness/Gratitude": 1.5630636168632877,
    "Positive High-Energy Emotions|Teasing": -0.10344394729637052,
    "Physical and Exhaustive States|Intoxication/Altered States of Consciousness": 0.42936408600824727,
    "Positive Low-Energy Emotions|Pride": -0.11322405754424195,
    "Negative Low-Energy Emotions|Embarrassment": -0.2796449831610217,
    "Positive Low-Energy Emotions|Affection": -0.0751825192132417,
    "Negative Low-Energy Emotions|Sadness": -0.3964503646948758,
    "Negative Low-Energy Emotions|Shame": 0.04116284787435742,
    "Positive High-Energy Emotions|Triumph": 0.06480784999973632,
    "Cognitive States and Processes|Concentration": 0.2723082903597285,
    "Physical and Exhaustive States|Sourness": 0.01078392023220659,
    "Physical and Exhaustive States|Pain": -0.11328311690512827,
    "Negative High-Energy Emotions|Fear": 0.5973085369761375
  }
}