{
  "key": [
    "projects",
    "empathic-insight-face-large",
    "juggernaut-xl-v8-prompt-5-56_result.png"
  ],
  "value": {
    "Negative High-Energy Emotions|Malevolence/Malice": -0.5311605323390927,
    "Negative Low-Energy Emotions|Jealousy & Envy": -1.3559182128748473,
    "Longing & Lust|Infatuation": -1.5595525092982194,
    "Cognitive States and Processes|Confusion": -1.4232389991308618,
    "Longing & Lust|Sexual Lust": -1.6410010481669621,
    "Positive High-Energy Emotions|Hope/Enthusiasm/Optimism": -0.08808777153053704,
    "Positive High-Energy Emotions|Interest": -0.0014263274148106353,
    "Positive High-Energy Emotions|Elation": 0.7231415059965323,
    "Negative Low-Energy Emotions|Disappointment": 0.41759208919589996,
    "Negative High-Energy Emotions|Distress": 0.18766633894513635,
    "Positive Low-Energy Emotions|Contemplation": 0.6526137252458755,
    "Negative Low-Energy Emotions|Emotional Numbness": -0.24905131279326537,
    "Negative High-Energy Emotions|Impatience and Irritability": 0.2805890394374728,
    "Negative Low-Energy Emotions|Helplessness": 0.8127095204241136,
    "Negative Low-Energy Emotions|Contempt": -0.5544847368799588,
    "Positive High-Energy Emotions|Astonishment/Surprise": 0.06418264809995877,
    "Positive High-Energy Emotions|Pleasure/Ecstasy": 1.280815439741401,
    "Negative Low-Energy Emotions|Doubt": -1.3348218987493172,
    "Negative High-Energy Emotions|Anger": 1.1227759665250776,
    "Positive Low-Energy Emotions|Contentment": 1.75056604056893,
    "Positive Low-Energy Emotions|Relief": 0.5594347558389692,
    "Positive High-Energy Emotions|Amusement": 0.9194984326051439,
    "Longing & Lust|Longing": 0.629744639361469,
    "Positive High-Energy Emotions|Awe": 0.41269887258463056,
    "Physical and Exhaustive States|Fatigue/Exhaustion": 0.5246437092059676,
    "Negative Low-Energy Emotions|Bitterness": -0.26571087831960005,
    "Negative High-Energy Emotions|Disgust": 0.720834515769692,
    "Positive Low-Energy Emotions|Thankfulness/Gratitude": 0.3465511752281558,
    "Positive High-Energy Emotions|Teasing": -0.9532327322771444,
    "Physical and Exhaustive States|Intoxication/Altered States of Consciousness": -0.5354528419016038,
    "Positive Low-Energy Emotions|Pride": -0.8297195863614187,
    "Negative Low-Energy Emotions|Embarrassment": -0.5014208725576892,
    "Positive Low-Energy Emotions|Affection": 0.5938250577888068,
    "Negative Low-Energy Emotions|Sadness": 0.804999387159067,
    "Negative Low-Energy Emotions|Shame": -0.43824631035547046,
    "Positive High-Energy Emotions|Triumph": -1.3634376348292125,
    "Cognitive States and Processes|Concentration": -0.42887537145877586,
    "Physical and Exhaustive States|Sourness": -0.6106896901689469,
    "Physical and Exhaustive States|Pain": 0.9883051323014147,
    "Negative High-Energy Emotions|Fear": 0.09037431141690289
  }
}