{
  "key": [
    "projects",
    "empathic-insight-face-large",
    "juggernaut-xl-v8-prompt-6-36_result.png"
  ],
  "value": {
    "Negative High-Energy Emotions|Malevolence/Malice": -0.2934125054912533,
    "Negative Low-Energy Emotions|Jealousy & Envy": -0.5288947067102965,
    "Longing & Lust|Infatuation": -1.2624333686732194,
    "Cognitive States and Processes|Confusion": -0.2859283750082422,
    "Longing & Lust|Sexual Lust": -0.15999728687545822,
    "Positive High-Energy Emotions|Hope/Enthusiasm/Optimism": -1.0783439618305248,
    "Positive High-Energy Emotions|Interest": -0.6006238343194127,
    "Positive High-Energy Emotions|Elation": -1.169408962448292,
    "Negative Low-Energy Emotions|Disappointment": 2.820327501316719,
    "Negative High-Energy Emotions|Distress": 1.205643636251197,
    "Positive Low-Energy Emotions|Contemplation": 1.4629893859037582,
    "Negative Low-Energy Emotions|Emotional Numbness": 0.23342909396790407,
    "Negative High-Energy Emotions|Impatience and Irritability": -0.2571216272190213,
    "Negative Low-Energy Emotions|Helplessness": 0.3685709041006425,
    "Negative Low-Energy Emotions|Contempt": -0.33134473558296174,
    "Positive High-Energy Emotions|Astonishment/Surprise": 0.19939197007566678,
    "Positive High-Energy Emotions|Pleasure/Ecstasy": 0.5859348051951212,
    "Negative Low-Energy Emotions|Doubt": 0.7883531262369498,
    "Negative High-Energy Emotions|Anger": 0.7447103804349897,
    "Positive Low-Energy Emotions|Contentment": 0.4770347228580536,
    "Positive Low-Energy Emotions|Relief": -0.8186018027891131,
    "Positive High-Energy Emotions|Amusement": -0.09827448037398212,
    "Longing & Lust|Longing": 0.08992143508252304,
    "Positive High-Energy Emotions|Awe": -0.272753111820887,
    "Physical and Exhaustive States|Fatigue/Exhaustion": 0.6483098913663451,
    "Negative Low-Energy Emotions|Bitterness": 0.17207403188242631,
    "Negative High-Energy Emotions|Disgust": 0.1077561003758627,
    "Positive Low-Energy Emotions|Thankfulness/Gratitude": 1.5682569695625674,
    "Positive High-Energy Emotions|Teasing": -0.3764431147386923,
    "Physical and Exhaustive States|Intoxication/Altered States of Consciousness": 0.20900768122690572,
    "Positive Low-Energy Emotions|Pride": -0.15632183669901947,
    "Negative Low-Energy Emotions|Embarrassment": 0.3187352248544202,
    "Positive Low-Energy Emotions|Affection": 1.2942426583609161,
    "Negative Low-Energy Emotions|Sadness": 0.4486426471612033,
    "Negative Low-Energy Emotions|Shame": -0.3194909697792986,
    "Positive High-Energy Emotions|Triumph": -0.9308351100718274,
    "Cognitive States and Processes|Concentration": 0.14260083472465768,
    "Physical and Exhaustive States|Sourness": -0.19401310926303267,
    "Physical and Exhaustive States|Pain": 0.3985081123429186,
    "Negative High-Energy Emotions|Fear": -0.2889861259762856
  }
}