{
  "key": [
    "projects",
    "empathic-insight-face-large",
    "juggernaut-xl-v8-prompt-6-56_result.png"
  ],
  "value": {
    "Negative High-Energy Emotions|Malevolence/Malice": -0.5921629060344662,
    "Negative Low-Energy Emotions|Jealousy & Envy": -1.0334396800837096,
    "Longing & Lust|Infatuation": -0.19559033583630536,
    "Cognitive States and Processes|Confusion": -1.9491198127294946,
    "Longing & Lust|Sexual Lust": -1.547013583262177,
    "Positive High-Energy Emotions|Hope/Enthusiasm/Optimism": 0.31484821021995124,
    "Positive High-Energy Emotions|Interest": 1.500879299454391,
    "Positive High-Energy Emotions|Elation": 2.4258327629965017,
    "Negative Low-Energy Emotions|Disappointment": -0.5529973101418686,
    "Negative High-Energy Emotions|Distress": -0.7402041134588859,
    "Positive Low-Energy Emotions|Contemplation": 1.3010243137487594,
    "Negative Low-Energy Emotions|Emotional Numbness": -0.512600312818061,
    "Negative High-Energy Emotions|Impatience and Irritability": -0.04219371546059847,
    "Negative Low-Energy Emotions|Helplessness": -0.6310485202424666,
    "Negative Low-Energy Emotions|Contempt": -0.0481053709589383,
    "Positive High-Energy Emotions|Astonishment/Surprise": 0.26898277703672635,
    "Positive High-Energy Emotions|Pleasure/Ecstasy": 2.1034061186716837,
    "Negative Low-Energy Emotions|Doubt": -0.7809872220067636,
    "Negative High-Energy Emotions|Anger": 0.9305314368009565,
    "Positive Low-Energy Emotions|Contentment": 1.6431608548694672,
    "Positive Low-Energy Emotions|Relief": -0.3000207700361224,
    "Positive High-Energy Emotions|Amusement": 2.7991071829484664,
    "Longing & Lust|Longing": 0.9041251220947186,
    "Positive High-Energy Emotions|Awe": 0.6916760282700554,
    "Physical and Exhaustive States|Fatigue/Exhaustion": -0.3911168377167161,
    "Negative Low-Energy Emotions|Bitterness": -0.44807522291646285,
    "Negative High-Energy Emotions|Disgust": -0.3901224511072916,
    "Positive Low-Energy Emotions|Thankfulness/Gratitude": 1.5791066838417422,
    "Positive High-Energy Emotions|Teasing": -0.36263915584587003,
    "Physical and Exhaustive States|Intoxication/Altered States of Consciousness": -0.2886463395593797,
    "Positive Low-Energy Emotions|Pride": -0.11696360825396637,
    "Negative Low-Energy Emotions|Embarrassment": -1.2982838324194446,
    "Positive Low-Energy Emotions|Affection": 2.2649442932447967,
    "Negative Low-Energy Emotions|Sadness": 0.416181301965433,
    "Negative Low-Energy Emotions|Shame": -0.8528193837426165,
    "Positive High-Energy Emotions|Triumph": -1.0422733844553722,
    "Cognitive States and Processes|Concentration": -0.335478603484876,
    "Physical and Exhaustive States|Sourness": -0.5945628190599381,
    "Physical and Exhaustive States|Pain": 0.02420572510536978,
    "Negative High-Energy Emotions|Fear": -0.3961451444928261
  }
}