{
  "key": [
    "projects",
    "empathic-insight-face-large",
    "juggernaut-xl-v8-prompt-6-239_result.png"
  ],
  "value": {
    "Negative High-Energy Emotions|Malevolence/Malice": -0.15337830673026698,
    "Negative Low-Energy Emotions|Jealousy & Envy": -0.578599735244232,
    "Longing & Lust|Infatuation": -0.6080510206126115,
    "Cognitive States and Processes|Confusion": 0.08850395035491698,
    "Longing & Lust|Sexual Lust": -0.6970251227214055,
    "Positive High-Energy Emotions|Hope/Enthusiasm/Optimism": -0.9463332635120434,
    "Positive High-Energy Emotions|Interest": -0.4566564442589879,
    "Positive High-Energy Emotions|Elation": 0.5320349481504629,
    "Negative Low-Energy Emotions|Disappointment": 2.272300283928566,
    "Negative High-Energy Emotions|Distress": 1.000018340612159,
    "Positive Low-Energy Emotions|Contemplation": 0.9743322094091598,
    "Negative Low-Energy Emotions|Emotional Numbness": 0.6549487608780755,
    "Negative High-Energy Emotions|Impatience and Irritability": -0.6454339670017362,
    "Negative Low-Energy Emotions|Helplessness": 0.7594207179195741,
    "Negative Low-Energy Emotions|Contempt": 0.43964384798179656,
    "Positive High-Energy Emotions|Astonishment/Surprise": -0.0653599410876633,
    "Positive High-Energy Emotions|Pleasure/Ecstasy": -0.173323643882485,
    "Negative Low-Energy Emotions|Doubt": 0.2269220759363516,
    "Negative High-Energy Emotions|Anger": -0.0232210808992388,
    "Positive Low-Energy Emotions|Contentment": -0.2479873547023712,
    "Positive Low-Energy Emotions|Relief": -0.3276611127485247,
    "Positive High-Energy Emotions|Amusement": 0.27189146372544415,
    "Longing & Lust|Longing": 0.6538385057097356,
    "Positive High-Energy Emotions|Awe": -0.24527775476522296,
    "Physical and Exhaustive States|Fatigue/Exhaustion": 0.8889379215174739,
    "Negative Low-Energy Emotions|Bitterness": 0.643862080626628,
    "Negative High-Energy Emotions|Disgust": 0.6607627493931967,
    "Positive Low-Energy Emotions|Thankfulness/Gratitude": 1.0390994502220523,
    "Positive High-Energy Emotions|Teasing": -0.31784388111137296,
    "Physical and Exhaustive States|Intoxication/Altered States of Consciousness": -0.02102065005284892,
    "Positive Low-Energy Emotions|Pride": -1.02180622338153,
    "Negative Low-Energy Emotions|Embarrassment": 0.995429141175221,
    "Positive Low-Energy Emotions|Affection": 0.08676449273439013,
    "Negative Low-Energy Emotions|Sadness": 1.7829827426812228,
    "Negative Low-Energy Emotions|Shame": 0.871066212055876,
    "Positive High-Energy Emotions|Triumph": -1.852244478586842,
    "Cognitive States and Processes|Concentration": -0.3299351331021856,
    "Physical and Exhaustive States|Sourness": 0.4027303999103606,
    "Physical and Exhaustive States|Pain": -0.11410995253745249,
    "Negative High-Energy Emotions|Fear": 0.12294991871670757
  }
}