{
  "key": [
    "projects",
    "empathic-insight-face-large",
    "juggernaut-xl-v8-prompt-5-57_result.png"
  ],
  "value": {
    "Negative High-Energy Emotions|Malevolence/Malice": 0.6843760024471317,
    "Negative Low-Energy Emotions|Jealousy & Envy": 1.1444624074855272,
    "Longing & Lust|Infatuation": -2.5389293022059345,
    "Cognitive States and Processes|Confusion": 2.1037281091188023,
    "Longing & Lust|Sexual Lust": -1.318249287684174,
    "Positive High-Energy Emotions|Hope/Enthusiasm/Optimism": -1.541530941124348,
    "Positive High-Energy Emotions|Interest": -1.7443791510537268,
    "Positive High-Energy Emotions|Elation": -1.5379988405305673,
    "Negative Low-Energy Emotions|Disappointment": 4.015460293312721,
    "Negative High-Energy Emotions|Distress": 2.1863426985986094,
    "Positive Low-Energy Emotions|Contemplation": -1.240165833651143,
    "Negative Low-Energy Emotions|Emotional Numbness": 0.12151460827492616,
    "Negative High-Energy Emotions|Impatience and Irritability": 1.6166641665622592,
    "Negative Low-Energy Emotions|Helplessness": 0.6976888578779558,
    "Negative Low-Energy Emotions|Contempt": 2.3972701609529117,
    "Positive High-Energy Emotions|Astonishment/Surprise": 0.22624624673277127,
    "Positive High-Energy Emotions|Pleasure/Ecstasy": -1.6369654066159445,
    "Negative Low-Energy Emotions|Doubt": 0.8413263370485647,
    "Negative High-Energy Emotions|Anger": 1.9825139588117597,
    "Positive Low-Energy Emotions|Contentment": -0.7678187736934601,
    "Positive Low-Energy Emotions|Relief": -1.0440122642148943,
    "Positive High-Energy Emotions|Amusement": -2.650700580151204,
    "Longing & Lust|Longing": -0.5681104457730373,
    "Positive High-Energy Emotions|Awe": -0.10067450235433428,
    "Physical and Exhaustive States|Fatigue/Exhaustion": 0.6128596563571517,
    "Negative Low-Energy Emotions|Bitterness": 1.6480000716228695,
    "Negative High-Energy Emotions|Disgust": 3.2478190285756305,
    "Positive Low-Energy Emotions|Thankfulness/Gratitude": -2.2597632454719174,
    "Positive High-Energy Emotions|Teasing": -1.6116848854830161,
    "Physical and Exhaustive States|Intoxication/Altered States of Consciousness": -0.908001302861992,
    "Positive Low-Energy Emotions|Pride": -3.2740316820035087,
    "Negative Low-Energy Emotions|Embarrassment": 2.890656931054066,
    "Positive Low-Energy Emotions|Affection": -2.0346188762345734,
    "Negative Low-Energy Emotions|Sadness": 0.7227933018347796,
    "Negative Low-Energy Emotions|Shame": 0.5295057588793776,
    "Positive High-Energy Emotions|Triumph": -3.3288969816004528,
    "Cognitive States and Processes|Concentration": -0.1859892603185247,
    "Physical and Exhaustive States|Sourness": -0.3440289998613298,
    "Physical and Exhaustive States|Pain": 0.3799558090287096,
    "Negative High-Energy Emotions|Fear": 1.6477581020291237
  }
}