{
  "key": [
    "projects",
    "empathic-insight-face-large",
    "juggernaut-xl-v8-prompt-5-62_result.png"
  ],
  "value": {
    "Negative High-Energy Emotions|Malevolence/Malice": -0.36366361270713465,
    "Negative Low-Energy Emotions|Jealousy & Envy": -0.037479921325164645,
    "Longing & Lust|Infatuation": -2.228726465215578,
    "Cognitive States and Processes|Confusion": 0.9328623498653006,
    "Longing & Lust|Sexual Lust": -1.5630615378215031,
    "Positive High-Energy Emotions|Hope/Enthusiasm/Optimism": -0.8079968434528393,
    "Positive High-Energy Emotions|Interest": -1.282704103179276,
    "Positive High-Energy Emotions|Elation": -1.9058129045564463,
    "Negative Low-Energy Emotions|Disappointment": 3.8972495007712173,
    "Negative High-Energy Emotions|Distress": 2.0220529856927256,
    "Positive Low-Energy Emotions|Contemplation": 0.9408811290868941,
    "Negative Low-Energy Emotions|Emotional Numbness": -0.8019312721381293,
    "Negative High-Energy Emotions|Impatience and Irritability": 0.43963330518454313,
    "Negative Low-Energy Emotions|Helplessness": 1.566469530428157,
    "Negative Low-Energy Emotions|Contempt": -0.06357682939399689,
    "Positive High-Energy Emotions|Astonishment/Surprise": -0.45416437681764377,
    "Positive High-Energy Emotions|Pleasure/Ecstasy": -0.7933870679928976,
    "Negative Low-Energy Emotions|Doubt": -0.19497438173576753,
    "Negative High-Energy Emotions|Anger": 1.615370447039604,
    "Positive Low-Energy Emotions|Contentment": -1.688843573040384,
    "Positive Low-Energy Emotions|Relief": -0.36503537078990655,
    "Positive High-Energy Emotions|Amusement": -1.906297694714192,
    "Longing & Lust|Longing": 0.6149934434538762,
    "Positive High-Energy Emotions|Awe": -0.25373589227743,
    "Physical and Exhaustive States|Fatigue/Exhaustion": 1.107796077870709,
    "Negative Low-Energy Emotions|Bitterness": 0.5219611645270796,
    "Negative High-Energy Emotions|Disgust": 1.323108993251534,
    "Positive Low-Energy Emotions|Thankfulness/Gratitude": -0.6135811852302182,
    "Positive High-Energy Emotions|Teasing": -1.4403062729647056,
    "Physical and Exhaustive States|Intoxication/Altered States of Consciousness": -0.5180095426080857,
    "Positive Low-Energy Emotions|Pride": -2.0515760612378227,
    "Negative Low-Energy Emotions|Embarrassment": 0.13695226396269655,
    "Positive Low-Energy Emotions|Affection": -0.33845534111647047,
    "Negative Low-Energy Emotions|Sadness": 1.9321248887917575,
    "Negative Low-Energy Emotions|Shame": 0.31508076131124707,
    "Positive High-Energy Emotions|Triumph": -2.3404037774836315,
    "Cognitive States and Processes|Concentration": -0.08534133398795829,
    "Physical and Exhaustive States|Sourness": -0.13919433003291487,
    "Physical and Exhaustive States|Pain": 1.2885320591050036,
    "Negative High-Energy Emotions|Fear": 0.3053989019091514
  }
}