{
  "key": [
    "projects",
    "empathic-insight-face-large",
    "juggernaut-xl-v8-prompt-5-33_result.png"
  ],
  "value": {
    "Negative High-Energy Emotions|Malevolence/Malice": 0.4316163073940311,
    "Negative Low-Energy Emotions|Jealousy & Envy": 0.1325251617589418,
    "Longing & Lust|Infatuation": -1.3068464584254167,
    "Cognitive States and Processes|Confusion": 1.6364358003114294,
    "Longing & Lust|Sexual Lust": -0.12519175060531662,
    "Positive High-Energy Emotions|Hope/Enthusiasm/Optimism": -1.2500422936634106,
    "Positive High-Energy Emotions|Interest": -1.547584760375321,
    "Positive High-Energy Emotions|Elation": -2.2639838907319834,
    "Negative Low-Energy Emotions|Disappointment": 3.4296105313498306,
    "Negative High-Energy Emotions|Distress": 1.890155297780738,
    "Positive Low-Energy Emotions|Contemplation": 0.43038234460441505,
    "Negative Low-Energy Emotions|Emotional Numbness": -0.31654633103705504,
    "Negative High-Energy Emotions|Impatience and Irritability": 1.1274235798045993,
    "Negative Low-Energy Emotions|Helplessness": 1.054786364401088,
    "Negative Low-Energy Emotions|Contempt": 0.7105718732274631,
    "Positive High-Energy Emotions|Astonishment/Surprise": 0.2503117412701248,
    "Positive High-Energy Emotions|Pleasure/Ecstasy": -1.680064571578713,
    "Negative Low-Energy Emotions|Doubt": 0.6078905274362906,
    "Negative High-Energy Emotions|Anger": 1.9800388163328169,
    "Positive Low-Energy Emotions|Contentment": -0.8924702057308136,
    "Positive Low-Energy Emotions|Relief": -1.6527835883726092,
    "Positive High-Energy Emotions|Amusement": -2.4084062686277665,
    "Longing & Lust|Longing": -0.07375154856386978,
    "Positive High-Energy Emotions|Awe": -0.1562179250533089,
    "Physical and Exhaustive States|Fatigue/Exhaustion": 1.0542304564946714,
    "Negative Low-Energy Emotions|Bitterness": 0.10314996247782426,
    "Negative High-Energy Emotions|Disgust": 1.0073461157872396,
    "Positive Low-Energy Emotions|Thankfulness/Gratitude": -1.09116220940014,
    "Positive High-Energy Emotions|Teasing": -1.370973673324813,
    "Physical and Exhaustive States|Intoxication/Altered States of Consciousness": -0.013625740194145308,
    "Positive Low-Energy Emotions|Pride": -3.0613360834012138,
    "Negative Low-Energy Emotions|Embarrassment": -0.1403017214422717,
    "Positive Low-Energy Emotions|Affection": -1.4004311778703156,
    "Negative Low-Energy Emotions|Sadness": 0.39277646531076993,
    "Negative Low-Energy Emotions|Shame": -0.14361792862634448,
    "Positive High-Energy Emotions|Triumph": -2.286530238512684,
    "Cognitive States and Processes|Concentration": 0.16968935763572945,
    "Physical and Exhaustive States|Sourness": -0.2636285329423845,
    "Physical and Exhaustive States|Pain": 0.7551304506379015,
    "Negative High-Energy Emotions|Fear": 1.356733506530085
  }
}