{
  "key": [
    "projects",
    "empathic-insight-face-large",
    "juggernaut-xl-v8-prompt-6-215_result.png"
  ],
  "value": {
    "Negative High-Energy Emotions|Malevolence/Malice": -0.6236762393550839,
    "Negative Low-Energy Emotions|Jealousy & Envy": -0.6472714385828551,
    "Longing & Lust|Infatuation": 0.24048833180438067,
    "Cognitive States and Processes|Confusion": -1.5593144958044458,
    "Longing & Lust|Sexual Lust": -0.45841604717514084,
    "Positive High-Energy Emotions|Hope/Enthusiasm/Optimism": 0.09629478633842048,
    "Positive High-Energy Emotions|Interest": 1.1968451855704187,
    "Positive High-Energy Emotions|Elation": 1.0947439220350454,
    "Negative Low-Energy Emotions|Disappointment": -0.10151882884914398,
    "Negative High-Energy Emotions|Distress": -0.019429284071221076,
    "Positive Low-Energy Emotions|Contemplation": 1.6933697422155563,
    "Negative Low-Energy Emotions|Emotional Numbness": -0.6111142736563788,
    "Negative High-Energy Emotions|Impatience and Irritability": 1.3104432774707675,
    "Negative Low-Energy Emotions|Helplessness": -1.111149151956334,
    "Negative Low-Energy Emotions|Contempt": -0.27107418771614045,
    "Positive High-Energy Emotions|Astonishment/Surprise": 0.20475662652403104,
    "Positive High-Energy Emotions|Pleasure/Ecstasy": -0.5682356483533102,
    "Negative Low-Energy Emotions|Doubt": -1.023398835471119,
    "Negative High-Energy Emotions|Anger": 1.4934378212690351,
    "Positive Low-Energy Emotions|Contentment": 1.746232306056601,
    "Positive Low-Energy Emotions|Relief": 0.8654327831636457,
    "Positive High-Energy Emotions|Amusement": 1.8056965360330308,
    "Longing & Lust|Longing": -0.03769240740481217,
    "Positive High-Energy Emotions|Awe": 0.22678757478647382,
    "Physical and Exhaustive States|Fatigue/Exhaustion": 0.47191744043765704,
    "Negative Low-Energy Emotions|Bitterness": -1.4206864118050126,
    "Negative High-Energy Emotions|Disgust": -0.37983135155895176,
    "Positive Low-Energy Emotions|Thankfulness/Gratitude": 0.492972607723273,
    "Positive High-Energy Emotions|Teasing": -0.6637011437227621,
    "Physical and Exhaustive States|Intoxication/Altered States of Consciousness": -0.6304107896326219,
    "Positive Low-Energy Emotions|Pride": -0.8498406243214712,
    "Negative Low-Energy Emotions|Embarrassment": -0.30110241686158323,
    "Positive Low-Energy Emotions|Affection": 0.7348797998270568,
    "Negative Low-Energy Emotions|Sadness": -0.2904965520956937,
    "Negative Low-Energy Emotions|Shame": -0.9838538771889666,
    "Positive High-Energy Emotions|Triumph": -0.4719290108715787,
    "Cognitive States and Processes|Concentration": -0.1733532544400762,
    "Physical and Exhaustive States|Sourness": -0.29845588451251387,
    "Physical and Exhaustive States|Pain": -0.581062991706764,
    "Negative High-Energy Emotions|Fear": -0.9339943323437783
  }
}