{
  "key": [
    "projects",
    "empathic-insight-face-large",
    "juggernaut-xl-v8-prompt-6-244_result.png"
  ],
  "value": {
    "Negative High-Energy Emotions|Malevolence/Malice": -0.447916447027203,
    "Negative Low-Energy Emotions|Jealousy & Envy": 0.16062732125906387,
    "Longing & Lust|Infatuation": 0.973537337074385,
    "Cognitive States and Processes|Confusion": -2.573613411667483,
    "Longing & Lust|Sexual Lust": 0.5681018208668513,
    "Positive High-Energy Emotions|Hope/Enthusiasm/Optimism": 0.6019245046421009,
    "Positive High-Energy Emotions|Interest": 2.1313269255682825,
    "Positive High-Energy Emotions|Elation": -0.7894055101472666,
    "Negative Low-Energy Emotions|Disappointment": 1.10668162586277,
    "Negative High-Energy Emotions|Distress": -0.15042145821978065,
    "Positive Low-Energy Emotions|Contemplation": 2.0100773532995406,
    "Negative Low-Energy Emotions|Emotional Numbness": -0.7074136239180671,
    "Negative High-Energy Emotions|Impatience and Irritability": 0.38410800229758024,
    "Negative Low-Energy Emotions|Helplessness": -0.9816166955583235,
    "Negative Low-Energy Emotions|Contempt": -0.35490549798835724,
    "Positive High-Energy Emotions|Astonishment/Surprise": 0.09220469895750272,
    "Positive High-Energy Emotions|Pleasure/Ecstasy": 0.27346061400630894,
    "Negative Low-Energy Emotions|Doubt": 0.0635172088833197,
    "Negative High-Energy Emotions|Anger": 1.00936406314373,
    "Positive Low-Energy Emotions|Contentment": 0.42296425014076844,
    "Positive Low-Energy Emotions|Relief": -0.4520546950925799,
    "Positive High-Energy Emotions|Amusement": -0.14315081742537372,
    "Longing & Lust|Longing": 0.8184543156271855,
    "Positive High-Energy Emotions|Awe": 0.06696475316934736,
    "Physical and Exhaustive States|Fatigue/Exhaustion": -0.5819006960159715,
    "Negative Low-Energy Emotions|Bitterness": -0.2060876368950395,
    "Negative High-Energy Emotions|Disgust": -0.6017647164271158,
    "Positive Low-Energy Emotions|Thankfulness/Gratitude": 2.1791278077278506,
    "Positive High-Energy Emotions|Teasing": -0.2140379814913168,
    "Physical and Exhaustive States|Intoxication/Altered States of Consciousness": -0.09882533469182597,
    "Positive Low-Energy Emotions|Pride": 0.41492290974759005,
    "Negative Low-Energy Emotions|Embarrassment": -0.8981921843176379,
    "Positive Low-Energy Emotions|Affection": 2.044117667420822,
    "Negative Low-Energy Emotions|Sadness": -0.4991501213171903,
    "Negative Low-Energy Emotions|Shame": -0.5949397689125994,
    "Positive High-Energy Emotions|Triumph": -0.41024363872759484,
    "Cognitive States and Processes|Concentration": 0.47968691622947945,
    "Physical and Exhaustive States|Sourness": -0.3833874965272844,
    "Physical and Exhaustive States|Pain": -0.06154270896140268,
    "Negative High-Energy Emotions|Fear": -0.3775294218365761
  }
}