{
  "key": [
    "projects",
    "empathic-insight-face-large",
    "juggernaut-xl-v8-prompt-5-85_result.png"
  ],
  "value": {
    "Negative High-Energy Emotions|Malevolence/Malice": -0.0999988902645077,
    "Negative Low-Energy Emotions|Jealousy & Envy": 0.41662402536062637,
    "Longing & Lust|Infatuation": -2.12625582884778,
    "Cognitive States and Processes|Confusion": 1.1700943979297709,
    "Longing & Lust|Sexual Lust": -1.236391844828339,
    "Positive High-Energy Emotions|Hope/Enthusiasm/Optimism": -1.0909181576923412,
    "Positive High-Energy Emotions|Interest": -1.3075712801888586,
    "Positive High-Energy Emotions|Elation": -1.5933291170198252,
    "Negative Low-Energy Emotions|Disappointment": 4.126122992058448,
    "Negative High-Energy Emotions|Distress": 2.101744157338844,
    "Positive Low-Energy Emotions|Contemplation": 0.7675214369901839,
    "Negative Low-Energy Emotions|Emotional Numbness": -1.2426528435835944,
    "Negative High-Energy Emotions|Impatience and Irritability": 0.15672748815268278,
    "Negative Low-Energy Emotions|Helplessness": 1.351434360111461,
    "Negative Low-Energy Emotions|Contempt": 0.501878368893967,
    "Positive High-Energy Emotions|Astonishment/Surprise": -0.45080648954957736,
    "Positive High-Energy Emotions|Pleasure/Ecstasy": -0.1333308345868307,
    "Negative Low-Energy Emotions|Doubt": -0.06802585746928612,
    "Negative High-Energy Emotions|Anger": 1.4433764761686323,
    "Positive Low-Energy Emotions|Contentment": -2.2204397568172394,
    "Positive Low-Energy Emotions|Relief": -0.36414797683849054,
    "Positive High-Energy Emotions|Amusement": -1.4406185260130202,
    "Longing & Lust|Longing": 0.28002413150128524,
    "Positive High-Energy Emotions|Awe": -0.2677029294783577,
    "Physical and Exhaustive States|Fatigue/Exhaustion": 0.8935380664402072,
    "Negative Low-Energy Emotions|Bitterness": 0.9286873460341902,
    "Negative High-Energy Emotions|Disgust": 1.747322276015492,
    "Positive Low-Energy Emotions|Thankfulness/Gratitude": -0.5090150879706967,
    "Positive High-Energy Emotions|Teasing": -1.2936073212435142,
    "Physical and Exhaustive States|Intoxication/Altered States of Consciousness": -0.4799610368250047,
    "Positive Low-Energy Emotions|Pride": -1.827110929478179,
    "Negative Low-Energy Emotions|Embarrassment": 0.45843051160521364,
    "Positive Low-Energy Emotions|Affection": -0.1771894910493318,
    "Negative Low-Energy Emotions|Sadness": 1.8405803798577365,
    "Negative Low-Energy Emotions|Shame": 0.3618239158370039,
    "Positive High-Energy Emotions|Triumph": -2.066997748736073,
    "Cognitive States and Processes|Concentration": -0.06584161484504447,
    "Physical and Exhaustive States|Sourness": 0.0017469024099409647,
    "Physical and Exhaustive States|Pain": 1.1236037420349962,
    "Negative High-Energy Emotions|Fear": 0.2680354919131187
  }
}