{
  "key": [
    "projects",
    "empathic-insight-face-large",
    "juggernaut-xl-v8-prompt-6-162_result.png"
  ],
  "value": {
    "Negative High-Energy Emotions|Malevolence/Malice": -0.3272609103755917,
    "Negative Low-Energy Emotions|Jealousy & Envy": 0.1413282909551088,
    "Longing & Lust|Infatuation": -2.0393119640253925,
    "Cognitive States and Processes|Confusion": 0.6862127716516089,
    "Longing & Lust|Sexual Lust": -2.2214110518290715,
    "Positive High-Energy Emotions|Hope/Enthusiasm/Optimism": -1.379160736198811,
    "Positive High-Energy Emotions|Interest": -2.113557446189225,
    "Positive High-Energy Emotions|Elation": -1.9302212450105478,
    "Negative Low-Energy Emotions|Disappointment": 4.504094402809791,
    "Negative High-Energy Emotions|Distress": 2.52862237122129,
    "Positive Low-Energy Emotions|Contemplation": 0.6440637071737472,
    "Negative Low-Energy Emotions|Emotional Numbness": -0.6568293672690497,
    "Negative High-Energy Emotions|Impatience and Irritability": 0.4815866304561496,
    "Negative Low-Energy Emotions|Helplessness": 1.3092564445383408,
    "Negative Low-Energy Emotions|Contempt": 1.0786694169438937,
    "Positive High-Energy Emotions|Astonishment/Surprise": 0.1126488536968826,
    "Positive High-Energy Emotions|Pleasure/Ecstasy": -0.5615395433499533,
    "Negative Low-Energy Emotions|Doubt": 0.7794906904192312,
    "Negative High-Energy Emotions|Anger": 1.164315873980522,
    "Positive Low-Energy Emotions|Contentment": -1.9856489548152862,
    "Positive Low-Energy Emotions|Relief": -0.9864165343870135,
    "Positive High-Energy Emotions|Amusement": -2.716271411450032,
    "Longing & Lust|Longing": 0.20529027816113632,
    "Positive High-Energy Emotions|Awe": 0.1616662817185417,
    "Physical and Exhaustive States|Fatigue/Exhaustion": 0.7101223368876998,
    "Negative Low-Energy Emotions|Bitterness": 1.356506031804225,
    "Negative High-Energy Emotions|Disgust": 2.0929972750737385,
    "Positive Low-Energy Emotions|Thankfulness/Gratitude": -1.5840683029975522,
    "Positive High-Energy Emotions|Teasing": -1.4928203491976157,
    "Physical and Exhaustive States|Intoxication/Altered States of Consciousness": -0.7086067191599046,
    "Positive Low-Energy Emotions|Pride": -2.8937628698239433,
    "Negative Low-Energy Emotions|Embarrassment": 1.5846051403398023,
    "Positive Low-Energy Emotions|Affection": -1.484261534468216,
    "Negative Low-Energy Emotions|Sadness": 2.549945390119272,
    "Negative Low-Energy Emotions|Shame": 0.472582131025984,
    "Positive High-Energy Emotions|Triumph": -3.473703366640736,
    "Cognitive States and Processes|Concentration": -0.39515513146186576,
    "Physical and Exhaustive States|Sourness": 0.15464028174057604,
    "Physical and Exhaustive States|Pain": 0.9056095289307482,
    "Negative High-Energy Emotions|Fear": 0.7304692473109153
  }
}