{
  "key": [
    "projects",
    "empathic-insight-face-large",
    "juggernaut-xl-v8-prompt-5-47_result.png"
  ],
  "value": {
    "Negative High-Energy Emotions|Malevolence/Malice": -0.6146814216213192,
    "Negative Low-Energy Emotions|Jealousy & Envy": -0.12378637407632431,
    "Longing & Lust|Infatuation": -2.599243003835573,
    "Cognitive States and Processes|Confusion": -0.9903652732397485,
    "Longing & Lust|Sexual Lust": -2.12181264408371,
    "Positive High-Energy Emotions|Hope/Enthusiasm/Optimism": -0.6632266980365795,
    "Positive High-Energy Emotions|Interest": -1.6891366126015783,
    "Positive High-Energy Emotions|Elation": -1.8805100175935556,
    "Negative Low-Energy Emotions|Disappointment": 2.6560705709654617,
    "Negative High-Energy Emotions|Distress": 2.6218242469079356,
    "Positive Low-Energy Emotions|Contemplation": 0.3925942217120353,
    "Negative Low-Energy Emotions|Emotional Numbness": -0.6252721053252326,
    "Negative High-Energy Emotions|Impatience and Irritability": 0.2554435087367892,
    "Negative Low-Energy Emotions|Helplessness": 0.8775221657402376,
    "Negative Low-Energy Emotions|Contempt": 0.8418685079015353,
    "Positive High-Energy Emotions|Astonishment/Surprise": -0.21691381033509982,
    "Positive High-Energy Emotions|Pleasure/Ecstasy": -1.1990293390347677,
    "Negative Low-Energy Emotions|Doubt": 0.3638808240385397,
    "Negative High-Energy Emotions|Anger": 0.6693085974454878,
    "Positive Low-Energy Emotions|Contentment": -1.511651838726419,
    "Positive Low-Energy Emotions|Relief": -0.6191308059324236,
    "Positive High-Energy Emotions|Amusement": -2.809213172466878,
    "Longing & Lust|Longing": 0.5524836980944554,
    "Positive High-Energy Emotions|Awe": 0.11561191846780927,
    "Physical and Exhaustive States|Fatigue/Exhaustion": 0.33099593713222186,
    "Negative Low-Energy Emotions|Bitterness": 1.7051274374653311,
    "Negative High-Energy Emotions|Disgust": 0.732252619941445,
    "Positive Low-Energy Emotions|Thankfulness/Gratitude": -0.9763474510993588,
    "Positive High-Energy Emotions|Teasing": -1.1732841400911704,
    "Physical and Exhaustive States|Intoxication/Altered States of Consciousness": -0.5136737815378343,
    "Positive Low-Energy Emotions|Pride": 0.10384459973477264,
    "Negative Low-Energy Emotions|Embarrassment": -0.38888813768677855,
    "Positive Low-Energy Emotions|Affection": -1.360748670355362,
    "Negative Low-Energy Emotions|Sadness": 1.7136378048798617,
    "Negative Low-Energy Emotions|Shame": 0.2791373127676985,
    "Positive High-Energy Emotions|Triumph": -1.8404247583185924,
    "Cognitive States and Processes|Concentration": -0.11473494732642875,
    "Physical and Exhaustive States|Sourness": -0.018167665060609572,
    "Physical and Exhaustive States|Pain": 0.8435819553452379,
    "Negative High-Energy Emotions|Fear": 0.4569266643221763
  }
}