{
  "key": [
    "projects",
    "empathic-insight-face-large",
    "juggernaut-xl-v8-prompt-6-207_result.png"
  ],
  "value": {
    "Negative High-Energy Emotions|Malevolence/Malice": 0.2758652578754459,
    "Negative Low-Energy Emotions|Jealousy & Envy": 0.3423359551587526,
    "Longing & Lust|Infatuation": 1.013533663044081,
    "Cognitive States and Processes|Confusion": -1.5590791766668726,
    "Longing & Lust|Sexual Lust": 1.836513188998489,
    "Positive High-Energy Emotions|Hope/Enthusiasm/Optimism": -0.2695102435306591,
    "Positive High-Energy Emotions|Interest": -0.18134509343653915,
    "Positive High-Energy Emotions|Elation": 3.928337528983898,
    "Negative Low-Energy Emotions|Disappointment": 0.3506136346060562,
    "Negative High-Energy Emotions|Distress": 0.008465451265082635,
    "Positive Low-Energy Emotions|Contemplation": 2.0084379871496383,
    "Negative Low-Energy Emotions|Emotional Numbness": 0.12148608745240114,
    "Negative High-Energy Emotions|Impatience and Irritability": -0.4070015596225858,
    "Negative Low-Energy Emotions|Helplessness": -0.7482890683763167,
    "Negative Low-Energy Emotions|Contempt": 0.8744864344991305,
    "Positive High-Energy Emotions|Astonishment/Surprise": 0.17764199677854764,
    "Positive High-Energy Emotions|Pleasure/Ecstasy": 0.8770853155062479,
    "Negative Low-Energy Emotions|Doubt": -0.7626170108823435,
    "Negative High-Energy Emotions|Anger": 1.0691665953397749,
    "Positive Low-Energy Emotions|Contentment": 2.420065199428183,
    "Positive Low-Energy Emotions|Relief": -0.17809660812511163,
    "Positive High-Energy Emotions|Amusement": 3.4596969971345626,
    "Longing & Lust|Longing": 0.15306927796658676,
    "Positive High-Energy Emotions|Awe": -0.04665195177144854,
    "Physical and Exhaustive States|Fatigue/Exhaustion": 0.8944460686975543,
    "Negative Low-Energy Emotions|Bitterness": -0.17135708326802535,
    "Negative High-Energy Emotions|Disgust": 0.2699391467168051,
    "Positive Low-Energy Emotions|Thankfulness/Gratitude": 0.3387322379265201,
    "Positive High-Energy Emotions|Teasing": 0.28827706291175936,
    "Physical and Exhaustive States|Intoxication/Altered States of Consciousness": -0.2605737439630662,
    "Positive Low-Energy Emotions|Pride": 0.26849396706723117,
    "Negative Low-Energy Emotions|Embarrassment": -0.49388601099305296,
    "Positive Low-Energy Emotions|Affection": 1.5646931311926422,
    "Negative Low-Energy Emotions|Sadness": 0.7438389866492328,
    "Negative Low-Energy Emotions|Shame": -0.7287510043404558,
    "Positive High-Energy Emotions|Triumph": 0.09864034044391967,
    "Cognitive States and Processes|Concentration": -0.30273485148215995,
    "Physical and Exhaustive States|Sourness": 0.0006585812009871073,
    "Physical and Exhaustive States|Pain": -0.8147797180098646,
    "Negative High-Energy Emotions|Fear": -0.8247988615338417
  }
}