{
  "key": [
    "projects",
    "empathic-insight-face-large",
    "mj_data_185_U1.png"
  ],
  "value": {
    "Negative High-Energy Emotions|Malevolence/Malice": 0.2593444000644718,
    "Negative Low-Energy Emotions|Jealousy & Envy": 0.5106164970555727,
    "Longing & Lust|Infatuation": -2.122102338781252,
    "Cognitive States and Processes|Confusion": 0.15460371327148192,
    "Longing & Lust|Sexual Lust": -1.7168288851573186,
    "Positive High-Energy Emotions|Hope/Enthusiasm/Optimism": -1.8661302071765942,
    "Positive High-Energy Emotions|Interest": -1.728421318717301,
    "Positive High-Energy Emotions|Elation": -2.1279503557283213,
    "Negative Low-Energy Emotions|Disappointment": 3.550454418678932,
    "Negative High-Energy Emotions|Distress": 1.6524987044579842,
    "Positive Low-Energy Emotions|Contemplation": 1.0020829399236861,
    "Negative Low-Energy Emotions|Emotional Numbness": -0.37612659751273253,
    "Negative High-Energy Emotions|Impatience and Irritability": -0.5481746839359403,
    "Negative Low-Energy Emotions|Helplessness": 0.8969168428726056,
    "Negative Low-Energy Emotions|Contempt": 1.489315497914658,
    "Positive High-Energy Emotions|Astonishment/Surprise": -0.6355291515216233,
    "Positive High-Energy Emotions|Pleasure/Ecstasy": 0.2767798774645609,
    "Negative Low-Energy Emotions|Doubt": 0.03846312660888275,
    "Negative High-Energy Emotions|Anger": 0.49584763705730417,
    "Positive Low-Energy Emotions|Contentment": -3.000073278850931,
    "Positive Low-Energy Emotions|Relief": -0.7426300801862689,
    "Positive High-Energy Emotions|Amusement": -1.712520133526448,
    "Longing & Lust|Longing": 0.5432046258097569,
    "Positive High-Energy Emotions|Awe": -0.3430658502394661,
    "Physical and Exhaustive States|Fatigue/Exhaustion": 1.055014510893208,
    "Negative Low-Energy Emotions|Bitterness": 1.857012075238368,
    "Negative High-Energy Emotions|Disgust": 1.5564934981658178,
    "Positive Low-Energy Emotions|Thankfulness/Gratitude": -0.525042061695062,
    "Positive High-Energy Emotions|Teasing": -1.0994058518221275,
    "Physical and Exhaustive States|Intoxication/Altered States of Consciousness": 0.3058390625478591,
    "Positive Low-Energy Emotions|Pride": -0.156019238818656,
    "Negative Low-Energy Emotions|Embarrassment": 0.30261789048857546,
    "Positive Low-Energy Emotions|Affection": -0.5347969749131624,
    "Negative Low-Energy Emotions|Sadness": 2.4854300378701266,
    "Negative Low-Energy Emotions|Shame": 0.7564298504569075,
    "Positive High-Energy Emotions|Triumph": -1.7949564279352916,
    "Cognitive States and Processes|Concentration": -0.13923984730506644,
    "Physical and Exhaustive States|Sourness": 0.30714214051142336,
    "Physical and Exhaustive States|Pain": 0.7780284093933947,
    "Negative High-Energy Emotions|Fear": 0.17485161682919537
  }
}