{
  "key": [
    "projects",
    "empathic-insight-face-large",
    "mj_data_12_U3.png"
  ],
  "value": {
    "Negative High-Energy Emotions|Malevolence/Malice": -0.625509916646954,
    "Negative Low-Energy Emotions|Jealousy & Envy": -0.4664464435419615,
    "Longing & Lust|Infatuation": -1.8725148029230974,
    "Cognitive States and Processes|Confusion": -2.2640841071630886,
    "Longing & Lust|Sexual Lust": -1.1499300623728947,
    "Positive High-Energy Emotions|Hope/Enthusiasm/Optimism": 0.46103784025153693,
    "Positive High-Energy Emotions|Interest": -0.6628060223534703,
    "Positive High-Energy Emotions|Elation": -1.8271729204255869,
    "Negative Low-Energy Emotions|Disappointment": 2.2016623947221565,
    "Negative High-Energy Emotions|Distress": 2.0945534529931407,
    "Positive Low-Energy Emotions|Contemplation": 1.815449114621562,
    "Negative Low-Energy Emotions|Emotional Numbness": -1.0183298689017402,
    "Negative High-Energy Emotions|Impatience and Irritability": 0.3173760725185275,
    "Negative Low-Energy Emotions|Helplessness": 0.850157539213405,
    "Negative Low-Energy Emotions|Contempt": 0.26038705114494354,
    "Positive High-Energy Emotions|Astonishment/Surprise": -0.004081121049821501,
    "Positive High-Energy Emotions|Pleasure/Ecstasy": 0.614962386410026,
    "Negative Low-Energy Emotions|Doubt": -0.010519627740825807,
    "Negative High-Energy Emotions|Anger": 1.2125038450956342,
    "Positive Low-Energy Emotions|Contentment": -1.8398226150936066,
    "Positive Low-Energy Emotions|Relief": -1.332627967797658,
    "Positive High-Energy Emotions|Amusement": -2.066331397564534,
    "Longing & Lust|Longing": 1.3579094612246434,
    "Positive High-Energy Emotions|Awe": 1.0497570114319816,
    "Physical and Exhaustive States|Fatigue/Exhaustion": -0.08434579775394757,
    "Negative Low-Energy Emotions|Bitterness": 1.3116040051509352,
    "Negative High-Energy Emotions|Disgust": -0.11014453343608799,
    "Positive Low-Energy Emotions|Thankfulness/Gratitude": -0.7722675846900571,
    "Positive High-Energy Emotions|Teasing": -1.415160503845443,
    "Physical and Exhaustive States|Intoxication/Altered States of Consciousness": -0.3588427297113572,
    "Positive Low-Energy Emotions|Pride": 1.000732736598481,
    "Negative Low-Energy Emotions|Embarrassment": -1.7440345457678332,
    "Positive Low-Energy Emotions|Affection": -0.21800645376829542,
    "Negative Low-Energy Emotions|Sadness": 1.317930912866312,
    "Negative Low-Energy Emotions|Shame": -0.5023036605141619,
    "Positive High-Energy Emotions|Triumph": -1.0420520128046764,
    "Cognitive States and Processes|Concentration": 0.03397816455101266,
    "Physical and Exhaustive States|Sourness": -0.81805448776111,
    "Physical and Exhaustive States|Pain": 1.137278358848656,
    "Negative High-Energy Emotions|Fear": 0.43666001221493755
  }
}