{
  "key": [
    "projects",
    "empathic-insight-face-large",
    "mj_data_43_U1.png"
  ],
  "value": {
    "Negative High-Energy Emotions|Malevolence/Malice": 0.0681062351627384,
    "Negative Low-Energy Emotions|Jealousy & Envy": 0.391442612663788,
    "Longing & Lust|Infatuation": -2.2717085666560077,
    "Cognitive States and Processes|Confusion": 3.2526485855554172,
    "Longing & Lust|Sexual Lust": -0.796492400248261,
    "Positive High-Energy Emotions|Hope/Enthusiasm/Optimism": -2.8353222352222485,
    "Positive High-Energy Emotions|Interest": 0.22085161190479996,
    "Positive High-Energy Emotions|Elation": -0.32113973828142184,
    "Negative Low-Energy Emotions|Disappointment": -0.32275386569911957,
    "Negative High-Energy Emotions|Distress": 2.0529312911279063,
    "Positive Low-Energy Emotions|Contemplation": -4.670243744074422,
    "Negative Low-Energy Emotions|Emotional Numbness": -3.0848235589156254,
    "Negative High-Energy Emotions|Impatience and Irritability": -1.9157086061313748,
    "Negative Low-Energy Emotions|Helplessness": 0.4290281933195451,
    "Negative Low-Energy Emotions|Contempt": 0.48533116583000213,
    "Positive High-Energy Emotions|Astonishment/Surprise": 5.154293188489973,
    "Positive High-Energy Emotions|Pleasure/Ecstasy": -1.697328222472878,
    "Negative Low-Energy Emotions|Doubt": 0.4975849797220572,
    "Negative High-Energy Emotions|Anger": -0.6715050393342974,
    "Positive Low-Energy Emotions|Contentment": -4.050055349773782,
    "Positive Low-Energy Emotions|Relief": -1.1460544623960467,
    "Positive High-Energy Emotions|Amusement": 0.6063696036027635,
    "Longing & Lust|Longing": -1.0401323831433376,
    "Positive High-Energy Emotions|Awe": 2.8156383710091606,
    "Physical and Exhaustive States|Fatigue/Exhaustion": -0.7604733507400926,
    "Negative Low-Energy Emotions|Bitterness": -0.4674205064247636,
    "Negative High-Energy Emotions|Disgust": 3.3317116124226764,
    "Positive Low-Energy Emotions|Thankfulness/Gratitude": -0.7126746224250424,
    "Positive High-Energy Emotions|Teasing": -0.2784526018907919,
    "Physical and Exhaustive States|Intoxication/Altered States of Consciousness": 1.4094605901004638,
    "Positive Low-Energy Emotions|Pride": -3.8389790487179862,
    "Negative Low-Energy Emotions|Embarrassment": 2.4202562400216565,
    "Positive Low-Energy Emotions|Affection": -3.2924063422837677,
    "Negative Low-Energy Emotions|Sadness": -0.9449768901923123,
    "Negative Low-Energy Emotions|Shame": 0.7327568227030775,
    "Positive High-Energy Emotions|Triumph": -2.1661873878275646,
    "Cognitive States and Processes|Concentration": -2.0930352803495,
    "Physical and Exhaustive States|Sourness": -0.24680375104770064,
    "Physical and Exhaustive States|Pain": -0.3138622833174818,
    "Negative High-Energy Emotions|Fear": 4.521980961769381
  }
}