{
  "key": [
    "projects",
    "empathic-insight-face-large",
    "mj_data_20_U1.png"
  ],
  "value": {
    "Negative High-Energy Emotions|Malevolence/Malice": -1.387368260725018,
    "Negative Low-Energy Emotions|Jealousy & Envy": -2.0818968257746278,
    "Longing & Lust|Infatuation": 1.093587275633917,
    "Cognitive States and Processes|Confusion": -2.852604872467654,
    "Longing & Lust|Sexual Lust": 1.6026841377423091,
    "Positive High-Energy Emotions|Hope/Enthusiasm/Optimism": 2.6539689558788258,
    "Positive High-Energy Emotions|Interest": 3.17887128572911,
    "Positive High-Energy Emotions|Elation": 6.7091260698240465,
    "Negative Low-Energy Emotions|Disappointment": -0.8246523928445053,
    "Negative High-Energy Emotions|Distress": -3.139023083185448,
    "Positive Low-Energy Emotions|Contemplation": -0.5988448898187455,
    "Negative Low-Energy Emotions|Emotional Numbness": -2.638709972489844,
    "Negative High-Energy Emotions|Impatience and Irritability": -1.9768090890720487,
    "Negative Low-Energy Emotions|Helplessness": -1.623915274774327,
    "Negative Low-Energy Emotions|Contempt": -1.848043334444656,
    "Positive High-Energy Emotions|Astonishment/Surprise": 0.48189950887113797,
    "Positive High-Energy Emotions|Pleasure/Ecstasy": 3.8840449922488016,
    "Negative Low-Energy Emotions|Doubt": -1.5725025723485604,
    "Negative High-Energy Emotions|Anger": -0.6357982808351519,
    "Positive Low-Energy Emotions|Contentment": 4.739467178874595,
    "Positive Low-Energy Emotions|Relief": 2.017230316198924,
    "Positive High-Energy Emotions|Amusement": 6.838345993487712,
    "Longing & Lust|Longing": 0.6211518847590367,
    "Positive High-Energy Emotions|Awe": 0.3499592619126335,
    "Physical and Exhaustive States|Fatigue/Exhaustion": -1.1955028574234423,
    "Negative Low-Energy Emotions|Bitterness": -2.008143830246785,
    "Negative High-Energy Emotions|Disgust": -1.3870883362696451,
    "Positive Low-Energy Emotions|Thankfulness/Gratitude": 5.598134036174811,
    "Positive High-Energy Emotions|Teasing": 1.6467059583852395,
    "Physical and Exhaustive States|Intoxication/Altered States of Consciousness": 0.9970197983743514,
    "Positive Low-Energy Emotions|Pride": 1.4296613502612008,
    "Negative Low-Energy Emotions|Embarrassment": -1.253891008246471,
    "Positive Low-Energy Emotions|Affection": 3.7599148533186493,
    "Negative Low-Energy Emotions|Sadness": -0.7806924224951688,
    "Negative Low-Energy Emotions|Shame": -1.4647273427269916,
    "Positive High-Energy Emotions|Triumph": 0.6407957254613147,
    "Cognitive States and Processes|Concentration": -1.7466662522580694,
    "Physical and Exhaustive States|Sourness": -0.9063660407625138,
    "Physical and Exhaustive States|Pain": -0.22189327010337045,
    "Negative High-Energy Emotions|Fear": -1.29328397849246
  }
}