{
  "key": [
    "projects",
    "empathic-insight-face-large",
    "mj_data_380_U1.png"
  ],
  "value": {
    "Negative High-Energy Emotions|Malevolence/Malice": -0.4688845265941586,
    "Negative Low-Energy Emotions|Jealousy & Envy": -0.007252021773773043,
    "Longing & Lust|Infatuation": 0.8023366742230513,
    "Cognitive States and Processes|Confusion": -2.1007492606665066,
    "Longing & Lust|Sexual Lust": -0.6802631045176701,
    "Positive High-Energy Emotions|Hope/Enthusiasm/Optimism": 0.47815843999824104,
    "Positive High-Energy Emotions|Interest": 0.502268042974174,
    "Positive High-Energy Emotions|Elation": 1.8046765473287771,
    "Negative Low-Energy Emotions|Disappointment": 0.6760392594534683,
    "Negative High-Energy Emotions|Distress": 0.5161635699517586,
    "Positive Low-Energy Emotions|Contemplation": 1.9859250743993941,
    "Negative Low-Energy Emotions|Emotional Numbness": -1.45538539706565,
    "Negative High-Energy Emotions|Impatience and Irritability": -1.174416129477322,
    "Negative Low-Energy Emotions|Helplessness": -0.10041578594376055,
    "Negative Low-Energy Emotions|Contempt": 0.21909676794181854,
    "Positive High-Energy Emotions|Astonishment/Surprise": 0.21133912507444608,
    "Positive High-Energy Emotions|Pleasure/Ecstasy": 2.655210005562095,
    "Negative Low-Energy Emotions|Doubt": -0.3368908206729547,
    "Negative High-Energy Emotions|Anger": 0.053929740786552216,
    "Positive Low-Energy Emotions|Contentment": -1.1106379875606476,
    "Positive Low-Energy Emotions|Relief": -0.5256071843732806,
    "Positive High-Energy Emotions|Amusement": 1.895585246561643,
    "Longing & Lust|Longing": 0.9802822970992009,
    "Positive High-Energy Emotions|Awe": 0.5950324611847893,
    "Physical and Exhaustive States|Fatigue/Exhaustion": 0.044451494955403015,
    "Negative Low-Energy Emotions|Bitterness": 0.4349916697074385,
    "Negative High-Energy Emotions|Disgust": 0.17229612894794522,
    "Positive Low-Energy Emotions|Thankfulness/Gratitude": 0.08738278876880523,
    "Positive High-Energy Emotions|Teasing": -0.48481627986930753,
    "Physical and Exhaustive States|Intoxication/Altered States of Consciousness": 0.3711557992460097,
    "Positive Low-Energy Emotions|Pride": 0.2369178402533426,
    "Negative Low-Energy Emotions|Embarrassment": -1.1481399706488147,
    "Positive Low-Energy Emotions|Affection": 1.4642041704496918,
    "Negative Low-Energy Emotions|Sadness": 1.3492808698556003,
    "Negative Low-Energy Emotions|Shame": -0.4512112742684343,
    "Positive High-Energy Emotions|Triumph": -0.8328900755678906,
    "Cognitive States and Processes|Concentration": -1.1093723770406316,
    "Physical and Exhaustive States|Sourness": -0.06904928928241133,
    "Physical and Exhaustive States|Pain": 0.07038382759865591,
    "Negative High-Energy Emotions|Fear": 0.5420889463122276
  }
}