{
  "key": [
    "projects",
    "empathic-insight-face-large",
    "mj_data_356_U4.png"
  ],
  "value": {
    "Negative High-Energy Emotions|Malevolence/Malice": -0.3428387034969296,
    "Negative Low-Energy Emotions|Jealousy & Envy": -0.6598798475107726,
    "Longing & Lust|Infatuation": -0.07860274981488202,
    "Cognitive States and Processes|Confusion": -1.7908368175054956,
    "Longing & Lust|Sexual Lust": -0.20829874523422287,
    "Positive High-Energy Emotions|Hope/Enthusiasm/Optimism": -0.4986774665073437,
    "Positive High-Energy Emotions|Interest": 1.0353428242728113,
    "Positive High-Energy Emotions|Elation": -0.9282540533143808,
    "Negative Low-Energy Emotions|Disappointment": 1.6356580066878128,
    "Negative High-Energy Emotions|Distress": 2.0333585562951426,
    "Positive Low-Energy Emotions|Contemplation": 2.856338735402507,
    "Negative Low-Energy Emotions|Emotional Numbness": 0.14255600155495546,
    "Negative High-Energy Emotions|Impatience and Irritability": -0.07400852907449007,
    "Negative Low-Energy Emotions|Helplessness": 0.9359434236235479,
    "Negative Low-Energy Emotions|Contempt": -0.43713344331611603,
    "Positive High-Energy Emotions|Astonishment/Surprise": 0.8295049757137893,
    "Positive High-Energy Emotions|Pleasure/Ecstasy": 2.3408822291300577,
    "Negative Low-Energy Emotions|Doubt": 0.7346371819467886,
    "Negative High-Energy Emotions|Anger": 0.7452520674467085,
    "Positive Low-Energy Emotions|Contentment": 0.3517340770298065,
    "Positive Low-Energy Emotions|Relief": -1.2840692557920428,
    "Positive High-Energy Emotions|Amusement": -0.3243880381895339,
    "Longing & Lust|Longing": 1.540488561356632,
    "Positive High-Energy Emotions|Awe": 0.463475235003759,
    "Physical and Exhaustive States|Fatigue/Exhaustion": 0.25475843741832416,
    "Negative Low-Energy Emotions|Bitterness": -0.41807405943379683,
    "Negative High-Energy Emotions|Disgust": -0.5491004364893717,
    "Positive Low-Energy Emotions|Thankfulness/Gratitude": 0.14594792853931304,
    "Positive High-Energy Emotions|Teasing": -0.4136273531725302,
    "Physical and Exhaustive States|Intoxication/Altered States of Consciousness": 0.7120730587007369,
    "Positive Low-Energy Emotions|Pride": -0.26460953994489766,
    "Negative Low-Energy Emotions|Embarrassment": -1.6112811735754504,
    "Positive Low-Energy Emotions|Affection": 2.4202523014387665,
    "Negative Low-Energy Emotions|Sadness": 0.7832950561186847,
    "Negative Low-Energy Emotions|Shame": -0.49006134331445483,
    "Positive High-Energy Emotions|Triumph": -1.4166353763376964,
    "Cognitive States and Processes|Concentration": -0.09616160357261405,
    "Physical and Exhaustive States|Sourness": -0.4348682070337236,
    "Physical and Exhaustive States|Pain": 0.933536093147362,
    "Negative High-Energy Emotions|Fear": 0.35406180283383404
  }
}