{
  "key": [
    "projects",
    "empathic-insight-face-large",
    "mj_data_92_U1.png"
  ],
  "value": {
    "Negative High-Energy Emotions|Malevolence/Malice": -0.042959033353802134,
    "Negative Low-Energy Emotions|Jealousy & Envy": 1.2637682714620058,
    "Longing & Lust|Infatuation": -2.5635166950129413,
    "Cognitive States and Processes|Confusion": 2.621224039313657,
    "Longing & Lust|Sexual Lust": -1.2162433291270451,
    "Positive High-Energy Emotions|Hope/Enthusiasm/Optimism": -1.988563869591145,
    "Positive High-Energy Emotions|Interest": -0.800661432929337,
    "Positive High-Energy Emotions|Elation": -1.8651329729158213,
    "Negative Low-Energy Emotions|Disappointment": 2.38917192401474,
    "Negative High-Energy Emotions|Distress": 2.38325784828733,
    "Positive Low-Energy Emotions|Contemplation": -2.2963211576333817,
    "Negative Low-Energy Emotions|Emotional Numbness": -2.6374401551375493,
    "Negative High-Energy Emotions|Impatience and Irritability": 0.42010420095175505,
    "Negative Low-Energy Emotions|Helplessness": 0.6443543237097124,
    "Negative Low-Energy Emotions|Contempt": 2.1513005897797206,
    "Positive High-Energy Emotions|Astonishment/Surprise": 2.4959437787905334,
    "Positive High-Energy Emotions|Pleasure/Ecstasy": -1.5003823167874533,
    "Negative Low-Energy Emotions|Doubt": 1.7119518925638542,
    "Negative High-Energy Emotions|Anger": 1.248488361239433,
    "Positive Low-Energy Emotions|Contentment": -3.7525161156124054,
    "Positive Low-Energy Emotions|Relief": -1.9382981814969988,
    "Positive High-Energy Emotions|Amusement": -0.8766181578947341,
    "Longing & Lust|Longing": -0.6467870271557887,
    "Positive High-Energy Emotions|Awe": 0.6922348814194694,
    "Physical and Exhaustive States|Fatigue/Exhaustion": -0.36061666414799054,
    "Negative Low-Energy Emotions|Bitterness": 1.6135808721710654,
    "Negative High-Energy Emotions|Disgust": 3.4908510071828083,
    "Positive Low-Energy Emotions|Thankfulness/Gratitude": -1.72295570839306,
    "Positive High-Energy Emotions|Teasing": -1.1817112831880943,
    "Physical and Exhaustive States|Intoxication/Altered States of Consciousness": 0.32151109061258687,
    "Positive Low-Energy Emotions|Pride": -3.7805550527463065,
    "Negative Low-Energy Emotions|Embarrassment": 1.551042316209744,
    "Positive Low-Energy Emotions|Affection": -2.3467128493943634,
    "Negative Low-Energy Emotions|Sadness": 0.023132479085641755,
    "Negative Low-Energy Emotions|Shame": 0.40315067708273145,
    "Positive High-Energy Emotions|Triumph": -3.5796375097071422,
    "Cognitive States and Processes|Concentration": -0.4252201464202474,
    "Physical and Exhaustive States|Sourness": -0.10478677397593855,
    "Physical and Exhaustive States|Pain": 0.7945077823716051,
    "Negative High-Energy Emotions|Fear": 2.783380350082674
  }
}