{
  "key": [
    "projects",
    "empathic-insight-face-large",
    "mj_data_306_U1.png"
  ],
  "value": {
    "Negative High-Energy Emotions|Malevolence/Malice": -0.8355801690654721,
    "Negative Low-Energy Emotions|Jealousy & Envy": 0.09586854364065567,
    "Longing & Lust|Infatuation": 0.9007746391392806,
    "Cognitive States and Processes|Confusion": -2.5878255431677273,
    "Longing & Lust|Sexual Lust": 1.45326721421936,
    "Positive High-Energy Emotions|Hope/Enthusiasm/Optimism": 2.02745523632011,
    "Positive High-Energy Emotions|Interest": 1.7395961401984095,
    "Positive High-Energy Emotions|Elation": 2.5453386750620077,
    "Negative Low-Energy Emotions|Disappointment": -0.39869113681728363,
    "Negative High-Energy Emotions|Distress": -1.7408529696219108,
    "Positive Low-Energy Emotions|Contemplation": 1.298848088563365,
    "Negative Low-Energy Emotions|Emotional Numbness": -1.422723124612342,
    "Negative High-Energy Emotions|Impatience and Irritability": -0.9009118722751737,
    "Negative Low-Energy Emotions|Helplessness": -0.8823457557313582,
    "Negative Low-Energy Emotions|Contempt": -1.004255664309158,
    "Positive High-Energy Emotions|Astonishment/Surprise": 0.6199547142162918,
    "Positive High-Energy Emotions|Pleasure/Ecstasy": 2.342512535373954,
    "Negative Low-Energy Emotions|Doubt": -1.1449101756124154,
    "Negative High-Energy Emotions|Anger": 0.022566968798637177,
    "Positive Low-Energy Emotions|Contentment": 0.49846330791054383,
    "Positive Low-Energy Emotions|Relief": -0.3027556695569964,
    "Positive High-Energy Emotions|Amusement": 1.1013618597673143,
    "Longing & Lust|Longing": 1.3578567409163396,
    "Positive High-Energy Emotions|Awe": 1.8487431185429588,
    "Physical and Exhaustive States|Fatigue/Exhaustion": -1.862672666764873,
    "Negative Low-Energy Emotions|Bitterness": -0.735748457856038,
    "Negative High-Energy Emotions|Disgust": -1.183082618038444,
    "Positive Low-Energy Emotions|Thankfulness/Gratitude": 0.8508876515541446,
    "Positive High-Energy Emotions|Teasing": -0.04321935461067106,
    "Physical and Exhaustive States|Intoxication/Altered States of Consciousness": -0.1593137971399461,
    "Positive Low-Energy Emotions|Pride": 1.4902998972048653,
    "Negative Low-Energy Emotions|Embarrassment": -1.7495935133581653,
    "Positive Low-Energy Emotions|Affection": 2.948984601243454,
    "Negative Low-Energy Emotions|Sadness": -0.8160518051245633,
    "Negative Low-Energy Emotions|Shame": -0.8751810199044207,
    "Positive High-Energy Emotions|Triumph": 0.21295638668186523,
    "Cognitive States and Processes|Concentration": -0.1722090836789678,
    "Physical and Exhaustive States|Sourness": -0.9530410075746476,
    "Physical and Exhaustive States|Pain": 0.2363500999527819,
    "Negative High-Energy Emotions|Fear": 0.27295013329342876
  }
}