{
  "key": [
    "projects",
    "empathic-insight-face-large",
    "mj_data_223_U3.png"
  ],
  "value": {
    "Negative High-Energy Emotions|Malevolence/Malice": -1.4049616445140805,
    "Negative Low-Energy Emotions|Jealousy & Envy": -2.3985584220728455,
    "Longing & Lust|Infatuation": -1.8215933627985856,
    "Cognitive States and Processes|Confusion": -3.0494020049597195,
    "Longing & Lust|Sexual Lust": -1.0590906763865666,
    "Positive High-Energy Emotions|Hope/Enthusiasm/Optimism": 4.828871871833416,
    "Positive High-Energy Emotions|Interest": 0.12834120970219376,
    "Positive High-Energy Emotions|Elation": 7.751476600448436,
    "Negative Low-Energy Emotions|Disappointment": -2.2185387205880356,
    "Negative High-Energy Emotions|Distress": -3.9205889878027578,
    "Positive Low-Energy Emotions|Contemplation": -2.6160669366708573,
    "Negative Low-Energy Emotions|Emotional Numbness": -2.200054834474097,
    "Negative High-Energy Emotions|Impatience and Irritability": -1.4458780931308866,
    "Negative Low-Energy Emotions|Helplessness": -2.016678651010289,
    "Negative Low-Energy Emotions|Contempt": -1.5396634459101102,
    "Positive High-Energy Emotions|Astonishment/Surprise": -0.2502244621142746,
    "Positive High-Energy Emotions|Pleasure/Ecstasy": 4.482972490112571,
    "Negative Low-Energy Emotions|Doubt": -2.925375063231434,
    "Negative High-Energy Emotions|Anger": -0.796536987423897,
    "Positive Low-Energy Emotions|Contentment": 6.238295232349021,
    "Positive Low-Energy Emotions|Relief": 2.97212903121815,
    "Positive High-Energy Emotions|Amusement": 6.709752071826335,
    "Longing & Lust|Longing": -0.42330263022127945,
    "Positive High-Energy Emotions|Awe": 0.5668505506699577,
    "Physical and Exhaustive States|Fatigue/Exhaustion": -0.9366836349731859,
    "Negative Low-Energy Emotions|Bitterness": -1.8460964440773515,
    "Negative High-Energy Emotions|Disgust": -0.9424004929468912,
    "Positive Low-Energy Emotions|Thankfulness/Gratitude": 5.22774099837879,
    "Positive High-Energy Emotions|Teasing": 1.4870283336827859,
    "Physical and Exhaustive States|Intoxication/Altered States of Consciousness": 0.5600156196119155,
    "Positive Low-Energy Emotions|Pride": 1.4222598838915719,
    "Negative Low-Energy Emotions|Embarrassment": -0.6541780403738513,
    "Positive Low-Energy Emotions|Affection": 3.5727586529097137,
    "Negative Low-Energy Emotions|Sadness": -1.3363148809531156,
    "Negative Low-Energy Emotions|Shame": -1.5271348363183002,
    "Positive High-Energy Emotions|Triumph": 0.6728387056554065,
    "Cognitive States and Processes|Concentration": -1.9663951989438604,
    "Physical and Exhaustive States|Sourness": -1.0152657533250748,
    "Physical and Exhaustive States|Pain": -0.39078017005149057,
    "Negative High-Energy Emotions|Fear": -1.8535430822674843
  }
}