{
  "key": [
    "projects",
    "empathic-insight-face-large",
    "mj_data_34_U4.png"
  ],
  "value": {
    "Negative High-Energy Emotions|Malevolence/Malice": -1.351937590940472,
    "Negative Low-Energy Emotions|Jealousy & Envy": -2.148509784682709,
    "Longing & Lust|Infatuation": 0.49172459174166705,
    "Cognitive States and Processes|Confusion": -3.274775273087161,
    "Longing & Lust|Sexual Lust": 0.6418258523152156,
    "Positive High-Energy Emotions|Hope/Enthusiasm/Optimism": 4.875330116157146,
    "Positive High-Energy Emotions|Interest": 1.7392119286581873,
    "Positive High-Energy Emotions|Elation": 7.644041374008006,
    "Negative Low-Energy Emotions|Disappointment": -1.7560824942391586,
    "Negative High-Energy Emotions|Distress": -3.959429281687035,
    "Positive Low-Energy Emotions|Contemplation": -1.824153904139119,
    "Negative Low-Energy Emotions|Emotional Numbness": -2.7118491631636723,
    "Negative High-Energy Emotions|Impatience and Irritability": -1.7300203489139676,
    "Negative Low-Energy Emotions|Helplessness": -1.4627269107453964,
    "Negative Low-Energy Emotions|Contempt": -2.187783133944168,
    "Positive High-Energy Emotions|Astonishment/Surprise": -0.21768008764833224,
    "Positive High-Energy Emotions|Pleasure/Ecstasy": 4.2009369008944315,
    "Negative Low-Energy Emotions|Doubt": -2.7273488829641,
    "Negative High-Energy Emotions|Anger": -0.8259769135713579,
    "Positive Low-Energy Emotions|Contentment": 4.322554384761435,
    "Positive Low-Energy Emotions|Relief": 2.5500113211046247,
    "Positive High-Energy Emotions|Amusement": 6.775135506121989,
    "Longing & Lust|Longing": 0.28647275801953476,
    "Positive High-Energy Emotions|Awe": 0.06664670278482587,
    "Physical and Exhaustive States|Fatigue/Exhaustion": -0.8302272360092576,
    "Negative Low-Energy Emotions|Bitterness": -1.79888479704366,
    "Negative High-Energy Emotions|Disgust": -1.6326694863245768,
    "Positive Low-Energy Emotions|Thankfulness/Gratitude": 4.804395671001471,
    "Positive High-Energy Emotions|Teasing": 1.3241944344232186,
    "Physical and Exhaustive States|Intoxication/Altered States of Consciousness": 0.1584652670385207,
    "Positive Low-Energy Emotions|Pride": 1.5491334962954415,
    "Negative Low-Energy Emotions|Embarrassment": -1.8385837248449817,
    "Positive Low-Energy Emotions|Affection": 3.9327366134962616,
    "Negative Low-Energy Emotions|Sadness": -1.428518974886221,
    "Negative Low-Energy Emotions|Shame": -1.7051512604973773,
    "Positive High-Energy Emotions|Triumph": 0.8444926916325793,
    "Cognitive States and Processes|Concentration": -1.7043637629773687,
    "Physical and Exhaustive States|Sourness": -0.7881420159898698,
    "Physical and Exhaustive States|Pain": -0.4543973995131605,
    "Negative High-Energy Emotions|Fear": -1.2686160002057167
  }
}