{
  "key": [
    "projects",
    "empathic-insight-face-large",
    "mj_data_265_U3.png"
  ],
  "value": {
    "Negative High-Energy Emotions|Malevolence/Malice": -1.1537194837169613,
    "Negative Low-Energy Emotions|Jealousy & Envy": -1.8297026595911559,
    "Longing & Lust|Infatuation": -0.2768070287608049,
    "Cognitive States and Processes|Confusion": -3.5043089454199245,
    "Longing & Lust|Sexual Lust": -1.1333683157756047,
    "Positive High-Energy Emotions|Hope/Enthusiasm/Optimism": 4.066504146461101,
    "Positive High-Energy Emotions|Interest": 0.39164006765931847,
    "Positive High-Energy Emotions|Elation": 6.096921994964427,
    "Negative Low-Energy Emotions|Disappointment": -1.0845567774575424,
    "Negative High-Energy Emotions|Distress": -2.9136376557104726,
    "Positive Low-Energy Emotions|Contemplation": 0.10793190795270835,
    "Negative Low-Energy Emotions|Emotional Numbness": -1.932115386117469,
    "Negative High-Energy Emotions|Impatience and Irritability": -0.9000645326450467,
    "Negative Low-Energy Emotions|Helplessness": -1.1279991466157577,
    "Negative Low-Energy Emotions|Contempt": -1.5260487913690945,
    "Positive High-Energy Emotions|Astonishment/Surprise": -0.6522787719592453,
    "Positive High-Energy Emotions|Pleasure/Ecstasy": 3.666394578735618,
    "Negative Low-Energy Emotions|Doubt": -2.2667880843190806,
    "Negative High-Energy Emotions|Anger": -0.28189856350421927,
    "Positive Low-Energy Emotions|Contentment": 4.130778585963828,
    "Positive Low-Energy Emotions|Relief": 2.6262256346117048,
    "Positive High-Energy Emotions|Amusement": 5.973911274402019,
    "Longing & Lust|Longing": 0.42260148164090316,
    "Positive High-Energy Emotions|Awe": -0.0753790063673958,
    "Physical and Exhaustive States|Fatigue/Exhaustion": -0.4770824711090501,
    "Negative Low-Energy Emotions|Bitterness": -0.8594769715736894,
    "Negative High-Energy Emotions|Disgust": -0.8995881455347818,
    "Positive Low-Energy Emotions|Thankfulness/Gratitude": 4.627588267437018,
    "Positive High-Energy Emotions|Teasing": 0.537192466993104,
    "Physical and Exhaustive States|Intoxication/Altered States of Consciousness": -0.22412168898564921,
    "Positive Low-Energy Emotions|Pride": 1.4770968723406686,
    "Negative Low-Energy Emotions|Embarrassment": -1.5125882795935168,
    "Positive Low-Energy Emotions|Affection": 3.509891249879318,
    "Negative Low-Energy Emotions|Sadness": -0.5605615020850125,
    "Negative Low-Energy Emotions|Shame": -1.2883567219994525,
    "Positive High-Energy Emotions|Triumph": 0.4711712180340991,
    "Cognitive States and Processes|Concentration": -1.6262096163060735,
    "Physical and Exhaustive States|Sourness": -0.2804214263521135,
    "Physical and Exhaustive States|Pain": -0.357732970802223,
    "Negative High-Energy Emotions|Fear": -1.6925013456647011
  }
}