{
  "key": [
    "projects",
    "empathic-insight-face-large",
    "mj_data_241_U1.png"
  ],
  "value": {
    "Negative High-Energy Emotions|Malevolence/Malice": -0.8374260057048764,
    "Negative Low-Energy Emotions|Jealousy & Envy": -1.8000219306788023,
    "Longing & Lust|Infatuation": -1.618314344396486,
    "Cognitive States and Processes|Confusion": -1.9923322265173364,
    "Longing & Lust|Sexual Lust": -0.8013418341471867,
    "Positive High-Energy Emotions|Hope/Enthusiasm/Optimism": 3.2693032282634693,
    "Positive High-Energy Emotions|Interest": 0.1415072498843074,
    "Positive High-Energy Emotions|Elation": 6.244808748046703,
    "Negative Low-Energy Emotions|Disappointment": -1.0881702494424057,
    "Negative High-Energy Emotions|Distress": -2.0284207043402334,
    "Positive Low-Energy Emotions|Contemplation": -1.4922850171914872,
    "Negative Low-Energy Emotions|Emotional Numbness": -2.1013154488692387,
    "Negative High-Energy Emotions|Impatience and Irritability": -0.5437317537143826,
    "Negative Low-Energy Emotions|Helplessness": -0.5780318576448104,
    "Negative Low-Energy Emotions|Contempt": -1.234419238527908,
    "Positive High-Energy Emotions|Astonishment/Surprise": -0.1571105628833176,
    "Positive High-Energy Emotions|Pleasure/Ecstasy": 3.288501011650352,
    "Negative Low-Energy Emotions|Doubt": -2.461544830611195,
    "Negative High-Energy Emotions|Anger": 0.7129527872800825,
    "Positive Low-Energy Emotions|Contentment": 4.150168811374289,
    "Positive Low-Energy Emotions|Relief": 2.553500100172618,
    "Positive High-Energy Emotions|Amusement": 5.485322941272136,
    "Longing & Lust|Longing": 0.1830594741946141,
    "Positive High-Energy Emotions|Awe": 0.10472524930887372,
    "Physical and Exhaustive States|Fatigue/Exhaustion": -0.15310798094333966,
    "Negative Low-Energy Emotions|Bitterness": -1.2324518441628007,
    "Negative High-Energy Emotions|Disgust": -0.2557610648081583,
    "Positive Low-Energy Emotions|Thankfulness/Gratitude": 4.68254851829151,
    "Positive High-Energy Emotions|Teasing": 0.31304601146675204,
    "Physical and Exhaustive States|Intoxication/Altered States of Consciousness": 0.11137902817743672,
    "Positive Low-Energy Emotions|Pride": 0.6121433544268503,
    "Negative Low-Energy Emotions|Embarrassment": -0.5327975920324817,
    "Positive Low-Energy Emotions|Affection": 3.331983067735153,
    "Negative Low-Energy Emotions|Sadness": -0.7076013923743192,
    "Negative Low-Energy Emotions|Shame": -1.2151727086327533,
    "Positive High-Energy Emotions|Triumph": -0.04677347553126954,
    "Cognitive States and Processes|Concentration": -1.6773886081006597,
    "Physical and Exhaustive States|Sourness": -0.9536761546693742,
    "Physical and Exhaustive States|Pain": 0.3854831861573107,
    "Negative High-Energy Emotions|Fear": -1.1919010076825234
  }
}