{
  "key": [
    "projects",
    "empathic-insight-face-large",
    "mj_data_130_U4.png"
  ],
  "value": {
    "Negative High-Energy Emotions|Malevolence/Malice": -0.692494927747723,
    "Negative Low-Energy Emotions|Jealousy & Envy": -0.8860929450830992,
    "Longing & Lust|Infatuation": 0.29379556704531695,
    "Cognitive States and Processes|Confusion": -1.5500528876806665,
    "Longing & Lust|Sexual Lust": 0.6751349543736263,
    "Positive High-Energy Emotions|Hope/Enthusiasm/Optimism": 2.6444685715480762,
    "Positive High-Energy Emotions|Interest": 1.0457217214629053,
    "Positive High-Energy Emotions|Elation": 6.193921640197582,
    "Negative Low-Energy Emotions|Disappointment": -0.4098875117104721,
    "Negative High-Energy Emotions|Distress": -0.7118835625403068,
    "Positive Low-Energy Emotions|Contemplation": 0.05407315093366538,
    "Negative Low-Energy Emotions|Emotional Numbness": -2.608881900895606,
    "Negative High-Energy Emotions|Impatience and Irritability": -1.194848601706326,
    "Negative Low-Energy Emotions|Helplessness": -0.08365650955368487,
    "Negative Low-Energy Emotions|Contempt": -1.194187533815994,
    "Positive High-Energy Emotions|Astonishment/Surprise": 0.23507989350706326,
    "Positive High-Energy Emotions|Pleasure/Ecstasy": 3.5381003492281717,
    "Negative Low-Energy Emotions|Doubt": -1.6373942683248177,
    "Negative High-Energy Emotions|Anger": 0.2647859400510786,
    "Positive Low-Energy Emotions|Contentment": 2.5101054659420075,
    "Positive Low-Energy Emotions|Relief": 1.7566326699625043,
    "Positive High-Energy Emotions|Amusement": 5.877160538165446,
    "Longing & Lust|Longing": 0.7566541337614934,
    "Positive High-Energy Emotions|Awe": 0.461971648234655,
    "Physical and Exhaustive States|Fatigue/Exhaustion": -0.9203914205795701,
    "Negative Low-Energy Emotions|Bitterness": -0.9766067742775468,
    "Negative High-Energy Emotions|Disgust": -0.13497868947246494,
    "Positive Low-Energy Emotions|Thankfulness/Gratitude": 4.406934256664313,
    "Positive High-Energy Emotions|Teasing": 0.4477337033937082,
    "Physical and Exhaustive States|Intoxication/Altered States of Consciousness": 0.6027833827497329,
    "Positive Low-Energy Emotions|Pride": 0.4082101750483408,
    "Negative Low-Energy Emotions|Embarrassment": -0.5628363064413562,
    "Positive Low-Energy Emotions|Affection": 3.4068243286451874,
    "Negative Low-Energy Emotions|Sadness": -0.3983403087714139,
    "Negative Low-Energy Emotions|Shame": -1.0123575335762958,
    "Positive High-Energy Emotions|Triumph": -0.643738699082066,
    "Cognitive States and Processes|Concentration": -1.6808925267484258,
    "Physical and Exhaustive States|Sourness": -0.6221168542467057,
    "Physical and Exhaustive States|Pain": 0.5100068258362658,
    "Negative High-Energy Emotions|Fear": -0.861467400581083
  }
}