{
  "key": [
    "projects",
    "empathic-insight-face-large",
    "mj_data_367_U3.png"
  ],
  "value": {
    "Negative High-Energy Emotions|Malevolence/Malice": -0.03169852386283534,
    "Negative Low-Energy Emotions|Jealousy & Envy": 0.18883355046896377,
    "Longing & Lust|Infatuation": -1.6415971107386491,
    "Cognitive States and Processes|Confusion": -0.4939773147131372,
    "Longing & Lust|Sexual Lust": -0.9438586855723576,
    "Positive High-Energy Emotions|Hope/Enthusiasm/Optimism": 0.10072019279441413,
    "Positive High-Energy Emotions|Interest": -1.1532587887719274,
    "Positive High-Energy Emotions|Elation": -0.3455042097169687,
    "Negative Low-Energy Emotions|Disappointment": 3.847575228233986,
    "Negative High-Energy Emotions|Distress": 2.4330043616540293,
    "Positive Low-Energy Emotions|Contemplation": 0.9093911011823836,
    "Negative Low-Energy Emotions|Emotional Numbness": -1.2827343445906745,
    "Negative High-Energy Emotions|Impatience and Irritability": -0.7469225572422147,
    "Negative Low-Energy Emotions|Helplessness": 1.46072934087585,
    "Negative Low-Energy Emotions|Contempt": 0.1334878087438205,
    "Positive High-Energy Emotions|Astonishment/Surprise": 0.14686549607664334,
    "Positive High-Energy Emotions|Pleasure/Ecstasy": 1.9963319175646586,
    "Negative Low-Energy Emotions|Doubt": 0.6865122725458487,
    "Negative High-Energy Emotions|Anger": 0.527836734652519,
    "Positive Low-Energy Emotions|Contentment": -1.4461429962581573,
    "Positive Low-Energy Emotions|Relief": -0.9447443046201678,
    "Positive High-Energy Emotions|Amusement": 0.10241483542191632,
    "Longing & Lust|Longing": 1.1520866506939809,
    "Positive High-Energy Emotions|Awe": 0.22266901304178388,
    "Physical and Exhaustive States|Fatigue/Exhaustion": -0.09523127481998761,
    "Negative Low-Energy Emotions|Bitterness": 1.0101087809134932,
    "Negative High-Energy Emotions|Disgust": 0.06701000757953701,
    "Positive Low-Energy Emotions|Thankfulness/Gratitude": -0.3493123101081479,
    "Positive High-Energy Emotions|Teasing": -1.5156145958711997,
    "Physical and Exhaustive States|Intoxication/Altered States of Consciousness": -0.6383208028314744,
    "Positive Low-Energy Emotions|Pride": -0.3821466994176016,
    "Negative Low-Energy Emotions|Embarrassment": -0.6391053370123401,
    "Positive Low-Energy Emotions|Affection": 1.6474044105848846,
    "Negative Low-Energy Emotions|Sadness": 1.7194166540047702,
    "Negative Low-Energy Emotions|Shame": 0.7397238457180998,
    "Positive High-Energy Emotions|Triumph": -1.7179741681849254,
    "Cognitive States and Processes|Concentration": -0.48100841009879813,
    "Physical and Exhaustive States|Sourness": -0.5335721874795853,
    "Physical and Exhaustive States|Pain": 0.9242142843323595,
    "Negative High-Energy Emotions|Fear": 1.1999748255904106
  }
}