{
  "key": [
    "projects",
    "empathic-insight-face-large",
    "mj_data_148_U1.png"
  ],
  "value": {
    "Negative High-Energy Emotions|Malevolence/Malice": 2.132721365587238,
    "Negative Low-Energy Emotions|Jealousy & Envy": 2.1323834219136657,
    "Longing & Lust|Infatuation": -1.5049005336665056,
    "Cognitive States and Processes|Confusion": -1.3224527900244165,
    "Longing & Lust|Sexual Lust": -0.03722793110153244,
    "Positive High-Energy Emotions|Hope/Enthusiasm/Optimism": -1.5176475983814282,
    "Positive High-Energy Emotions|Interest": -2.26332842130214,
    "Positive High-Energy Emotions|Elation": -2.152107879837208,
    "Negative Low-Energy Emotions|Disappointment": 1.9085824299055862,
    "Negative High-Energy Emotions|Distress": 2.042380792165504,
    "Positive Low-Energy Emotions|Contemplation": 0.27886882025091086,
    "Negative Low-Energy Emotions|Emotional Numbness": -0.9495717388281928,
    "Negative High-Energy Emotions|Impatience and Irritability": 1.9255896164104342,
    "Negative Low-Energy Emotions|Helplessness": 0.37576792653869184,
    "Negative Low-Energy Emotions|Contempt": 3.5641540170110324,
    "Positive High-Energy Emotions|Astonishment/Surprise": -0.24110471304506076,
    "Positive High-Energy Emotions|Pleasure/Ecstasy": -0.1180185205533224,
    "Negative Low-Energy Emotions|Doubt": 1.5090524365396842,
    "Negative High-Energy Emotions|Anger": 2.960308114290237,
    "Positive Low-Energy Emotions|Contentment": -3.504827345318216,
    "Positive Low-Energy Emotions|Relief": -1.982861236535451,
    "Positive High-Energy Emotions|Amusement": -2.5954771151853837,
    "Longing & Lust|Longing": 0.07812519904431503,
    "Positive High-Energy Emotions|Awe": -0.38040672967977374,
    "Physical and Exhaustive States|Fatigue/Exhaustion": -0.382575134492534,
    "Negative Low-Energy Emotions|Bitterness": 2.922453117423198,
    "Negative High-Energy Emotions|Disgust": 2.3741609675481037,
    "Positive Low-Energy Emotions|Thankfulness/Gratitude": 0.022596354595221246,
    "Positive High-Energy Emotions|Teasing": -0.9664743809511557,
    "Physical and Exhaustive States|Intoxication/Altered States of Consciousness": 0.681113869762596,
    "Positive Low-Energy Emotions|Pride": -0.39370229660369016,
    "Negative Low-Energy Emotions|Embarrassment": -0.2015340498571887,
    "Positive Low-Energy Emotions|Affection": -0.6676638343491975,
    "Negative Low-Energy Emotions|Sadness": 0.7564957200429019,
    "Negative Low-Energy Emotions|Shame": 0.7400848710515043,
    "Positive High-Energy Emotions|Triumph": -1.3699375809466137,
    "Cognitive States and Processes|Concentration": 0.23865908419822945,
    "Physical and Exhaustive States|Sourness": 0.15311622077599168,
    "Physical and Exhaustive States|Pain": 1.1509484457093127,
    "Negative High-Energy Emotions|Fear": 0.3621540870364097
  }
}