{
  "key": [
    "projects",
    "empathic-insight-face-large",
    "mj_data_92_U3.png"
  ],
  "value": {
    "Negative High-Energy Emotions|Malevolence/Malice": -0.7229652989940609,
    "Negative Low-Energy Emotions|Jealousy & Envy": 0.2631742515721742,
    "Longing & Lust|Infatuation": -0.7482406682871721,
    "Cognitive States and Processes|Confusion": -1.0298166339422632,
    "Longing & Lust|Sexual Lust": -0.014929595072479707,
    "Positive High-Energy Emotions|Hope/Enthusiasm/Optimism": 0.13309946239432868,
    "Positive High-Energy Emotions|Interest": 1.2134605763480066,
    "Positive High-Energy Emotions|Elation": -1.4543692323762705,
    "Negative Low-Energy Emotions|Disappointment": 1.175125401039772,
    "Negative High-Energy Emotions|Distress": 1.7529158416039803,
    "Positive Low-Energy Emotions|Contemplation": 2.126439925015849,
    "Negative Low-Energy Emotions|Emotional Numbness": -1.376169989694129,
    "Negative High-Energy Emotions|Impatience and Irritability": 0.41644471418112516,
    "Negative Low-Energy Emotions|Helplessness": -0.16731031719376055,
    "Negative Low-Energy Emotions|Contempt": -0.27228296991218537,
    "Positive High-Energy Emotions|Astonishment/Surprise": 0.1689080089703201,
    "Positive High-Energy Emotions|Pleasure/Ecstasy": 1.478016170184402,
    "Negative Low-Energy Emotions|Doubt": 0.48879693050101836,
    "Negative High-Energy Emotions|Anger": 1.2305785959959028,
    "Positive Low-Energy Emotions|Contentment": -1.5904706367916046,
    "Positive Low-Energy Emotions|Relief": -0.7216850080121966,
    "Positive High-Energy Emotions|Amusement": -0.2716419806791579,
    "Longing & Lust|Longing": 0.6506735288744847,
    "Positive High-Energy Emotions|Awe": 0.07917631437235029,
    "Physical and Exhaustive States|Fatigue/Exhaustion": -0.04665754244388898,
    "Negative Low-Energy Emotions|Bitterness": -0.25532381529317183,
    "Negative High-Energy Emotions|Disgust": -0.23554722241619053,
    "Positive Low-Energy Emotions|Thankfulness/Gratitude": -0.36462474335094575,
    "Positive High-Energy Emotions|Teasing": -0.7613398699571982,
    "Physical and Exhaustive States|Intoxication/Altered States of Consciousness": 0.3104089506627883,
    "Positive Low-Energy Emotions|Pride": 0.18059219599865814,
    "Negative Low-Energy Emotions|Embarrassment": -0.5816478899603381,
    "Positive Low-Energy Emotions|Affection": 2.0368885776838836,
    "Negative Low-Energy Emotions|Sadness": 0.1586773752114352,
    "Negative Low-Energy Emotions|Shame": -0.6563510304711321,
    "Positive High-Energy Emotions|Triumph": -1.3906158627306713,
    "Cognitive States and Processes|Concentration": 0.17839318549370065,
    "Physical and Exhaustive States|Sourness": -0.4126884246431291,
    "Physical and Exhaustive States|Pain": 0.4752358602600939,
    "Negative High-Energy Emotions|Fear": -0.11076454260989155
  }
}