{
  "key": [
    "projects",
    "empathic-insight-face-large",
    "mj_data_348_U1.png"
  ],
  "value": {
    "Negative High-Energy Emotions|Malevolence/Malice": -0.9481502164440121,
    "Negative Low-Energy Emotions|Jealousy & Envy": -1.643585487349945,
    "Longing & Lust|Infatuation": -1.2352665252589128,
    "Cognitive States and Processes|Confusion": -3.96577573466553,
    "Longing & Lust|Sexual Lust": -1.8111494208171086,
    "Positive High-Energy Emotions|Hope/Enthusiasm/Optimism": 3.0741230505748707,
    "Positive High-Energy Emotions|Interest": 0.07021541576832535,
    "Positive High-Energy Emotions|Elation": 5.058656766692943,
    "Negative Low-Energy Emotions|Disappointment": -1.6150674414437485,
    "Negative High-Energy Emotions|Distress": -2.048784512018456,
    "Positive Low-Energy Emotions|Contemplation": 0.4355086569794837,
    "Negative Low-Energy Emotions|Emotional Numbness": -1.658700416673194,
    "Negative High-Energy Emotions|Impatience and Irritability": -0.8528400110080838,
    "Negative Low-Energy Emotions|Helplessness": -0.7778958875291487,
    "Negative Low-Energy Emotions|Contempt": -0.23629869218696564,
    "Positive High-Energy Emotions|Astonishment/Surprise": -0.44874369200319064,
    "Positive High-Energy Emotions|Pleasure/Ecstasy": 3.425179111282615,
    "Negative Low-Energy Emotions|Doubt": -1.6475787947682992,
    "Negative High-Energy Emotions|Anger": -0.4337418729066851,
    "Positive Low-Energy Emotions|Contentment": 3.388027345233542,
    "Positive Low-Energy Emotions|Relief": 1.2318392276237993,
    "Positive High-Energy Emotions|Amusement": 4.352281321017619,
    "Longing & Lust|Longing": 0.5347447895651738,
    "Positive High-Energy Emotions|Awe": 0.694229252833654,
    "Physical and Exhaustive States|Fatigue/Exhaustion": -0.8162896435028489,
    "Negative Low-Energy Emotions|Bitterness": 0.25331659322275835,
    "Negative High-Energy Emotions|Disgust": -0.5943065064356607,
    "Positive Low-Energy Emotions|Thankfulness/Gratitude": 2.7528858436260593,
    "Positive High-Energy Emotions|Teasing": -0.06693353937171842,
    "Physical and Exhaustive States|Intoxication/Altered States of Consciousness": -0.45217263617498027,
    "Positive Low-Energy Emotions|Pride": 1.6225288677325143,
    "Negative Low-Energy Emotions|Embarrassment": -1.7130825689917102,
    "Positive Low-Energy Emotions|Affection": 2.498391725762802,
    "Negative Low-Energy Emotions|Sadness": 0.09548119296045865,
    "Negative Low-Energy Emotions|Shame": -0.94012790978174,
    "Positive High-Energy Emotions|Triumph": 0.664753812428783,
    "Cognitive States and Processes|Concentration": -1.8412929173734258,
    "Physical and Exhaustive States|Sourness": -0.3196986818872392,
    "Physical and Exhaustive States|Pain": 0.2591377901154406,
    "Negative High-Energy Emotions|Fear": -1.1073677931134316
  }
}