{
  "key": [
    "projects",
    "empathic-insight-face-large",
    "mj_data_347_U2.png"
  ],
  "value": {
    "Negative High-Energy Emotions|Malevolence/Malice": -1.3905096639232601,
    "Negative Low-Energy Emotions|Jealousy & Envy": -1.7090664348444518,
    "Longing & Lust|Infatuation": 0.10543994236956622,
    "Cognitive States and Processes|Confusion": -3.9568913047338894,
    "Longing & Lust|Sexual Lust": -0.13847548015853928,
    "Positive High-Energy Emotions|Hope/Enthusiasm/Optimism": 4.131564046744915,
    "Positive High-Energy Emotions|Interest": 1.7420320628210901,
    "Positive High-Energy Emotions|Elation": 6.316018655578441,
    "Negative Low-Energy Emotions|Disappointment": -1.4874379229348373,
    "Negative High-Energy Emotions|Distress": -1.7068517384283683,
    "Positive Low-Energy Emotions|Contemplation": 0.8470200558313552,
    "Negative Low-Energy Emotions|Emotional Numbness": -2.097638080705176,
    "Negative High-Energy Emotions|Impatience and Irritability": -1.653351848013699,
    "Negative Low-Energy Emotions|Helplessness": -1.1852174598329208,
    "Negative Low-Energy Emotions|Contempt": -1.6776770472132108,
    "Positive High-Energy Emotions|Astonishment/Surprise": 0.0780109256878494,
    "Positive High-Energy Emotions|Pleasure/Ecstasy": 3.925740110199241,
    "Negative Low-Energy Emotions|Doubt": -1.8797887156514779,
    "Negative High-Energy Emotions|Anger": -0.5932746583223345,
    "Positive Low-Energy Emotions|Contentment": 3.4625759175354065,
    "Positive Low-Energy Emotions|Relief": 1.4881180367837934,
    "Positive High-Energy Emotions|Amusement": 6.109861362902995,
    "Longing & Lust|Longing": 1.3255136215334813,
    "Positive High-Energy Emotions|Awe": 0.7183642463868156,
    "Physical and Exhaustive States|Fatigue/Exhaustion": -1.2142458956009325,
    "Negative Low-Energy Emotions|Bitterness": -1.500770020432332,
    "Negative High-Energy Emotions|Disgust": -1.5707998650477213,
    "Positive Low-Energy Emotions|Thankfulness/Gratitude": 3.3568109823379886,
    "Positive High-Energy Emotions|Teasing": 0.42295235707260226,
    "Physical and Exhaustive States|Intoxication/Altered States of Consciousness": 0.12339067540186299,
    "Positive Low-Energy Emotions|Pride": 1.5837221908678902,
    "Negative Low-Energy Emotions|Embarrassment": -1.9505000284796252,
    "Positive Low-Energy Emotions|Affection": 3.5724417946180878,
    "Negative Low-Energy Emotions|Sadness": -0.7864597679236356,
    "Negative Low-Energy Emotions|Shame": -1.2601038819573382,
    "Positive High-Energy Emotions|Triumph": 0.6090259729588733,
    "Cognitive States and Processes|Concentration": -1.3931264277722906,
    "Physical and Exhaustive States|Sourness": -0.9742172265611588,
    "Physical and Exhaustive States|Pain": -0.16064019927207163,
    "Negative High-Energy Emotions|Fear": -0.3438560161892983
  }
}