{
  "key": [
    "projects",
    "empathic-insight-face-large",
    "mj_data_228_U1.png"
  ],
  "value": {
    "Negative High-Energy Emotions|Malevolence/Malice": -1.279650746686932,
    "Negative Low-Energy Emotions|Jealousy & Envy": -2.336850925429779,
    "Longing & Lust|Infatuation": -1.3501535243891618,
    "Cognitive States and Processes|Confusion": -3.0481302802587917,
    "Longing & Lust|Sexual Lust": -0.5081589842631535,
    "Positive High-Energy Emotions|Hope/Enthusiasm/Optimism": 4.457715656165691,
    "Positive High-Energy Emotions|Interest": 0.992980551533401,
    "Positive High-Energy Emotions|Elation": 7.454793288986034,
    "Negative Low-Energy Emotions|Disappointment": -2.4305047583382797,
    "Negative High-Energy Emotions|Distress": -3.4310295758001943,
    "Positive Low-Energy Emotions|Contemplation": -2.391639475046712,
    "Negative Low-Energy Emotions|Emotional Numbness": -2.451712082017432,
    "Negative High-Energy Emotions|Impatience and Irritability": -1.5347569631412625,
    "Negative Low-Energy Emotions|Helplessness": -1.902888138925328,
    "Negative Low-Energy Emotions|Contempt": -1.601210010012283,
    "Positive High-Energy Emotions|Astonishment/Surprise": -0.2647496372088791,
    "Positive High-Energy Emotions|Pleasure/Ecstasy": 4.29811845950344,
    "Negative Low-Energy Emotions|Doubt": -3.1273570845632213,
    "Negative High-Energy Emotions|Anger": -0.12064463436603567,
    "Positive Low-Energy Emotions|Contentment": 6.107147847705466,
    "Positive Low-Energy Emotions|Relief": 2.3792546234499006,
    "Positive High-Energy Emotions|Amusement": 6.701240051715251,
    "Longing & Lust|Longing": 0.20997919675168197,
    "Positive High-Energy Emotions|Awe": 0.0719920473282829,
    "Physical and Exhaustive States|Fatigue/Exhaustion": -0.8821854393249925,
    "Negative Low-Energy Emotions|Bitterness": -1.5997633218239335,
    "Negative High-Energy Emotions|Disgust": -1.1570010559962076,
    "Positive Low-Energy Emotions|Thankfulness/Gratitude": 5.491726870647467,
    "Positive High-Energy Emotions|Teasing": 1.3626611263940438,
    "Physical and Exhaustive States|Intoxication/Altered States of Consciousness": 0.7766380914213027,
    "Positive Low-Energy Emotions|Pride": 1.4760075378527535,
    "Negative Low-Energy Emotions|Embarrassment": -1.6323130301123157,
    "Positive Low-Energy Emotions|Affection": 3.746906974061447,
    "Negative Low-Energy Emotions|Sadness": -1.2879373670676175,
    "Negative Low-Energy Emotions|Shame": -1.9083186990044574,
    "Positive High-Energy Emotions|Triumph": 0.654582160588573,
    "Cognitive States and Processes|Concentration": -2.298375546577222,
    "Physical and Exhaustive States|Sourness": -1.283942987974733,
    "Physical and Exhaustive States|Pain": -0.47040029296103647,
    "Negative High-Energy Emotions|Fear": -1.689949551612577
  }
}