{
  "key": [
    "projects",
    "empathic-insight-face-large",
    "mj_data_78_U4.png"
  ],
  "value": {
    "Negative High-Energy Emotions|Malevolence/Malice": -0.4831611503200497,
    "Negative Low-Energy Emotions|Jealousy & Envy": -0.5612664661249693,
    "Longing & Lust|Infatuation": -1.5074046440028093,
    "Cognitive States and Processes|Confusion": -0.8288232152487207,
    "Longing & Lust|Sexual Lust": -0.5507538939311223,
    "Positive High-Energy Emotions|Hope/Enthusiasm/Optimism": 1.370433534984203,
    "Positive High-Energy Emotions|Interest": 0.3065167484804988,
    "Positive High-Energy Emotions|Elation": 5.1784983423155015,
    "Negative Low-Energy Emotions|Disappointment": -1.1112358164590073,
    "Negative High-Energy Emotions|Distress": -1.3079006848089836,
    "Positive Low-Energy Emotions|Contemplation": -0.07227635782869424,
    "Negative Low-Energy Emotions|Emotional Numbness": -1.1045262318739997,
    "Negative High-Energy Emotions|Impatience and Irritability": -1.2191715883091092,
    "Negative Low-Energy Emotions|Helplessness": -0.7380150157563826,
    "Negative Low-Energy Emotions|Contempt": -0.9290677427851102,
    "Positive High-Energy Emotions|Astonishment/Surprise": -0.1781366973742844,
    "Positive High-Energy Emotions|Pleasure/Ecstasy": 3.4385653608248514,
    "Negative Low-Energy Emotions|Doubt": -0.6864336321859018,
    "Negative High-Energy Emotions|Anger": -0.14024597942829153,
    "Positive Low-Energy Emotions|Contentment": 1.908200775676352,
    "Positive Low-Energy Emotions|Relief": 1.1318494669567136,
    "Positive High-Energy Emotions|Amusement": 5.814286697833415,
    "Longing & Lust|Longing": -0.09820280436220963,
    "Positive High-Energy Emotions|Awe": -0.31775914857930987,
    "Physical and Exhaustive States|Fatigue/Exhaustion": 0.22827215983806293,
    "Negative Low-Energy Emotions|Bitterness": -0.05206148619160933,
    "Negative High-Energy Emotions|Disgust": -0.3518829720423502,
    "Positive Low-Energy Emotions|Thankfulness/Gratitude": 2.3935440732155215,
    "Positive High-Energy Emotions|Teasing": 0.12040320350624178,
    "Physical and Exhaustive States|Intoxication/Altered States of Consciousness": 0.20014810643213643,
    "Positive Low-Energy Emotions|Pride": 1.0134239959826363,
    "Negative Low-Energy Emotions|Embarrassment": 0.08399913991637087,
    "Positive Low-Energy Emotions|Affection": 3.3751492283186493,
    "Negative Low-Energy Emotions|Sadness": -0.7327388168433133,
    "Negative Low-Energy Emotions|Shame": -0.6817632323525408,
    "Positive High-Energy Emotions|Triumph": -0.027848047140766607,
    "Cognitive States and Processes|Concentration": -1.2187622782018255,
    "Physical and Exhaustive States|Sourness": -0.33522622829303145,
    "Physical and Exhaustive States|Pain": -0.3057624889296644,
    "Negative High-Energy Emotions|Fear": -0.4592531118695351
  }
}