{
  "key": [
    "projects",
    "empathic-insight-face-large",
    "mj_data_384_U2.png"
  ],
  "value": {
    "Negative High-Energy Emotions|Malevolence/Malice": -0.8845759023265805,
    "Negative Low-Energy Emotions|Jealousy & Envy": -1.8867030582270201,
    "Longing & Lust|Infatuation": -2.9486609287165546,
    "Cognitive States and Processes|Confusion": -1.865089184525149,
    "Longing & Lust|Sexual Lust": 1.0895368432209773,
    "Positive High-Energy Emotions|Hope/Enthusiasm/Optimism": 5.835499908332439,
    "Positive High-Energy Emotions|Interest": -2.554485428519547,
    "Positive High-Energy Emotions|Elation": 8.237757518569774,
    "Negative Low-Energy Emotions|Disappointment": -3.625627953986473,
    "Negative High-Energy Emotions|Distress": -2.653450506662621,
    "Positive Low-Energy Emotions|Contemplation": -6.408399109064656,
    "Negative Low-Energy Emotions|Emotional Numbness": -4.06277556239463,
    "Negative High-Energy Emotions|Impatience and Irritability": -1.7007458852604032,
    "Negative Low-Energy Emotions|Helplessness": -1.9975031215303085,
    "Negative Low-Energy Emotions|Contempt": -0.1376587271295926,
    "Positive High-Energy Emotions|Astonishment/Surprise": -0.024554124437272673,
    "Positive High-Energy Emotions|Pleasure/Ecstasy": 5.32914553813198,
    "Negative Low-Energy Emotions|Doubt": -3.941407759001698,
    "Negative High-Energy Emotions|Anger": -0.33715111553668997,
    "Positive Low-Energy Emotions|Contentment": -0.7722972282833038,
    "Positive Low-Energy Emotions|Relief": 3.0548694572816877,
    "Positive High-Energy Emotions|Amusement": 7.6798481831239425,
    "Longing & Lust|Longing": -1.4577020204419215,
    "Positive High-Energy Emotions|Awe": -0.09763752649373858,
    "Physical and Exhaustive States|Fatigue/Exhaustion": -1.9148913423782763,
    "Negative Low-Energy Emotions|Bitterness": -1.6898903130959062,
    "Negative High-Energy Emotions|Disgust": -0.7526173966334146,
    "Positive Low-Energy Emotions|Thankfulness/Gratitude": 3.8823425723228824,
    "Positive High-Energy Emotions|Teasing": 1.8142758341024026,
    "Physical and Exhaustive States|Intoxication/Altered States of Consciousness": 1.119329192555126,
    "Positive Low-Energy Emotions|Pride": 1.217196302424897,
    "Negative Low-Energy Emotions|Embarrassment": -1.4137199095373645,
    "Positive Low-Energy Emotions|Affection": -1.172316692129654,
    "Negative Low-Energy Emotions|Sadness": -2.43760558377294,
    "Negative Low-Energy Emotions|Shame": -1.9959115391991595,
    "Positive High-Energy Emotions|Triumph": 1.026697057362865,
    "Cognitive States and Processes|Concentration": -3.2435110207822393,
    "Physical and Exhaustive States|Sourness": -0.9119412208162248,
    "Physical and Exhaustive States|Pain": -0.6903204513472669,
    "Negative High-Energy Emotions|Fear": -0.2888386640851113
  }
}