{
  "key": [
    "projects",
    "empathic-insight-face-large",
    "mj_data_216_U4.png"
  ],
  "value": {
    "Negative High-Energy Emotions|Malevolence/Malice": -0.7217929948406185,
    "Negative Low-Energy Emotions|Jealousy & Envy": -0.9129159889063414,
    "Longing & Lust|Infatuation": -1.318603593816652,
    "Cognitive States and Processes|Confusion": -0.4675757949377466,
    "Longing & Lust|Sexual Lust": -0.5424271250560002,
    "Positive High-Energy Emotions|Hope/Enthusiasm/Optimism": 1.740757967834087,
    "Positive High-Energy Emotions|Interest": -0.31081639546900985,
    "Positive High-Energy Emotions|Elation": 3.672409668247051,
    "Negative Low-Energy Emotions|Disappointment": 1.241174500008278,
    "Negative High-Energy Emotions|Distress": 1.1600998463876107,
    "Positive Low-Energy Emotions|Contemplation": 0.7584283609995071,
    "Negative Low-Energy Emotions|Emotional Numbness": -1.511692474473487,
    "Negative High-Energy Emotions|Impatience and Irritability": -0.7464047120884061,
    "Negative Low-Energy Emotions|Helplessness": 0.98117025088738,
    "Negative Low-Energy Emotions|Contempt": -0.9484547495447537,
    "Positive High-Energy Emotions|Astonishment/Surprise": 0.16290296021848905,
    "Positive High-Energy Emotions|Pleasure/Ecstasy": 3.446461545746116,
    "Negative Low-Energy Emotions|Doubt": -1.148362476637806,
    "Negative High-Energy Emotions|Anger": 0.4896611517667768,
    "Positive Low-Energy Emotions|Contentment": 0.025926505618673712,
    "Positive Low-Energy Emotions|Relief": 0.6062525353799848,
    "Positive High-Energy Emotions|Amusement": 4.840975035159465,
    "Longing & Lust|Longing": 0.7514785134440343,
    "Positive High-Energy Emotions|Awe": 0.2882119493668571,
    "Physical and Exhaustive States|Fatigue/Exhaustion": 0.3250570495360915,
    "Negative Low-Energy Emotions|Bitterness": -0.13698606485829634,
    "Negative High-Energy Emotions|Disgust": 0.5568755490376669,
    "Positive Low-Energy Emotions|Thankfulness/Gratitude": 2.136095757595099,
    "Positive High-Energy Emotions|Teasing": -0.24499603794120695,
    "Physical and Exhaustive States|Intoxication/Altered States of Consciousness": 0.6839299508096541,
    "Positive Low-Energy Emotions|Pride": -0.15795513807631592,
    "Negative Low-Energy Emotions|Embarrassment": -0.9446866682653918,
    "Positive Low-Energy Emotions|Affection": 2.6556274673780975,
    "Negative Low-Energy Emotions|Sadness": 0.8042642234704074,
    "Negative Low-Energy Emotions|Shame": -0.6938348418496111,
    "Positive High-Energy Emotions|Triumph": -1.1836694897448314,
    "Cognitive States and Processes|Concentration": -0.8900659080770086,
    "Physical and Exhaustive States|Sourness": -0.47732483392581343,
    "Physical and Exhaustive States|Pain": 0.9486123727875597,
    "Negative High-Energy Emotions|Fear": -0.14948455432101215
  }
}