{
  "key": [
    "projects",
    "empathic-insight-face-large",
    "mj_data_284_U2.png"
  ],
  "value": {
    "Negative High-Energy Emotions|Malevolence/Malice": -0.6124821294383969,
    "Negative Low-Energy Emotions|Jealousy & Envy": -1.1269531688532408,
    "Longing & Lust|Infatuation": -0.6137549466990373,
    "Cognitive States and Processes|Confusion": -2.042947537186282,
    "Longing & Lust|Sexual Lust": -0.8618660593821721,
    "Positive High-Energy Emotions|Hope/Enthusiasm/Optimism": 1.0521760541244465,
    "Positive High-Energy Emotions|Interest": -0.3729578139260411,
    "Positive High-Energy Emotions|Elation": 2.437295153419323,
    "Negative Low-Energy Emotions|Disappointment": 0.678759138603859,
    "Negative High-Energy Emotions|Distress": 0.08654145624707726,
    "Positive Low-Energy Emotions|Contemplation": 1.5145956237920943,
    "Negative Low-Energy Emotions|Emotional Numbness": -0.935332725633155,
    "Negative High-Energy Emotions|Impatience and Irritability": -0.4128351854160428,
    "Negative Low-Energy Emotions|Helplessness": 0.5358037155516008,
    "Negative Low-Energy Emotions|Contempt": 0.0638779282964328,
    "Positive High-Energy Emotions|Astonishment/Surprise": -0.23870669897645724,
    "Positive High-Energy Emotions|Pleasure/Ecstasy": 2.498235809128074,
    "Negative Low-Energy Emotions|Doubt": -1.2510028670339242,
    "Negative High-Energy Emotions|Anger": 0.23470395267009714,
    "Positive Low-Energy Emotions|Contentment": 0.9083770862155975,
    "Positive Low-Energy Emotions|Relief": 0.2808360896478681,
    "Positive High-Energy Emotions|Amusement": 3.9548516163514815,
    "Longing & Lust|Longing": 0.5406507753973882,
    "Positive High-Energy Emotions|Awe": 0.0414127187912956,
    "Physical and Exhaustive States|Fatigue/Exhaustion": 0.6213996906512801,
    "Negative Low-Energy Emotions|Bitterness": 0.30795879369272905,
    "Negative High-Energy Emotions|Disgust": 0.7318412286832052,
    "Positive Low-Energy Emotions|Thankfulness/Gratitude": 2.6018016440782916,
    "Positive High-Energy Emotions|Teasing": 0.035104903716813074,
    "Physical and Exhaustive States|Intoxication/Altered States of Consciousness": 0.3673210748197402,
    "Positive Low-Energy Emotions|Pride": 0.27580006600521945,
    "Negative Low-Energy Emotions|Embarrassment": -0.3832248619680896,
    "Positive Low-Energy Emotions|Affection": 2.7564666054091034,
    "Negative Low-Energy Emotions|Sadness": 1.2170657276055392,
    "Negative Low-Energy Emotions|Shame": -0.26415616333703784,
    "Positive High-Energy Emotions|Triumph": -1.0473199309145702,
    "Cognitive States and Processes|Concentration": -1.1776083704259466,
    "Physical and Exhaustive States|Sourness": -0.36512934213504195,
    "Physical and Exhaustive States|Pain": 1.0387436555939562,
    "Negative High-Energy Emotions|Fear": -0.6817050371472451
  }
}