{
  "key": [
    "projects",
    "empathic-insight-face-large",
    "mj_data_185_U2.png"
  ],
  "value": {
    "Negative High-Energy Emotions|Malevolence/Malice": -0.8652015317516293,
    "Negative Low-Energy Emotions|Jealousy & Envy": -1.4176581344446715,
    "Longing & Lust|Infatuation": -1.2948573417567155,
    "Cognitive States and Processes|Confusion": -1.6283803050543237,
    "Longing & Lust|Sexual Lust": -0.9450898791148381,
    "Positive High-Energy Emotions|Hope/Enthusiasm/Optimism": 1.1729353326602894,
    "Positive High-Energy Emotions|Interest": 0.056610983423888706,
    "Positive High-Energy Emotions|Elation": -0.13065449925249117,
    "Negative Low-Energy Emotions|Disappointment": 1.1603858876425552,
    "Negative High-Energy Emotions|Distress": 1.1596585335976937,
    "Positive Low-Energy Emotions|Contemplation": 1.583219643414897,
    "Negative Low-Energy Emotions|Emotional Numbness": -0.028056277770768193,
    "Negative High-Energy Emotions|Impatience and Irritability": 0.9296022607013583,
    "Negative Low-Energy Emotions|Helplessness": 1.0360428642876007,
    "Negative Low-Energy Emotions|Contempt": -0.8289796232782742,
    "Positive High-Energy Emotions|Astonishment/Surprise": -0.20936523970216525,
    "Positive High-Energy Emotions|Pleasure/Ecstasy": 2.8031740062639994,
    "Negative Low-Energy Emotions|Doubt": -1.370030243208851,
    "Negative High-Energy Emotions|Anger": 1.6310629194974897,
    "Positive Low-Energy Emotions|Contentment": 0.9975806823307098,
    "Positive Low-Energy Emotions|Relief": -0.34816522976054864,
    "Positive High-Energy Emotions|Amusement": 1.7473663577722276,
    "Longing & Lust|Longing": 1.2257904165631215,
    "Positive High-Energy Emotions|Awe": 0.36232555677347333,
    "Physical and Exhaustive States|Fatigue/Exhaustion": 0.08525051667628925,
    "Negative Low-Energy Emotions|Bitterness": -1.0830559014748125,
    "Negative High-Energy Emotions|Disgust": -0.5215721505091471,
    "Positive Low-Energy Emotions|Thankfulness/Gratitude": 0.2924289656792056,
    "Positive High-Energy Emotions|Teasing": -1.1241925625612632,
    "Physical and Exhaustive States|Intoxication/Altered States of Consciousness": 0.20116102776544942,
    "Positive Low-Energy Emotions|Pride": 0.05483050824307342,
    "Negative Low-Energy Emotions|Embarrassment": -1.4977886847143664,
    "Positive Low-Energy Emotions|Affection": 2.3603375933012543,
    "Negative Low-Energy Emotions|Sadness": 0.7177537291190204,
    "Negative Low-Energy Emotions|Shame": -0.797608435752199,
    "Positive High-Energy Emotions|Triumph": -1.0697755636011852,
    "Cognitive States and Processes|Concentration": -0.11938655340934501,
    "Physical and Exhaustive States|Sourness": -1.1103907132707536,
    "Physical and Exhaustive States|Pain": 1.2851955102997668,
    "Negative High-Energy Emotions|Fear": -0.26069740393801655
  }
}