{
  "key": [
    "projects",
    "empathic-insight-face-large",
    "mj_data_136_U3.png"
  ],
  "value": {
    "Negative High-Energy Emotions|Malevolence/Malice": -0.5480508197383847,
    "Negative Low-Energy Emotions|Jealousy & Envy": -1.0599568328699644,
    "Longing & Lust|Infatuation": -1.9514056033991716,
    "Cognitive States and Processes|Confusion": -2.011631495239871,
    "Longing & Lust|Sexual Lust": -1.3351987028910832,
    "Positive High-Energy Emotions|Hope/Enthusiasm/Optimism": 0.003778364066691964,
    "Positive High-Energy Emotions|Interest": -1.2868175389245153,
    "Positive High-Energy Emotions|Elation": -1.467833206375294,
    "Negative Low-Energy Emotions|Disappointment": 2.510456528087311,
    "Negative High-Energy Emotions|Distress": 0.7308675470597603,
    "Positive Low-Energy Emotions|Contemplation": 1.5138517578252975,
    "Negative Low-Energy Emotions|Emotional Numbness": -0.5778359275946723,
    "Negative High-Energy Emotions|Impatience and Irritability": 0.04370444547384977,
    "Negative Low-Energy Emotions|Helplessness": 1.2411480050928452,
    "Negative Low-Energy Emotions|Contempt": 0.4188765168584445,
    "Positive High-Energy Emotions|Astonishment/Surprise": -0.47238194044679416,
    "Positive High-Energy Emotions|Pleasure/Ecstasy": 0.7657152884409708,
    "Negative Low-Energy Emotions|Doubt": -1.0949093888311043,
    "Negative High-Energy Emotions|Anger": 0.7948076075315473,
    "Positive Low-Energy Emotions|Contentment": -1.0587585815853058,
    "Positive Low-Energy Emotions|Relief": -0.19549925705089288,
    "Positive High-Energy Emotions|Amusement": -1.5446701159788405,
    "Longing & Lust|Longing": 0.5888704859858434,
    "Positive High-Energy Emotions|Awe": 0.7664411144440666,
    "Physical and Exhaustive States|Fatigue/Exhaustion": 0.47210683419643085,
    "Negative Low-Energy Emotions|Bitterness": 0.9766747475196333,
    "Negative High-Energy Emotions|Disgust": 0.5673381907536703,
    "Positive Low-Energy Emotions|Thankfulness/Gratitude": 0.555247302166022,
    "Positive High-Energy Emotions|Teasing": -1.166679707031478,
    "Physical and Exhaustive States|Intoxication/Altered States of Consciousness": -0.3392041913507615,
    "Positive Low-Energy Emotions|Pride": 0.9031003284563913,
    "Negative Low-Energy Emotions|Embarrassment": -1.5242712668066516,
    "Positive Low-Energy Emotions|Affection": -0.6431555965104524,
    "Negative Low-Energy Emotions|Sadness": 1.4662493823906955,
    "Negative Low-Energy Emotions|Shame": -0.11815983116845874,
    "Positive High-Energy Emotions|Triumph": -1.117489439371754,
    "Cognitive States and Processes|Concentration": -0.1259587403562139,
    "Physical and Exhaustive States|Sourness": -0.49192981963977217,
    "Physical and Exhaustive States|Pain": 1.0633631156998522,
    "Negative High-Energy Emotions|Fear": -0.3227346334759804
  }
}