{
  "key": [
    "projects",
    "empathic-insight-face-large",
    "mj_data_56_U4.png"
  ],
  "value": {
    "Negative High-Energy Emotions|Malevolence/Malice": -0.652916013105389,
    "Negative Low-Energy Emotions|Jealousy & Envy": -0.09569720838876328,
    "Longing & Lust|Infatuation": -1.1208034343623063,
    "Cognitive States and Processes|Confusion": -2.623459584000247,
    "Longing & Lust|Sexual Lust": -0.551973881800385,
    "Positive High-Energy Emotions|Hope/Enthusiasm/Optimism": 1.4541916218816358,
    "Positive High-Energy Emotions|Interest": 0.543721285276115,
    "Positive High-Energy Emotions|Elation": 1.2310140874784659,
    "Negative Low-Energy Emotions|Disappointment": 1.382091622372322,
    "Negative High-Energy Emotions|Distress": 0.36718480017255334,
    "Positive Low-Energy Emotions|Contemplation": 1.3282719214567367,
    "Negative Low-Energy Emotions|Emotional Numbness": -1.5125264626631842,
    "Negative High-Energy Emotions|Impatience and Irritability": 0.27734225522726774,
    "Negative Low-Energy Emotions|Helplessness": -0.5753141242616316,
    "Negative Low-Energy Emotions|Contempt": -0.18756068940986603,
    "Positive High-Energy Emotions|Astonishment/Surprise": -0.6130779891833664,
    "Positive High-Energy Emotions|Pleasure/Ecstasy": 3.0361937158510965,
    "Negative Low-Energy Emotions|Doubt": -0.2979821751622812,
    "Negative High-Energy Emotions|Anger": 0.7381622141599653,
    "Positive Low-Energy Emotions|Contentment": -1.0163610825008331,
    "Positive Low-Energy Emotions|Relief": 0.7182216487298994,
    "Positive High-Energy Emotions|Amusement": 2.2596931049512587,
    "Longing & Lust|Longing": 0.37043507930096786,
    "Positive High-Energy Emotions|Awe": -0.4558905286604866,
    "Physical and Exhaustive States|Fatigue/Exhaustion": -0.179663757539409,
    "Negative Low-Energy Emotions|Bitterness": 0.46100683217539506,
    "Negative High-Energy Emotions|Disgust": -0.23909250668743076,
    "Positive Low-Energy Emotions|Thankfulness/Gratitude": 1.231874818912543,
    "Positive High-Energy Emotions|Teasing": -0.2828642992784872,
    "Physical and Exhaustive States|Intoxication/Altered States of Consciousness": 0.18455094180124654,
    "Positive Low-Energy Emotions|Pride": 1.271072583209504,
    "Negative Low-Energy Emotions|Embarrassment": -0.5371227434759631,
    "Positive Low-Energy Emotions|Affection": 3.1618997833571014,
    "Negative Low-Energy Emotions|Sadness": 0.35685191143961514,
    "Negative Low-Energy Emotions|Shame": -0.7105360633156755,
    "Positive High-Energy Emotions|Triumph": -0.5927436174189343,
    "Cognitive States and Processes|Concentration": 0.11086714303230538,
    "Physical and Exhaustive States|Sourness": 0.23149663412943483,
    "Physical and Exhaustive States|Pain": 0.30199186077889273,
    "Negative High-Energy Emotions|Fear": -1.0047624502484414
  }
}