{
  "key": [
    "projects",
    "empathic-insight-face-large",
    "mj_data_230_U3.png"
  ],
  "value": {
    "Negative High-Energy Emotions|Malevolence/Malice": -0.4880420554714169,
    "Negative Low-Energy Emotions|Jealousy & Envy": -1.5079248390039977,
    "Longing & Lust|Infatuation": -0.955458480825319,
    "Cognitive States and Processes|Confusion": -2.6988470618750027,
    "Longing & Lust|Sexual Lust": -0.7689142847850041,
    "Positive High-Energy Emotions|Hope/Enthusiasm/Optimism": 0.8234403985782581,
    "Positive High-Energy Emotions|Interest": 0.2983394680544734,
    "Positive High-Energy Emotions|Elation": 2.9821737405460547,
    "Negative Low-Energy Emotions|Disappointment": -0.44974823711330414,
    "Negative High-Energy Emotions|Distress": -0.5878549692385338,
    "Positive Low-Energy Emotions|Contemplation": 0.873280074180049,
    "Negative Low-Energy Emotions|Emotional Numbness": -0.8889311653266059,
    "Negative High-Energy Emotions|Impatience and Irritability": -0.8595030950382352,
    "Negative Low-Energy Emotions|Helplessness": 0.27971480306457075,
    "Negative Low-Energy Emotions|Contempt": -0.6765364527307889,
    "Positive High-Energy Emotions|Astonishment/Surprise": -0.13569890554994357,
    "Positive High-Energy Emotions|Pleasure/Ecstasy": 3.239586579124717,
    "Negative Low-Energy Emotions|Doubt": -1.82485385637566,
    "Negative High-Energy Emotions|Anger": 0.45475357234477976,
    "Positive Low-Energy Emotions|Contentment": 2.289603566222769,
    "Positive Low-Energy Emotions|Relief": -0.21227331539287286,
    "Positive High-Energy Emotions|Amusement": 5.033337582080241,
    "Longing & Lust|Longing": 0.8962530845051686,
    "Positive High-Energy Emotions|Awe": 0.011747725505162787,
    "Physical and Exhaustive States|Fatigue/Exhaustion": 0.022016962313038513,
    "Negative Low-Energy Emotions|Bitterness": -0.5766710519264726,
    "Negative High-Energy Emotions|Disgust": -0.21463707856395664,
    "Positive Low-Energy Emotions|Thankfulness/Gratitude": 3.9630694342766177,
    "Positive High-Energy Emotions|Teasing": -0.021305528145064367,
    "Physical and Exhaustive States|Intoxication/Altered States of Consciousness": 0.7104766078950728,
    "Positive Low-Energy Emotions|Pride": 1.01653845788144,
    "Negative Low-Energy Emotions|Embarrassment": -1.443903224814464,
    "Positive Low-Energy Emotions|Affection": 3.093295790894943,
    "Negative Low-Energy Emotions|Sadness": 0.6325591414115008,
    "Negative Low-Energy Emotions|Shame": -0.8387776023171404,
    "Positive High-Energy Emotions|Triumph": -0.4601718978320851,
    "Cognitive States and Processes|Concentration": -1.3421653505590032,
    "Physical and Exhaustive States|Sourness": -0.582653572615236,
    "Physical and Exhaustive States|Pain": 1.0981480287629015,
    "Negative High-Energy Emotions|Fear": -0.8389685545270058
  }
}