{
  "key": [
    "projects",
    "empathic-insight-face-large",
    "mj_data_309_U3.png"
  ],
  "value": {
    "Negative High-Energy Emotions|Malevolence/Malice": -0.7656264890270199,
    "Negative Low-Energy Emotions|Jealousy & Envy": 0.06565530683187881,
    "Longing & Lust|Infatuation": 1.0532872043944457,
    "Cognitive States and Processes|Confusion": -3.099623448135989,
    "Longing & Lust|Sexual Lust": 1.5395815943882747,
    "Positive High-Energy Emotions|Hope/Enthusiasm/Optimism": 2.4141086000247913,
    "Positive High-Energy Emotions|Interest": 1.7068711636587977,
    "Positive High-Energy Emotions|Elation": 4.3529530313413805,
    "Negative Low-Energy Emotions|Disappointment": -0.7796287131112289,
    "Negative High-Energy Emotions|Distress": -3.378681438898339,
    "Positive Low-Energy Emotions|Contemplation": 0.44097309160320197,
    "Negative Low-Energy Emotions|Emotional Numbness": -0.8768797021994696,
    "Negative High-Energy Emotions|Impatience and Irritability": -1.9747200654819608,
    "Negative Low-Energy Emotions|Helplessness": -1.3975013095491073,
    "Negative Low-Energy Emotions|Contempt": -1.1530376791559598,
    "Positive High-Energy Emotions|Astonishment/Surprise": 0.19798386994749295,
    "Positive High-Energy Emotions|Pleasure/Ecstasy": 3.29230688742855,
    "Negative Low-Energy Emotions|Doubt": -1.752624590208973,
    "Negative High-Energy Emotions|Anger": -0.6925750428438189,
    "Positive Low-Energy Emotions|Contentment": 3.2487973025375427,
    "Positive Low-Energy Emotions|Relief": 0.46042250017032904,
    "Positive High-Energy Emotions|Amusement": 4.208932865588542,
    "Longing & Lust|Longing": 0.5212434136515538,
    "Positive High-Energy Emotions|Awe": 0.4160500841324821,
    "Physical and Exhaustive States|Fatigue/Exhaustion": -1.0548673670059618,
    "Negative Low-Energy Emotions|Bitterness": -0.665574240631917,
    "Negative High-Energy Emotions|Disgust": -0.9477854149744791,
    "Positive Low-Energy Emotions|Thankfulness/Gratitude": 2.254227603784598,
    "Positive High-Energy Emotions|Teasing": 0.6212957830617533,
    "Physical and Exhaustive States|Intoxication/Altered States of Consciousness": 0.30752629122751607,
    "Positive Low-Energy Emotions|Pride": 1.4177027511706246,
    "Negative Low-Energy Emotions|Embarrassment": -0.3073389700537219,
    "Positive Low-Energy Emotions|Affection": 3.3299605629286346,
    "Negative Low-Energy Emotions|Sadness": -0.9073803068259183,
    "Negative Low-Energy Emotions|Shame": -0.8570490485451677,
    "Positive High-Energy Emotions|Triumph": -0.054905277613331305,
    "Cognitive States and Processes|Concentration": -1.5395500060346197,
    "Physical and Exhaustive States|Sourness": -0.6740533614717423,
    "Physical and Exhaustive States|Pain": -0.7717408729476087,
    "Negative High-Energy Emotions|Fear": -0.23822800257845844
  }
}