{
  "key": [
    "projects",
    "empathic-insight-face-large",
    "mj_data_230_U2.png"
  ],
  "value": {
    "Negative High-Energy Emotions|Malevolence/Malice": -1.0802901376323666,
    "Negative Low-Energy Emotions|Jealousy & Envy": -1.753805919631439,
    "Longing & Lust|Infatuation": -0.18546314906109784,
    "Cognitive States and Processes|Confusion": -2.7610740726019314,
    "Longing & Lust|Sexual Lust": -0.19758445270797775,
    "Positive High-Energy Emotions|Hope/Enthusiasm/Optimism": 2.0985865849300342,
    "Positive High-Energy Emotions|Interest": 1.4163556216284632,
    "Positive High-Energy Emotions|Elation": 3.9625664499204825,
    "Negative Low-Energy Emotions|Disappointment": -1.1271812510293198,
    "Negative High-Energy Emotions|Distress": -0.9897926029913566,
    "Positive Low-Energy Emotions|Contemplation": 0.7350753803857986,
    "Negative Low-Energy Emotions|Emotional Numbness": -1.099014947999488,
    "Negative High-Energy Emotions|Impatience and Irritability": -0.6165819810703397,
    "Negative Low-Energy Emotions|Helplessness": -0.7079287368409773,
    "Negative Low-Energy Emotions|Contempt": -1.3236824392877957,
    "Positive High-Energy Emotions|Astonishment/Surprise": -0.28582369383424533,
    "Positive High-Energy Emotions|Pleasure/Ecstasy": 3.3539748065874857,
    "Negative Low-Energy Emotions|Doubt": -1.8448069880513802,
    "Negative High-Energy Emotions|Anger": 0.5491546934843061,
    "Positive Low-Energy Emotions|Contentment": 2.579383706145865,
    "Positive Low-Energy Emotions|Relief": 0.7800804517637281,
    "Positive High-Energy Emotions|Amusement": 5.577066172091838,
    "Longing & Lust|Longing": 0.8503425174599568,
    "Positive High-Energy Emotions|Awe": -0.004739157658289361,
    "Physical and Exhaustive States|Fatigue/Exhaustion": -0.4360462229019578,
    "Negative Low-Energy Emotions|Bitterness": -1.6599394559334306,
    "Negative High-Energy Emotions|Disgust": -0.9953060524866861,
    "Positive Low-Energy Emotions|Thankfulness/Gratitude": 4.230175013652838,
    "Positive High-Energy Emotions|Teasing": 0.27609303905464266,
    "Physical and Exhaustive States|Intoxication/Altered States of Consciousness": 0.5934406527044143,
    "Positive Low-Energy Emotions|Pride": 1.1741743850817574,
    "Negative Low-Energy Emotions|Embarrassment": -1.5026698282843127,
    "Positive Low-Energy Emotions|Affection": 3.4031431457838592,
    "Negative Low-Energy Emotions|Sadness": -0.4417162777045194,
    "Negative Low-Energy Emotions|Shame": -1.2981161481163959,
    "Positive High-Energy Emotions|Triumph": 0.007641959067653192,
    "Cognitive States and Processes|Concentration": -0.5954506170179914,
    "Physical and Exhaustive States|Sourness": -1.0325493121705949,
    "Physical and Exhaustive States|Pain": 0.5100835966187365,
    "Negative High-Energy Emotions|Fear": -1.4171612654034706
  }
}