{
  "key": [
    "projects",
    "empathic-insight-face-large",
    "mj_data_288_U4.png"
  ],
  "value": {
    "Negative High-Energy Emotions|Malevolence/Malice": -1.1313222039775814,
    "Negative Low-Energy Emotions|Jealousy & Envy": -2.292445465072113,
    "Longing & Lust|Infatuation": -2.3856230564021015,
    "Cognitive States and Processes|Confusion": -2.3366921012426785,
    "Longing & Lust|Sexual Lust": 0.22322076312759354,
    "Positive High-Energy Emotions|Hope/Enthusiasm/Optimism": 5.547893669013591,
    "Positive High-Energy Emotions|Interest": -1.6876252772286535,
    "Positive High-Energy Emotions|Elation": 8.324283912460155,
    "Negative Low-Energy Emotions|Disappointment": -2.8323382925790024,
    "Negative High-Energy Emotions|Distress": -4.3357367691748285,
    "Positive Low-Energy Emotions|Contemplation": -6.009222511469441,
    "Negative Low-Energy Emotions|Emotional Numbness": -4.0624227028975595,
    "Negative High-Energy Emotions|Impatience and Irritability": -2.2686336683109403,
    "Negative Low-Energy Emotions|Helplessness": -2.3248892623536728,
    "Negative Low-Energy Emotions|Contempt": -1.1376601576410672,
    "Positive High-Energy Emotions|Astonishment/Surprise": 1.152232417501509,
    "Positive High-Energy Emotions|Pleasure/Ecstasy": 4.987138616363792,
    "Negative Low-Energy Emotions|Doubt": -3.5566645453481334,
    "Negative High-Energy Emotions|Anger": -0.7699967080354693,
    "Positive Low-Energy Emotions|Contentment": 2.81723639874993,
    "Positive Low-Energy Emotions|Relief": 3.1572888336549787,
    "Positive High-Energy Emotions|Amusement": 7.20618676039445,
    "Longing & Lust|Longing": -0.9783878124112209,
    "Positive High-Energy Emotions|Awe": 2.110602773923208,
    "Physical and Exhaustive States|Fatigue/Exhaustion": -1.6314791242844042,
    "Negative Low-Energy Emotions|Bitterness": -1.7494737386177568,
    "Negative High-Energy Emotions|Disgust": 1.208766691167565,
    "Positive Low-Energy Emotions|Thankfulness/Gratitude": 5.107000823131598,
    "Positive High-Energy Emotions|Teasing": 1.7776637406537636,
    "Physical and Exhaustive States|Intoxication/Altered States of Consciousness": 1.3777219661237563,
    "Positive Low-Energy Emotions|Pride": 1.075599508296479,
    "Negative Low-Energy Emotions|Embarrassment": -0.8526303938513293,
    "Positive Low-Energy Emotions|Affection": 2.2305441877684173,
    "Negative Low-Energy Emotions|Sadness": -2.0017482877829496,
    "Negative Low-Energy Emotions|Shame": -1.8129674798272113,
    "Positive High-Energy Emotions|Triumph": 0.9077682672703967,
    "Cognitive States and Processes|Concentration": -3.379248201492078,
    "Physical and Exhaustive States|Sourness": -1.2185944820009171,
    "Physical and Exhaustive States|Pain": -0.6739215446395033,
    "Negative High-Energy Emotions|Fear": -0.8035400305096718
  }
}