{
  "key": [
    "projects",
    "empathic-insight-face-large",
    "mj_data_144_U3.png"
  ],
  "value": {
    "Negative High-Energy Emotions|Malevolence/Malice": -1.0715985883312191,
    "Negative Low-Energy Emotions|Jealousy & Envy": -1.9461217365107115,
    "Longing & Lust|Infatuation": -0.9904344863795183,
    "Cognitive States and Processes|Confusion": -3.426427132370608,
    "Longing & Lust|Sexual Lust": 0.1383163308308406,
    "Positive High-Energy Emotions|Hope/Enthusiasm/Optimism": 4.852725650672527,
    "Positive High-Energy Emotions|Interest": -0.12705861348658798,
    "Positive High-Energy Emotions|Elation": 8.665058448592967,
    "Negative Low-Energy Emotions|Disappointment": -3.042088944892235,
    "Negative High-Energy Emotions|Distress": -5.004992025827661,
    "Positive Low-Energy Emotions|Contemplation": -4.286861423670369,
    "Negative Low-Energy Emotions|Emotional Numbness": -3.529209802735816,
    "Negative High-Energy Emotions|Impatience and Irritability": -2.3993108915165067,
    "Negative Low-Energy Emotions|Helplessness": -2.9450994330995224,
    "Negative Low-Energy Emotions|Contempt": -1.1276136755548856,
    "Positive High-Energy Emotions|Astonishment/Surprise": -0.6357525497302414,
    "Positive High-Energy Emotions|Pleasure/Ecstasy": 4.6828788392947,
    "Negative Low-Energy Emotions|Doubt": -3.473383505156483,
    "Negative High-Energy Emotions|Anger": -1.0231543236970904,
    "Positive Low-Energy Emotions|Contentment": 5.952130948596579,
    "Positive Low-Energy Emotions|Relief": 3.2267444572816877,
    "Positive High-Energy Emotions|Amusement": 7.641111362902995,
    "Longing & Lust|Longing": -0.5058340824002345,
    "Positive High-Energy Emotions|Awe": -0.14483343790120928,
    "Physical and Exhaustive States|Fatigue/Exhaustion": -2.3214255373245654,
    "Negative Low-Energy Emotions|Bitterness": -1.3711613892982988,
    "Negative High-Energy Emotions|Disgust": -0.6349645035670084,
    "Positive Low-Energy Emotions|Thankfulness/Gratitude": 6.153443808666266,
    "Positive High-Energy Emotions|Teasing": 1.8853326173017129,
    "Physical and Exhaustive States|Intoxication/Altered States of Consciousness": 0.9104850151302184,
    "Positive Low-Energy Emotions|Pride": 1.6779913473238839,
    "Negative Low-Energy Emotions|Embarrassment": -1.0471291712408557,
    "Positive Low-Energy Emotions|Affection": 3.7410647651991424,
    "Negative Low-Energy Emotions|Sadness": -1.8511426092246,
    "Negative Low-Energy Emotions|Shame": -1.7124452000878314,
    "Positive High-Energy Emotions|Triumph": 1.0258500753606068,
    "Cognitive States and Processes|Concentration": -3.566137134673841,
    "Physical and Exhaustive States|Sourness": -0.8349106813035905,
    "Physical and Exhaustive States|Pain": -1.031903703300392,
    "Negative High-Energy Emotions|Fear": -1.9912579450909706
  }
}