{
  "key": [
    "projects",
    "empathic-insight-face-large",
    "mj_data_210_U2.png"
  ],
  "value": {
    "Negative High-Energy Emotions|Malevolence/Malice": 0.22015339245033605,
    "Negative Low-Energy Emotions|Jealousy & Envy": 0.012317136780304105,
    "Longing & Lust|Infatuation": -0.6947936601542375,
    "Cognitive States and Processes|Confusion": -0.09182799506439454,
    "Longing & Lust|Sexual Lust": -1.4323599959208684,
    "Positive High-Energy Emotions|Hope/Enthusiasm/Optimism": -1.0719517213062328,
    "Positive High-Energy Emotions|Interest": 0.2617485044524074,
    "Positive High-Energy Emotions|Elation": 1.1310423162382315,
    "Negative Low-Energy Emotions|Disappointment": 0.7937233853537369,
    "Negative High-Energy Emotions|Distress": -1.3841736492865226,
    "Positive Low-Energy Emotions|Contemplation": 1.1098105271467391,
    "Negative Low-Energy Emotions|Emotional Numbness": -0.8248999220023261,
    "Negative High-Energy Emotions|Impatience and Irritability": -1.7150974916294217,
    "Negative Low-Energy Emotions|Helplessness": 0.593067775333629,
    "Negative Low-Energy Emotions|Contempt": 0.5302461266912082,
    "Positive High-Energy Emotions|Astonishment/Surprise": -0.0266181140765549,
    "Positive High-Energy Emotions|Pleasure/Ecstasy": 0.8682278268740458,
    "Negative Low-Energy Emotions|Doubt": -0.6147569010762827,
    "Negative High-Energy Emotions|Anger": -0.4659662896394732,
    "Positive Low-Energy Emotions|Contentment": -0.6632510075038849,
    "Positive Low-Energy Emotions|Relief": -0.22302766224040704,
    "Positive High-Energy Emotions|Amusement": 2.054702077238437,
    "Longing & Lust|Longing": 0.624413212502567,
    "Positive High-Energy Emotions|Awe": 0.4766427354996696,
    "Physical and Exhaustive States|Fatigue/Exhaustion": 0.9123910975390498,
    "Negative Low-Energy Emotions|Bitterness": 1.4195376903344603,
    "Negative High-Energy Emotions|Disgust": 1.742263532955857,
    "Positive Low-Energy Emotions|Thankfulness/Gratitude": 2.39526277314762,
    "Positive High-Energy Emotions|Teasing": -0.15571805522941495,
    "Physical and Exhaustive States|Intoxication/Altered States of Consciousness": 0.7209285505773391,
    "Positive Low-Energy Emotions|Pride": -0.2507699523756609,
    "Negative Low-Energy Emotions|Embarrassment": 0.3634885379189954,
    "Positive Low-Energy Emotions|Affection": 1.1882238766989288,
    "Negative Low-Energy Emotions|Sadness": 1.7661119460007724,
    "Negative Low-Energy Emotions|Shame": 0.61978140413542,
    "Positive High-Energy Emotions|Triumph": -0.7300687552725568,
    "Cognitive States and Processes|Concentration": -1.406118034961469,
    "Physical and Exhaustive States|Sourness": 0.18032156879082323,
    "Physical and Exhaustive States|Pain": 0.2828166889267809,
    "Negative High-Energy Emotions|Fear": 0.455947002380648
  }
}