{
  "key": [
    "projects",
    "empathic-insight-face-large",
    "mj_data_69_U1.png"
  ],
  "value": {
    "Negative High-Energy Emotions|Malevolence/Malice": -0.058712302549358775,
    "Negative Low-Energy Emotions|Jealousy & Envy": 0.7283092298665468,
    "Longing & Lust|Infatuation": -3.397863943090334,
    "Cognitive States and Processes|Confusion": 2.490222209212644,
    "Longing & Lust|Sexual Lust": -1.7196839476420598,
    "Positive High-Energy Emotions|Hope/Enthusiasm/Optimism": -2.297293756599812,
    "Positive High-Energy Emotions|Interest": -3.438840496726334,
    "Positive High-Energy Emotions|Elation": -2.875759765823536,
    "Negative Low-Energy Emotions|Disappointment": 4.658403198738746,
    "Negative High-Energy Emotions|Distress": 2.6755299391991954,
    "Positive Low-Energy Emotions|Contemplation": -2.63425732058199,
    "Negative Low-Energy Emotions|Emotional Numbness": -2.5351995926985844,
    "Negative High-Energy Emotions|Impatience and Irritability": 0.5271884752437472,
    "Negative Low-Energy Emotions|Helplessness": 1.5570514601118424,
    "Negative Low-Energy Emotions|Contempt": 2.4115014851487735,
    "Positive High-Energy Emotions|Astonishment/Surprise": -0.12257300909608615,
    "Positive High-Energy Emotions|Pleasure/Ecstasy": -1.8748363382413107,
    "Negative Low-Energy Emotions|Doubt": 1.5219531466455802,
    "Negative High-Energy Emotions|Anger": 1.3625389879941938,
    "Positive Low-Energy Emotions|Contentment": -2.8650411018794952,
    "Positive Low-Energy Emotions|Relief": -1.3938262023557635,
    "Positive High-Energy Emotions|Amusement": -2.573551665814046,
    "Longing & Lust|Longing": -0.7107461488598903,
    "Positive High-Energy Emotions|Awe": -0.5332647485548958,
    "Physical and Exhaustive States|Fatigue/Exhaustion": 0.41287731125293414,
    "Negative Low-Energy Emotions|Bitterness": 1.4678950727511855,
    "Negative High-Energy Emotions|Disgust": 3.3505489451482013,
    "Positive Low-Energy Emotions|Thankfulness/Gratitude": -1.2307052658881772,
    "Positive High-Energy Emotions|Teasing": -1.696152296524276,
    "Physical and Exhaustive States|Intoxication/Altered States of Consciousness": 0.26979082903879537,
    "Positive Low-Energy Emotions|Pride": -3.4567563962826835,
    "Negative Low-Energy Emotions|Embarrassment": 2.293161852013539,
    "Positive Low-Energy Emotions|Affection": -2.3771109798112335,
    "Negative Low-Energy Emotions|Sadness": 1.6184388755700168,
    "Negative Low-Energy Emotions|Shame": 1.07126969039221,
    "Positive High-Energy Emotions|Triumph": -3.6669933618342174,
    "Cognitive States and Processes|Concentration": -1.5737730261113714,
    "Physical and Exhaustive States|Sourness": 0.5332523828186095,
    "Physical and Exhaustive States|Pain": 1.5239993142205126,
    "Negative High-Energy Emotions|Fear": 1.6482373531754402
  }
}