{
  "key": [
    "projects",
    "empathic-insight-face-large",
    "mj_data_263_U3.png"
  ],
  "value": {
    "Negative High-Energy Emotions|Malevolence/Malice": -0.20831197391318934,
    "Negative Low-Energy Emotions|Jealousy & Envy": -0.06453744982095322,
    "Longing & Lust|Infatuation": -1.7541557140253923,
    "Cognitive States and Processes|Confusion": -0.9712336127783228,
    "Longing & Lust|Sexual Lust": -1.5772593642070012,
    "Positive High-Energy Emotions|Hope/Enthusiasm/Optimism": -0.8428441029743237,
    "Positive High-Energy Emotions|Interest": -2.061612236686051,
    "Positive High-Energy Emotions|Elation": -1.7420241090852548,
    "Negative Low-Energy Emotions|Disappointment": 3.6730859685141373,
    "Negative High-Energy Emotions|Distress": 2.3942098441369395,
    "Positive Low-Energy Emotions|Contemplation": 1.6371797283300582,
    "Negative Low-Energy Emotions|Emotional Numbness": -1.0953936082015143,
    "Negative High-Energy Emotions|Impatience and Irritability": -0.6195603059604764,
    "Negative Low-Energy Emotions|Helplessness": 1.8044656318075516,
    "Negative Low-Energy Emotions|Contempt": 0.9957675815023044,
    "Positive High-Energy Emotions|Astonishment/Surprise": -0.2735623031482102,
    "Positive High-Energy Emotions|Pleasure/Ecstasy": -0.4002487785412985,
    "Negative Low-Energy Emotions|Doubt": 0.06863531071857056,
    "Negative High-Energy Emotions|Anger": 0.42475550830364206,
    "Positive Low-Energy Emotions|Contentment": -3.2823322662776886,
    "Positive Low-Energy Emotions|Relief": -0.49627716919078546,
    "Positive High-Energy Emotions|Amusement": -1.6701669802976882,
    "Longing & Lust|Longing": 1.1195304074531476,
    "Positive High-Energy Emotions|Awe": 0.7032677011673942,
    "Physical and Exhaustive States|Fatigue/Exhaustion": 1.110856984996182,
    "Negative Low-Energy Emotions|Bitterness": 2.4643805742789717,
    "Negative High-Energy Emotions|Disgust": 1.7778132481171804,
    "Positive Low-Energy Emotions|Thankfulness/Gratitude": -0.2682466553535092,
    "Positive High-Energy Emotions|Teasing": -1.1710644631197349,
    "Physical and Exhaustive States|Intoxication/Altered States of Consciousness": 0.03359985432642354,
    "Positive Low-Energy Emotions|Pride": -0.10897880612708191,
    "Negative Low-Energy Emotions|Embarrassment": -0.989169853079845,
    "Positive Low-Energy Emotions|Affection": -1.3687776544251862,
    "Negative Low-Energy Emotions|Sadness": 2.801744377507883,
    "Negative Low-Energy Emotions|Shame": 0.7203935825802824,
    "Positive High-Energy Emotions|Triumph": -1.765575868014027,
    "Cognitive States and Processes|Concentration": -0.37265890801215873,
    "Physical and Exhaustive States|Sourness": -0.03026430850848555,
    "Physical and Exhaustive States|Pain": 1.5424056457596667,
    "Negative High-Energy Emotions|Fear": 0.566365441292086
  }
}