{
  "key": [
    "projects",
    "empathic-insight-face-large",
    "mj_data_377_U3.png"
  ],
  "value": {
    "Negative High-Energy Emotions|Malevolence/Malice": -0.4034107316570248,
    "Negative Low-Energy Emotions|Jealousy & Envy": -0.10405914400430283,
    "Longing & Lust|Infatuation": 1.7311274819470504,
    "Cognitive States and Processes|Confusion": -2.407902485611575,
    "Longing & Lust|Sexual Lust": 0.6330928181813045,
    "Positive High-Energy Emotions|Hope/Enthusiasm/Optimism": 0.9596254187866169,
    "Positive High-Energy Emotions|Interest": 2.615624320320785,
    "Positive High-Energy Emotions|Elation": 5.510440900604076,
    "Negative Low-Energy Emotions|Disappointment": -0.6595871043008041,
    "Negative High-Energy Emotions|Distress": -2.8321747956030507,
    "Positive Low-Energy Emotions|Contemplation": 1.3010311086782638,
    "Negative Low-Energy Emotions|Emotional Numbness": -2.471231411088477,
    "Negative High-Energy Emotions|Impatience and Irritability": -1.8363638566806912,
    "Negative Low-Energy Emotions|Helplessness": -1.7210169631593368,
    "Negative Low-Energy Emotions|Contempt": 0.25916539434562713,
    "Positive High-Energy Emotions|Astonishment/Surprise": 0.5609290689602493,
    "Positive High-Energy Emotions|Pleasure/Ecstasy": 3.4670737855837626,
    "Negative Low-Energy Emotions|Doubt": -0.1199479841424481,
    "Negative High-Energy Emotions|Anger": -0.2333665543794634,
    "Positive Low-Energy Emotions|Contentment": 1.631375824504477,
    "Positive Low-Energy Emotions|Relief": -0.07581229587688165,
    "Positive High-Energy Emotions|Amusement": 5.709829557864543,
    "Longing & Lust|Longing": 0.6821578347330968,
    "Positive High-Energy Emotions|Awe": 1.0879738407319084,
    "Physical and Exhaustive States|Fatigue/Exhaustion": -1.305757383561748,
    "Negative Low-Energy Emotions|Bitterness": -0.058963942475178666,
    "Negative High-Energy Emotions|Disgust": 0.05487474032184658,
    "Positive Low-Energy Emotions|Thankfulness/Gratitude": 2.3594826115284335,
    "Positive High-Energy Emotions|Teasing": 0.36951604797340487,
    "Physical and Exhaustive States|Intoxication/Altered States of Consciousness": 0.6940114208223189,
    "Positive Low-Energy Emotions|Pride": 1.0812291669955147,
    "Negative Low-Energy Emotions|Embarrassment": -0.6181104353552356,
    "Positive Low-Energy Emotions|Affection": 3.2563655159315643,
    "Negative Low-Energy Emotions|Sadness": -0.17913147221593295,
    "Negative Low-Energy Emotions|Shame": -0.6851459151528337,
    "Positive High-Energy Emotions|Triumph": -0.2124772192274823,
    "Cognitive States and Processes|Concentration": -1.6397488709714483,
    "Physical and Exhaustive States|Sourness": -0.09512703662738203,
    "Physical and Exhaustive States|Pain": -0.8322002483290785,
    "Negative High-Energy Emotions|Fear": -0.14601592162295307
  }
}