{
  "key": [
    "projects",
    "empathic-insight-face-large",
    "mj_data_362_U2.png"
  ],
  "value": {
    "Negative High-Energy Emotions|Malevolence/Malice": -0.843746959074017,
    "Negative Low-Energy Emotions|Jealousy & Envy": -0.9974739990076598,
    "Longing & Lust|Infatuation": 0.6549809985257247,
    "Cognitive States and Processes|Confusion": -2.373821741821902,
    "Longing & Lust|Sexual Lust": 0.31216948978164627,
    "Positive High-Energy Emotions|Hope/Enthusiasm/Optimism": 1.0397276538654285,
    "Positive High-Energy Emotions|Interest": 1.1864445922896265,
    "Positive High-Energy Emotions|Elation": 1.453511073867626,
    "Negative Low-Energy Emotions|Disappointment": 0.4593799519736099,
    "Negative High-Energy Emotions|Distress": -0.950247305368676,
    "Positive Low-Energy Emotions|Contemplation": 2.1473624666341964,
    "Negative Low-Energy Emotions|Emotional Numbness": -0.7722772461066352,
    "Negative High-Energy Emotions|Impatience and Irritability": -0.3100519822910428,
    "Negative Low-Energy Emotions|Helplessness": -0.071096499597325,
    "Negative Low-Energy Emotions|Contempt": -0.9335061430536649,
    "Positive High-Energy Emotions|Astonishment/Surprise": 0.3588301033154129,
    "Positive High-Energy Emotions|Pleasure/Ecstasy": 2.984663950722007,
    "Negative Low-Energy Emotions|Doubt": -0.9869750330953256,
    "Negative High-Energy Emotions|Anger": 0.5701596087217329,
    "Positive Low-Energy Emotions|Contentment": 2.0609944811397614,
    "Positive Low-Energy Emotions|Relief": -0.18014295478954034,
    "Positive High-Energy Emotions|Amusement": 2.089755807249423,
    "Longing & Lust|Longing": 0.8925178774839322,
    "Positive High-Energy Emotions|Awe": 0.318006165522863,
    "Physical and Exhaustive States|Fatigue/Exhaustion": -0.4998878042465623,
    "Negative Low-Energy Emotions|Bitterness": -0.9632302998970537,
    "Negative High-Energy Emotions|Disgust": -0.9566922562525553,
    "Positive Low-Energy Emotions|Thankfulness/Gratitude": 2.248843516222037,
    "Positive High-Energy Emotions|Teasing": 0.057636293906937586,
    "Physical and Exhaustive States|Intoxication/Altered States of Consciousness": -0.05690443434697734,
    "Positive Low-Energy Emotions|Pride": 0.8379503059496775,
    "Negative Low-Energy Emotions|Embarrassment": -1.6973064116125598,
    "Positive Low-Energy Emotions|Affection": 2.8010747215590057,
    "Negative Low-Energy Emotions|Sadness": -0.2429898620703641,
    "Negative Low-Energy Emotions|Shame": -1.002618134619997,
    "Positive High-Energy Emotions|Triumph": -1.172169250372578,
    "Cognitive States and Processes|Concentration": -0.3481003042485784,
    "Physical and Exhaustive States|Sourness": -0.8305590653978288,
    "Physical and Exhaustive States|Pain": 0.49525038471993277,
    "Negative High-Energy Emotions|Fear": -0.795490780860624
  }
}