{
  "key": [
    "projects",
    "empathic-insight-face-large",
    "mj_data_313_U1.png"
  ],
  "value": {
    "Negative High-Energy Emotions|Malevolence/Malice": -1.09188324104118,
    "Negative Low-Energy Emotions|Jealousy & Envy": -1.6455376586756285,
    "Longing & Lust|Infatuation": 1.6205938272572615,
    "Cognitive States and Processes|Confusion": -3.2951901023413113,
    "Longing & Lust|Sexual Lust": 1.936899659554748,
    "Positive High-Energy Emotions|Hope/Enthusiasm/Optimism": 2.5525646466060596,
    "Positive High-Energy Emotions|Interest": 1.99445224981755,
    "Positive High-Energy Emotions|Elation": 5.686071470062084,
    "Negative Low-Energy Emotions|Disappointment": -0.9259106707375717,
    "Negative High-Energy Emotions|Distress": -3.9182262596838613,
    "Positive Low-Energy Emotions|Contemplation": 0.7862429578909103,
    "Negative Low-Energy Emotions|Emotional Numbness": -1.84724170981742,
    "Negative High-Energy Emotions|Impatience and Irritability": -2.69957381952554,
    "Negative Low-Energy Emotions|Helplessness": -0.9196868735902449,
    "Negative Low-Energy Emotions|Contempt": -1.501215589007034,
    "Positive High-Energy Emotions|Astonishment/Surprise": 0.4886951536312698,
    "Positive High-Energy Emotions|Pleasure/Ecstasy": 4.134041654388694,
    "Negative Low-Energy Emotions|Doubt": -2.1959892104177134,
    "Negative High-Energy Emotions|Anger": -1.163449829220772,
    "Positive Low-Energy Emotions|Contentment": 4.6759412637287205,
    "Positive Low-Energy Emotions|Relief": 1.0649763039718656,
    "Positive High-Energy Emotions|Amusement": 6.066459644763347,
    "Longing & Lust|Longing": 0.942541552448837,
    "Positive High-Energy Emotions|Awe": 1.233045764464666,
    "Physical and Exhaustive States|Fatigue/Exhaustion": -1.4795397321945605,
    "Negative Low-Energy Emotions|Bitterness": -1.4112848519753007,
    "Negative High-Energy Emotions|Disgust": -1.443237818996696,
    "Positive Low-Energy Emotions|Thankfulness/Gratitude": 5.208503718486822,
    "Positive High-Energy Emotions|Teasing": 1.4209151001165017,
    "Physical and Exhaustive States|Intoxication/Altered States of Consciousness": 1.4234741338254775,
    "Positive Low-Energy Emotions|Pride": 1.4538294839968575,
    "Negative Low-Energy Emotions|Embarrassment": -1.7531943491583362,
    "Positive Low-Energy Emotions|Affection": 3.4350366375288544,
    "Negative Low-Energy Emotions|Sadness": -0.30706747780827914,
    "Negative Low-Energy Emotions|Shame": -1.0448995238564471,
    "Positive High-Energy Emotions|Triumph": 0.45589854108936645,
    "Cognitive States and Processes|Concentration": -2.310299455764539,
    "Physical and Exhaustive States|Sourness": -0.7808268571458756,
    "Physical and Exhaustive States|Pain": -0.24560113677207163,
    "Negative High-Energy Emotions|Fear": -1.11280564406558
  }
}