{
  "key": [
    "projects",
    "empathic-insight-face-large",
    "mj_data_274_U1.png"
  ],
  "value": {
    "Negative High-Energy Emotions|Malevolence/Malice": -0.678175031049725,
    "Negative Low-Energy Emotions|Jealousy & Envy": -1.1953428230127867,
    "Longing & Lust|Infatuation": -0.7537995166682145,
    "Cognitive States and Processes|Confusion": -1.6558659141088892,
    "Longing & Lust|Sexual Lust": -1.156186881144257,
    "Positive High-Energy Emotions|Hope/Enthusiasm/Optimism": 0.4344213265224415,
    "Positive High-Energy Emotions|Interest": -0.011642265506088711,
    "Positive High-Energy Emotions|Elation": 0.07772405413801176,
    "Negative Low-Energy Emotions|Disappointment": 1.1227175402838516,
    "Negative High-Energy Emotions|Distress": 1.1112555089242317,
    "Positive Low-Energy Emotions|Contemplation": 1.9509338100561324,
    "Negative Low-Energy Emotions|Emotional Numbness": -0.5640832883010016,
    "Negative High-Energy Emotions|Impatience and Irritability": 0.14930885564535856,
    "Negative Low-Energy Emotions|Helplessness": 0.6437086861975053,
    "Negative Low-Energy Emotions|Contempt": -0.4841262220941922,
    "Positive High-Energy Emotions|Astonishment/Surprise": -0.2907789855822922,
    "Positive High-Energy Emotions|Pleasure/Ecstasy": 2.2774866693423075,
    "Negative Low-Energy Emotions|Doubt": -0.9461101482419626,
    "Negative High-Energy Emotions|Anger": 0.6747135466337202,
    "Positive Low-Energy Emotions|Contentment": 1.3120361915165009,
    "Positive Low-Energy Emotions|Relief": -0.16400714298381525,
    "Positive High-Energy Emotions|Amusement": 2.9529350886033736,
    "Longing & Lust|Longing": 0.795519431794254,
    "Positive High-Energy Emotions|Awe": -0.03618418405599444,
    "Physical and Exhaustive States|Fatigue/Exhaustion": 0.2788517673247878,
    "Negative Low-Energy Emotions|Bitterness": -0.6478513955544023,
    "Negative High-Energy Emotions|Disgust": -0.20065418652751865,
    "Positive Low-Energy Emotions|Thankfulness/Gratitude": 2.3601028872642886,
    "Positive High-Energy Emotions|Teasing": -0.5485782294084921,
    "Physical and Exhaustive States|Intoxication/Altered States of Consciousness": 0.031029344415840043,
    "Positive Low-Energy Emotions|Pride": 0.30915357352398776,
    "Negative Low-Energy Emotions|Embarrassment": -0.9168324640875354,
    "Positive Low-Energy Emotions|Affection": 2.6364133140883026,
    "Negative Low-Energy Emotions|Sadness": 1.2235185860535678,
    "Negative Low-Energy Emotions|Shame": -0.5164559489510515,
    "Positive High-Energy Emotions|Triumph": -1.008345586184193,
    "Cognitive States and Processes|Concentration": -0.5765475180175375,
    "Physical and Exhaustive States|Sourness": -0.3528138900361955,
    "Physical and Exhaustive States|Pain": 1.2313908742981798,
    "Negative High-Energy Emotions|Fear": -0.8193772230450722
  }
}