{
  "key": [
    "projects",
    "empathic-insight-face-large",
    "mj_data_383_U2.png"
  ],
  "value": {
    "Negative High-Energy Emotions|Malevolence/Malice": -0.27747446189689295,
    "Negative Low-Energy Emotions|Jealousy & Envy": -0.03152815912576279,
    "Longing & Lust|Infatuation": 1.5265416317082503,
    "Cognitive States and Processes|Confusion": -3.18120599437012,
    "Longing & Lust|Sexual Lust": 1.6777964805767818,
    "Positive High-Energy Emotions|Hope/Enthusiasm/Optimism": 3.3257993716045338,
    "Positive High-Energy Emotions|Interest": 1.7068204997107386,
    "Positive High-Energy Emotions|Elation": 7.514915778915233,
    "Negative Low-Energy Emotions|Disappointment": -2.024417836646385,
    "Negative High-Energy Emotions|Distress": -3.4037749943487783,
    "Positive Low-Energy Emotions|Contemplation": -1.0792131463876542,
    "Negative Low-Energy Emotions|Emotional Numbness": -2.1518351536879643,
    "Negative High-Energy Emotions|Impatience and Irritability": -1.8283670591190457,
    "Negative Low-Energy Emotions|Helplessness": -1.8306728202455185,
    "Negative Low-Energy Emotions|Contempt": -0.0014101385675808764,
    "Positive High-Energy Emotions|Astonishment/Surprise": 0.4542342514172195,
    "Positive High-Energy Emotions|Pleasure/Ecstasy": 3.9741777055666727,
    "Negative Low-Energy Emotions|Doubt": -1.4977836201696053,
    "Negative High-Energy Emotions|Anger": -0.2812662774324419,
    "Positive Low-Energy Emotions|Contentment": 5.491130029254538,
    "Positive Low-Energy Emotions|Relief": 1.1224110714565305,
    "Positive High-Energy Emotions|Amusement": 7.262825001208659,
    "Longing & Lust|Longing": 0.5366193258410374,
    "Positive High-Energy Emotions|Awe": 0.3154099064057365,
    "Physical and Exhaustive States|Fatigue/Exhaustion": -1.452030519700664,
    "Negative Low-Energy Emotions|Bitterness": 0.11010904317393022,
    "Negative High-Energy Emotions|Disgust": -0.5754461663172525,
    "Positive Low-Energy Emotions|Thankfulness/Gratitude": 3.939193720928229,
    "Positive High-Energy Emotions|Teasing": 1.1925535829255685,
    "Physical and Exhaustive States|Intoxication/Altered States of Consciousness": 0.5101479896070327,
    "Positive Low-Energy Emotions|Pride": 1.3740921783556832,
    "Negative Low-Energy Emotions|Embarrassment": -1.228021877158214,
    "Positive Low-Energy Emotions|Affection": 3.5074863216719208,
    "Negative Low-Energy Emotions|Sadness": -0.9149598718741361,
    "Negative Low-Energy Emotions|Shame": -1.2843303090355853,
    "Positive High-Energy Emotions|Triumph": 0.5611801325047717,
    "Cognitive States and Processes|Concentration": -1.8940225240018438,
    "Physical and Exhaustive States|Sourness": -0.38328312879428267,
    "Physical and Exhaustive States|Pain": -1.0440976215285414,
    "Negative High-Energy Emotions|Fear": -1.0547912512127968
  }
}