{
  "key": [
    "projects",
    "empathic-insight-face-large",
    "mj_data_177_U1.png"
  ],
  "value": {
    "Negative High-Energy Emotions|Malevolence/Malice": -0.7039650071697201,
    "Negative Low-Energy Emotions|Jealousy & Envy": -0.4745142898401793,
    "Longing & Lust|Infatuation": -0.6114601678751848,
    "Cognitive States and Processes|Confusion": -0.467538005592959,
    "Longing & Lust|Sexual Lust": -1.2415094996287541,
    "Positive High-Energy Emotions|Hope/Enthusiasm/Optimism": -0.7563446503833813,
    "Positive High-Energy Emotions|Interest": 0.24555392246693375,
    "Positive High-Energy Emotions|Elation": 1.9454909708898733,
    "Negative Low-Energy Emotions|Disappointment": 1.6873227167326736,
    "Negative High-Energy Emotions|Distress": 0.19155440952847985,
    "Positive Low-Energy Emotions|Contemplation": 1.5894328315862838,
    "Negative Low-Energy Emotions|Emotional Numbness": -1.47261590777732,
    "Negative High-Energy Emotions|Impatience and Irritability": -0.8421211885288358,
    "Negative Low-Energy Emotions|Helplessness": 0.024791936243281687,
    "Negative Low-Energy Emotions|Contempt": -0.062122952898635564,
    "Positive High-Energy Emotions|Astonishment/Surprise": -0.10159670408815158,
    "Positive High-Energy Emotions|Pleasure/Ecstasy": 1.8550119870112223,
    "Negative Low-Energy Emotions|Doubt": -0.6105601380376474,
    "Negative High-Energy Emotions|Anger": 0.09921258151531198,
    "Positive Low-Energy Emotions|Contentment": 0.11464134364662781,
    "Positive Low-Energy Emotions|Relief": -0.04904599567546564,
    "Positive High-Energy Emotions|Amusement": 3.624315846888896,
    "Longing & Lust|Longing": 0.3991459214335362,
    "Positive High-Energy Emotions|Awe": -0.026317231159876275,
    "Physical and Exhaustive States|Fatigue/Exhaustion": 0.1192326743835036,
    "Negative Low-Energy Emotions|Bitterness": 0.8238052845527144,
    "Negative High-Energy Emotions|Disgust": 0.9090426785542685,
    "Positive Low-Energy Emotions|Thankfulness/Gratitude": 2.2145254863415134,
    "Positive High-Energy Emotions|Teasing": -0.30160221145652677,
    "Physical and Exhaustive States|Intoxication/Altered States of Consciousness": 0.09600532135980977,
    "Positive Low-Energy Emotions|Pride": -0.11656158982611756,
    "Negative Low-Energy Emotions|Embarrassment": 1.0750064381474957,
    "Positive Low-Energy Emotions|Affection": 2.421051242097336,
    "Negative Low-Energy Emotions|Sadness": 1.3274264692208346,
    "Negative Low-Energy Emotions|Shame": -0.43087750733117847,
    "Positive High-Energy Emotions|Triumph": -1.893266183260609,
    "Cognitive States and Processes|Concentration": -1.296623885276563,
    "Physical and Exhaustive States|Sourness": -0.31085525995120405,
    "Physical and Exhaustive States|Pain": 0.0285268234330065,
    "Negative High-Energy Emotions|Fear": -0.5617769155804726
  }
}