{
  "key": [
    "projects",
    "empathic-insight-face-large",
    "mj_data_273_U2.png"
  ],
  "value": {
    "Negative High-Energy Emotions|Malevolence/Malice": 0.1594305645389591,
    "Negative Low-Energy Emotions|Jealousy & Envy": -0.06667749498696884,
    "Longing & Lust|Infatuation": -0.3307773656748674,
    "Cognitive States and Processes|Confusion": -0.8281641070867944,
    "Longing & Lust|Sexual Lust": -1.3201847697093205,
    "Positive High-Energy Emotions|Hope/Enthusiasm/Optimism": -1.2773614865497631,
    "Positive High-Energy Emotions|Interest": -0.5359995843842625,
    "Positive High-Energy Emotions|Elation": -1.575590774734669,
    "Negative Low-Energy Emotions|Disappointment": 2.3613070953089523,
    "Negative High-Energy Emotions|Distress": 0.8963483395821907,
    "Positive Low-Energy Emotions|Contemplation": 1.8436990936407271,
    "Negative Low-Energy Emotions|Emotional Numbness": -0.6798798543105231,
    "Negative High-Energy Emotions|Impatience and Irritability": -1.0011599706485868,
    "Negative Low-Energy Emotions|Helplessness": 1.0829058539516785,
    "Negative Low-Energy Emotions|Contempt": 0.8683031678594211,
    "Positive High-Energy Emotions|Astonishment/Surprise": -0.2251981407031418,
    "Positive High-Energy Emotions|Pleasure/Ecstasy": -0.08046866722843227,
    "Negative Low-Energy Emotions|Doubt": -0.5847217629460947,
    "Negative High-Energy Emotions|Anger": -0.07028681576252005,
    "Positive Low-Energy Emotions|Contentment": -1.2220056900447784,
    "Positive Low-Energy Emotions|Relief": -0.7772702731718035,
    "Positive High-Energy Emotions|Amusement": -0.757390510113362,
    "Longing & Lust|Longing": 0.801153188312618,
    "Positive High-Energy Emotions|Awe": 0.04448092748575361,
    "Physical and Exhaustive States|Fatigue/Exhaustion": 0.742806990885121,
    "Negative Low-Energy Emotions|Bitterness": 1.5576327413846465,
    "Negative High-Energy Emotions|Disgust": 1.5760077831937986,
    "Positive Low-Energy Emotions|Thankfulness/Gratitude": 2.664431833660997,
    "Positive High-Energy Emotions|Teasing": -0.7524513869097128,
    "Physical and Exhaustive States|Intoxication/Altered States of Consciousness": 0.4084206827642287,
    "Positive Low-Energy Emotions|Pride": -0.4984556865582571,
    "Negative Low-Energy Emotions|Embarrassment": -0.3247978857641711,
    "Positive Low-Energy Emotions|Affection": 0.8909553370317992,
    "Negative Low-Energy Emotions|Sadness": 2.207386171712595,
    "Negative Low-Energy Emotions|Shame": 0.6074463421084425,
    "Positive High-Energy Emotions|Triumph": -1.6067555965220226,
    "Cognitive States and Processes|Concentration": -1.0567787286069463,
    "Physical and Exhaustive States|Sourness": 0.046353915873914964,
    "Physical and Exhaustive States|Pain": 0.9139198469239123,
    "Negative High-Energy Emotions|Fear": 0.20781966111020123
  }
}