{
  "key": [
    "projects",
    "empathic-insight-face-large",
    "mj_data_196_U4.png"
  ],
  "value": {
    "Negative High-Energy Emotions|Malevolence/Malice": -0.8519988645153012,
    "Negative Low-Energy Emotions|Jealousy & Envy": -1.6445823154291686,
    "Longing & Lust|Infatuation": -1.1070731468104265,
    "Cognitive States and Processes|Confusion": -2.094580895187991,
    "Longing & Lust|Sexual Lust": -0.3126581335856633,
    "Positive High-Energy Emotions|Hope/Enthusiasm/Optimism": 2.754778291587444,
    "Positive High-Energy Emotions|Interest": 0.0756902812048793,
    "Positive High-Energy Emotions|Elation": 5.125529363433666,
    "Negative Low-Energy Emotions|Disappointment": -0.7365657877724838,
    "Negative High-Energy Emotions|Distress": -0.5648627159350059,
    "Positive Low-Energy Emotions|Contemplation": -0.35180086296709145,
    "Negative Low-Energy Emotions|Emotional Numbness": -2.1122796040663823,
    "Negative High-Energy Emotions|Impatience and Irritability": 0.01911609899252653,
    "Negative Low-Energy Emotions|Helplessness": 0.2796168726332048,
    "Negative Low-Energy Emotions|Contempt": -0.9477969526850125,
    "Positive High-Energy Emotions|Astonishment/Surprise": -0.40850483473390353,
    "Positive High-Energy Emotions|Pleasure/Ecstasy": 3.2330829971239847,
    "Negative Low-Energy Emotions|Doubt": -2.410493690779652,
    "Negative High-Energy Emotions|Anger": 0.6448005980253217,
    "Positive Low-Energy Emotions|Contentment": 1.6748144975238861,
    "Positive Low-Energy Emotions|Relief": 1.4360491923461942,
    "Positive High-Energy Emotions|Amusement": 5.144032944171306,
    "Longing & Lust|Longing": 0.06819119092282455,
    "Positive High-Energy Emotions|Awe": -0.04302775095052569,
    "Physical and Exhaustive States|Fatigue/Exhaustion": -0.3431960146194871,
    "Negative Low-Energy Emotions|Bitterness": -1.0115060090492753,
    "Negative High-Energy Emotions|Disgust": 0.08231433459064541,
    "Positive Low-Energy Emotions|Thankfulness/Gratitude": 3.5505901528511417,
    "Positive High-Energy Emotions|Teasing": 0.1478960843274698,
    "Physical and Exhaustive States|Intoxication/Altered States of Consciousness": 0.16286009631174458,
    "Positive Low-Energy Emotions|Pride": 0.39012541056774996,
    "Negative Low-Energy Emotions|Embarrassment": -0.8490424326544299,
    "Positive Low-Energy Emotions|Affection": 2.9919388077101288,
    "Negative Low-Energy Emotions|Sadness": -0.6267169357397977,
    "Negative Low-Energy Emotions|Shame": -1.0105937129281024,
    "Positive High-Energy Emotions|Triumph": -0.4375067995225682,
    "Cognitive States and Processes|Concentration": -1.0324516292836736,
    "Physical and Exhaustive States|Sourness": -0.7940087819658219,
    "Physical and Exhaustive States|Pain": 0.8076876806336291,
    "Negative High-Energy Emotions|Fear": -1.077712574989042
  }
}