{
  "key": [
    "projects",
    "empathic-insight-face-large",
    "mj_data_230_U4.png"
  ],
  "value": {
    "Negative High-Energy Emotions|Malevolence/Malice": -0.7230623353557553,
    "Negative Low-Energy Emotions|Jealousy & Envy": -1.289844556792694,
    "Longing & Lust|Infatuation": -0.7987745590113542,
    "Cognitive States and Processes|Confusion": -0.8607630794073511,
    "Longing & Lust|Sexual Lust": -1.0615339899851994,
    "Positive High-Energy Emotions|Hope/Enthusiasm/Optimism": -0.4944982272342724,
    "Positive High-Energy Emotions|Interest": 0.27857878487557175,
    "Positive High-Energy Emotions|Elation": -0.679040834625416,
    "Negative Low-Energy Emotions|Disappointment": 1.8548893737990189,
    "Negative High-Energy Emotions|Distress": 1.662106734777198,
    "Positive Low-Energy Emotions|Contemplation": 2.331887718022746,
    "Negative Low-Energy Emotions|Emotional Numbness": -0.7109850746283637,
    "Negative High-Energy Emotions|Impatience and Irritability": -0.94036013353616,
    "Negative Low-Energy Emotions|Helplessness": 1.1822071474439957,
    "Negative Low-Energy Emotions|Contempt": -0.740297448595657,
    "Positive High-Energy Emotions|Astonishment/Surprise": 0.48218143884092557,
    "Positive High-Energy Emotions|Pleasure/Ecstasy": 2.044958280842094,
    "Negative Low-Energy Emotions|Doubt": -0.5840018878488199,
    "Negative High-Energy Emotions|Anger": -0.018878048062324737,
    "Positive Low-Energy Emotions|Contentment": -0.3493054756587921,
    "Positive Low-Energy Emotions|Relief": -0.47377164741649347,
    "Positive High-Energy Emotions|Amusement": 2.494495678870555,
    "Longing & Lust|Longing": 1.153110956514446,
    "Positive High-Energy Emotions|Awe": 1.1537633614724174,
    "Physical and Exhaustive States|Fatigue/Exhaustion": 0.7960769732230727,
    "Negative Low-Energy Emotions|Bitterness": -0.47803061003194136,
    "Negative High-Energy Emotions|Disgust": 0.5086395365788656,
    "Positive Low-Energy Emotions|Thankfulness/Gratitude": 2.0956909013901126,
    "Positive High-Energy Emotions|Teasing": -0.3897661833574667,
    "Physical and Exhaustive States|Intoxication/Altered States of Consciousness": 0.8698807366849746,
    "Positive Low-Energy Emotions|Pride": -0.712730122793685,
    "Negative Low-Energy Emotions|Embarrassment": -0.7923472097998157,
    "Positive Low-Energy Emotions|Affection": 1.7278835556349335,
    "Negative Low-Energy Emotions|Sadness": 2.128449594869333,
    "Negative Low-Energy Emotions|Shame": -0.09132701218347339,
    "Positive High-Energy Emotions|Triumph": -1.9279618085657848,
    "Cognitive States and Processes|Concentration": -0.6771968674089979,
    "Physical and Exhaustive States|Sourness": -0.3497449660860002,
    "Physical and Exhaustive States|Pain": 1.2664127158242113,
    "Negative High-Energy Emotions|Fear": 0.13963123223141705
  }
}