{
  "key": [
    "projects",
    "empathic-insight-face-large",
    "mj_data_253_U4.png"
  ],
  "value": {
    "Negative High-Energy Emotions|Malevolence/Malice": -1.0600689042644467,
    "Negative Low-Energy Emotions|Jealousy & Envy": -2.5670409641108094,
    "Longing & Lust|Infatuation": -2.3302059955500507,
    "Cognitive States and Processes|Confusion": -3.80596709895386,
    "Longing & Lust|Sexual Lust": 0.717292008321075,
    "Positive High-Energy Emotions|Hope/Enthusiasm/Optimism": 5.827018882636638,
    "Positive High-Energy Emotions|Interest": -3.3665116908028723,
    "Positive High-Energy Emotions|Elation": 8.762415244857616,
    "Negative Low-Energy Emotions|Disappointment": -3.6123885702889633,
    "Negative High-Energy Emotions|Distress": -4.931269186472192,
    "Positive Low-Energy Emotions|Contemplation": -5.936923984705525,
    "Negative Low-Energy Emotions|Emotional Numbness": -3.870072792161475,
    "Negative High-Energy Emotions|Impatience and Irritability": -2.3895266698673368,
    "Negative Low-Energy Emotions|Helplessness": -2.203625043069615,
    "Negative Low-Energy Emotions|Contempt": -0.7897077917658231,
    "Positive High-Energy Emotions|Astonishment/Surprise": -0.3623436599597336,
    "Positive High-Energy Emotions|Pleasure/Ecstasy": 5.1587968938753885,
    "Negative Low-Energy Emotions|Doubt": -4.269265253355946,
    "Negative High-Energy Emotions|Anger": -0.9757061654329302,
    "Positive Low-Energy Emotions|Contentment": 5.531574403339011,
    "Positive Low-Energy Emotions|Relief": 3.3042023620973615,
    "Positive High-Energy Emotions|Amusement": 7.636626232592937,
    "Longing & Lust|Longing": -1.025548557078274,
    "Positive High-Energy Emotions|Awe": 0.1872564630692497,
    "Physical and Exhaustive States|Fatigue/Exhaustion": -1.9020532171493945,
    "Negative Low-Energy Emotions|Bitterness": -1.7211717843483476,
    "Negative High-Energy Emotions|Disgust": 0.2980695588185507,
    "Positive Low-Energy Emotions|Thankfulness/Gratitude": 5.995936389080084,
    "Positive High-Energy Emotions|Teasing": 1.951562914390336,
    "Physical and Exhaustive States|Intoxication/Altered States of Consciousness": 1.637159795379814,
    "Positive Low-Energy Emotions|Pride": 1.3163172769656075,
    "Negative Low-Energy Emotions|Embarrassment": -1.2895810774450793,
    "Positive Low-Energy Emotions|Affection": 2.6271798393568573,
    "Negative Low-Energy Emotions|Sadness": -2.1898910642722074,
    "Negative Low-Energy Emotions|Shame": -1.8051230317376117,
    "Positive High-Energy Emotions|Triumph": 1.0802825866902577,
    "Cognitive States and Processes|Concentration": -3.586232244613416,
    "Physical and Exhaustive States|Sourness": -1.029034187849611,
    "Physical and Exhaustive States|Pain": -0.5807776046675794,
    "Negative High-Energy Emotions|Fear": -1.7930744085614296
  }
}