{
  "key": [
    "projects",
    "empathic-insight-face-large",
    "mj_data_276_U2.png"
  ],
  "value": {
    "Negative High-Energy Emotions|Malevolence/Malice": -0.8191974748210873,
    "Negative Low-Energy Emotions|Jealousy & Envy": -1.0975704631647643,
    "Longing & Lust|Infatuation": -0.31844909857739423,
    "Cognitive States and Processes|Confusion": -2.0316035811926296,
    "Longing & Lust|Sexual Lust": -0.5348334933116154,
    "Positive High-Energy Emotions|Hope/Enthusiasm/Optimism": 2.028124536876293,
    "Positive High-Energy Emotions|Interest": 2.3110444663092493,
    "Positive High-Energy Emotions|Elation": 3.4733405259054373,
    "Negative Low-Energy Emotions|Disappointment": -1.3795923781197739,
    "Negative High-Energy Emotions|Distress": -2.1337683377020498,
    "Positive Low-Energy Emotions|Contemplation": 0.42470194745151435,
    "Negative Low-Energy Emotions|Emotional Numbness": -1.9018896323332892,
    "Negative High-Energy Emotions|Impatience and Irritability": -0.3429990457370877,
    "Negative Low-Energy Emotions|Helplessness": -1.7366100150697372,
    "Negative Low-Energy Emotions|Contempt": -0.8413754820429227,
    "Positive High-Energy Emotions|Astonishment/Surprise": 0.14261020127683866,
    "Positive High-Energy Emotions|Pleasure/Ecstasy": 2.859492527763633,
    "Negative Low-Energy Emotions|Doubt": -1.5377535412816659,
    "Negative High-Energy Emotions|Anger": 0.37257021129131296,
    "Positive Low-Energy Emotions|Contentment": 3.2809763303333344,
    "Positive Low-Energy Emotions|Relief": 0.06561414817676825,
    "Positive High-Energy Emotions|Amusement": 5.351876247851726,
    "Longing & Lust|Longing": 0.1795734369402806,
    "Positive High-Energy Emotions|Awe": 0.28893757631235273,
    "Physical and Exhaustive States|Fatigue/Exhaustion": -0.9413151542908128,
    "Negative Low-Energy Emotions|Bitterness": -1.273949313111165,
    "Negative High-Energy Emotions|Disgust": -0.48623231820323887,
    "Positive Low-Energy Emotions|Thankfulness/Gratitude": 4.9303317023430235,
    "Positive High-Energy Emotions|Teasing": 0.3428857059667215,
    "Physical and Exhaustive States|Intoxication/Altered States of Consciousness": 0.31275254569071187,
    "Positive Low-Energy Emotions|Pride": 1.1396992969622506,
    "Negative Low-Energy Emotions|Embarrassment": -0.9447257689123645,
    "Positive Low-Energy Emotions|Affection": 3.1054303428968963,
    "Negative Low-Energy Emotions|Sadness": -0.8271270633795682,
    "Negative Low-Energy Emotions|Shame": -1.2081102734826068,
    "Positive High-Energy Emotions|Triumph": 0.2670304356778369,
    "Cognitive States and Processes|Concentration": -0.6993118744518827,
    "Physical and Exhaustive States|Sourness": -0.6679662967287003,
    "Physical and Exhaustive States|Pain": 0.12714020481880972,
    "Negative High-Energy Emotions|Fear": -1.0890508089367958
  }
}