{
  "key": [
    "projects",
    "empathic-insight-face-large",
    "mj_data_150_U2.png"
  ],
  "value": {
    "Negative High-Energy Emotions|Malevolence/Malice": -0.737541257246014,
    "Negative Low-Energy Emotions|Jealousy & Envy": -1.6598685226282652,
    "Longing & Lust|Infatuation": -0.24097939204205487,
    "Cognitive States and Processes|Confusion": -1.7967212264563013,
    "Longing & Lust|Sexual Lust": -1.099722209055634,
    "Positive High-Energy Emotions|Hope/Enthusiasm/Optimism": 1.091523702745052,
    "Positive High-Energy Emotions|Interest": 0.7102942584082484,
    "Positive High-Energy Emotions|Elation": 0.07669074801618558,
    "Negative Low-Energy Emotions|Disappointment": 0.37392286541049957,
    "Negative High-Energy Emotions|Distress": 0.9507002654321053,
    "Positive Low-Energy Emotions|Contemplation": 1.8808239658483688,
    "Negative Low-Energy Emotions|Emotional Numbness": -0.5445675355086432,
    "Negative High-Energy Emotions|Impatience and Irritability": 0.7833451582118869,
    "Negative Low-Energy Emotions|Helplessness": 0.6568625372297624,
    "Negative Low-Energy Emotions|Contempt": -0.9865180372797391,
    "Positive High-Energy Emotions|Astonishment/Surprise": 0.3860061258450149,
    "Positive High-Energy Emotions|Pleasure/Ecstasy": 0.6993847363398356,
    "Negative Low-Energy Emotions|Doubt": -1.3310178111104622,
    "Negative High-Energy Emotions|Anger": 1.2031163519620893,
    "Positive Low-Energy Emotions|Contentment": 1.4588756909900726,
    "Positive Low-Energy Emotions|Relief": -0.14756210228099542,
    "Positive High-Energy Emotions|Amusement": 1.833522428004619,
    "Longing & Lust|Longing": 1.5060669088011662,
    "Positive High-Energy Emotions|Awe": 1.2035219149773613,
    "Physical and Exhaustive States|Fatigue/Exhaustion": 0.5963566799396102,
    "Negative Low-Energy Emotions|Bitterness": -0.7416085481117753,
    "Negative High-Energy Emotions|Disgust": -0.4607243912623209,
    "Positive Low-Energy Emotions|Thankfulness/Gratitude": 2.706637130117811,
    "Positive High-Energy Emotions|Teasing": -0.8007872967531576,
    "Physical and Exhaustive States|Intoxication/Altered States of Consciousness": 0.5963363059522475,
    "Positive Low-Energy Emotions|Pride": -0.6988220047841177,
    "Negative Low-Energy Emotions|Embarrassment": -1.615050094473888,
    "Positive Low-Energy Emotions|Affection": 2.0637767097792206,
    "Negative Low-Energy Emotions|Sadness": 0.6292429773947772,
    "Negative Low-Energy Emotions|Shame": -0.6765356665871599,
    "Positive High-Energy Emotions|Triumph": -1.5364073337351574,
    "Cognitive States and Processes|Concentration": -0.2570719715383123,
    "Physical and Exhaustive States|Sourness": -0.9212996268831193,
    "Physical and Exhaustive States|Pain": 0.6205703424530871,
    "Negative High-Energy Emotions|Fear": -0.09258178809328999
  }
}