{
  "key": [
    "projects",
    "empathic-insight-face-large",
    "mj_data_35_U1.png"
  ],
  "value": {
    "Negative High-Energy Emotions|Malevolence/Malice": -0.8430102456645931,
    "Negative Low-Energy Emotions|Jealousy & Envy": -0.6640689811548766,
    "Longing & Lust|Infatuation": 3.0167098455525494,
    "Cognitive States and Processes|Confusion": -2.710675007584231,
    "Longing & Lust|Sexual Lust": 1.1017445897267146,
    "Positive High-Energy Emotions|Hope/Enthusiasm/Optimism": 1.6600630986734348,
    "Positive High-Energy Emotions|Interest": 3.4552205918356775,
    "Positive High-Energy Emotions|Elation": 2.9480089542072485,
    "Negative Low-Energy Emotions|Disappointment": 0.7875094819266129,
    "Negative High-Energy Emotions|Distress": -2.7908952412359853,
    "Positive Low-Energy Emotions|Contemplation": 0.7693108876356307,
    "Negative Low-Energy Emotions|Emotional Numbness": -1.7915851575026618,
    "Negative High-Energy Emotions|Impatience and Irritability": -1.1806667493656278,
    "Negative Low-Energy Emotions|Helplessness": -0.35684212032486406,
    "Negative Low-Energy Emotions|Contempt": -1.463486564119949,
    "Positive High-Energy Emotions|Astonishment/Surprise": 0.15802205506712186,
    "Positive High-Energy Emotions|Pleasure/Ecstasy": 1.152487086574821,
    "Negative Low-Energy Emotions|Doubt": -1.4441551754979745,
    "Negative High-Energy Emotions|Anger": -0.8681340867280962,
    "Positive Low-Energy Emotions|Contentment": -0.10525878757895812,
    "Positive Low-Energy Emotions|Relief": 0.85322593072758,
    "Positive High-Energy Emotions|Amusement": 2.176118869511958,
    "Longing & Lust|Longing": 0.6790295445567052,
    "Positive High-Energy Emotions|Awe": 1.4806432204430595,
    "Physical and Exhaustive States|Fatigue/Exhaustion": -0.9112216036087449,
    "Negative Low-Energy Emotions|Bitterness": -0.6887058495949296,
    "Negative High-Energy Emotions|Disgust": -0.7199297326014322,
    "Positive Low-Energy Emotions|Thankfulness/Gratitude": 3.2666222406540286,
    "Positive High-Energy Emotions|Teasing": 0.8046340377519235,
    "Physical and Exhaustive States|Intoxication/Altered States of Consciousness": -0.6049642554758226,
    "Positive Low-Energy Emotions|Pride": 0.9221797752489939,
    "Negative Low-Energy Emotions|Embarrassment": 0.07139418805785036,
    "Positive Low-Energy Emotions|Affection": 2.6292340538343963,
    "Negative Low-Energy Emotions|Sadness": -0.7888114095786039,
    "Negative Low-Energy Emotions|Shame": -0.2726253873131731,
    "Positive High-Energy Emotions|Triumph": -0.04235826146953248,
    "Cognitive States and Processes|Concentration": 0.22019183671211495,
    "Physical and Exhaustive States|Sourness": -0.2626671696268022,
    "Physical and Exhaustive States|Pain": -0.15926643141928842,
    "Negative High-Energy Emotions|Fear": -0.13420704940005268
  }
}