{
  "key": [
    "projects",
    "empathic-insight-face-large",
    "mj_data_25_U2.png"
  ],
  "value": {
    "Negative High-Energy Emotions|Malevolence/Malice": -0.519827543600079,
    "Negative Low-Energy Emotions|Jealousy & Envy": -0.2949439725718077,
    "Longing & Lust|Infatuation": -1.0467685050867936,
    "Cognitive States and Processes|Confusion": 0.967820459124906,
    "Longing & Lust|Sexual Lust": -0.4146595621897893,
    "Positive High-Energy Emotions|Hope/Enthusiasm/Optimism": -1.0722623807148022,
    "Positive High-Energy Emotions|Interest": 1.1358943102881311,
    "Positive High-Energy Emotions|Elation": -1.7931544038850595,
    "Negative Low-Energy Emotions|Disappointment": 2.3356100875336456,
    "Negative High-Energy Emotions|Distress": 2.014649373555885,
    "Positive Low-Energy Emotions|Contemplation": 1.3165601452001754,
    "Negative Low-Energy Emotions|Emotional Numbness": -1.7095953923354255,
    "Negative High-Energy Emotions|Impatience and Irritability": 0.10875123273581266,
    "Negative Low-Energy Emotions|Helplessness": 0.6080395382292131,
    "Negative Low-Energy Emotions|Contempt": -0.65790451761116,
    "Positive High-Energy Emotions|Astonishment/Surprise": 1.0819499582424759,
    "Positive High-Energy Emotions|Pleasure/Ecstasy": 0.45321135453441563,
    "Negative Low-Energy Emotions|Doubt": 1.032792012879406,
    "Negative High-Energy Emotions|Anger": 0.8851308172941206,
    "Positive Low-Energy Emotions|Contentment": -1.6818164238399445,
    "Positive Low-Energy Emotions|Relief": -1.2084600486387225,
    "Positive High-Energy Emotions|Amusement": -0.8786084761930739,
    "Longing & Lust|Longing": 0.5369088554030339,
    "Positive High-Energy Emotions|Awe": 0.31228519250803144,
    "Physical and Exhaustive States|Fatigue/Exhaustion": -0.41352496550144513,
    "Negative Low-Energy Emotions|Bitterness": -0.3651844739388017,
    "Negative High-Energy Emotions|Disgust": -0.17054931096294346,
    "Positive Low-Energy Emotions|Thankfulness/Gratitude": 2.3364098621521365,
    "Positive High-Energy Emotions|Teasing": -0.8244993357469931,
    "Physical and Exhaustive States|Intoxication/Altered States of Consciousness": 0.8103915759088363,
    "Positive Low-Energy Emotions|Pride": -1.0309339594731437,
    "Negative Low-Energy Emotions|Embarrassment": -1.0382735899572864,
    "Positive Low-Energy Emotions|Affection": 0.9681601903280791,
    "Negative Low-Energy Emotions|Sadness": 0.044130122556405915,
    "Negative Low-Energy Emotions|Shame": -0.2342192536614397,
    "Positive High-Energy Emotions|Triumph": -2.0301791251932872,
    "Cognitive States and Processes|Concentration": 0.19410562550758614,
    "Physical and Exhaustive States|Sourness": -0.24665408378466963,
    "Physical and Exhaustive States|Pain": 0.6358794378357775,
    "Negative High-Energy Emotions|Fear": 1.2291868533785728
  }
}