{
  "key": [
    "projects",
    "empathic-insight-face-large",
    "mj_data_282_U1.png"
  ],
  "value": {
    "Negative High-Energy Emotions|Malevolence/Malice": -1.0248590100841488,
    "Negative Low-Energy Emotions|Jealousy & Envy": -1.6207650146326598,
    "Longing & Lust|Infatuation": -1.4272709674738786,
    "Cognitive States and Processes|Confusion": -1.122230297806399,
    "Longing & Lust|Sexual Lust": -1.2264130736186223,
    "Positive High-Energy Emotions|Hope/Enthusiasm/Optimism": 1.8116796571060139,
    "Positive High-Energy Emotions|Interest": -0.5455518843606114,
    "Positive High-Energy Emotions|Elation": 1.2078078535001944,
    "Negative Low-Energy Emotions|Disappointment": 2.1324564027983475,
    "Negative High-Energy Emotions|Distress": 0.9123658957726815,
    "Positive Low-Energy Emotions|Contemplation": 1.6669543941625777,
    "Negative Low-Energy Emotions|Emotional Numbness": -1.4434120160231696,
    "Negative High-Energy Emotions|Impatience and Irritability": 0.02243607770651579,
    "Negative Low-Energy Emotions|Helplessness": 1.1584141653425553,
    "Negative Low-Energy Emotions|Contempt": -0.9464303373896024,
    "Positive High-Energy Emotions|Astonishment/Surprise": -0.2203584819659592,
    "Positive High-Energy Emotions|Pleasure/Ecstasy": 2.2566324942515177,
    "Negative Low-Energy Emotions|Doubt": -1.5013066123036996,
    "Negative High-Energy Emotions|Anger": 0.6105186289548872,
    "Positive Low-Energy Emotions|Contentment": 0.22464386134682313,
    "Positive Low-Energy Emotions|Relief": 1.2176258146236925,
    "Positive High-Energy Emotions|Amusement": 2.210254330365535,
    "Longing & Lust|Longing": 0.8454064929133336,
    "Positive High-Energy Emotions|Awe": 1.0578104334061638,
    "Physical and Exhaustive States|Fatigue/Exhaustion": 0.2858063776725356,
    "Negative Low-Energy Emotions|Bitterness": -0.7550696610878496,
    "Negative High-Energy Emotions|Disgust": 0.2981750590398031,
    "Positive Low-Energy Emotions|Thankfulness/Gratitude": 2.1783056808624637,
    "Positive High-Energy Emotions|Teasing": -0.7776736883928671,
    "Physical and Exhaustive States|Intoxication/Altered States of Consciousness": -0.3954008809564744,
    "Positive Low-Energy Emotions|Pride": -0.16076998232699494,
    "Negative Low-Energy Emotions|Embarrassment": -0.5641771725302234,
    "Positive Low-Energy Emotions|Affection": 1.7983910820326385,
    "Negative Low-Energy Emotions|Sadness": 1.2806409357926425,
    "Negative Low-Energy Emotions|Shame": -0.19056469261865405,
    "Positive High-Energy Emotions|Triumph": -1.1369332493578685,
    "Cognitive States and Processes|Concentration": -0.43734301591182456,
    "Physical and Exhaustive States|Sourness": -0.7725571895204484,
    "Physical and Exhaustive States|Pain": 1.2429001735764391,
    "Negative High-Energy Emotions|Fear": -0.19389776328249897
  }
}