{
  "key": [
    "projects",
    "empathic-insight-face-large",
    "mj_data_326_U1.png"
  ],
  "value": {
    "Negative High-Energy Emotions|Malevolence/Malice": -0.8617749799327816,
    "Negative Low-Energy Emotions|Jealousy & Envy": -0.31065587614389023,
    "Longing & Lust|Infatuation": 0.4194472842312911,
    "Cognitive States and Processes|Confusion": -2.4233624999548367,
    "Longing & Lust|Sexual Lust": 2.053727698843269,
    "Positive High-Energy Emotions|Hope/Enthusiasm/Optimism": 1.89500695050201,
    "Positive High-Energy Emotions|Interest": 0.5452398477122188,
    "Positive High-Energy Emotions|Elation": 4.390363529006786,
    "Negative Low-Energy Emotions|Disappointment": 0.3903747010428238,
    "Negative High-Energy Emotions|Distress": -1.9084811386816642,
    "Positive Low-Energy Emotions|Contemplation": 0.10673909980146323,
    "Negative Low-Energy Emotions|Emotional Numbness": -1.7877058488021003,
    "Negative High-Energy Emotions|Impatience and Irritability": -0.5181759046390653,
    "Negative Low-Energy Emotions|Helplessness": -0.5561040240876814,
    "Negative Low-Energy Emotions|Contempt": -1.2730890631281278,
    "Positive High-Energy Emotions|Astonishment/Surprise": 0.2451104015484451,
    "Positive High-Energy Emotions|Pleasure/Ecstasy": 3.3263498418734354,
    "Negative Low-Energy Emotions|Doubt": -2.734263737013783,
    "Negative High-Energy Emotions|Anger": 0.7469267195463178,
    "Positive Low-Energy Emotions|Contentment": 2.2443623891407074,
    "Positive Low-Energy Emotions|Relief": 0.5883374653230695,
    "Positive High-Energy Emotions|Amusement": 3.584628451793071,
    "Longing & Lust|Longing": 0.2716086113100926,
    "Positive High-Energy Emotions|Awe": 0.3444377260392204,
    "Physical and Exhaustive States|Fatigue/Exhaustion": -0.6481751005417283,
    "Negative Low-Energy Emotions|Bitterness": -1.2929558038185625,
    "Negative High-Energy Emotions|Disgust": -0.8353524582789225,
    "Positive Low-Energy Emotions|Thankfulness/Gratitude": 0.18339132796863433,
    "Positive High-Energy Emotions|Teasing": 0.005686554450760828,
    "Physical and Exhaustive States|Intoxication/Altered States of Consciousness": -0.13074779429418193,
    "Positive Low-Energy Emotions|Pride": 1.1752337980379952,
    "Negative Low-Energy Emotions|Embarrassment": -0.5045538118963733,
    "Positive Low-Energy Emotions|Affection": 2.8926198265394745,
    "Negative Low-Energy Emotions|Sadness": -0.8138142467596952,
    "Negative Low-Energy Emotions|Shame": -1.3271536237023334,
    "Positive High-Energy Emotions|Triumph": -0.23754055512302064,
    "Cognitive States and Processes|Concentration": -0.935197591426618,
    "Physical and Exhaustive States|Sourness": -1.251187017019838,
    "Physical and Exhaustive States|Pain": 0.11416451206978628,
    "Negative High-Energy Emotions|Fear": -0.2603654060666176
  }
}