{
  "key": [
    "projects",
    "empathic-insight-face-large",
    "mj_data_286_U4.png"
  ],
  "value": {
    "Negative High-Energy Emotions|Malevolence/Malice": -0.8916829217510189,
    "Negative Low-Energy Emotions|Jealousy & Envy": -1.6826649150690611,
    "Longing & Lust|Infatuation": -1.3663907833002946,
    "Cognitive States and Processes|Confusion": -2.942505127670901,
    "Longing & Lust|Sexual Lust": -0.7334652567698674,
    "Positive High-Energy Emotions|Hope/Enthusiasm/Optimism": 3.4037165898128467,
    "Positive High-Energy Emotions|Interest": 0.5639084396883846,
    "Positive High-Energy Emotions|Elation": 7.4055207517545885,
    "Negative Low-Energy Emotions|Disappointment": -1.5025629591744614,
    "Negative High-Energy Emotions|Distress": -3.851683634256615,
    "Positive Low-Energy Emotions|Contemplation": -2.2968320886483964,
    "Negative Low-Energy Emotions|Emotional Numbness": -2.7234723073134526,
    "Negative High-Energy Emotions|Impatience and Irritability": -1.4452820466831326,
    "Negative Low-Energy Emotions|Helplessness": -2.180703480874791,
    "Negative Low-Energy Emotions|Contempt": -0.9831544279657742,
    "Positive High-Energy Emotions|Astonishment/Surprise": -0.3127373367175461,
    "Positive High-Energy Emotions|Pleasure/Ecstasy": 4.1104029291079325,
    "Negative Low-Energy Emotions|Doubt": -2.5198088477162974,
    "Negative High-Energy Emotions|Anger": -0.37084204494953177,
    "Positive Low-Energy Emotions|Contentment": 4.237296854549033,
    "Positive Low-Energy Emotions|Relief": 2.398080392874339,
    "Positive High-Energy Emotions|Amusement": 6.577929485766765,
    "Longing & Lust|Longing": -0.3352280652875026,
    "Positive High-Energy Emotions|Awe": -0.10445725153035967,
    "Physical and Exhaustive States|Fatigue/Exhaustion": -1.22525415823521,
    "Negative Low-Energy Emotions|Bitterness": -0.7233638047646074,
    "Negative High-Energy Emotions|Disgust": 0.4325745923115927,
    "Positive Low-Energy Emotions|Thankfulness/Gratitude": 5.4687204314384825,
    "Positive High-Energy Emotions|Teasing": 1.187549355764161,
    "Physical and Exhaustive States|Intoxication/Altered States of Consciousness": 0.37907797179239644,
    "Positive Low-Energy Emotions|Pride": 1.3770663309206856,
    "Negative Low-Energy Emotions|Embarrassment": -0.13780202184968138,
    "Positive Low-Energy Emotions|Affection": 3.8272931358656463,
    "Negative Low-Energy Emotions|Sadness": -1.0622077823737088,
    "Negative Low-Energy Emotions|Shame": -1.4356765157006244,
    "Positive High-Energy Emotions|Triumph": 0.543500560399364,
    "Cognitive States and Processes|Concentration": -2.5408570166852544,
    "Physical and Exhaustive States|Sourness": -0.5903562212549149,
    "Physical and Exhaustive States|Pain": -0.5465190006178968,
    "Negative High-Energy Emotions|Fear": -1.5762131605450722
  }
}