{
  "key": [
    "projects",
    "empathic-insight-face-large",
    "mj_data_290_U1.png"
  ],
  "value": {
    "Negative High-Energy Emotions|Malevolence/Malice": -1.335443793638226,
    "Negative Low-Energy Emotions|Jealousy & Envy": -2.2804434738001405,
    "Longing & Lust|Infatuation": -0.6376938409708879,
    "Cognitive States and Processes|Confusion": -3.830324417832034,
    "Longing & Lust|Sexual Lust": -0.20296961315414475,
    "Positive High-Energy Emotions|Hope/Enthusiasm/Optimism": 4.664652969245525,
    "Positive High-Energy Emotions|Interest": 0.025222015194594882,
    "Positive High-Energy Emotions|Elation": 7.135093047897167,
    "Negative Low-Energy Emotions|Disappointment": -1.8167929243844223,
    "Negative High-Energy Emotions|Distress": -3.1691217598669668,
    "Positive Low-Energy Emotions|Contemplation": -1.3739074508539018,
    "Negative Low-Energy Emotions|Emotional Numbness": -2.618671367753516,
    "Negative High-Energy Emotions|Impatience and Irritability": -1.257219378836453,
    "Negative Low-Energy Emotions|Helplessness": -1.9022320109956405,
    "Negative Low-Energy Emotions|Contempt": -1.4484292387567899,
    "Positive High-Energy Emotions|Astonishment/Surprise": -0.6722568183764817,
    "Positive High-Energy Emotions|Pleasure/Ecstasy": 3.8024130933687967,
    "Negative Low-Energy Emotions|Doubt": -2.953237135222401,
    "Negative High-Energy Emotions|Anger": 0.05932300746440866,
    "Positive Low-Energy Emotions|Contentment": 6.281538402133567,
    "Positive Low-Energy Emotions|Relief": 3.187185689009288,
    "Positive High-Energy Emotions|Amusement": 6.023653019397136,
    "Longing & Lust|Longing": -0.022837499415310214,
    "Positive High-Energy Emotions|Awe": 0.040540822047521186,
    "Physical and Exhaustive States|Fatigue/Exhaustion": -0.9270407955414232,
    "Negative Low-Energy Emotions|Bitterness": -1.6032194375465898,
    "Negative High-Energy Emotions|Disgust": -1.0771313088343424,
    "Positive Low-Energy Emotions|Thankfulness/Gratitude": 5.545851702800787,
    "Positive High-Energy Emotions|Teasing": 1.0358211727330788,
    "Physical and Exhaustive States|Intoxication/Altered States of Consciousness": -0.2720663539407884,
    "Positive Low-Energy Emotions|Pride": 1.5098915863146676,
    "Negative Low-Energy Emotions|Embarrassment": -1.2980706862097278,
    "Positive Low-Energy Emotions|Affection": 3.452216841920334,
    "Negative Low-Energy Emotions|Sadness": -1.1173802257636014,
    "Negative Low-Energy Emotions|Shame": -1.492090643050478,
    "Positive High-Energy Emotions|Triumph": 0.8171515642369495,
    "Cognitive States and Processes|Concentration": -2.0652667876508306,
    "Physical and Exhaustive States|Sourness": -1.1080613637529313,
    "Physical and Exhaustive States|Pain": -0.23312278517905405,
    "Negative High-Energy Emotions|Fear": -1.9411054048840615
  }
}