{
  "key": [
    "projects",
    "empathic-insight-face-large",
    "mj_data_255_U3.png"
  ],
  "value": {
    "Negative High-Energy Emotions|Malevolence/Malice": -0.8113241780834164,
    "Negative Low-Energy Emotions|Jealousy & Envy": -1.908400579436737,
    "Longing & Lust|Infatuation": -1.56646259497632,
    "Cognitive States and Processes|Confusion": -3.2693874900366238,
    "Longing & Lust|Sexual Lust": 0.30790918819168045,
    "Positive High-Energy Emotions|Hope/Enthusiasm/Optimism": 4.594215537910076,
    "Positive High-Energy Emotions|Interest": -2.3185244681313635,
    "Positive High-Energy Emotions|Elation": 8.098621204177684,
    "Negative Low-Energy Emotions|Disappointment": -3.132193524817772,
    "Negative High-Energy Emotions|Distress": -4.810135382150903,
    "Positive Low-Energy Emotions|Contemplation": -5.215878013788777,
    "Negative Low-Energy Emotions|Emotional Numbness": -3.39570088206626,
    "Negative High-Energy Emotions|Impatience and Irritability": -1.9230995820835233,
    "Negative Low-Energy Emotions|Helplessness": -2.5589869815461777,
    "Negative Low-Energy Emotions|Contempt": -0.7826153158747098,
    "Positive High-Energy Emotions|Astonishment/Surprise": -0.0053604751452804855,
    "Positive High-Energy Emotions|Pleasure/Ecstasy": 4.452404605667381,
    "Negative Low-Energy Emotions|Doubt": -3.4399967978505748,
    "Negative High-Energy Emotions|Anger": -0.4465885812044146,
    "Positive Low-Energy Emotions|Contentment": 5.836888228946311,
    "Positive Low-Energy Emotions|Relief": 3.0351994476686506,
    "Positive High-Energy Emotions|Amusement": 7.113459099261638,
    "Longing & Lust|Longing": -0.5743118322247585,
    "Positive High-Energy Emotions|Awe": 0.28502405454569013,
    "Physical and Exhaustive States|Fatigue/Exhaustion": -1.7946885626083788,
    "Negative Low-Energy Emotions|Bitterness": -1.325298476166585,
    "Negative High-Energy Emotions|Disgust": 0.1288970334126669,
    "Positive Low-Energy Emotions|Thankfulness/Gratitude": 5.870063777080572,
    "Positive High-Energy Emotions|Teasing": 1.7757273049543008,
    "Physical and Exhaustive States|Intoxication/Altered States of Consciousness": 1.1929908887209262,
    "Positive Low-Energy Emotions|Pride": 1.242914395343293,
    "Negative Low-Energy Emotions|Embarrassment": -0.6148268154745593,
    "Positive Low-Energy Emotions|Affection": 3.339236237748581,
    "Negative Low-Energy Emotions|Sadness": -1.8047263265707914,
    "Negative Low-Energy Emotions|Shame": -1.6529669171593646,
    "Positive High-Energy Emotions|Triumph": 0.8347361265385852,
    "Cognitive States and Processes|Concentration": -2.8057695027616094,
    "Physical and Exhaustive States|Sourness": -1.1177409196458756,
    "Physical and Exhaustive States|Pain": -0.8896154952925794,
    "Negative High-Energy Emotions|Fear": -1.7014434728924843
  }
}