{
  "key": [
    "projects",
    "empathic-insight-face-large",
    "mj_data_322_U1.png"
  ],
  "value": {
    "Negative High-Energy Emotions|Malevolence/Malice": -1.7064543355541195,
    "Negative Low-Energy Emotions|Jealousy & Envy": -2.740637584670502,
    "Longing & Lust|Infatuation": -0.32807441424359296,
    "Cognitive States and Processes|Confusion": -3.659531838181155,
    "Longing & Lust|Sexual Lust": 2.49546035877922,
    "Positive High-Energy Emotions|Hope/Enthusiasm/Optimism": 5.713686134223552,
    "Positive High-Energy Emotions|Interest": -1.9654337050393225,
    "Positive High-Energy Emotions|Elation": 9.111345603744335,
    "Negative Low-Energy Emotions|Disappointment": -3.428864915351219,
    "Negative High-Energy Emotions|Distress": -5.553149717783227,
    "Positive Low-Energy Emotions|Contemplation": -6.172823433100301,
    "Negative Low-Energy Emotions|Emotional Numbness": -3.767968366731177,
    "Negative High-Energy Emotions|Impatience and Irritability": -3.5464924024417996,
    "Negative Low-Energy Emotions|Helplessness": -2.6138363677613876,
    "Negative Low-Energy Emotions|Contempt": -2.2502631067835233,
    "Positive High-Energy Emotions|Astonishment/Surprise": 1.1194135040417312,
    "Positive High-Energy Emotions|Pleasure/Ecstasy": 5.404419767181663,
    "Negative Low-Energy Emotions|Doubt": -4.313911993315663,
    "Negative High-Energy Emotions|Anger": -1.639585083127022,
    "Positive Low-Energy Emotions|Contentment": 5.170871173434836,
    "Positive Low-Energy Emotions|Relief": 3.120513721502879,
    "Positive High-Energy Emotions|Amusement": 8.396050919024821,
    "Longing & Lust|Longing": -0.5792789256924709,
    "Positive High-Energy Emotions|Awe": 1.8936869280522362,
    "Physical and Exhaustive States|Fatigue/Exhaustion": -2.1684180300003466,
    "Negative Low-Energy Emotions|Bitterness": -3.1655806779335527,
    "Negative High-Energy Emotions|Disgust": -1.7257953064844889,
    "Positive Low-Energy Emotions|Thankfulness/Gratitude": 5.932601208797491,
    "Positive High-Energy Emotions|Teasing": 1.960737022895585,
    "Physical and Exhaustive States|Intoxication/Altered States of Consciousness": 1.4452106364728774,
    "Positive Low-Energy Emotions|Pride": 1.6944068241228951,
    "Negative Low-Energy Emotions|Embarrassment": -1.2894220522528186,
    "Positive Low-Energy Emotions|Affection": 3.8282181999525604,
    "Negative Low-Energy Emotions|Sadness": -2.2049595953085843,
    "Negative Low-Energy Emotions|Shame": -2.084063947799013,
    "Positive High-Energy Emotions|Triumph": 1.0801465688908802,
    "Cognitive States and Processes|Concentration": -4.018763363006361,
    "Physical and Exhaustive States|Sourness": -1.5416086221300065,
    "Physical and Exhaustive States|Pain": -1.167106111137306,
    "Negative High-Energy Emotions|Fear": -1.1412191782300087
  }
}