{
  "key": [
    "projects",
    "empathic-insight-face-large",
    "mj_data_292_U1.png"
  ],
  "value": {
    "Negative High-Energy Emotions|Malevolence/Malice": -0.6201347697811093,
    "Negative Low-Energy Emotions|Jealousy & Envy": -1.2799103698572691,
    "Longing & Lust|Infatuation": -0.5567746944331071,
    "Cognitive States and Processes|Confusion": -2.298447853806155,
    "Longing & Lust|Sexual Lust": -1.0015147353007512,
    "Positive High-Energy Emotions|Hope/Enthusiasm/Optimism": 2.0589837688251453,
    "Positive High-Energy Emotions|Interest": 0.9379683850333095,
    "Positive High-Energy Emotions|Elation": 5.819463804046459,
    "Negative Low-Energy Emotions|Disappointment": -0.9867713045876694,
    "Negative High-Energy Emotions|Distress": -2.973009127115502,
    "Positive Low-Energy Emotions|Contemplation": 1.0066416819700423,
    "Negative Low-Energy Emotions|Emotional Numbness": -1.3784093361983405,
    "Negative High-Energy Emotions|Impatience and Irritability": -1.54306108225137,
    "Negative Low-Energy Emotions|Helplessness": -1.148476918374791,
    "Negative Low-Energy Emotions|Contempt": -0.6386567473017117,
    "Positive High-Energy Emotions|Astonishment/Surprise": -0.14422809179872287,
    "Positive High-Energy Emotions|Pleasure/Ecstasy": 3.6809242837832254,
    "Negative Low-Energy Emotions|Doubt": -1.643054563811268,
    "Negative High-Energy Emotions|Anger": -0.013087099194526886,
    "Positive Low-Energy Emotions|Contentment": 4.2844251742893285,
    "Positive Low-Energy Emotions|Relief": 0.8618593058954267,
    "Positive High-Energy Emotions|Amusement": 5.931257236926433,
    "Longing & Lust|Longing": 0.6219409906512181,
    "Positive High-Energy Emotions|Awe": 0.43720567991190107,
    "Physical and Exhaustive States|Fatigue/Exhaustion": -0.5375388662582811,
    "Negative Low-Energy Emotions|Bitterness": -0.4709405183266191,
    "Negative High-Energy Emotions|Disgust": -0.29045072964885654,
    "Positive Low-Energy Emotions|Thankfulness/Gratitude": 4.795508856884039,
    "Positive High-Energy Emotions|Teasing": 0.3711089821050272,
    "Physical and Exhaustive States|Intoxication/Altered States of Consciousness": 0.5931399472715224,
    "Positive Low-Energy Emotions|Pride": 1.2333635854830636,
    "Negative Low-Energy Emotions|Embarrassment": -0.5117392710333362,
    "Positive Low-Energy Emotions|Affection": 3.4448001167616424,
    "Negative Low-Energy Emotions|Sadness": 0.12442753304453458,
    "Negative Low-Energy Emotions|Shame": -0.8050451880715349,
    "Positive High-Energy Emotions|Triumph": 0.21046258794910766,
    "Cognitive States and Processes|Concentration": -1.8439063426282476,
    "Physical and Exhaustive States|Sourness": -0.764212181624025,
    "Physical and Exhaustive States|Pain": -0.07549949416342905,
    "Negative High-Energy Emotions|Fear": -1.3078697119061562
  }
}