{
  "key": [
    "projects",
    "empathic-insight-face-large",
    "mj_data_129_U2.png"
  ],
  "value": {
    "Negative High-Energy Emotions|Malevolence/Malice": 0.2685238729877506,
    "Negative Low-Energy Emotions|Jealousy & Envy": -0.08466105078073105,
    "Longing & Lust|Infatuation": 0.4329914860821822,
    "Cognitive States and Processes|Confusion": -0.8262020413900781,
    "Longing & Lust|Sexual Lust": -0.29056889065048264,
    "Positive High-Energy Emotions|Hope/Enthusiasm/Optimism": -0.23799154579201165,
    "Positive High-Energy Emotions|Interest": -0.514218676276505,
    "Positive High-Energy Emotions|Elation": 2.5009411719244192,
    "Negative Low-Energy Emotions|Disappointment": 0.7397683072287369,
    "Negative High-Energy Emotions|Distress": -1.0434124645941398,
    "Positive Low-Energy Emotions|Contemplation": 0.6047395204314414,
    "Negative Low-Energy Emotions|Emotional Numbness": -1.6238604289183722,
    "Negative High-Energy Emotions|Impatience and Irritability": -1.9071956323459744,
    "Negative Low-Energy Emotions|Helplessness": -0.4123926955812117,
    "Negative Low-Energy Emotions|Contempt": 1.0032188773549655,
    "Positive High-Energy Emotions|Astonishment/Surprise": -0.2253035217151047,
    "Positive High-Energy Emotions|Pleasure/Ecstasy": 2.0859464281008524,
    "Negative Low-Energy Emotions|Doubt": -1.099807936957325,
    "Negative High-Energy Emotions|Anger": -1.0420489960908892,
    "Positive Low-Energy Emotions|Contentment": -1.6700180420345245,
    "Positive Low-Energy Emotions|Relief": -0.4185076512922259,
    "Positive High-Energy Emotions|Amusement": 2.4466681370423995,
    "Longing & Lust|Longing": 0.1383074128275792,
    "Positive High-Energy Emotions|Awe": 0.36444581319742353,
    "Physical and Exhaustive States|Fatigue/Exhaustion": 0.2801889379256789,
    "Negative Low-Energy Emotions|Bitterness": 1.2509506762553664,
    "Negative High-Energy Emotions|Disgust": 1.220932446201058,
    "Positive Low-Energy Emotions|Thankfulness/Gratitude": 1.7907751752052676,
    "Positive High-Energy Emotions|Teasing": 0.21649518920875643,
    "Physical and Exhaustive States|Intoxication/Altered States of Consciousness": 0.6173654206754531,
    "Positive Low-Energy Emotions|Pride": 1.233922319423188,
    "Negative Low-Energy Emotions|Embarrassment": 0.9914702304715619,
    "Positive Low-Energy Emotions|Affection": 0.8477881929716643,
    "Negative Low-Energy Emotions|Sadness": 1.1927094220063266,
    "Negative Low-Energy Emotions|Shame": 0.3969038718916914,
    "Positive High-Energy Emotions|Triumph": 0.43544496881611205,
    "Cognitive States and Processes|Concentration": -1.4527899619367193,
    "Physical and Exhaustive States|Sourness": 0.3972566297091544,
    "Physical and Exhaustive States|Pain": -0.2885539127272718,
    "Negative High-Energy Emotions|Fear": 0.27611716648892437
  }
}