{
  "key": [
    "projects",
    "empathic-insight-face-large",
    "mj_data_336_U1.png"
  ],
  "value": {
    "Negative High-Energy Emotions|Malevolence/Malice": -1.1043122399883236,
    "Negative Low-Energy Emotions|Jealousy & Envy": -2.0224287948450623,
    "Longing & Lust|Infatuation": 0.42434714365969683,
    "Cognitive States and Processes|Confusion": -3.312152153732913,
    "Longing & Lust|Sexual Lust": 3.1042900060818477,
    "Positive High-Energy Emotions|Hope/Enthusiasm/Optimism": 4.791673328284832,
    "Positive High-Energy Emotions|Interest": -2.8294292571023107,
    "Positive High-Energy Emotions|Elation": 9.426422431747264,
    "Negative Low-Energy Emotions|Disappointment": -3.1172341894906235,
    "Negative High-Energy Emotions|Distress": -6.922445791696801,
    "Positive Low-Energy Emotions|Contemplation": -8.607930664240438,
    "Negative Low-Energy Emotions|Emotional Numbness": -4.566893528092872,
    "Negative High-Energy Emotions|Impatience and Irritability": -4.692147557623684,
    "Negative Low-Energy Emotions|Helplessness": -3.229212601815953,
    "Negative Low-Energy Emotions|Contempt": -1.211467635592117,
    "Positive High-Energy Emotions|Astonishment/Surprise": 0.6425035089626907,
    "Positive High-Energy Emotions|Pleasure/Ecstasy": 5.08464943103054,
    "Negative Low-Energy Emotions|Doubt": -3.8171604464559215,
    "Negative High-Energy Emotions|Anger": -1.7187395745515825,
    "Positive Low-Energy Emotions|Contentment": 7.420906697803122,
    "Positive Low-Energy Emotions|Relief": 2.869560524023631,
    "Positive High-Energy Emotions|Amusement": 9.136273373095866,
    "Longing & Lust|Longing": -0.5741048848980983,
    "Positive High-Energy Emotions|Awe": 1.4810341077034965,
    "Physical and Exhaustive States|Fatigue/Exhaustion": -3.2990582983261523,
    "Negative Low-Energy Emotions|Bitterness": -2.252263235993245,
    "Negative High-Energy Emotions|Disgust": -0.6992349999354166,
    "Positive Low-Energy Emotions|Thankfulness/Gratitude": 5.959536309352911,
    "Positive High-Energy Emotions|Teasing": 1.863282951850663,
    "Physical and Exhaustive States|Intoxication/Altered States of Consciousness": 2.1670200832845534,
    "Positive Low-Energy Emotions|Pride": 1.523968296061982,
    "Negative Low-Energy Emotions|Embarrassment": 0.4428019353265271,
    "Positive Low-Energy Emotions|Affection": 3.8910071632704315,
    "Negative Low-Energy Emotions|Sadness": -1.9394352079489652,
    "Negative Low-Energy Emotions|Shame": -1.634286583068178,
    "Positive High-Energy Emotions|Triumph": 0.8552679001057849,
    "Cognitive States and Processes|Concentration": -4.8252449628141,
    "Physical and Exhaustive States|Sourness": -1.2168212438188493,
    "Physical and Exhaustive States|Pain": -2.1780559612197035,
    "Negative High-Energy Emotions|Fear": -1.4616923723523232
  }
}