{
  "key": [
    "projects",
    "empathic-insight-face-large",
    "mj_data_242_U2.png"
  ],
  "value": {
    "Negative High-Energy Emotions|Malevolence/Malice": -1.1278412927226986,
    "Negative Low-Energy Emotions|Jealousy & Envy": -1.8250394306025084,
    "Longing & Lust|Infatuation": -0.40799995135296796,
    "Cognitive States and Processes|Confusion": -3.1517202918554714,
    "Longing & Lust|Sexual Lust": -0.6742950106455998,
    "Positive High-Energy Emotions|Hope/Enthusiasm/Optimism": 4.155329372291179,
    "Positive High-Energy Emotions|Interest": 0.9839483616873622,
    "Positive High-Energy Emotions|Elation": 6.738463952819652,
    "Negative Low-Energy Emotions|Disappointment": -1.4796607088845444,
    "Negative High-Energy Emotions|Distress": -2.446557777857079,
    "Positive Low-Energy Emotions|Contemplation": -0.03406978052766885,
    "Negative Low-Energy Emotions|Emotional Numbness": -2.29470629512168,
    "Negative High-Energy Emotions|Impatience and Irritability": -0.865263526327908,
    "Negative Low-Energy Emotions|Helplessness": -0.7861452895753523,
    "Negative Low-Energy Emotions|Contempt": -1.4160968184076688,
    "Positive High-Energy Emotions|Astonishment/Surprise": -0.408667913042009,
    "Positive High-Energy Emotions|Pleasure/Ecstasy": 3.822684871475486,
    "Negative Low-Energy Emotions|Doubt": -2.498900492003407,
    "Negative High-Energy Emotions|Anger": -0.1308258229494097,
    "Positive Low-Energy Emotions|Contentment": 4.019918893867118,
    "Positive Low-Energy Emotions|Relief": 1.730832531250575,
    "Positive High-Energy Emotions|Amusement": 6.133194435565349,
    "Longing & Lust|Longing": 0.5362995469218175,
    "Positive High-Energy Emotions|Awe": 0.03305257131509931,
    "Physical and Exhaustive States|Fatigue/Exhaustion": -0.5268839399582322,
    "Negative Low-Energy Emotions|Bitterness": -1.171347069687703,
    "Negative High-Energy Emotions|Disgust": -0.728504695217399,
    "Positive Low-Energy Emotions|Thankfulness/Gratitude": 4.192802901378668,
    "Positive High-Energy Emotions|Teasing": 0.6248422147224054,
    "Physical and Exhaustive States|Intoxication/Altered States of Consciousness": -0.11744391837102519,
    "Positive Low-Energy Emotions|Pride": 1.3120111990084542,
    "Negative Low-Energy Emotions|Embarrassment": -1.5088155439978137,
    "Positive Low-Energy Emotions|Affection": 3.6328561088881073,
    "Negative Low-Energy Emotions|Sadness": -0.7433309198477689,
    "Negative Low-Energy Emotions|Shame": -1.4285969144127826,
    "Positive High-Energy Emotions|Triumph": 0.6073339163029895,
    "Cognitive States and Processes|Concentration": -1.5597649213101934,
    "Physical and Exhaustive States|Sourness": -0.6780089641176164,
    "Physical and Exhaustive States|Pain": 0.25621597042855093,
    "Negative High-Energy Emotions|Fear": -1.4254854116742226
  }
}