{
  "key": [
    "projects",
    "empathic-insight-face-large",
    "mj_data_45_U4.png"
  ],
  "value": {
    "Negative High-Energy Emotions|Malevolence/Malice": -0.933130561216351,
    "Negative Low-Energy Emotions|Jealousy & Envy": -0.83433227156015,
    "Longing & Lust|Infatuation": 1.500120919237242,
    "Cognitive States and Processes|Confusion": -2.7716610496069363,
    "Longing & Lust|Sexual Lust": 1.4097204183743282,
    "Positive High-Energy Emotions|Hope/Enthusiasm/Optimism": 2.0036919969364124,
    "Positive High-Energy Emotions|Interest": 1.563218486122787,
    "Positive High-Energy Emotions|Elation": 7.3356474187772935,
    "Negative Low-Energy Emotions|Disappointment": -1.9963979315560532,
    "Negative High-Energy Emotions|Distress": -4.233893888925805,
    "Positive Low-Energy Emotions|Contemplation": -0.5652902166238603,
    "Negative Low-Energy Emotions|Emotional Numbness": -2.579068611253272,
    "Negative High-Energy Emotions|Impatience and Irritability": -2.128879372961819,
    "Negative Low-Energy Emotions|Helplessness": -2.179215272104039,
    "Negative Low-Energy Emotions|Contempt": -1.0134517073236844,
    "Positive High-Energy Emotions|Astonishment/Surprise": -0.6091185718402268,
    "Positive High-Energy Emotions|Pleasure/Ecstasy": 3.348740326683311,
    "Negative Low-Energy Emotions|Doubt": -2.4361205885915416,
    "Negative High-Energy Emotions|Anger": -1.1124296838045122,
    "Positive Low-Energy Emotions|Contentment": 4.617017542415244,
    "Positive Low-Energy Emotions|Relief": 2.094462617434123,
    "Positive High-Energy Emotions|Amusement": 7.276196468798991,
    "Longing & Lust|Longing": -0.25355515841189225,
    "Positive High-Energy Emotions|Awe": -0.43945824335164874,
    "Physical and Exhaustive States|Fatigue/Exhaustion": -1.09641156599583,
    "Negative Low-Energy Emotions|Bitterness": -1.2129251241158037,
    "Negative High-Energy Emotions|Disgust": -0.8060579674647135,
    "Positive Low-Energy Emotions|Thankfulness/Gratitude": 5.661356444469488,
    "Positive High-Energy Emotions|Teasing": 1.648509535331498,
    "Physical and Exhaustive States|Intoxication/Altered States of Consciousness": 0.8945573278428878,
    "Positive Low-Energy Emotions|Pride": 1.5335113573183907,
    "Negative Low-Energy Emotions|Embarrassment": 0.6256784030313001,
    "Positive Low-Energy Emotions|Affection": 3.6124026558241424,
    "Negative Low-Energy Emotions|Sadness": -1.1243387104132596,
    "Negative Low-Energy Emotions|Shame": -1.1189841634057025,
    "Positive High-Energy Emotions|Triumph": 0.8902182756627307,
    "Cognitive States and Processes|Concentration": -1.4271710511472295,
    "Physical and Exhaustive States|Sourness": -0.28389488702639937,
    "Physical and Exhaustive States|Pain": -1.1339230132979505,
    "Negative High-Energy Emotions|Fear": -1.679031172782621
  }
}