{
  "key": [
    "projects",
    "empathic-insight-face-large",
    "mj_data_269_U1.png"
  ],
  "value": {
    "Negative High-Energy Emotions|Malevolence/Malice": -0.2826346744136776,
    "Negative Low-Energy Emotions|Jealousy & Envy": 0.057316855446380766,
    "Longing & Lust|Infatuation": -2.276496011724367,
    "Cognitive States and Processes|Confusion": 0.6990572745774817,
    "Longing & Lust|Sexual Lust": -1.8069189215495305,
    "Positive High-Energy Emotions|Hope/Enthusiasm/Optimism": -1.1015385132984203,
    "Positive High-Energy Emotions|Interest": -1.1964465262368322,
    "Positive High-Energy Emotions|Elation": -1.3338038179475595,
    "Negative Low-Energy Emotions|Disappointment": 4.031874101181678,
    "Negative High-Energy Emotions|Distress": 1.6996671977288582,
    "Positive Low-Energy Emotions|Contemplation": 1.6299766262182418,
    "Negative Low-Energy Emotions|Emotional Numbness": -0.7541635137686835,
    "Negative High-Energy Emotions|Impatience and Irritability": -0.28761488664895296,
    "Negative Low-Energy Emotions|Helplessness": 0.7624366086370805,
    "Negative Low-Energy Emotions|Contempt": 0.9200142503179172,
    "Positive High-Energy Emotions|Astonishment/Surprise": 0.007557281889021272,
    "Positive High-Energy Emotions|Pleasure/Ecstasy": 1.4837875687287134,
    "Negative Low-Energy Emotions|Doubt": 0.48172215718940337,
    "Negative High-Energy Emotions|Anger": 1.2654395645856855,
    "Positive Low-Energy Emotions|Contentment": -1.9304526695674835,
    "Positive Low-Energy Emotions|Relief": -1.0428216018308611,
    "Positive High-Energy Emotions|Amusement": -0.4214992633177077,
    "Longing & Lust|Longing": 0.6082782649641911,
    "Positive High-Energy Emotions|Awe": 0.21253467370920331,
    "Physical and Exhaustive States|Fatigue/Exhaustion": 0.7162019808524672,
    "Negative Low-Energy Emotions|Bitterness": 1.225541037373683,
    "Negative High-Energy Emotions|Disgust": 1.5008184833123404,
    "Positive Low-Energy Emotions|Thankfulness/Gratitude": -0.3702979134406674,
    "Positive High-Energy Emotions|Teasing": -1.3755703835298911,
    "Physical and Exhaustive States|Intoxication/Altered States of Consciousness": -0.20643699088079082,
    "Positive Low-Energy Emotions|Pride": -1.0384254884610282,
    "Negative Low-Energy Emotions|Embarrassment": 0.9595032461995587,
    "Positive Low-Energy Emotions|Affection": 0.5889390862426337,
    "Negative Low-Energy Emotions|Sadness": 2.174121773137766,
    "Negative Low-Energy Emotions|Shame": 0.3461625570036909,
    "Positive High-Energy Emotions|Triumph": -2.828352671984364,
    "Cognitive States and Processes|Concentration": -0.36324953997398124,
    "Physical and Exhaustive States|Sourness": -0.23125117069110274,
    "Physical and Exhaustive States|Pain": 0.9161748098450548,
    "Negative High-Energy Emotions|Fear": 0.317849120109835
  }
}