{
  "key": [
    "projects",
    "empathic-insight-face-large",
    "mj_data_11_U4.png"
  ],
  "value": {
    "Negative High-Energy Emotions|Malevolence/Malice": -0.341768084867474,
    "Negative Low-Energy Emotions|Jealousy & Envy": -0.4782742700419005,
    "Longing & Lust|Infatuation": -2.239713031759157,
    "Cognitive States and Processes|Confusion": -1.6544129912878442,
    "Longing & Lust|Sexual Lust": -1.4397426272227483,
    "Positive High-Energy Emotions|Hope/Enthusiasm/Optimism": -0.6273253899768871,
    "Positive High-Energy Emotions|Interest": -2.1750312926247717,
    "Positive High-Energy Emotions|Elation": -1.6541873666841318,
    "Negative Low-Energy Emotions|Disappointment": 2.698486249466591,
    "Negative High-Energy Emotions|Distress": 1.9049217524773934,
    "Positive Low-Energy Emotions|Contemplation": 0.8311682303556625,
    "Negative Low-Energy Emotions|Emotional Numbness": -0.6665393215308295,
    "Negative High-Energy Emotions|Impatience and Irritability": 0.026823456399142742,
    "Negative Low-Energy Emotions|Helplessness": 1.3004401725180008,
    "Negative Low-Energy Emotions|Contempt": 1.2162300229467014,
    "Positive High-Energy Emotions|Astonishment/Surprise": -0.42706381376832736,
    "Positive High-Energy Emotions|Pleasure/Ecstasy": 0.6835309737131876,
    "Negative Low-Energy Emotions|Doubt": -0.35562108855530183,
    "Negative High-Energy Emotions|Anger": 0.9075660055875776,
    "Positive Low-Energy Emotions|Contentment": -1.759454573101419,
    "Positive Low-Energy Emotions|Relief": -0.7442751683820696,
    "Positive High-Energy Emotions|Amusement": -1.723640452892903,
    "Longing & Lust|Longing": 0.7051953279620091,
    "Positive High-Energy Emotions|Awe": 0.3232425527756706,
    "Physical and Exhaustive States|Fatigue/Exhaustion": 0.592500617050511,
    "Negative Low-Energy Emotions|Bitterness": 1.8728741229106398,
    "Negative High-Energy Emotions|Disgust": 1.2803087157799917,
    "Positive Low-Energy Emotions|Thankfulness/Gratitude": 0.16477822791675445,
    "Positive High-Energy Emotions|Teasing": -1.313856688003768,
    "Physical and Exhaustive States|Intoxication/Altered States of Consciousness": -0.16735303320867168,
    "Positive Low-Energy Emotions|Pride": 0.6487766075243845,
    "Negative Low-Energy Emotions|Embarrassment": -1.4678623846655383,
    "Positive Low-Energy Emotions|Affection": -0.9778833606400911,
    "Negative Low-Energy Emotions|Sadness": 1.9522815107247409,
    "Negative Low-Energy Emotions|Shame": 0.21723216712255689,
    "Positive High-Energy Emotions|Triumph": -1.3055393518244518,
    "Cognitive States and Processes|Concentration": -0.11135143006110892,
    "Physical and Exhaustive States|Sourness": -0.2783312106691301,
    "Physical and Exhaustive States|Pain": 1.2775699304657824,
    "Negative High-Energy Emotions|Fear": 0.27938719651059185
  }
}