{
  "key": [
    "projects",
    "empathic-insight-face-large",
    "mj_data_44_U1.png"
  ],
  "value": {
    "Negative High-Energy Emotions|Malevolence/Malice": -0.7217178929882015,
    "Negative Low-Energy Emotions|Jealousy & Envy": -1.1912343940577086,
    "Longing & Lust|Infatuation": 2.6013825349904156,
    "Cognitive States and Processes|Confusion": -2.602851635697024,
    "Longing & Lust|Sexual Lust": 2.742962596337585,
    "Positive High-Energy Emotions|Hope/Enthusiasm/Optimism": 2.2233678358837086,
    "Positive High-Energy Emotions|Interest": 2.6640175698325037,
    "Positive High-Energy Emotions|Elation": 6.962921455184764,
    "Negative Low-Energy Emotions|Disappointment": -1.1902226996224594,
    "Negative High-Energy Emotions|Distress": -4.05810596320559,
    "Positive Low-Energy Emotions|Contemplation": -0.9251592199197587,
    "Negative Low-Energy Emotions|Emotional Numbness": -2.716670463670264,
    "Negative High-Energy Emotions|Impatience and Irritability": -2.6633904622867703,
    "Negative Low-Energy Emotions|Helplessness": -1.4922476607911728,
    "Negative Low-Energy Emotions|Contempt": -1.4269315123163602,
    "Positive High-Energy Emotions|Astonishment/Surprise": -0.4043058067187668,
    "Positive High-Energy Emotions|Pleasure/Ecstasy": 4.075567590515403,
    "Negative Low-Energy Emotions|Doubt": -1.7677982638387337,
    "Negative High-Energy Emotions|Anger": -1.3941565209627154,
    "Positive Low-Energy Emotions|Contentment": 3.3583324900203766,
    "Positive Low-Energy Emotions|Relief": 1.3040421001087217,
    "Positive High-Energy Emotions|Amusement": 7.337180126635905,
    "Longing & Lust|Longing": 0.41769160863217514,
    "Positive High-Energy Emotions|Awe": -0.3325179738814339,
    "Physical and Exhaustive States|Fatigue/Exhaustion": -1.7384151022201952,
    "Negative Low-Energy Emotions|Bitterness": -1.1515654801796464,
    "Negative High-Energy Emotions|Disgust": -1.4993486779139322,
    "Positive Low-Energy Emotions|Thankfulness/Gratitude": 5.355268473735846,
    "Positive High-Energy Emotions|Teasing": 1.6284318299481972,
    "Physical and Exhaustive States|Intoxication/Altered States of Consciousness": 0.999583856082138,
    "Positive Low-Energy Emotions|Pride": 1.7266951370348824,
    "Negative Low-Energy Emotions|Embarrassment": -1.111702697623302,
    "Positive Low-Energy Emotions|Affection": 3.698245742066818,
    "Negative Low-Energy Emotions|Sadness": -1.0076363922217313,
    "Negative Low-Energy Emotions|Shame": -0.8238025313637712,
    "Positive High-Energy Emotions|Triumph": 0.9307055650914416,
    "Cognitive States and Processes|Concentration": -0.946281313541181,
    "Physical and Exhaustive States|Sourness": -0.15543746000155806,
    "Physical and Exhaustive States|Pain": -0.8580729556960218,
    "Negative High-Energy Emotions|Fear": -1.2083166036908242
  }
}