{
  "key": [
    "projects",
    "empathic-insight-face-large",
    "mj_data_25_U3.png"
  ],
  "value": {
    "Negative High-Energy Emotions|Malevolence/Malice": -1.5653968442516293,
    "Negative Low-Energy Emotions|Jealousy & Envy": -2.2552426299891053,
    "Longing & Lust|Infatuation": 0.812818627843962,
    "Cognitive States and Processes|Confusion": -3.467458492996829,
    "Longing & Lust|Sexual Lust": 1.67119455091217,
    "Positive High-Energy Emotions|Hope/Enthusiasm/Optimism": 3.605388309363933,
    "Positive High-Energy Emotions|Interest": 1.5446785805746912,
    "Positive High-Energy Emotions|Elation": 6.808650329391307,
    "Negative Low-Energy Emotions|Disappointment": -1.5275809359353256,
    "Negative High-Energy Emotions|Distress": -3.444799202417626,
    "Positive Low-Energy Emotions|Contemplation": -1.314570311724263,
    "Negative Low-Energy Emotions|Emotional Numbness": -2.847254703629981,
    "Negative High-Energy Emotions|Impatience and Irritability": -1.5975871728733182,
    "Negative Low-Energy Emotions|Helplessness": -1.659233172570958,
    "Negative Low-Energy Emotions|Contempt": -2.027920615633621,
    "Positive High-Energy Emotions|Astonishment/Surprise": -0.17875372465699924,
    "Positive High-Energy Emotions|Pleasure/Ecstasy": 4.264063226501731,
    "Negative Low-Energy Emotions|Doubt": -2.1122980902700084,
    "Negative High-Energy Emotions|Anger": -0.8509512597322466,
    "Positive Low-Energy Emotions|Contentment": 3.3480765870147766,
    "Positive Low-Energy Emotions|Relief": 2.251759453810313,
    "Positive High-Energy Emotions|Amusement": 6.986300457446452,
    "Longing & Lust|Longing": 0.07938607569989364,
    "Positive High-Energy Emotions|Awe": -0.15703331659383624,
    "Physical and Exhaustive States|Fatigue/Exhaustion": -1.5539842645889697,
    "Negative Low-Energy Emotions|Bitterness": -2.141238141007283,
    "Negative High-Energy Emotions|Disgust": -1.7853932755396646,
    "Positive Low-Energy Emotions|Thankfulness/Gratitude": 5.900273318401373,
    "Positive High-Energy Emotions|Teasing": 1.8259039254376992,
    "Physical and Exhaustive States|Intoxication/Altered States of Consciousness": 0.7625822134973372,
    "Positive Low-Energy Emotions|Pride": 1.5624354648699654,
    "Negative Low-Energy Emotions|Embarrassment": -1.4893582037573352,
    "Positive Low-Energy Emotions|Affection": 3.670472123368698,
    "Negative Low-Energy Emotions|Sadness": -1.3889934660056058,
    "Negative Low-Energy Emotions|Shame": -1.7339643842003802,
    "Positive High-Energy Emotions|Triumph": 0.7791863857472644,
    "Cognitive States and Processes|Concentration": -1.999536335113294,
    "Physical and Exhaustive States|Sourness": -0.6613684201799332,
    "Physical and Exhaustive States|Pain": -0.19791861304465463,
    "Negative High-Energy Emotions|Fear": -1.7691991720501992
  }
}