{
  "key": [
    "projects",
    "empathic-insight-face-large",
    "mj_data_95_U3.png"
  ],
  "value": {
    "Negative High-Energy Emotions|Malevolence/Malice": -0.4424197066860165,
    "Negative Low-Energy Emotions|Jealousy & Envy": -0.8468809566340025,
    "Longing & Lust|Infatuation": -2.0149422473811054,
    "Cognitive States and Processes|Confusion": -2.1207006042028835,
    "Longing & Lust|Sexual Lust": -1.0359149599864201,
    "Positive High-Energy Emotions|Hope/Enthusiasm/Optimism": 0.8866429585262257,
    "Positive High-Energy Emotions|Interest": -0.8169553162530064,
    "Positive High-Energy Emotions|Elation": -0.6462356302339365,
    "Negative Low-Energy Emotions|Disappointment": 0.8845595526892471,
    "Negative High-Energy Emotions|Distress": 1.0208760323769905,
    "Positive Low-Energy Emotions|Contemplation": 1.2558974583753768,
    "Negative Low-Energy Emotions|Emotional Numbness": -0.5756731730589972,
    "Negative High-Energy Emotions|Impatience and Irritability": 0.4445559335872531,
    "Negative Low-Energy Emotions|Helplessness": 0.7848559122927049,
    "Negative Low-Energy Emotions|Contempt": 0.5903104424871066,
    "Positive High-Energy Emotions|Astonishment/Surprise": 0.13248098794370877,
    "Positive High-Energy Emotions|Pleasure/Ecstasy": 1.2905500926778597,
    "Negative Low-Energy Emotions|Doubt": -1.30751188497826,
    "Negative High-Energy Emotions|Anger": 1.3837582415342329,
    "Positive Low-Energy Emotions|Contentment": -0.4555638679927765,
    "Positive Low-Energy Emotions|Relief": -0.22600074192180353,
    "Positive High-Energy Emotions|Amusement": -1.3447284808470046,
    "Longing & Lust|Longing": 0.4734966957217137,
    "Positive High-Energy Emotions|Awe": 1.8049757855122581,
    "Physical and Exhaustive States|Fatigue/Exhaustion": -0.014904956079142884,
    "Negative Low-Energy Emotions|Bitterness": 1.1003608227302046,
    "Negative High-Energy Emotions|Disgust": 0.8139137847020346,
    "Positive Low-Energy Emotions|Thankfulness/Gratitude": 0.008687253109015192,
    "Positive High-Energy Emotions|Teasing": -1.073365178566207,
    "Physical and Exhaustive States|Intoxication/Altered States of Consciousness": -0.06855475821477519,
    "Positive Low-Energy Emotions|Pride": 1.1957968044390572,
    "Negative Low-Energy Emotions|Embarrassment": -1.5332410505896106,
    "Positive Low-Energy Emotions|Affection": -1.245603702322525,
    "Negative Low-Energy Emotions|Sadness": 0.21018437136622037,
    "Negative Low-Energy Emotions|Shame": -0.6679475909493425,
    "Positive High-Energy Emotions|Triumph": -0.4866203339134946,
    "Cognitive States and Processes|Concentration": -0.14336794579292045,
    "Physical and Exhaustive States|Sourness": -1.0276155973039567,
    "Physical and Exhaustive States|Pain": 1.1663439678269274,
    "Negative High-Energy Emotions|Fear": 0.15868743321255718
  }
}