{
  "key": [
    "projects",
    "empathic-insight-face-large",
    "mj_data_171_U1.png"
  ],
  "value": {
    "Negative High-Energy Emotions|Malevolence/Malice": -0.633534966810223,
    "Negative Low-Energy Emotions|Jealousy & Envy": -0.9429746112665709,
    "Longing & Lust|Infatuation": -0.06509252261151288,
    "Cognitive States and Processes|Confusion": -2.4059183661962917,
    "Longing & Lust|Sexual Lust": -0.8765760088755803,
    "Positive High-Energy Emotions|Hope/Enthusiasm/Optimism": 1.3475895333333927,
    "Positive High-Energy Emotions|Interest": -0.028788554854691006,
    "Positive High-Energy Emotions|Elation": 5.239742830077953,
    "Negative Low-Energy Emotions|Disappointment": -1.2728015970986557,
    "Negative High-Energy Emotions|Distress": -3.2665023979895254,
    "Positive Low-Energy Emotions|Contemplation": 0.05308973389951621,
    "Negative Low-Energy Emotions|Emotional Numbness": -1.888552735436927,
    "Negative High-Energy Emotions|Impatience and Irritability": -1.293028180487454,
    "Negative Low-Energy Emotions|Helplessness": -1.5274449187867782,
    "Negative Low-Energy Emotions|Contempt": -0.42848361726631135,
    "Positive High-Energy Emotions|Astonishment/Surprise": -0.7860439926013352,
    "Positive High-Energy Emotions|Pleasure/Ecstasy": 2.9916512840197367,
    "Negative Low-Energy Emotions|Doubt": -2.253304559996571,
    "Negative High-Energy Emotions|Anger": -0.3342078381776812,
    "Positive Low-Energy Emotions|Contentment": 2.7158765247398438,
    "Positive Low-Energy Emotions|Relief": 1.357624380982974,
    "Positive High-Energy Emotions|Amusement": 5.689965237109538,
    "Longing & Lust|Longing": 0.09396382209119003,
    "Positive High-Energy Emotions|Awe": -0.46633373926229327,
    "Physical and Exhaustive States|Fatigue/Exhaustion": -0.8249214689499315,
    "Negative Low-Energy Emotions|Bitterness": -0.25898199076161665,
    "Negative High-Energy Emotions|Disgust": -0.11513940266826572,
    "Positive Low-Energy Emotions|Thankfulness/Gratitude": 4.728846783748663,
    "Positive High-Energy Emotions|Teasing": 0.5031817884633646,
    "Physical and Exhaustive States|Intoxication/Altered States of Consciousness": -0.1213206044672166,
    "Positive Low-Energy Emotions|Pride": 1.4064651298632516,
    "Negative Low-Energy Emotions|Embarrassment": -0.0684316328650012,
    "Positive Low-Energy Emotions|Affection": 3.2952716133436737,
    "Negative Low-Energy Emotions|Sadness": -0.498782122240347,
    "Negative Low-Energy Emotions|Shame": -0.9916165477059343,
    "Positive High-Energy Emotions|Triumph": 0.6287923036778674,
    "Cognitive States and Processes|Concentration": -1.5842246409680913,
    "Physical and Exhaustive States|Sourness": 0.04268161410465837,
    "Physical and Exhaustive States|Pain": -0.3760897708815687,
    "Negative High-Energy Emotions|Fear": -1.5275476370160195
  }
}