{
  "key": [
    "projects",
    "empathic-insight-face-large",
    "mj_data_241_U3.png"
  ],
  "value": {
    "Negative High-Energy Emotions|Malevolence/Malice": -1.0358229268627133,
    "Negative Low-Energy Emotions|Jealousy & Envy": -1.9643457374414977,
    "Longing & Lust|Infatuation": -0.7361020631693742,
    "Cognitive States and Processes|Confusion": -2.363572603943484,
    "Longing & Lust|Sexual Lust": -0.5344844485118108,
    "Positive High-Energy Emotions|Hope/Enthusiasm/Optimism": 2.5860363501354175,
    "Positive High-Energy Emotions|Interest": 0.1605873225256801,
    "Positive High-Energy Emotions|Elation": 5.328054502288646,
    "Negative Low-Energy Emotions|Disappointment": -1.0324227404397202,
    "Negative High-Energy Emotions|Distress": -1.3018444952719352,
    "Positive Low-Energy Emotions|Contemplation": -0.314661089598256,
    "Negative Low-Energy Emotions|Emotional Numbness": -1.580687115777503,
    "Negative High-Energy Emotions|Impatience and Irritability": -0.5188871072605252,
    "Negative Low-Energy Emotions|Helplessness": 0.14087102826903852,
    "Negative Low-Energy Emotions|Contempt": -1.3000041365229031,
    "Positive High-Energy Emotions|Astonishment/Surprise": -0.17909180220216525,
    "Positive High-Energy Emotions|Pleasure/Ecstasy": 3.43820749453762,
    "Negative Low-Energy Emotions|Doubt": -2.5235303233174937,
    "Negative High-Energy Emotions|Anger": 0.2336291617155073,
    "Positive Low-Energy Emotions|Contentment": 2.6970786800914825,
    "Positive Low-Energy Emotions|Relief": 1.5318073175321607,
    "Positive High-Energy Emotions|Amusement": 5.362306345431682,
    "Longing & Lust|Longing": 0.46846218940076034,
    "Positive High-Energy Emotions|Awe": 0.32345653345041425,
    "Physical and Exhaustive States|Fatigue/Exhaustion": 0.07841398312984149,
    "Negative Low-Energy Emotions|Bitterness": -1.2629515408943681,
    "Negative High-Energy Emotions|Disgust": -0.12953750066020908,
    "Positive Low-Energy Emotions|Thankfulness/Gratitude": 4.119184727779425,
    "Positive High-Energy Emotions|Teasing": 0.3974525959680185,
    "Physical and Exhaustive States|Intoxication/Altered States of Consciousness": 0.4825660594465102,
    "Positive Low-Energy Emotions|Pride": 0.3562239575495615,
    "Negative Low-Energy Emotions|Embarrassment": -1.1246555021887317,
    "Positive Low-Energy Emotions|Affection": 3.1797477981886444,
    "Negative Low-Energy Emotions|Sadness": -0.4147454143622342,
    "Negative Low-Energy Emotions|Shame": -0.9938018924019792,
    "Positive High-Energy Emotions|Triumph": -0.2110124052798047,
    "Cognitive States and Processes|Concentration": -1.628401159885175,
    "Physical and Exhaustive States|Sourness": -0.9183314347825944,
    "Physical and Exhaustive States|Pain": 0.6468639778214342,
    "Negative High-Energy Emotions|Fear": -0.9014575872723671
  }
}