{
  "key": [
    "projects",
    "empathic-insight-face-large",
    "mj_data_176_U2.png"
  ],
  "value": {
    "Negative High-Energy Emotions|Malevolence/Malice": -1.1042137731151547,
    "Negative Low-Energy Emotions|Jealousy & Envy": -1.4436288318476256,
    "Longing & Lust|Infatuation": -0.9568262882136247,
    "Cognitive States and Processes|Confusion": -1.2151303355719019,
    "Longing & Lust|Sexual Lust": -1.517876210291596,
    "Positive High-Energy Emotions|Hope/Enthusiasm/Optimism": 1.2320591318651157,
    "Positive High-Energy Emotions|Interest": -0.2275810720399022,
    "Positive High-Energy Emotions|Elation": -0.018212482650928674,
    "Negative Low-Energy Emotions|Disappointment": 2.4460489559370804,
    "Negative High-Energy Emotions|Distress": 1.6883039298302986,
    "Positive Low-Energy Emotions|Contemplation": 2.4450293739446822,
    "Negative Low-Energy Emotions|Emotional Numbness": -0.8790210586676703,
    "Negative High-Energy Emotions|Impatience and Irritability": 0.2619246793910861,
    "Negative Low-Energy Emotions|Helplessness": 0.9430977542347768,
    "Negative Low-Energy Emotions|Contempt": -0.7875939726435086,
    "Positive High-Energy Emotions|Astonishment/Surprise": 0.17959512177854764,
    "Positive High-Energy Emotions|Pleasure/Ecstasy": 2.745234715263633,
    "Negative Low-Energy Emotions|Doubt": -0.19141823451801698,
    "Negative High-Energy Emotions|Anger": 0.4288780039548872,
    "Positive Low-Energy Emotions|Contentment": -0.8403223404354034,
    "Positive Low-Energy Emotions|Relief": 0.10722295860157294,
    "Positive High-Energy Emotions|Amusement": 1.4981821963475908,
    "Longing & Lust|Longing": 1.0895592251068036,
    "Positive High-Energy Emotions|Awe": 1.2478147225564018,
    "Physical and Exhaustive States|Fatigue/Exhaustion": 0.5807914633983199,
    "Negative Low-Energy Emotions|Bitterness": -0.422738957352498,
    "Negative High-Energy Emotions|Disgust": 0.011120877940865137,
    "Positive Low-Energy Emotions|Thankfulness/Gratitude": 0.87566649448017,
    "Positive High-Energy Emotions|Teasing": -0.4174533753206625,
    "Physical and Exhaustive States|Intoxication/Altered States of Consciousness": 0.4722184546949233,
    "Positive Low-Energy Emotions|Pride": -0.23144432349897484,
    "Negative Low-Energy Emotions|Embarrassment": -0.5301780871038928,
    "Positive Low-Energy Emotions|Affection": 1.4827217242559967,
    "Negative Low-Energy Emotions|Sadness": 2.011440193547922,
    "Negative Low-Energy Emotions|Shame": -0.3529323941491106,
    "Positive High-Energy Emotions|Triumph": -1.5542752565180553,
    "Cognitive States and Processes|Concentration": -0.3254289623525213,
    "Physical and Exhaustive States|Sourness": -0.2634380961023271,
    "Physical and Exhaustive States|Pain": 1.1170081304627306,
    "Negative High-Energy Emotions|Fear": -0.32104305365725483
  }
}