{
  "key": [
    "projects",
    "empathic-insight-face-large",
    "mj_data_39_U3.png"
  ],
  "value": {
    "Negative High-Energy Emotions|Malevolence/Malice": -1.093333779676434,
    "Negative Low-Energy Emotions|Jealousy & Envy": -2.293813987716156,
    "Longing & Lust|Infatuation": -0.5863339490794084,
    "Cognitive States and Processes|Confusion": -4.243696457626956,
    "Longing & Lust|Sexual Lust": 1.9573766564533992,
    "Positive High-Energy Emotions|Hope/Enthusiasm/Optimism": 4.80752434909782,
    "Positive High-Energy Emotions|Interest": -1.1795213105157019,
    "Positive High-Energy Emotions|Elation": 8.2267378118437,
    "Negative Low-Energy Emotions|Disappointment": -2.815284688453026,
    "Negative High-Energy Emotions|Distress": -4.6568331894629145,
    "Positive Low-Energy Emotions|Contemplation": -4.168338302790242,
    "Negative Low-Energy Emotions|Emotional Numbness": -3.1102799874434575,
    "Negative High-Energy Emotions|Impatience and Irritability": -2.4800112890079618,
    "Negative Low-Energy Emotions|Helplessness": -2.82140572849442,
    "Negative Low-Energy Emotions|Contempt": -1.5455466627680203,
    "Positive High-Energy Emotions|Astonishment/Surprise": -0.47962795790284884,
    "Positive High-Energy Emotions|Pleasure/Ecstasy": 4.261979448120384,
    "Negative Low-Energy Emotions|Doubt": -3.4896994421987193,
    "Negative High-Energy Emotions|Anger": -0.1634936982393267,
    "Positive Low-Energy Emotions|Contentment": 6.890656625323874,
    "Positive Low-Energy Emotions|Relief": 3.213997884787181,
    "Positive High-Energy Emotions|Amusement": 6.971485126941081,
    "Longing & Lust|Longing": -0.29005251291933853,
    "Positive High-Energy Emotions|Awe": -0.025213591557215143,
    "Physical and Exhaustive States|Fatigue/Exhaustion": -1.103381494737285,
    "Negative Low-Energy Emotions|Bitterness": -1.950632023758748,
    "Negative High-Energy Emotions|Disgust": -1.1661491768763346,
    "Positive Low-Energy Emotions|Thankfulness/Gratitude": 5.867616171947516,
    "Positive High-Energy Emotions|Teasing": 1.8149122328946694,
    "Physical and Exhaustive States|Intoxication/Altered States of Consciousness": 0.13533306202906026,
    "Positive Low-Energy Emotions|Pride": 1.6856137085070504,
    "Negative Low-Energy Emotions|Embarrassment": -1.5186715296392932,
    "Positive Low-Energy Emotions|Affection": 3.7688407680830536,
    "Negative Low-Energy Emotions|Sadness": -1.7992069364645902,
    "Negative Low-Energy Emotions|Shame": -1.7953249818108539,
    "Positive High-Energy Emotions|Triumph": 1.0181970773900257,
    "Cognitive States and Processes|Concentration": -2.8119934197690557,
    "Physical and Exhaustive States|Sourness": -1.14141874557361,
    "Physical and Exhaustive States|Pain": -0.9252721858901136,
    "Negative High-Energy Emotions|Fear": -1.9708884153668496
  }
}