{
  "key": [
    "projects",
    "empathic-insight-face-large",
    "mj_data_43_U3.png"
  ],
  "value": {
    "Negative High-Energy Emotions|Malevolence/Malice": -0.7069917310314144,
    "Negative Low-Energy Emotions|Jealousy & Envy": -0.6146862945398863,
    "Longing & Lust|Infatuation": -0.332548815717592,
    "Cognitive States and Processes|Confusion": -2.4565048282171658,
    "Longing & Lust|Sexual Lust": -0.25269633777877853,
    "Positive High-Energy Emotions|Hope/Enthusiasm/Optimism": 1.579567428235622,
    "Positive High-Energy Emotions|Interest": 2.023673546127975,
    "Positive High-Energy Emotions|Elation": 2.4854566302698324,
    "Negative Low-Energy Emotions|Disappointment": -0.5424112868111801,
    "Negative High-Energy Emotions|Distress": -0.14673713121344062,
    "Positive Low-Energy Emotions|Contemplation": 1.8389174898275558,
    "Negative Low-Energy Emotions|Emotional Numbness": -1.7365350228438483,
    "Negative High-Energy Emotions|Impatience and Irritability": -0.2815817045047879,
    "Negative Low-Energy Emotions|Helplessness": -1.496539195215001,
    "Negative Low-Energy Emotions|Contempt": -0.008091342409743962,
    "Positive High-Energy Emotions|Astonishment/Surprise": -0.1046053081378342,
    "Positive High-Energy Emotions|Pleasure/Ecstasy": 3.3068257444308085,
    "Negative Low-Energy Emotions|Doubt": -0.2975477318076746,
    "Negative High-Energy Emotions|Anger": 0.5588259047269819,
    "Positive Low-Energy Emotions|Contentment": 0.0889128795200409,
    "Positive Low-Energy Emotions|Relief": -0.8814479865659686,
    "Positive High-Energy Emotions|Amusement": 3.873930324046489,
    "Longing & Lust|Longing": 0.34794171687421005,
    "Positive High-Energy Emotions|Awe": -0.030165783863733697,
    "Physical and Exhaustive States|Fatigue/Exhaustion": -0.6487217943436082,
    "Negative Low-Energy Emotions|Bitterness": -0.2953491687248735,
    "Negative High-Energy Emotions|Disgust": -0.530786074917106,
    "Positive Low-Energy Emotions|Thankfulness/Gratitude": 1.5768322898064029,
    "Positive High-Energy Emotions|Teasing": 0.11268595172859286,
    "Physical and Exhaustive States|Intoxication/Altered States of Consciousness": 0.2324256309034194,
    "Positive Low-Energy Emotions|Pride": 1.3966821003069771,
    "Negative Low-Energy Emotions|Embarrassment": -0.9114430121069446,
    "Positive Low-Energy Emotions|Affection": 3.1629330894789276,
    "Negative Low-Energy Emotions|Sadness": -0.5142560840704862,
    "Negative Low-Energy Emotions|Shame": -1.100979745986269,
    "Positive High-Energy Emotions|Triumph": 0.2615513979161487,
    "Cognitive States and Processes|Concentration": 0.042028487083666466,
    "Physical and Exhaustive States|Sourness": -0.4275286698900163,
    "Physical and Exhaustive States|Pain": -0.005573470680152681,
    "Negative High-Energy Emotions|Fear": -0.5487814340893837
  }
}