{
  "key": [
    "projects",
    "empathic-insight-face-large",
    "mj_data_288_U2.png"
  ],
  "value": {
    "Negative High-Energy Emotions|Malevolence/Malice": -1.1484447110729183,
    "Negative Low-Energy Emotions|Jealousy & Envy": -2.6269591293177186,
    "Longing & Lust|Infatuation": -1.531663257589235,
    "Cognitive States and Processes|Confusion": -2.91851068187012,
    "Longing & Lust|Sexual Lust": 1.1376180028126521,
    "Positive High-Energy Emotions|Hope/Enthusiasm/Optimism": 5.751923229102703,
    "Positive High-Energy Emotions|Interest": -2.2597094656899572,
    "Positive High-Energy Emotions|Elation": 8.86894161967451,
    "Negative Low-Energy Emotions|Disappointment": -3.7179097723763657,
    "Negative High-Energy Emotions|Distress": -5.490056532358422,
    "Positive Low-Energy Emotions|Contemplation": -5.977283958612996,
    "Negative Low-Energy Emotions|Emotional Numbness": -3.6844489079604252,
    "Negative High-Energy Emotions|Impatience and Irritability": -2.729378049261868,
    "Negative Low-Energy Emotions|Helplessness": -2.819225390588536,
    "Negative Low-Energy Emotions|Contempt": -1.4365035414301297,
    "Positive High-Energy Emotions|Astonishment/Surprise": 0.20387137833982694,
    "Positive High-Energy Emotions|Pleasure/Ecstasy": 4.981297361175804,
    "Negative Low-Energy Emotions|Doubt": -4.091646988203968,
    "Negative High-Energy Emotions|Anger": -1.3776922875642779,
    "Positive Low-Energy Emotions|Contentment": 5.326985990100486,
    "Positive Low-Energy Emotions|Relief": 3.3491237602602033,
    "Positive High-Energy Emotions|Amusement": 7.449718941180583,
    "Longing & Lust|Longing": -0.9464818036908229,
    "Positive High-Energy Emotions|Awe": 1.5274044351761833,
    "Physical and Exhaustive States|Fatigue/Exhaustion": -2.2065835993057665,
    "Negative Low-Energy Emotions|Bitterness": -1.9206258534859209,
    "Negative High-Energy Emotions|Disgust": 0.06910976000568447,
    "Positive Low-Energy Emotions|Thankfulness/Gratitude": 6.1597299529228575,
    "Positive High-Energy Emotions|Teasing": 2.0391192765424355,
    "Physical and Exhaustive States|Intoxication/Altered States of Consciousness": 1.1789045789005126,
    "Positive Low-Energy Emotions|Pride": 1.4176865387072457,
    "Negative Low-Energy Emotions|Embarrassment": -1.200940864432384,
    "Positive Low-Energy Emotions|Affection": 3.130064465745407,
    "Negative Low-Energy Emotions|Sadness": -2.346361363039297,
    "Negative Low-Energy Emotions|Shame": -1.878567636611269,
    "Positive High-Energy Emotions|Triumph": 1.131994145985912,
    "Cognitive States and Processes|Concentration": -3.8742485638883184,
    "Physical and Exhaustive States|Sourness": -1.2583061957918107,
    "Physical and Exhaustive States|Pain": -1.1047734809798353,
    "Negative High-Energy Emotions|Fear": -1.7052328977887246
  }
}