{
  "key": [
    "projects",
    "empathic-insight-face-large",
    "mj_data_51_U2.png"
  ],
  "value": {
    "Negative High-Energy Emotions|Malevolence/Malice": -1.382128774030682,
    "Negative Low-Energy Emotions|Jealousy & Envy": -2.17038921926828,
    "Longing & Lust|Infatuation": 0.10190991688738849,
    "Cognitive States and Processes|Confusion": -4.396188503983157,
    "Longing & Lust|Sexual Lust": 1.231889781873016,
    "Positive High-Energy Emotions|Hope/Enthusiasm/Optimism": 5.053963329200359,
    "Positive High-Energy Emotions|Interest": 0.47263547461479904,
    "Positive High-Energy Emotions|Elation": 8.709608390609569,
    "Negative Low-Energy Emotions|Disappointment": -3.3204159331124496,
    "Negative High-Energy Emotions|Distress": -5.149399298166528,
    "Positive Low-Energy Emotions|Contemplation": -3.9217782060495194,
    "Negative Low-Energy Emotions|Emotional Numbness": -3.377680967439185,
    "Negative High-Energy Emotions|Impatience and Irritability": -2.7102845357730985,
    "Negative Low-Energy Emotions|Helplessness": -3.0040615398042343,
    "Negative Low-Energy Emotions|Contempt": -1.6658660292230985,
    "Positive High-Energy Emotions|Astonishment/Surprise": -0.7623523383960129,
    "Positive High-Energy Emotions|Pleasure/Ecstasy": 4.672145950119285,
    "Negative Low-Energy Emotions|Doubt": -3.42530186872765,
    "Negative High-Energy Emotions|Anger": -1.447448795437813,
    "Positive Low-Energy Emotions|Contentment": 6.2067863097721165,
    "Positive Low-Energy Emotions|Relief": 3.208183570898631,
    "Positive High-Energy Emotions|Amusement": 8.06497000548112,
    "Longing & Lust|Longing": -0.29384444121065934,
    "Positive High-Energy Emotions|Awe": -0.3787339849287972,
    "Physical and Exhaustive States|Fatigue/Exhaustion": -1.9600242178207812,
    "Negative Low-Energy Emotions|Bitterness": -1.7092861413429765,
    "Negative High-Energy Emotions|Disgust": -1.5619321244166178,
    "Positive Low-Energy Emotions|Thankfulness/Gratitude": 6.160554404369391,
    "Positive High-Energy Emotions|Teasing": 1.9734319777677163,
    "Physical and Exhaustive States|Intoxication/Altered States of Consciousness": 1.1190975167514647,
    "Positive Low-Energy Emotions|Pride": 1.9006256628146065,
    "Negative Low-Energy Emotions|Embarrassment": -1.6731095484381213,
    "Positive Low-Energy Emotions|Affection": 4.060295798524337,
    "Negative Low-Energy Emotions|Sadness": -1.8505541921713773,
    "Negative Low-Energy Emotions|Shame": -1.8962754613183002,
    "Positive High-Energy Emotions|Triumph": 1.1308664261067616,
    "Cognitive States and Processes|Concentration": -3.1017315980222295,
    "Physical and Exhaustive States|Sourness": -0.8776708150468766,
    "Physical and Exhaustive States|Pain": -1.5070490432662123,
    "Negative High-Energy Emotions|Fear": -2.180859366447172
  }
}