{
  "key": [
    "projects",
    "empathic-insight-face-large",
    "mj_data_371_U4.png"
  ],
  "value": {
    "Negative High-Energy Emotions|Malevolence/Malice": -0.9088321317272152,
    "Negative Low-Energy Emotions|Jealousy & Envy": -1.1798184356531676,
    "Longing & Lust|Infatuation": 0.7886362485982039,
    "Cognitive States and Processes|Confusion": -3.242574936630862,
    "Longing & Lust|Sexual Lust": -0.535212817270966,
    "Positive High-Energy Emotions|Hope/Enthusiasm/Optimism": 1.9744808930202442,
    "Positive High-Energy Emotions|Interest": 0.9700927851721645,
    "Positive High-Energy Emotions|Elation": 3.925515606681652,
    "Negative Low-Energy Emotions|Disappointment": 0.8860357213217545,
    "Negative High-Energy Emotions|Distress": -0.15035755459000083,
    "Positive Low-Energy Emotions|Contemplation": 1.9263843258032027,
    "Negative Low-Energy Emotions|Emotional Numbness": -1.7821046811232673,
    "Negative High-Energy Emotions|Impatience and Irritability": -1.4839318441227078,
    "Negative Low-Energy Emotions|Helplessness": 0.30676356967757734,
    "Negative Low-Energy Emotions|Contempt": -1.1576434492670438,
    "Positive High-Energy Emotions|Astonishment/Surprise": -0.043738713823259,
    "Positive High-Energy Emotions|Pleasure/Ecstasy": 3.51548062495449,
    "Negative Low-Energy Emotions|Doubt": -0.7263592074422495,
    "Negative High-Energy Emotions|Anger": -0.683711116909981,
    "Positive Low-Energy Emotions|Contentment": 0.7001010528141083,
    "Positive Low-Energy Emotions|Relief": 1.268074798531392,
    "Positive High-Energy Emotions|Amusement": 3.7635024676011763,
    "Longing & Lust|Longing": 1.3208735787516515,
    "Positive High-Energy Emotions|Awe": 1.0281640367692009,
    "Physical and Exhaustive States|Fatigue/Exhaustion": -0.019853691316264466,
    "Negative Low-Energy Emotions|Bitterness": -0.5610934972237138,
    "Negative High-Energy Emotions|Disgust": -0.9030156510279459,
    "Positive Low-Energy Emotions|Thankfulness/Gratitude": 1.063512797466315,
    "Positive High-Energy Emotions|Teasing": -0.035640802841414465,
    "Physical and Exhaustive States|Intoxication/Altered States of Consciousness": 0.15975129685419454,
    "Positive Low-Energy Emotions|Pride": 1.102682189952363,
    "Negative Low-Energy Emotions|Embarrassment": -1.7177436522131457,
    "Positive Low-Energy Emotions|Affection": 2.979800917848068,
    "Negative Low-Energy Emotions|Sadness": 1.5465737937829074,
    "Negative Low-Energy Emotions|Shame": -0.30615192711572436,
    "Positive High-Energy Emotions|Triumph": -0.40780167740934037,
    "Cognitive States and Processes|Concentration": -1.127272843959577,
    "Physical and Exhaustive States|Sourness": 0.0906544571556151,
    "Physical and Exhaustive States|Pain": 0.29964558354195425,
    "Negative High-Energy Emotions|Fear": 0.026030620544710503
  }
}