{
  "key": [
    "projects",
    "empathic-insight-face-large",
    "mj_data_16_U1.png"
  ],
  "value": {
    "Negative High-Energy Emotions|Malevolence/Malice": -0.7727103818492855,
    "Negative Low-Energy Emotions|Jealousy & Envy": -0.0491915187677916,
    "Longing & Lust|Infatuation": -0.43594248961438153,
    "Cognitive States and Processes|Confusion": -1.7073342864538599,
    "Longing & Lust|Sexual Lust": -0.5755768442942815,
    "Positive High-Energy Emotions|Hope/Enthusiasm/Optimism": 0.26634004295310554,
    "Positive High-Energy Emotions|Interest": 0.7505449471995235,
    "Positive High-Energy Emotions|Elation": -1.432461425979786,
    "Negative Low-Energy Emotions|Disappointment": 1.3635137486655045,
    "Negative High-Energy Emotions|Distress": 0.6633221926934578,
    "Positive Low-Energy Emotions|Contemplation": 1.185740407288951,
    "Negative Low-Energy Emotions|Emotional Numbness": -1.4080233079085456,
    "Negative High-Energy Emotions|Impatience and Irritability": 0.18347543012350798,
    "Negative Low-Energy Emotions|Helplessness": -0.33912499729324785,
    "Negative Low-Energy Emotions|Contempt": -0.2690068602167508,
    "Positive High-Energy Emotions|Astonishment/Surprise": -0.4643291145190598,
    "Positive High-Energy Emotions|Pleasure/Ecstasy": 0.5357595556185526,
    "Negative Low-Energy Emotions|Doubt": -0.057064678779091035,
    "Negative High-Energy Emotions|Anger": 0.5846525973081587,
    "Positive Low-Energy Emotions|Contentment": -1.6916063675350128,
    "Positive Low-Energy Emotions|Relief": 0.2083156547914533,
    "Positive High-Energy Emotions|Amusement": -0.009716044933918644,
    "Longing & Lust|Longing": -0.143440107142361,
    "Positive High-Energy Emotions|Awe": -0.42389880846090167,
    "Physical and Exhaustive States|Fatigue/Exhaustion": -0.2804659406906541,
    "Negative Low-Energy Emotions|Bitterness": -0.027513670868733353,
    "Negative High-Energy Emotions|Disgust": 0.5503247601582724,
    "Positive Low-Energy Emotions|Thankfulness/Gratitude": 1.358624692073859,
    "Positive High-Energy Emotions|Teasing": -0.2508313326647177,
    "Physical and Exhaustive States|Intoxication/Altered States of Consciousness": 0.08905649266260518,
    "Positive Low-Energy Emotions|Pride": 1.0073742437472237,
    "Negative Low-Energy Emotions|Embarrassment": -0.364890592444469,
    "Positive Low-Energy Emotions|Affection": 0.49290499155135714,
    "Negative Low-Energy Emotions|Sadness": -0.5041283012488309,
    "Negative Low-Energy Emotions|Shame": -0.35172540009240894,
    "Positive High-Energy Emotions|Triumph": 0.2276216326916919,
    "Cognitive States and Processes|Concentration": 0.60195344722008,
    "Physical and Exhaustive States|Sourness": 0.24873582476750017,
    "Physical and Exhaustive States|Pain": 0.15687112084206412,
    "Negative High-Energy Emotions|Fear": -0.40490774253054584
  }
}