{
  "key": [
    "projects",
    "empathic-insight-face-large",
    "mj_data_56_U3.png"
  ],
  "value": {
    "Negative High-Energy Emotions|Malevolence/Malice": -1.0522232640819515,
    "Negative Low-Energy Emotions|Jealousy & Envy": -1.5078087291559752,
    "Longing & Lust|Infatuation": 0.8785718195534804,
    "Cognitive States and Processes|Confusion": -2.8314571445013454,
    "Longing & Lust|Sexual Lust": 0.44046181194045975,
    "Positive High-Energy Emotions|Hope/Enthusiasm/Optimism": 3.7161110895915943,
    "Positive High-Energy Emotions|Interest": 0.8910491285845638,
    "Positive High-Energy Emotions|Elation": 7.366630866805858,
    "Negative Low-Energy Emotions|Disappointment": -0.8856994700234604,
    "Negative High-Energy Emotions|Distress": -2.83994771811892,
    "Positive Low-Energy Emotions|Contemplation": -0.9156497756830033,
    "Negative Low-Energy Emotions|Emotional Numbness": -2.26180572329856,
    "Negative High-Energy Emotions|Impatience and Irritability": -2.0631213830783963,
    "Negative Low-Energy Emotions|Helplessness": -0.886273821031346,
    "Negative Low-Energy Emotions|Contempt": -1.8492859720789334,
    "Positive High-Energy Emotions|Astonishment/Surprise": -0.5128279834613205,
    "Positive High-Energy Emotions|Pleasure/Ecstasy": 3.7573126428530497,
    "Negative Low-Energy Emotions|Doubt": -2.158709604552235,
    "Negative High-Energy Emotions|Anger": -1.3050299340486529,
    "Positive Low-Energy Emotions|Contentment": 3.0884278243714394,
    "Positive Low-Energy Emotions|Relief": 2.461030527151683,
    "Positive High-Energy Emotions|Amusement": 6.9679012188600264,
    "Longing & Lust|Longing": 0.24027307864483993,
    "Positive High-Energy Emotions|Awe": -0.32175456712789385,
    "Physical and Exhaustive States|Fatigue/Exhaustion": -0.5248850385910447,
    "Negative Low-Energy Emotions|Bitterness": -1.0373381852577714,
    "Negative High-Energy Emotions|Disgust": -1.2342281716273111,
    "Positive Low-Energy Emotions|Thankfulness/Gratitude": 5.30290460120777,
    "Positive High-Energy Emotions|Teasing": 1.2733516724298104,
    "Physical and Exhaustive States|Intoxication/Altered States of Consciousness": -0.08211624541265117,
    "Positive Low-Energy Emotions|Pride": 1.4524927902331246,
    "Negative Low-Energy Emotions|Embarrassment": -0.769466894019176,
    "Positive Low-Energy Emotions|Affection": 3.898163773759323,
    "Negative Low-Energy Emotions|Sadness": -1.060294950113577,
    "Negative Low-Energy Emotions|Shame": -0.8489493733666399,
    "Positive High-Energy Emotions|Triumph": 0.5606839834416614,
    "Cognitive States and Processes|Concentration": -2.3676516410138677,
    "Physical and Exhaustive States|Sourness": -0.29951672798022627,
    "Physical and Exhaustive States|Pain": -0.48292585143271616,
    "Negative High-Energy Emotions|Fear": -0.9871080313031289
  }
}