{
  "key": [
    "projects",
    "empathic-insight-face-large",
    "mj_data_79_U1.png"
  ],
  "value": {
    "Negative High-Energy Emotions|Malevolence/Malice": -0.6299793113307919,
    "Negative Low-Energy Emotions|Jealousy & Envy": -0.987981124862152,
    "Longing & Lust|Infatuation": -1.22755559157361,
    "Cognitive States and Processes|Confusion": -1.4067742888952661,
    "Longing & Lust|Sexual Lust": 0.17466920367935135,
    "Positive High-Energy Emotions|Hope/Enthusiasm/Optimism": 1.8191334563537556,
    "Positive High-Energy Emotions|Interest": 0.6654772875830531,
    "Positive High-Energy Emotions|Elation": 2.7890277222346733,
    "Negative Low-Energy Emotions|Disappointment": 1.4649739670950699,
    "Negative High-Energy Emotions|Distress": 0.782604199910865,
    "Positive Low-Energy Emotions|Contemplation": 1.0360457261213485,
    "Negative Low-Energy Emotions|Emotional Numbness": -2.061021040071021,
    "Negative High-Energy Emotions|Impatience and Irritability": 0.4884228063747287,
    "Negative Low-Energy Emotions|Helplessness": -0.002132971917881643,
    "Negative Low-Energy Emotions|Contempt": -0.6807702898584744,
    "Positive High-Energy Emotions|Astonishment/Surprise": -0.18789063986390842,
    "Positive High-Energy Emotions|Pleasure/Ecstasy": 2.857278572838096,
    "Negative Low-Energy Emotions|Doubt": -1.1580864975957528,
    "Negative High-Energy Emotions|Anger": 1.7833774632215498,
    "Positive Low-Energy Emotions|Contentment": 0.5675026526981415,
    "Positive Low-Energy Emotions|Relief": 0.4755150518785505,
    "Positive High-Energy Emotions|Amusement": 3.919453729121562,
    "Longing & Lust|Longing": 0.4103492700701634,
    "Positive High-Energy Emotions|Awe": 0.29447282125406415,
    "Physical and Exhaustive States|Fatigue/Exhaustion": -0.296804289079326,
    "Negative Low-Energy Emotions|Bitterness": -0.8544821023415117,
    "Negative High-Energy Emotions|Disgust": -0.5767174141810221,
    "Positive Low-Energy Emotions|Thankfulness/Gratitude": 1.6204007817421329,
    "Positive High-Energy Emotions|Teasing": -0.9219095377733603,
    "Physical and Exhaustive States|Intoxication/Altered States of Consciousness": -0.43066048541051494,
    "Positive Low-Energy Emotions|Pride": 0.7912977504839792,
    "Negative Low-Energy Emotions|Embarrassment": -1.0665114096289172,
    "Positive Low-Energy Emotions|Affection": 2.7638685486158905,
    "Negative Low-Energy Emotions|Sadness": -0.3200084806540433,
    "Negative Low-Energy Emotions|Shame": -0.9303742057106951,
    "Positive High-Energy Emotions|Triumph": -0.049575311068226324,
    "Cognitive States and Processes|Concentration": -0.16902887785697684,
    "Physical and Exhaustive States|Sourness": -1.0891716981492936,
    "Physical and Exhaustive States|Pain": 1.0177685426789171,
    "Negative High-Energy Emotions|Fear": -0.5994632635418984
  }
}