{
  "key": [
    "projects",
    "empathic-insight-face-large",
    "mj_data_296_U3.png"
  ],
  "value": {
    "Negative High-Energy Emotions|Malevolence/Malice": -0.7285946000652279,
    "Negative Low-Energy Emotions|Jealousy & Envy": -0.2668114147028502,
    "Longing & Lust|Infatuation": 1.2135098763204673,
    "Cognitive States and Processes|Confusion": -2.5370676581884792,
    "Longing & Lust|Sexual Lust": -0.3785954142405705,
    "Positive High-Energy Emotions|Hope/Enthusiasm/Optimism": 1.4854835602684933,
    "Positive High-Energy Emotions|Interest": 1.3335645316168665,
    "Positive High-Energy Emotions|Elation": 1.392133071700878,
    "Negative Low-Energy Emotions|Disappointment": -0.196247775534935,
    "Negative High-Energy Emotions|Distress": -3.2628450569861074,
    "Positive Low-Energy Emotions|Contemplation": 0.7568612654813949,
    "Negative Low-Energy Emotions|Emotional Numbness": -0.3317679566035376,
    "Negative High-Energy Emotions|Impatience and Irritability": -1.4212687658146024,
    "Negative Low-Energy Emotions|Helplessness": -0.756784279977574,
    "Negative Low-Energy Emotions|Contempt": -0.450157296618118,
    "Positive High-Energy Emotions|Astonishment/Surprise": 1.4915007442608474,
    "Positive High-Energy Emotions|Pleasure/Ecstasy": 1.0313777797625345,
    "Negative Low-Energy Emotions|Doubt": -1.5547715018300667,
    "Negative High-Energy Emotions|Anger": -1.0037069970369341,
    "Positive Low-Energy Emotions|Contentment": 2.2687793722683014,
    "Positive Low-Energy Emotions|Relief": -0.46329863449229913,
    "Positive High-Energy Emotions|Amusement": -0.8679378142668044,
    "Longing & Lust|Longing": 0.5297608875876347,
    "Positive High-Energy Emotions|Awe": 2.1405564027016655,
    "Physical and Exhaustive States|Fatigue/Exhaustion": -0.38673804209293683,
    "Negative Low-Energy Emotions|Bitterness": 0.11648674016489702,
    "Negative High-Energy Emotions|Disgust": -0.2311345713541788,
    "Positive Low-Energy Emotions|Thankfulness/Gratitude": 3.678315158000983,
    "Positive High-Energy Emotions|Teasing": 0.265683803100358,
    "Physical and Exhaustive States|Intoxication/Altered States of Consciousness": 0.26336670002954854,
    "Positive Low-Energy Emotions|Pride": 1.0181633997073067,
    "Negative Low-Energy Emotions|Embarrassment": 0.9692156144494519,
    "Positive Low-Energy Emotions|Affection": 1.7870199463209686,
    "Negative Low-Energy Emotions|Sadness": -0.34825500260381137,
    "Negative Low-Energy Emotions|Shame": 0.32612407147665234,
    "Positive High-Energy Emotions|Triumph": -0.8580758394037976,
    "Cognitive States and Processes|Concentration": -1.4047304984357427,
    "Physical and Exhaustive States|Sourness": -0.41280524974688887,
    "Physical and Exhaustive States|Pain": -0.529077489463722,
    "Negative High-Energy Emotions|Fear": 0.6254014577563194
  }
}