{
  "key": [
    "projects",
    "empathic-insight-face-large",
    "mj_data_88_U2.png"
  ],
  "value": {
    "Negative High-Energy Emotions|Malevolence/Malice": 0.20350903381538732,
    "Negative Low-Energy Emotions|Jealousy & Envy": 0.9125037350812379,
    "Longing & Lust|Infatuation": -0.9972949809931657,
    "Cognitive States and Processes|Confusion": 0.9228316928123068,
    "Longing & Lust|Sexual Lust": -0.7023749972178654,
    "Positive High-Energy Emotions|Hope/Enthusiasm/Optimism": -1.1487754327014965,
    "Positive High-Energy Emotions|Interest": -1.3484566094353796,
    "Positive High-Energy Emotions|Elation": -1.5916215631562998,
    "Negative Low-Energy Emotions|Disappointment": 3.713450233956032,
    "Negative High-Energy Emotions|Distress": 2.7324480834252696,
    "Positive Low-Energy Emotions|Contemplation": 0.2535061498293105,
    "Negative Low-Energy Emotions|Emotional Numbness": -2.3092565041670903,
    "Negative High-Energy Emotions|Impatience and Irritability": -0.8524385141208768,
    "Negative Low-Energy Emotions|Helplessness": 1.4177444976217606,
    "Negative Low-Energy Emotions|Contempt": 1.031804668942795,
    "Positive High-Energy Emotions|Astonishment/Surprise": -0.19516169127076877,
    "Positive High-Energy Emotions|Pleasure/Ecstasy": -0.8321329481198507,
    "Negative Low-Energy Emotions|Doubt": 0.7222364356012686,
    "Negative High-Energy Emotions|Anger": -0.4459086114168169,
    "Positive Low-Energy Emotions|Contentment": -4.0629609474605495,
    "Positive Low-Energy Emotions|Relief": -0.4364928760160418,
    "Positive High-Energy Emotions|Amusement": -0.4703402629209792,
    "Longing & Lust|Longing": 0.8521914833432118,
    "Positive High-Energy Emotions|Awe": -0.01824461649007647,
    "Physical and Exhaustive States|Fatigue/Exhaustion": 0.4921981592410628,
    "Negative Low-Energy Emotions|Bitterness": 1.7634573847581358,
    "Negative High-Energy Emotions|Disgust": 2.2412569148137287,
    "Positive Low-Energy Emotions|Thankfulness/Gratitude": 1.1578468037758243,
    "Positive High-Energy Emotions|Teasing": -0.7213761477281943,
    "Physical and Exhaustive States|Intoxication/Altered States of Consciousness": 0.6768105932237471,
    "Positive Low-Energy Emotions|Pride": -1.1338571143040763,
    "Negative Low-Energy Emotions|Embarrassment": 0.24615262235350466,
    "Positive Low-Energy Emotions|Affection": -0.040798387781662115,
    "Negative Low-Energy Emotions|Sadness": 2.3130522130868014,
    "Negative Low-Energy Emotions|Shame": 1.2274299555995007,
    "Positive High-Energy Emotions|Triumph": -1.957411748293568,
    "Cognitive States and Processes|Concentration": -0.32673227751517997,
    "Physical and Exhaustive States|Sourness": 0.9892262911237777,
    "Physical and Exhaustive States|Pain": 0.6222948240357287,
    "Negative High-Energy Emotions|Fear": 0.9672783817942527
  }
}