{
  "key": [
    "projects",
    "empathic-insight-face-large",
    "mj_data_29_U3.png"
  ],
  "value": {
    "Negative High-Energy Emotions|Malevolence/Malice": -0.3618108619289364,
    "Negative Low-Energy Emotions|Jealousy & Envy": 0.4750123181500856,
    "Longing & Lust|Infatuation": 0.743846517095671,
    "Cognitive States and Processes|Confusion": -1.560516840698855,
    "Longing & Lust|Sexual Lust": 1.4148640607998653,
    "Positive High-Energy Emotions|Hope/Enthusiasm/Optimism": 0.2919507283016163,
    "Positive High-Energy Emotions|Interest": 0.5865043072029948,
    "Positive High-Energy Emotions|Elation": 1.236988857070751,
    "Negative Low-Energy Emotions|Disappointment": 2.459525849242859,
    "Negative High-Energy Emotions|Distress": 0.33683095600675134,
    "Positive Low-Energy Emotions|Contemplation": 1.2564129193433944,
    "Negative Low-Energy Emotions|Emotional Numbness": -2.028519819367896,
    "Negative High-Energy Emotions|Impatience and Irritability": -0.473690097220242,
    "Negative Low-Energy Emotions|Helplessness": -0.5599141914003035,
    "Negative Low-Energy Emotions|Contempt": 0.07789098028312713,
    "Positive High-Energy Emotions|Astonishment/Surprise": -0.27209459837526095,
    "Positive High-Energy Emotions|Pleasure/Ecstasy": 1.3706059627936167,
    "Negative Low-Energy Emotions|Doubt": -0.3106870095042841,
    "Negative High-Energy Emotions|Anger": 0.7898320502042768,
    "Positive Low-Energy Emotions|Contentment": -1.12452682346763,
    "Positive Low-Energy Emotions|Relief": 0.27306030610904974,
    "Positive High-Energy Emotions|Amusement": 1.5455112347291673,
    "Longing & Lust|Longing": 0.09267457362469833,
    "Positive High-Energy Emotions|Awe": -0.0942991895491585,
    "Physical and Exhaustive States|Fatigue/Exhaustion": -0.6799303095108445,
    "Negative Low-Energy Emotions|Bitterness": 0.6935888648559065,
    "Negative High-Energy Emotions|Disgust": 0.24418815203449307,
    "Positive Low-Energy Emotions|Thankfulness/Gratitude": 1.462643737903632,
    "Positive High-Energy Emotions|Teasing": -0.14148792312644864,
    "Physical and Exhaustive States|Intoxication/Altered States of Consciousness": -0.6187266103265916,
    "Positive Low-Energy Emotions|Pride": 1.0267686414828194,
    "Negative Low-Energy Emotions|Embarrassment": 0.5304132529611096,
    "Positive Low-Energy Emotions|Affection": 1.9177680990538177,
    "Negative Low-Energy Emotions|Sadness": -0.24621471177129184,
    "Negative Low-Energy Emotions|Shame": -0.19858640492181567,
    "Positive High-Energy Emotions|Triumph": 0.10297216760761596,
    "Cognitive States and Processes|Concentration": 0.35082286631798043,
    "Physical and Exhaustive States|Sourness": -0.14939790016040205,
    "Physical and Exhaustive States|Pain": 0.2246330188828356,
    "Negative High-Energy Emotions|Fear": -0.5323670301739785
  }
}