{
  "key": [
    "projects",
    "empathic-insight-face-large",
    "mj_data_167_U3.png"
  ],
  "value": {
    "Negative High-Energy Emotions|Malevolence/Malice": -0.39369946609305995,
    "Negative Low-Energy Emotions|Jealousy & Envy": -0.2843672475657042,
    "Longing & Lust|Infatuation": -1.6866093463801286,
    "Cognitive States and Processes|Confusion": -2.1636598174597195,
    "Longing & Lust|Sexual Lust": -1.0818894530131535,
    "Positive High-Energy Emotions|Hope/Enthusiasm/Optimism": 0.539404298667522,
    "Positive High-Energy Emotions|Interest": 0.4160681148990989,
    "Positive High-Energy Emotions|Elation": 2.2374847677152823,
    "Negative Low-Energy Emotions|Disappointment": 0.12939361812656403,
    "Negative High-Energy Emotions|Distress": -0.565477686857476,
    "Positive Low-Energy Emotions|Contemplation": 1.3700305779585067,
    "Negative Low-Energy Emotions|Emotional Numbness": -1.2154204350600348,
    "Negative High-Energy Emotions|Impatience and Irritability": -0.7301345514133573,
    "Negative Low-Energy Emotions|Helplessness": -0.280513961946263,
    "Negative Low-Energy Emotions|Contempt": 0.4355493665135959,
    "Positive High-Energy Emotions|Astonishment/Surprise": -0.3718937545642258,
    "Positive High-Energy Emotions|Pleasure/Ecstasy": 3.0599684589312357,
    "Negative Low-Energy Emotions|Doubt": -0.574718017390217,
    "Negative High-Energy Emotions|Anger": 0.3702766245603559,
    "Positive Low-Energy Emotions|Contentment": -0.47440131992759094,
    "Positive Low-Energy Emotions|Relief": 0.3578484497438459,
    "Positive High-Energy Emotions|Amusement": 3.5659934172319137,
    "Longing & Lust|Longing": 0.6139338814860265,
    "Positive High-Energy Emotions|Awe": -0.14351569841451495,
    "Physical and Exhaustive States|Fatigue/Exhaustion": 0.10871281220851581,
    "Negative Low-Energy Emotions|Bitterness": 0.5159058094550582,
    "Negative High-Energy Emotions|Disgust": 0.4384467227055746,
    "Positive Low-Energy Emotions|Thankfulness/Gratitude": 1.9491451932106387,
    "Positive High-Energy Emotions|Teasing": -0.20433064983390714,
    "Physical and Exhaustive States|Intoxication/Altered States of Consciousness": 0.22544175467508687,
    "Positive Low-Energy Emotions|Pride": 1.1114111709704293,
    "Negative Low-Energy Emotions|Embarrassment": -0.6359212568884387,
    "Positive Low-Energy Emotions|Affection": 2.649623610719162,
    "Negative Low-Energy Emotions|Sadness": 0.655953994288164,
    "Negative Low-Energy Emotions|Shame": -0.3230904942772844,
    "Positive High-Energy Emotions|Triumph": -0.3400901303922429,
    "Cognitive States and Processes|Concentration": -0.36783689224982963,
    "Physical and Exhaustive States|Sourness": 0.06180531734600664,
    "Physical and Exhaustive States|Pain": 0.5157427000122912,
    "Negative High-Energy Emotions|Fear": -0.6683559809033486
  }
}