{
  "key": [
    "projects",
    "empathic-insight-face-large",
    "mj_data_3_U1.png"
  ],
  "value": {
    "Negative High-Energy Emotions|Malevolence/Malice": -0.879994927747723,
    "Negative Low-Energy Emotions|Jealousy & Envy": -0.683674140914398,
    "Longing & Lust|Infatuation": -1.8530755824946306,
    "Cognitive States and Processes|Confusion": 3.3641467030023167,
    "Longing & Lust|Sexual Lust": -0.2700997019602971,
    "Positive High-Energy Emotions|Hope/Enthusiasm/Optimism": -2.1691139680103344,
    "Positive High-Energy Emotions|Interest": 3.33043755274266,
    "Positive High-Energy Emotions|Elation": 1.5494850423734854,
    "Negative Low-Energy Emotions|Disappointment": -1.5576822352212143,
    "Negative High-Energy Emotions|Distress": -0.6321383890860222,
    "Positive Low-Energy Emotions|Contemplation": -5.873531822382527,
    "Negative Low-Energy Emotions|Emotional Numbness": -3.23381442843772,
    "Negative High-Energy Emotions|Impatience and Irritability": -2.8122785734012723,
    "Negative Low-Energy Emotions|Helplessness": -1.1787446338288925,
    "Negative Low-Energy Emotions|Contempt": -0.8703166365229031,
    "Positive High-Energy Emotions|Astonishment/Surprise": 5.938473829664289,
    "Positive High-Energy Emotions|Pleasure/Ecstasy": -0.32005764313480434,
    "Negative Low-Energy Emotions|Doubt": -0.42404003839775484,
    "Negative High-Energy Emotions|Anger": -0.7360921555757525,
    "Positive Low-Energy Emotions|Contentment": -4.597162092632669,
    "Positive Low-Energy Emotions|Relief": -1.4559380569089861,
    "Positive High-Energy Emotions|Amusement": 1.4150840530084337,
    "Longing & Lust|Longing": -1.325717071329983,
    "Positive High-Energy Emotions|Awe": 5.184923298854162,
    "Physical and Exhaustive States|Fatigue/Exhaustion": -1.7088213960892138,
    "Negative Low-Energy Emotions|Bitterness": -1.8709596871803789,
    "Negative High-Energy Emotions|Disgust": 2.6906888110234455,
    "Positive Low-Energy Emotions|Thankfulness/Gratitude": -0.8506367253150571,
    "Positive High-Energy Emotions|Teasing": 0.2635558576772318,
    "Physical and Exhaustive States|Intoxication/Altered States of Consciousness": 1.2106952973367537,
    "Positive Low-Energy Emotions|Pride": -3.5564053487668144,
    "Negative Low-Energy Emotions|Embarrassment": 2.609434349190663,
    "Positive Low-Energy Emotions|Affection": -3.5535195090928497,
    "Negative Low-Energy Emotions|Sadness": -1.7277924657919828,
    "Negative Low-Energy Emotions|Shame": -0.517351449134157,
    "Positive High-Energy Emotions|Triumph": -1.4556648553644909,
    "Cognitive States and Processes|Concentration": -2.2970040437009405,
    "Physical and Exhaustive States|Sourness": -1.1440942788682877,
    "Physical and Exhaustive States|Pain": -0.9411828113478773,
    "Negative High-Energy Emotions|Fear": 4.885394772499361
  }
}