{
  "key": [
    "projects",
    "empathic-insight-face-large",
    "mj_data_94_U1.png"
  ],
  "value": {
    "Negative High-Energy Emotions|Malevolence/Malice": -0.45786195884513514,
    "Negative Low-Energy Emotions|Jealousy & Envy": -0.3227619371256407,
    "Longing & Lust|Infatuation": -2.882922727575197,
    "Cognitive States and Processes|Confusion": -1.4229662482763696,
    "Longing & Lust|Sexual Lust": -1.4218502665354924,
    "Positive High-Energy Emotions|Hope/Enthusiasm/Optimism": -0.8046010476306957,
    "Positive High-Energy Emotions|Interest": -2.2575346114113928,
    "Positive High-Energy Emotions|Elation": -2.1777769777375986,
    "Negative Low-Energy Emotions|Disappointment": 3.4140519309241104,
    "Negative High-Energy Emotions|Distress": 1.9352440657861092,
    "Positive Low-Energy Emotions|Contemplation": 0.6077238653907004,
    "Negative Low-Energy Emotions|Emotional Numbness": -0.4502477747092352,
    "Negative High-Energy Emotions|Impatience and Irritability": 1.4550846768543124,
    "Negative Low-Energy Emotions|Helplessness": 1.601300160253749,
    "Negative Low-Energy Emotions|Contempt": 1.6767827153600314,
    "Positive High-Energy Emotions|Astonishment/Surprise": -0.32308851774781955,
    "Positive High-Energy Emotions|Pleasure/Ecstasy": -0.6446870691373068,
    "Negative Low-Energy Emotions|Doubt": -0.15425138201400201,
    "Negative High-Energy Emotions|Anger": 2.2895662134885786,
    "Positive Low-Energy Emotions|Contentment": -0.581405485577005,
    "Positive Low-Energy Emotions|Relief": -1.2155959167112322,
    "Positive High-Energy Emotions|Amusement": -2.8402133097959794,
    "Longing & Lust|Longing": 0.44158049460705917,
    "Positive High-Energy Emotions|Awe": 0.17119730283670576,
    "Physical and Exhaustive States|Fatigue/Exhaustion": 0.3623110254043166,
    "Negative Low-Energy Emotions|Bitterness": 1.969174695067546,
    "Negative High-Energy Emotions|Disgust": 1.2441225869252401,
    "Positive Low-Energy Emotions|Thankfulness/Gratitude": -1.1431183861579526,
    "Positive High-Energy Emotions|Teasing": -1.7665952114870445,
    "Physical and Exhaustive States|Intoxication/Altered States of Consciousness": -0.23819923319799052,
    "Positive Low-Energy Emotions|Pride": -0.3126707655081854,
    "Negative Low-Energy Emotions|Embarrassment": -1.532150285590221,
    "Positive Low-Energy Emotions|Affection": -1.9990337112107697,
    "Negative Low-Energy Emotions|Sadness": 1.3843293546578463,
    "Negative Low-Energy Emotions|Shame": -0.23700100243310718,
    "Positive High-Energy Emotions|Triumph": -2.321300965670277,
    "Cognitive States and Processes|Concentration": -0.034580051543958046,
    "Physical and Exhaustive States|Sourness": -0.6935651803575456,
    "Physical and Exhaustive States|Pain": 2.059985096963013,
    "Negative High-Energy Emotions|Fear": 0.7175275888140586
  }
}