{
  "key": [
    "projects",
    "empathic-insight-face-large",
    "mj_data_189_U1.png"
  ],
  "value": {
    "Negative High-Energy Emotions|Malevolence/Malice": -1.1299741853313412,
    "Negative Low-Energy Emotions|Jealousy & Envy": -2.3471429786524354,
    "Longing & Lust|Infatuation": -1.2780891246699235,
    "Cognitive States and Processes|Confusion": -2.5729591910864285,
    "Longing & Lust|Sexual Lust": -0.5068684244944768,
    "Positive High-Energy Emotions|Hope/Enthusiasm/Optimism": 4.0105897444530445,
    "Positive High-Energy Emotions|Interest": 0.2827222166582942,
    "Positive High-Energy Emotions|Elation": 7.134060695449657,
    "Negative Low-Energy Emotions|Disappointment": -1.840678174475975,
    "Negative High-Energy Emotions|Distress": -2.684578197931542,
    "Positive Low-Energy Emotions|Contemplation": -1.5138566533914384,
    "Negative Low-Energy Emotions|Emotional Numbness": -0.8526535731444465,
    "Negative High-Energy Emotions|Impatience and Irritability": -0.5367704080417752,
    "Negative Low-Energy Emotions|Helplessness": -0.8365242082231185,
    "Negative Low-Energy Emotions|Contempt": -1.238146913012161,
    "Positive High-Energy Emotions|Astonishment/Surprise": 0.004694113172590608,
    "Positive High-Energy Emotions|Pleasure/Ecstasy": 4.357125627319602,
    "Negative Low-Energy Emotions|Doubt": -2.6113200972585338,
    "Negative High-Energy Emotions|Anger": -0.05017000973224661,
    "Positive Low-Energy Emotions|Contentment": 4.6038800826603,
    "Positive Low-Energy Emotions|Relief": 1.9249213776956586,
    "Positive High-Energy Emotions|Amusement": 6.211322773425456,
    "Longing & Lust|Longing": -0.14078221682253678,
    "Positive High-Energy Emotions|Awe": 0.19465935995035322,
    "Physical and Exhaustive States|Fatigue/Exhaustion": -0.20166287825168927,
    "Negative Low-Energy Emotions|Bitterness": -1.3751272439430742,
    "Negative High-Energy Emotions|Disgust": -0.548408545772819,
    "Positive Low-Energy Emotions|Thankfulness/Gratitude": 4.516005511394537,
    "Positive High-Energy Emotions|Teasing": 1.3711472780892953,
    "Physical and Exhaustive States|Intoxication/Altered States of Consciousness": 1.0940550722839202,
    "Positive Low-Energy Emotions|Pride": 1.26409442902707,
    "Negative Low-Energy Emotions|Embarrassment": -1.293369310248424,
    "Positive Low-Energy Emotions|Affection": 3.2186784527144012,
    "Negative Low-Energy Emotions|Sadness": -1.0160096527197782,
    "Negative Low-Energy Emotions|Shame": -1.401850641372011,
    "Positive High-Energy Emotions|Triumph": 0.6190893827641711,
    "Cognitive States and Processes|Concentration": -1.8166294690396856,
    "Physical and Exhaustive States|Sourness": -0.8167460465990006,
    "Physical and Exhaustive States|Pain": 0.44149033299263785,
    "Negative High-Energy Emotions|Fear": -1.2348192129437539
  }
}