{
  "key": [
    "projects",
    "empathic-insight-face-large",
    "mj_data_366_U3.png"
  ],
  "value": {
    "Negative High-Energy Emotions|Malevolence/Malice": -0.91953855644035,
    "Negative Low-Energy Emotions|Jealousy & Envy": -1.4651558837732848,
    "Longing & Lust|Infatuation": 0.6980224661923506,
    "Cognitive States and Processes|Confusion": -3.2626054351355007,
    "Longing & Lust|Sexual Lust": -0.029893460352631074,
    "Positive High-Energy Emotions|Hope/Enthusiasm/Optimism": 3.729524280433269,
    "Positive High-Energy Emotions|Interest": 2.63691366892308,
    "Positive High-Energy Emotions|Elation": 4.808466985503978,
    "Negative Low-Energy Emotions|Disappointment": -1.7896823477547836,
    "Negative High-Energy Emotions|Distress": -2.6730737862341543,
    "Positive Low-Energy Emotions|Contemplation": 0.4226629023560706,
    "Negative Low-Energy Emotions|Emotional Numbness": -2.6608221036086186,
    "Negative High-Energy Emotions|Impatience and Irritability": -0.6046662973240018,
    "Negative Low-Energy Emotions|Helplessness": -2.1565073329560898,
    "Negative Low-Energy Emotions|Contempt": -1.0211275934778592,
    "Positive High-Energy Emotions|Astonishment/Surprise": 0.21185339394956815,
    "Positive High-Energy Emotions|Pleasure/Ecstasy": 3.075211273948936,
    "Negative Low-Energy Emotions|Doubt": -2.1755312274007457,
    "Negative High-Energy Emotions|Anger": 0.17928832232952097,
    "Positive Low-Energy Emotions|Contentment": 4.9340799203449315,
    "Positive Low-Energy Emotions|Relief": 1.2324718787740259,
    "Positive High-Energy Emotions|Amusement": 4.469366539447185,
    "Longing & Lust|Longing": 0.421703776085941,
    "Positive High-Energy Emotions|Awe": 1.403281279105474,
    "Physical and Exhaustive States|Fatigue/Exhaustion": -1.2056449453598437,
    "Negative Low-Energy Emotions|Bitterness": -1.656029152817586,
    "Negative High-Energy Emotions|Disgust": -1.0348663704798502,
    "Positive Low-Energy Emotions|Thankfulness/Gratitude": 4.345352048984564,
    "Positive High-Energy Emotions|Teasing": 0.053650531310807215,
    "Physical and Exhaustive States|Intoxication/Altered States of Consciousness": -0.7080513230798875,
    "Positive Low-Energy Emotions|Pride": 1.3677469062914742,
    "Negative Low-Energy Emotions|Embarrassment": -1.3861594370489612,
    "Positive Low-Energy Emotions|Affection": 2.9731209060988006,
    "Negative Low-Energy Emotions|Sadness": -1.059914910898489,
    "Negative Low-Energy Emotions|Shame": -1.3305813676140765,
    "Positive High-Energy Emotions|Triumph": 0.633656638737987,
    "Cognitive States and Processes|Concentration": -0.7569260966208051,
    "Physical and Exhaustive States|Sourness": -1.1955695653520524,
    "Physical and Exhaustive States|Pain": -0.8243248058241956,
    "Negative High-Energy Emotions|Fear": -1.031290808707914
  }
}