{
  "key": [
    "projects",
    "empathic-insight-face-large",
    "mj_data_112_U4.png"
  ],
  "value": {
    "Negative High-Energy Emotions|Malevolence/Malice": -0.8942757237987484,
    "Negative Low-Energy Emotions|Jealousy & Envy": 0.21930439855245987,
    "Longing & Lust|Infatuation": 0.4766388945675948,
    "Cognitive States and Processes|Confusion": -1.4726481502081323,
    "Longing & Lust|Sexual Lust": 0.4553065871403499,
    "Positive High-Energy Emotions|Hope/Enthusiasm/Optimism": 0.9373570340915638,
    "Positive High-Energy Emotions|Interest": 1.4150282261893152,
    "Positive High-Energy Emotions|Elation": 0.33205945758039457,
    "Negative Low-Energy Emotions|Disappointment": 1.8754538703162003,
    "Negative High-Energy Emotions|Distress": 2.101815444493995,
    "Positive Low-Energy Emotions|Contemplation": 3.0086247881063644,
    "Negative Low-Energy Emotions|Emotional Numbness": -2.0440356236586674,
    "Negative High-Energy Emotions|Impatience and Irritability": -0.32274014223366976,
    "Negative Low-Energy Emotions|Helplessness": -0.4505234557740828,
    "Negative Low-Energy Emotions|Contempt": -0.3570224165522,
    "Positive High-Energy Emotions|Astonishment/Surprise": -0.0010336547717453293,
    "Positive High-Energy Emotions|Pleasure/Ecstasy": 1.4074526563988012,
    "Negative Low-Energy Emotions|Doubt": 1.0089594532938346,
    "Negative High-Energy Emotions|Anger": -0.2128587418794634,
    "Positive Low-Energy Emotions|Contentment": -1.817994440502542,
    "Positive Low-Energy Emotions|Relief": 0.23213039258823676,
    "Positive High-Energy Emotions|Amusement": 1.313249219386455,
    "Longing & Lust|Longing": 0.34563257333096664,
    "Positive High-Energy Emotions|Awe": 0.02972281743936689,
    "Physical and Exhaustive States|Fatigue/Exhaustion": -0.49172816679539044,
    "Negative Low-Energy Emotions|Bitterness": 0.4587409019996138,
    "Negative High-Energy Emotions|Disgust": -0.6652226822779459,
    "Positive Low-Energy Emotions|Thankfulness/Gratitude": 1.4262227965507877,
    "Positive High-Energy Emotions|Teasing": 0.3974543841073618,
    "Physical and Exhaustive States|Intoxication/Altered States of Consciousness": 0.5084461577894057,
    "Positive Low-Energy Emotions|Pride": 1.0193513202776803,
    "Negative Low-Energy Emotions|Embarrassment": 0.011286956917713642,
    "Positive Low-Energy Emotions|Affection": 2.4556083462080536,
    "Negative Low-Energy Emotions|Sadness": 0.45090297450037564,
    "Negative Low-Energy Emotions|Shame": -0.18460804283838061,
    "Positive High-Energy Emotions|Triumph": -0.5194413558875813,
    "Cognitive States and Processes|Concentration": 0.34296792781090035,
    "Physical and Exhaustive States|Sourness": 0.03391394967213274,
    "Physical and Exhaustive States|Pain": 0.0639434265213854,
    "Negative High-Energy Emotions|Fear": -0.5443954859082314
  }
}