{
  "key": [
    "projects",
    "empathic-insight-face-large",
    "mj_data_33_U3.png"
  ],
  "value": {
    "Negative High-Energy Emotions|Malevolence/Malice": -0.3771137584285702,
    "Negative Low-Energy Emotions|Jealousy & Envy": 0.42556478168157974,
    "Longing & Lust|Infatuation": -1.3343191928767106,
    "Cognitive States and Processes|Confusion": -2.425933844330447,
    "Longing & Lust|Sexual Lust": 1.250993487756042,
    "Positive High-Energy Emotions|Hope/Enthusiasm/Optimism": -0.459420893783955,
    "Positive High-Energy Emotions|Interest": -1.2487552048638464,
    "Positive High-Energy Emotions|Elation": -2.2008787843782236,
    "Negative Low-Energy Emotions|Disappointment": 2.8412412214476395,
    "Negative High-Energy Emotions|Distress": 1.7933752360589363,
    "Positive Low-Energy Emotions|Contemplation": 0.25931608277646934,
    "Negative Low-Energy Emotions|Emotional Numbness": -1.1075301867613898,
    "Negative High-Energy Emotions|Impatience and Irritability": 1.186976189725101,
    "Negative Low-Energy Emotions|Helplessness": 1.3280666273481705,
    "Negative Low-Energy Emotions|Contempt": -0.3657463907801053,
    "Positive High-Energy Emotions|Astonishment/Surprise": -0.5016997962817551,
    "Positive High-Energy Emotions|Pleasure/Ecstasy": 0.1378345363543314,
    "Negative Low-Energy Emotions|Doubt": -1.3650323937444344,
    "Negative High-Energy Emotions|Anger": 1.879768902659416,
    "Positive Low-Energy Emotions|Contentment": -2.194881285137552,
    "Positive Low-Energy Emotions|Relief": -0.5671233691801043,
    "Positive High-Energy Emotions|Amusement": -2.185678016216878,
    "Longing & Lust|Longing": 0.7556354009753148,
    "Positive High-Energy Emotions|Awe": -0.3875404519850716,
    "Physical and Exhaustive States|Fatigue/Exhaustion": 0.534458329223973,
    "Negative Low-Energy Emotions|Bitterness": -0.3556341409157304,
    "Negative High-Energy Emotions|Disgust": -0.24879375867107334,
    "Positive Low-Energy Emotions|Thankfulness/Gratitude": -0.8729796456184018,
    "Positive High-Energy Emotions|Teasing": -1.0777059464266197,
    "Physical and Exhaustive States|Intoxication/Altered States of Consciousness": -0.1270600549219285,
    "Positive Low-Energy Emotions|Pride": -0.3728967440018759,
    "Negative Low-Energy Emotions|Embarrassment": -1.7097122839575305,
    "Positive Low-Energy Emotions|Affection": 0.07723007415147387,
    "Negative Low-Energy Emotions|Sadness": -0.32207795392064487,
    "Negative Low-Energy Emotions|Shame": -0.45484203160028247,
    "Positive High-Energy Emotions|Triumph": -1.1873534144198192,
    "Cognitive States and Processes|Concentration": 0.5307560566637446,
    "Physical and Exhaustive States|Sourness": -0.2834326530061662,
    "Physical and Exhaustive States|Pain": 1.4838893817978747,
    "Negative High-Energy Emotions|Fear": 0.0887047853167442
  }
}