{
  "key": [
    "projects",
    "empathic-insight-face-large",
    "mj_data_2_U4.png"
  ],
  "value": {
    "Negative High-Energy Emotions|Malevolence/Malice": 0.2789310823841129,
    "Negative Low-Energy Emotions|Jealousy & Envy": 1.1036406912961427,
    "Longing & Lust|Infatuation": -0.055325943937196476,
    "Cognitive States and Processes|Confusion": 2.317369573829038,
    "Longing & Lust|Sexual Lust": -0.35693174846908615,
    "Positive High-Energy Emotions|Hope/Enthusiasm/Optimism": -1.9503448945240063,
    "Positive High-Energy Emotions|Interest": -0.9925151946023106,
    "Positive High-Energy Emotions|Elation": -1.421904251297169,
    "Negative Low-Energy Emotions|Disappointment": 3.3184671807486343,
    "Negative High-Energy Emotions|Distress": 0.8298583450562813,
    "Positive Low-Energy Emotions|Contemplation": -0.5222742597451981,
    "Negative Low-Energy Emotions|Emotional Numbness": -1.5512611371169196,
    "Negative High-Energy Emotions|Impatience and Irritability": -1.2641969369724393,
    "Negative Low-Energy Emotions|Helplessness": 0.2539540332205156,
    "Negative Low-Energy Emotions|Contempt": 1.2375113845265964,
    "Positive High-Energy Emotions|Astonishment/Surprise": 0.4534722656384109,
    "Positive High-Energy Emotions|Pleasure/Ecstasy": -0.8542391187741476,
    "Negative Low-Energy Emotions|Doubt": 1.1504885365457878,
    "Negative High-Energy Emotions|Anger": -0.4442439728975298,
    "Positive Low-Energy Emotions|Contentment": -3.4300917038387237,
    "Positive Low-Energy Emotions|Relief": -1.5966579475034686,
    "Positive High-Energy Emotions|Amusement": -1.1836896052671706,
    "Longing & Lust|Longing": -0.30930981997195084,
    "Positive High-Energy Emotions|Awe": -0.17576824853963702,
    "Physical and Exhaustive States|Fatigue/Exhaustion": -0.4556692640549119,
    "Negative Low-Energy Emotions|Bitterness": 1.4953577191163512,
    "Negative High-Energy Emotions|Disgust": 2.202910266597481,
    "Positive Low-Energy Emotions|Thankfulness/Gratitude": 1.6205221367988956,
    "Positive High-Energy Emotions|Teasing": -0.19952246234916593,
    "Physical and Exhaustive States|Intoxication/Altered States of Consciousness": 0.34134316525476827,
    "Positive Low-Energy Emotions|Pride": -0.5308798980603323,
    "Negative Low-Energy Emotions|Embarrassment": 3.124621135842274,
    "Positive Low-Energy Emotions|Affection": -0.5435989120164338,
    "Negative Low-Energy Emotions|Sadness": 0.7673739104411181,
    "Negative Low-Energy Emotions|Shame": 1.046284317372038,
    "Positive High-Energy Emotions|Triumph": -1.7689628423487438,
    "Cognitive States and Processes|Concentration": -0.8776848163631032,
    "Physical and Exhaustive States|Sourness": 0.17904631251469255,
    "Physical and Exhaustive States|Pain": -0.013344724265968111,
    "Negative High-Energy Emotions|Fear": 1.1407343353922752
  }
}