{
  "key": [
    "projects",
    "empathic-insight-face-large",
    "mj_data_61_U4.png"
  ],
  "value": {
    "Negative High-Energy Emotions|Malevolence/Malice": -1.4144111264781918,
    "Negative Low-Energy Emotions|Jealousy & Envy": -2.668884082778412,
    "Longing & Lust|Infatuation": 1.908458869943724,
    "Cognitive States and Processes|Confusion": -3.993431813004153,
    "Longing & Lust|Sexual Lust": 1.6909472917721553,
    "Positive High-Energy Emotions|Hope/Enthusiasm/Optimism": 5.331269885902019,
    "Positive High-Energy Emotions|Interest": 2.8342555878683924,
    "Positive High-Energy Emotions|Elation": 7.812980964462108,
    "Negative Low-Energy Emotions|Disappointment": -2.130550820807762,
    "Negative High-Energy Emotions|Distress": -3.890357988809838,
    "Positive Low-Energy Emotions|Contemplation": -2.2619268934121903,
    "Negative Low-Energy Emotions|Emotional Numbness": -2.843238781083594,
    "Negative High-Energy Emotions|Impatience and Irritability": -1.4721933053806424,
    "Negative Low-Energy Emotions|Helplessness": -2.03118618313004,
    "Negative Low-Energy Emotions|Contempt": -2.1244181513391873,
    "Positive High-Energy Emotions|Astonishment/Surprise": -0.2497185378894211,
    "Positive High-Energy Emotions|Pleasure/Ecstasy": 4.001786815445213,
    "Negative Low-Energy Emotions|Doubt": -2.8973465750722545,
    "Negative High-Energy Emotions|Anger": -0.7461634331941607,
    "Positive Low-Energy Emotions|Contentment": 4.050454889827353,
    "Positive Low-Energy Emotions|Relief": 2.760007425345042,
    "Positive High-Energy Emotions|Amusement": 7.100350845782634,
    "Longing & Lust|Longing": 0.5614255272990147,
    "Positive High-Energy Emotions|Awe": 0.6565327720826164,
    "Physical and Exhaustive States|Fatigue/Exhaustion": -1.507206062532085,
    "Negative Low-Energy Emotions|Bitterness": -2.3415111779640703,
    "Negative High-Energy Emotions|Disgust": -1.9490547554896158,
    "Positive Low-Energy Emotions|Thankfulness/Gratitude": 5.930491681209601,
    "Positive High-Energy Emotions|Teasing": 1.9094809622953042,
    "Physical and Exhaustive States|Intoxication/Altered States of Consciousness": 0.6391623624326552,
    "Positive Low-Energy Emotions|Pride": 1.6709472704043282,
    "Negative Low-Energy Emotions|Embarrassment": -2.4110787085180774,
    "Positive Low-Energy Emotions|Affection": 3.6094639084181366,
    "Negative Low-Energy Emotions|Sadness": -1.6622655035117093,
    "Negative Low-Energy Emotions|Shame": -1.6504029637597064,
    "Positive High-Energy Emotions|Triumph": 0.9877042947972522,
    "Cognitive States and Processes|Concentration": -1.1037211414601873,
    "Physical and Exhaustive States|Sourness": -0.7469245696626603,
    "Physical and Exhaustive States|Pain": -0.4250292373580091,
    "Negative High-Energy Emotions|Fear": -1.635426322013578
  }
}