{
  "key": [
    "projects",
    "empathic-insight-face-large",
    "mj_data_110_U1.png"
  ],
  "value": {
    "Negative High-Energy Emotions|Malevolence/Malice": -1.230003415449139,
    "Negative Low-Energy Emotions|Jealousy & Envy": -1.6531579933008727,
    "Longing & Lust|Infatuation": -1.4522710628413102,
    "Cognitive States and Processes|Confusion": 1.9072420532678198,
    "Longing & Lust|Sexual Lust": 0.0328013276264949,
    "Positive High-Energy Emotions|Hope/Enthusiasm/Optimism": 2.965084220771404,
    "Positive High-Energy Emotions|Interest": 2.552227866463363,
    "Positive High-Energy Emotions|Elation": 6.1108124998014635,
    "Negative Low-Energy Emotions|Disappointment": -1.4032699656289291,
    "Negative High-Energy Emotions|Distress": -0.023980307316078864,
    "Positive Low-Energy Emotions|Contemplation": -0.3481439988008317,
    "Negative Low-Energy Emotions|Emotional Numbness": -1.9531282883772956,
    "Negative High-Energy Emotions|Impatience and Irritability": -0.5432840036228299,
    "Negative Low-Energy Emotions|Helplessness": -1.2689832049958847,
    "Negative Low-Energy Emotions|Contempt": -1.3601881384455106,
    "Positive High-Energy Emotions|Astonishment/Surprise": 1.225867399610579,
    "Positive High-Energy Emotions|Pleasure/Ecstasy": 3.2063650958941263,
    "Negative Low-Energy Emotions|Doubt": -0.45856894951149385,
    "Negative High-Energy Emotions|Anger": 0.0031155890226362004,
    "Positive Low-Energy Emotions|Contentment": 1.139727031283957,
    "Positive Low-Energy Emotions|Relief": 1.121796368754962,
    "Positive High-Energy Emotions|Amusement": 6.430865753619548,
    "Longing & Lust|Longing": -0.5214140212887843,
    "Positive High-Energy Emotions|Awe": -0.012872092228601861,
    "Physical and Exhaustive States|Fatigue/Exhaustion": 0.07104529931483905,
    "Negative Low-Energy Emotions|Bitterness": -1.9975461244057207,
    "Negative High-Energy Emotions|Disgust": -0.7736029999659342,
    "Positive Low-Energy Emotions|Thankfulness/Gratitude": 3.331654067150153,
    "Positive High-Energy Emotions|Teasing": 0.9248142832408056,
    "Physical and Exhaustive States|Intoxication/Altered States of Consciousness": 0.7232291408540572,
    "Positive Low-Energy Emotions|Pride": -0.0440013390669928,
    "Negative Low-Energy Emotions|Embarrassment": 0.4032131263131604,
    "Positive Low-Energy Emotions|Affection": 3.0430149814924774,
    "Negative Low-Energy Emotions|Sadness": -1.1795098425009671,
    "Negative Low-Energy Emotions|Shame": -1.1984969979546527,
    "Positive High-Energy Emotions|Triumph": 0.02941175090916015,
    "Cognitive States and Processes|Concentration": -1.1996064778592657,
    "Physical and Exhaustive States|Sourness": -0.6702754998765885,
    "Physical and Exhaustive States|Pain": -0.030007798759376314,
    "Negative High-Energy Emotions|Fear": -0.13576928713961567
  }
}