{
  "key": [
    "projects",
    "empathic-insight-face-large",
    "mj_data_167_U4.png"
  ],
  "value": {
    "Negative High-Energy Emotions|Malevolence/Malice": 0.1192006479663883,
    "Negative Low-Energy Emotions|Jealousy & Envy": 0.20658607865957657,
    "Longing & Lust|Infatuation": -0.46391447257031415,
    "Cognitive States and Processes|Confusion": -1.787445790054934,
    "Longing & Lust|Sexual Lust": -1.0597131872966008,
    "Positive High-Energy Emotions|Hope/Enthusiasm/Optimism": -0.38489637195625725,
    "Positive High-Energy Emotions|Interest": -0.37960420865565536,
    "Positive High-Energy Emotions|Elation": 0.7671793249052237,
    "Negative Low-Energy Emotions|Disappointment": 1.6734942603308487,
    "Negative High-Energy Emotions|Distress": -0.6825519976370475,
    "Positive Low-Energy Emotions|Contemplation": 1.6725389917501632,
    "Negative Low-Energy Emotions|Emotional Numbness": -1.5090523463378058,
    "Negative High-Energy Emotions|Impatience and Irritability": -1.2308788942173123,
    "Negative Low-Energy Emotions|Helplessness": 0.10862676318954023,
    "Negative Low-Energy Emotions|Contempt": 1.1673825860417941,
    "Positive High-Energy Emotions|Astonishment/Surprise": -0.4583030849322678,
    "Positive High-Energy Emotions|Pleasure/Ecstasy": 0.8821661346361918,
    "Negative Low-Energy Emotions|Doubt": 0.09188577134326538,
    "Negative High-Energy Emotions|Anger": -0.37698680698871634,
    "Positive Low-Energy Emotions|Contentment": -0.8290670761531769,
    "Positive Low-Energy Emotions|Relief": -0.22757072826518732,
    "Positive High-Energy Emotions|Amusement": 1.8638073133217061,
    "Longing & Lust|Longing": 0.7593004309779088,
    "Positive High-Energy Emotions|Awe": 0.13259411622934492,
    "Physical and Exhaustive States|Fatigue/Exhaustion": 0.21077706410823505,
    "Negative Low-Energy Emotions|Bitterness": 1.9091975212623091,
    "Negative High-Energy Emotions|Disgust": 1.10491337605259,
    "Positive Low-Energy Emotions|Thankfulness/Gratitude": 3.154134179464377,
    "Positive High-Energy Emotions|Teasing": -0.16993733928703214,
    "Physical and Exhaustive States|Intoxication/Altered States of Consciousness": 0.9723446228267516,
    "Positive Low-Energy Emotions|Pride": 0.4773014950861826,
    "Negative Low-Energy Emotions|Embarrassment": -0.2682217529898181,
    "Positive Low-Energy Emotions|Affection": 1.592593171342331,
    "Negative Low-Energy Emotions|Sadness": 1.9553970455071505,
    "Negative Low-Energy Emotions|Shame": 0.6027473503329298,
    "Positive High-Energy Emotions|Triumph": -0.8045476795470013,
    "Cognitive States and Processes|Concentration": -0.670076150092132,
    "Physical and Exhaustive States|Sourness": 0.19652486795559526,
    "Physical and Exhaustive States|Pain": -0.015835959999000337,
    "Negative High-Energy Emotions|Fear": -0.1582369003598305
  }
}