{
  "key": [
    "projects",
    "empathic-insight-face-large",
    "mj_data_326_U3.png"
  ],
  "value": {
    "Negative High-Energy Emotions|Malevolence/Malice": -1.0992251027660336,
    "Negative Low-Energy Emotions|Jealousy & Envy": -1.370204492553192,
    "Longing & Lust|Infatuation": 1.8843842558957198,
    "Cognitive States and Processes|Confusion": -2.592536217453616,
    "Longing & Lust|Sexual Lust": 2.0337558811114116,
    "Positive High-Energy Emotions|Hope/Enthusiasm/Optimism": 2.420220698718639,
    "Positive High-Energy Emotions|Interest": 1.6857414362952112,
    "Positive High-Energy Emotions|Elation": 2.7039261829655836,
    "Negative Low-Energy Emotions|Disappointment": -0.25328512905056,
    "Negative High-Energy Emotions|Distress": -2.0717060742132802,
    "Positive Low-Energy Emotions|Contemplation": 1.2664709051260177,
    "Negative Low-Energy Emotions|Emotional Numbness": -1.0812854272017585,
    "Negative High-Energy Emotions|Impatience and Irritability": -1.2067595170810819,
    "Negative Low-Energy Emotions|Helplessness": 0.1277158063299516,
    "Negative Low-Energy Emotions|Contempt": -1.9126509546839139,
    "Positive High-Energy Emotions|Astonishment/Surprise": 0.3776247591152786,
    "Positive High-Energy Emotions|Pleasure/Ecstasy": 3.229245650093345,
    "Negative Low-Energy Emotions|Doubt": -2.673846561720814,
    "Negative High-Energy Emotions|Anger": 0.013749772906303193,
    "Positive Low-Energy Emotions|Contentment": 2.218210553222281,
    "Positive Low-Energy Emotions|Relief": 0.5886548600564985,
    "Positive High-Energy Emotions|Amusement": 2.6317808518098555,
    "Longing & Lust|Longing": 1.5602235400324742,
    "Positive High-Energy Emotions|Awe": 1.7576413529103294,
    "Physical and Exhaustive States|Fatigue/Exhaustion": -1.0357609789139208,
    "Negative Low-Energy Emotions|Bitterness": -1.5972680329750566,
    "Negative High-Energy Emotions|Disgust": -1.6833167450831217,
    "Positive Low-Energy Emotions|Thankfulness/Gratitude": 1.9343651486549747,
    "Positive High-Energy Emotions|Teasing": 0.2480453581998453,
    "Physical and Exhaustive States|Intoxication/Altered States of Consciousness": 0.19778639159220113,
    "Positive Low-Energy Emotions|Pride": 1.3353751468768014,
    "Negative Low-Energy Emotions|Embarrassment": -2.2163136175756946,
    "Positive Low-Energy Emotions|Affection": 2.8675653717360077,
    "Negative Low-Energy Emotions|Sadness": -0.5615921856024686,
    "Negative Low-Energy Emotions|Shame": -1.2404469853661517,
    "Positive High-Energy Emotions|Triumph": 0.06385602342731811,
    "Cognitive States and Processes|Concentration": -0.31895834172034965,
    "Physical and Exhaustive States|Sourness": -0.9931988025270402,
    "Physical and Exhaustive States|Pain": 0.3224190877991564,
    "Negative High-Energy Emotions|Fear": -0.19060210326357807
  }
}