{
  "key": [
    "projects",
    "empathic-insight-face-large",
    "mj_data_185_U3.png"
  ],
  "value": {
    "Negative High-Energy Emotions|Malevolence/Malice": -0.6437156785564389,
    "Negative Low-Energy Emotions|Jealousy & Envy": -0.9189918479761656,
    "Longing & Lust|Infatuation": -0.6576420850657365,
    "Cognitive States and Processes|Confusion": -1.8647577827001978,
    "Longing & Lust|Sexual Lust": -0.7912164355113225,
    "Positive High-Energy Emotions|Hope/Enthusiasm/Optimism": 1.4922220851524788,
    "Positive High-Energy Emotions|Interest": 1.3574731467291712,
    "Positive High-Energy Emotions|Elation": 6.32476551798994,
    "Negative Low-Energy Emotions|Disappointment": -1.0998842310708237,
    "Negative High-Energy Emotions|Distress": -3.082703608011498,
    "Positive Low-Energy Emotions|Contemplation": -0.10963952940614785,
    "Negative Low-Energy Emotions|Emotional Numbness": -2.312042186845313,
    "Negative High-Energy Emotions|Impatience and Irritability": -1.8075915025547147,
    "Negative Low-Energy Emotions|Helplessness": -1.2406991321199081,
    "Negative Low-Energy Emotions|Contempt": -0.6100026487909695,
    "Positive High-Energy Emotions|Astonishment/Surprise": -0.2732008605822922,
    "Positive High-Energy Emotions|Pleasure/Ecstasy": 3.6057170503542704,
    "Negative Low-Energy Emotions|Doubt": -1.7512999365834847,
    "Negative High-Energy Emotions|Anger": -0.14009887516498587,
    "Positive Low-Energy Emotions|Contentment": 3.069963199489695,
    "Positive Low-Energy Emotions|Relief": 1.7418722949396162,
    "Positive High-Energy Emotions|Amusement": 6.2204790005372725,
    "Longing & Lust|Longing": 0.47712143298443954,
    "Positive High-Energy Emotions|Awe": 0.09462226201944501,
    "Physical and Exhaustive States|Fatigue/Exhaustion": -1.1408971349960741,
    "Negative Low-Energy Emotions|Bitterness": 0.13141818051829057,
    "Negative High-Energy Emotions|Disgust": 0.4044937712743002,
    "Positive Low-Energy Emotions|Thankfulness/Gratitude": 4.371232385746039,
    "Positive High-Energy Emotions|Teasing": 0.6204490096757517,
    "Physical and Exhaustive States|Intoxication/Altered States of Consciousness": 0.39287799677866353,
    "Positive Low-Energy Emotions|Pride": 1.3175689745058907,
    "Negative Low-Energy Emotions|Embarrassment": -0.19395996843629026,
    "Positive Low-Energy Emotions|Affection": 3.2719437858900604,
    "Negative Low-Energy Emotions|Sadness": -0.3158768058875028,
    "Negative Low-Energy Emotions|Shame": -1.0285717850945453,
    "Positive High-Energy Emotions|Triumph": 0.10763807880527831,
    "Cognitive States and Processes|Concentration": -2.356260239722974,
    "Physical and Exhaustive States|Sourness": -0.3702612424455583,
    "Physical and Exhaustive States|Pain": -0.1757888389510267,
    "Negative High-Energy Emotions|Fear": -1.231286326438627
  }
}