{
  "key": [
    "projects",
    "empathic-insight-face-large",
    "mj_data_245_U4.png"
  ],
  "value": {
    "Negative High-Energy Emotions|Malevolence/Malice": 0.14594513286781652,
    "Negative Low-Energy Emotions|Jealousy & Envy": 0.4339246907391969,
    "Longing & Lust|Infatuation": -2.492168266286745,
    "Cognitive States and Processes|Confusion": -0.03092551875366456,
    "Longing & Lust|Sexual Lust": -1.8471716070964055,
    "Positive High-Energy Emotions|Hope/Enthusiasm/Optimism": -1.7904468518451733,
    "Positive High-Energy Emotions|Interest": -2.416703331656754,
    "Positive High-Energy Emotions|Elation": -2.105024501999073,
    "Negative Low-Energy Emotions|Disappointment": 4.39505151989048,
    "Negative High-Energy Emotions|Distress": 2.3496756377465586,
    "Positive Low-Energy Emotions|Contemplation": 0.7213458378919784,
    "Negative Low-Energy Emotions|Emotional Numbness": -0.6154946786055671,
    "Negative High-Energy Emotions|Impatience and Irritability": 0.31803601514548063,
    "Negative Low-Energy Emotions|Helplessness": 1.9102169674284317,
    "Negative Low-Energy Emotions|Contempt": 1.2450513124860385,
    "Positive High-Energy Emotions|Astonishment/Surprise": -0.5773390441760422,
    "Positive High-Energy Emotions|Pleasure/Ecstasy": -0.5917803175046163,
    "Negative Low-Energy Emotions|Doubt": 0.32569674749091704,
    "Negative High-Energy Emotions|Anger": 1.0963358229398725,
    "Positive Low-Energy Emotions|Contentment": -3.1349209198421417,
    "Positive Low-Energy Emotions|Relief": -0.6070814885724993,
    "Positive High-Energy Emotions|Amusement": -2.0946884265257157,
    "Longing & Lust|Longing": 0.5878191196566502,
    "Positive High-Energy Emotions|Awe": -0.49611841867513506,
    "Physical and Exhaustive States|Fatigue/Exhaustion": 1.5048222739928785,
    "Negative Low-Energy Emotions|Bitterness": 2.570651722006938,
    "Negative High-Energy Emotions|Disgust": 2.2089143616749958,
    "Positive Low-Energy Emotions|Thankfulness/Gratitude": -1.0282747792091,
    "Positive High-Energy Emotions|Teasing": -1.352343645553817,
    "Physical and Exhaustive States|Intoxication/Altered States of Consciousness": 0.12155151448267354,
    "Positive Low-Energy Emotions|Pride": -1.5909389686474906,
    "Negative Low-Energy Emotions|Embarrassment": 0.4682354756707654,
    "Positive Low-Energy Emotions|Affection": -0.30698784376768506,
    "Negative Low-Energy Emotions|Sadness": 2.662503754987436,
    "Negative Low-Energy Emotions|Shame": 0.7166605436779997,
    "Positive High-Energy Emotions|Triumph": -2.9857797445093883,
    "Cognitive States and Processes|Concentration": -0.2737035151746343,
    "Physical and Exhaustive States|Sourness": 0.3469146296195686,
    "Physical and Exhaustive States|Pain": 1.4382752584534533,
    "Negative High-Energy Emotions|Fear": 0.6169218625719932
  }
}