{
  "key": [
    "projects",
    "empathic-insight-face-large",
    "mj_data_292_U4.png"
  ],
  "value": {
    "Negative High-Energy Emotions|Malevolence/Malice": -0.3090684999065365,
    "Negative Low-Energy Emotions|Jealousy & Envy": -0.7167995414576109,
    "Longing & Lust|Infatuation": -1.2601958103083513,
    "Cognitive States and Processes|Confusion": -1.5124876563574243,
    "Longing & Lust|Sexual Lust": -1.3675482893778996,
    "Positive High-Energy Emotions|Hope/Enthusiasm/Optimism": 0.09237435043296394,
    "Positive High-Energy Emotions|Interest": -1.106538641639054,
    "Positive High-Energy Emotions|Elation": 1.290143325607128,
    "Negative Low-Energy Emotions|Disappointment": 1.3243403840262222,
    "Negative High-Energy Emotions|Distress": -0.11909300360609504,
    "Positive Low-Energy Emotions|Contemplation": 1.9084812362798873,
    "Negative Low-Energy Emotions|Emotional Numbness": -0.7424817186484443,
    "Negative High-Energy Emotions|Impatience and Irritability": -0.6111169504001737,
    "Negative Low-Energy Emotions|Helplessness": 0.4386291902906755,
    "Negative Low-Energy Emotions|Contempt": 0.3537634492314914,
    "Positive High-Energy Emotions|Astonishment/Surprise": -0.20870386656373752,
    "Positive High-Energy Emotions|Pleasure/Ecstasy": 2.112860667030601,
    "Negative Low-Energy Emotions|Doubt": -0.8831508348493234,
    "Negative High-Energy Emotions|Anger": 0.6310972517728803,
    "Positive Low-Energy Emotions|Contentment": 0.8367787948185028,
    "Positive Low-Energy Emotions|Relief": -0.09612722774638849,
    "Positive High-Energy Emotions|Amusement": 2.460748601882335,
    "Longing & Lust|Longing": 0.717622121537296,
    "Positive High-Energy Emotions|Awe": 0.20305646230631025,
    "Physical and Exhaustive States|Fatigue/Exhaustion": 0.8089537520640914,
    "Negative Low-Energy Emotions|Bitterness": 0.9593948841620894,
    "Negative High-Energy Emotions|Disgust": 0.7082209808423239,
    "Positive Low-Energy Emotions|Thankfulness/Gratitude": 2.8026826186094653,
    "Positive High-Energy Emotions|Teasing": -0.5698625712206259,
    "Physical and Exhaustive States|Intoxication/Altered States of Consciousness": 0.6028580077649917,
    "Positive Low-Energy Emotions|Pride": -0.029046161163817447,
    "Negative Low-Energy Emotions|Embarrassment": -0.6471121481543078,
    "Positive Low-Energy Emotions|Affection": 1.206670799001175,
    "Negative Low-Energy Emotions|Sadness": 1.723292148008066,
    "Negative Low-Energy Emotions|Shame": 0.05727058589239331,
    "Positive High-Energy Emotions|Triumph": -1.0137225807940258,
    "Cognitive States and Processes|Concentration": -1.1301421519544195,
    "Physical and Exhaustive States|Sourness": -0.2387609983049333,
    "Physical and Exhaustive States|Pain": 0.5715562509613878,
    "Negative High-Energy Emotions|Fear": -0.49134663680239643
  }
}