{
  "key": [
    "projects",
    "empathic-insight-face-large",
    "mj_data_243_U2.png"
  ],
  "value": {
    "Negative High-Energy Emotions|Malevolence/Malice": -0.9773183454112973,
    "Negative Low-Energy Emotions|Jealousy & Envy": -1.8836079082331236,
    "Longing & Lust|Infatuation": -2.1309066600703144,
    "Cognitive States and Processes|Confusion": -1.7263805930639673,
    "Longing & Lust|Sexual Lust": -0.7608884001567082,
    "Positive High-Energy Emotions|Hope/Enthusiasm/Optimism": 3.4941271799846607,
    "Positive High-Energy Emotions|Interest": -0.18398224133998153,
    "Positive High-Energy Emotions|Elation": 6.746250703613109,
    "Negative Low-Energy Emotions|Disappointment": -0.9667164873879623,
    "Negative High-Energy Emotions|Distress": -1.8920902189963005,
    "Positive Low-Energy Emotions|Contemplation": -1.2643719951501664,
    "Negative Low-Energy Emotions|Emotional Numbness": -2.379089782823096,
    "Negative High-Energy Emotions|Impatience and Irritability": -0.6998983072116971,
    "Negative Low-Energy Emotions|Helplessness": -0.668328960572972,
    "Negative Low-Energy Emotions|Contempt": -1.0372763990961453,
    "Positive High-Energy Emotions|Astonishment/Surprise": -0.19161902960389865,
    "Positive High-Energy Emotions|Pleasure/Ecstasy": 3.746894704620628,
    "Negative Low-Energy Emotions|Doubt": -2.456765253355946,
    "Negative High-Energy Emotions|Anger": 0.5075303858518598,
    "Positive Low-Energy Emotions|Contentment": 3.2249742200904907,
    "Positive Low-Energy Emotions|Relief": 2.4702479086290388,
    "Positive High-Energy Emotions|Amusement": 5.966927517382976,
    "Longing & Lust|Longing": -0.1285632646435817,
    "Positive High-Energy Emotions|Awe": 0.037582047480870795,
    "Physical and Exhaustive States|Fatigue/Exhaustion": 0.22312577559886615,
    "Negative Low-Energy Emotions|Bitterness": -1.281674790329793,
    "Negative High-Energy Emotions|Disgust": 0.05299314089557705,
    "Positive Low-Energy Emotions|Thankfulness/Gratitude": 4.154767031780279,
    "Positive High-Energy Emotions|Teasing": 0.7885874988029108,
    "Physical and Exhaustive States|Intoxication/Altered States of Consciousness": -0.15294945158940898,
    "Positive Low-Energy Emotions|Pride": 0.6954601574053659,
    "Negative Low-Energy Emotions|Embarrassment": 0.26892314637846804,
    "Positive Low-Energy Emotions|Affection": 3.4127428314528045,
    "Negative Low-Energy Emotions|Sadness": -0.6588378788092557,
    "Negative Low-Energy Emotions|Shame": -1.1824683553002338,
    "Positive High-Energy Emotions|Triumph": 0.15840997087604858,
    "Cognitive States and Processes|Concentration": -1.9192531701352666,
    "Physical and Exhaustive States|Sourness": -0.7678897882066666,
    "Physical and Exhaustive States|Pain": 0.7082325624543078,
    "Negative High-Energy Emotions|Fear": -1.286155024558744
  }
}