{
  "key": [
    "projects",
    "empathic-insight-face-large",
    "mj_data_44_U4.png"
  ],
  "value": {
    "Negative High-Energy Emotions|Malevolence/Malice": -0.9602938283519711,
    "Negative Low-Energy Emotions|Jealousy & Envy": -0.3022916755518492,
    "Longing & Lust|Infatuation": -1.985330659856691,
    "Cognitive States and Processes|Confusion": -1.6720740859533716,
    "Longing & Lust|Sexual Lust": -1.4897833491160588,
    "Positive High-Energy Emotions|Hope/Enthusiasm/Optimism": -0.23488101779976311,
    "Positive High-Energy Emotions|Interest": -1.0407202126458288,
    "Positive High-Energy Emotions|Elation": -2.0961815569001963,
    "Negative Low-Energy Emotions|Disappointment": 2.349318440576248,
    "Negative High-Energy Emotions|Distress": 2.2194471183068614,
    "Positive Low-Energy Emotions|Contemplation": 1.7599179704794112,
    "Negative Low-Energy Emotions|Emotional Numbness": -1.021908174146186,
    "Negative High-Energy Emotions|Impatience and Irritability": 0.5744852377101779,
    "Negative Low-Energy Emotions|Helplessness": 0.7964978915102342,
    "Negative Low-Energy Emotions|Contempt": 0.07499276403556854,
    "Positive High-Energy Emotions|Astonishment/Surprise": -0.5702880531176926,
    "Positive High-Energy Emotions|Pleasure/Ecstasy": -0.367983592231484,
    "Negative Low-Energy Emotions|Doubt": 0.5939694454164847,
    "Negative High-Energy Emotions|Anger": 0.9202684706449507,
    "Positive Low-Energy Emotions|Contentment": -2.248259390301126,
    "Positive Low-Energy Emotions|Relief": -0.33653219123973566,
    "Positive High-Energy Emotions|Amusement": -1.2006635775877272,
    "Longing & Lust|Longing": 0.6777790391093175,
    "Positive High-Energy Emotions|Awe": -0.3809009713942513,
    "Physical and Exhaustive States|Fatigue/Exhaustion": 0.4189830620521132,
    "Negative Low-Energy Emotions|Bitterness": 0.2564236641456099,
    "Negative High-Energy Emotions|Disgust": 0.03527422972461758,
    "Positive Low-Energy Emotions|Thankfulness/Gratitude": -0.4166808174934018,
    "Positive High-Energy Emotions|Teasing": -1.1162099509050742,
    "Physical and Exhaustive States|Intoxication/Altered States of Consciousness": 0.2388464220525588,
    "Positive Low-Energy Emotions|Pride": -0.31727298914290525,
    "Negative Low-Energy Emotions|Embarrassment": -0.28764344965272093,
    "Positive Low-Energy Emotions|Affection": 0.6024444556674536,
    "Negative Low-Energy Emotions|Sadness": 1.324037051095682,
    "Negative Low-Energy Emotions|Shame": -0.008051396014497558,
    "Positive High-Energy Emotions|Triumph": -1.5135278524195446,
    "Cognitive States and Processes|Concentration": 0.3104099634859492,
    "Physical and Exhaustive States|Sourness": 0.21269558573141695,
    "Physical and Exhaustive States|Pain": 1.1743278907853014,
    "Negative High-Energy Emotions|Fear": -0.25219802001162495
  }
}