{
  "key": [
    "projects",
    "empathic-insight-face-large",
    "mj_data_209_U2.png"
  ],
  "value": {
    "Negative High-Energy Emotions|Malevolence/Malice": -0.8843370069103207,
    "Negative Low-Energy Emotions|Jealousy & Envy": -1.5937421760401305,
    "Longing & Lust|Infatuation": -1.4790988750361345,
    "Cognitive States and Processes|Confusion": -2.499645716431277,
    "Longing & Lust|Sexual Lust": -1.1679425860240178,
    "Positive High-Energy Emotions|Hope/Enthusiasm/Optimism": 2.039940680865856,
    "Positive High-Energy Emotions|Interest": 1.124555599503219,
    "Positive High-Energy Emotions|Elation": 4.828130796233959,
    "Negative Low-Energy Emotions|Disappointment": -0.9497568201821518,
    "Negative High-Energy Emotions|Distress": -2.2303953346960683,
    "Positive Low-Energy Emotions|Contemplation": 0.6502799351820174,
    "Negative Low-Energy Emotions|Emotional Numbness": -0.9158071976790534,
    "Negative High-Energy Emotions|Impatience and Irritability": -0.696125571615994,
    "Negative Low-Energy Emotions|Helplessness": -0.609123786126866,
    "Negative Low-Energy Emotions|Contempt": -1.0370251059137723,
    "Positive High-Energy Emotions|Astonishment/Surprise": -0.17272936400026095,
    "Positive High-Energy Emotions|Pleasure/Ecstasy": 3.438468324463157,
    "Negative Low-Energy Emotions|Doubt": -1.7872684786824837,
    "Negative High-Energy Emotions|Anger": 0.4611691778898237,
    "Positive Low-Energy Emotions|Contentment": 3.418131147914511,
    "Positive Low-Energy Emotions|Relief": 1.1492219261299161,
    "Positive High-Energy Emotions|Amusement": 5.328258980243083,
    "Longing & Lust|Longing": 0.8714524560814778,
    "Positive High-Energy Emotions|Awe": 0.13267231752329023,
    "Physical and Exhaustive States|Fatigue/Exhaustion": -0.15447471544803937,
    "Negative Low-Energy Emotions|Bitterness": -0.8929144620369462,
    "Negative High-Energy Emotions|Disgust": -0.6417570488856119,
    "Positive Low-Energy Emotions|Thankfulness/Gratitude": 3.337410206905402,
    "Positive High-Energy Emotions|Teasing": 0.08611730052925204,
    "Physical and Exhaustive States|Intoxication/Altered States of Consciousness": -0.08167612471562968,
    "Positive Low-Energy Emotions|Pride": 1.1054273414721383,
    "Negative Low-Energy Emotions|Embarrassment": -0.8946049383764758,
    "Positive Low-Energy Emotions|Affection": 3.4809002659163055,
    "Negative Low-Energy Emotions|Sadness": -0.2367403150656644,
    "Negative Low-Energy Emotions|Shame": -1.044448674323366,
    "Positive High-Energy Emotions|Triumph": -0.21446953428142213,
    "Cognitive States and Processes|Concentration": -0.8729727860715459,
    "Physical and Exhaustive States|Sourness": -0.7522608543001115,
    "Physical and Exhaustive States|Pain": 0.4414524244385607,
    "Negative High-Energy Emotions|Fear": -1.196928301841459
  }
}