{
  "key": [
    "projects",
    "empathic-insight-face-large",
    "mj_data_164_U2.png"
  ],
  "value": {
    "Negative High-Energy Emotions|Malevolence/Malice": -0.8242011655406918,
    "Negative Low-Energy Emotions|Jealousy & Envy": -1.4457056960901793,
    "Longing & Lust|Infatuation": -1.147341329564943,
    "Cognitive States and Processes|Confusion": -2.875861412766116,
    "Longing & Lust|Sexual Lust": -0.16590744503280686,
    "Positive High-Energy Emotions|Hope/Enthusiasm/Optimism": 2.8837420004650074,
    "Positive High-Energy Emotions|Interest": 0.5310997633263469,
    "Positive High-Energy Emotions|Elation": 5.1172331121366685,
    "Negative Low-Energy Emotions|Disappointment": -0.180057008246727,
    "Negative High-Energy Emotions|Distress": -0.5305389938109062,
    "Positive Low-Energy Emotions|Contemplation": 1.2550821264394942,
    "Negative Low-Energy Emotions|Emotional Numbness": -2.11483568965293,
    "Negative High-Energy Emotions|Impatience and Irritability": -0.40861589182168245,
    "Negative Low-Energy Emotions|Helplessness": -1.4503925639741562,
    "Negative Low-Energy Emotions|Contempt": -0.37808121438850373,
    "Positive High-Energy Emotions|Astonishment/Surprise": -0.2551652103289963,
    "Positive High-Energy Emotions|Pleasure/Ecstasy": 3.619232761184959,
    "Negative Low-Energy Emotions|Doubt": -1.6626602004079476,
    "Negative High-Energy Emotions|Anger": 0.9298767393827436,
    "Positive Low-Energy Emotions|Contentment": 2.9875225214594425,
    "Positive Low-Energy Emotions|Relief": 1.2575989469359903,
    "Positive High-Energy Emotions|Amusement": 4.775843370883342,
    "Longing & Lust|Longing": -0.006801227366360019,
    "Positive High-Energy Emotions|Awe": 0.6401366071885124,
    "Physical and Exhaustive States|Fatigue/Exhaustion": -0.7921469013458665,
    "Negative Low-Energy Emotions|Bitterness": -0.6564015626381425,
    "Negative High-Energy Emotions|Disgust": -0.7617173569605631,
    "Positive Low-Energy Emotions|Thankfulness/Gratitude": 3.445248122325934,
    "Positive High-Energy Emotions|Teasing": 0.1959884495923624,
    "Physical and Exhaustive States|Intoxication/Altered States of Consciousness": -0.44699680724126445,
    "Positive Low-Energy Emotions|Pride": 1.52595646859311,
    "Negative Low-Energy Emotions|Embarrassment": -1.050451534140636,
    "Positive Low-Energy Emotions|Affection": 3.0373289367994842,
    "Negative Low-Energy Emotions|Sadness": -0.2719808460333768,
    "Negative Low-Energy Emotions|Shame": -1.1729063397667865,
    "Positive High-Energy Emotions|Triumph": 0.6110820947850452,
    "Cognitive States and Processes|Concentration": -0.9223406907346319,
    "Physical and Exhaustive States|Sourness": -0.9696379209123551,
    "Physical and Exhaustive States|Pain": 0.2885361122208483,
    "Negative High-Energy Emotions|Fear": -1.3765075598065468
  }
}