{
  "key": [
    "projects",
    "empathic-insight-face-large",
    "mj_data_370_U3.png"
  ],
  "value": {
    "Negative High-Energy Emotions|Malevolence/Malice": -0.9081867326335873,
    "Negative Low-Energy Emotions|Jealousy & Envy": -0.9859555206141051,
    "Longing & Lust|Infatuation": 0.40170423317919757,
    "Cognitive States and Processes|Confusion": -2.041890866043704,
    "Longing & Lust|Sexual Lust": 1.3151813720867915,
    "Positive High-Energy Emotions|Hope/Enthusiasm/Optimism": 1.6250462788387257,
    "Positive High-Energy Emotions|Interest": 0.8524303255602718,
    "Positive High-Energy Emotions|Elation": 4.3428318050306505,
    "Negative Low-Energy Emotions|Disappointment": 1.2423538375098038,
    "Negative High-Energy Emotions|Distress": -0.9592333016150139,
    "Positive Low-Energy Emotions|Contemplation": 0.8699100573667709,
    "Negative Low-Energy Emotions|Emotional Numbness": -1.5286806326995002,
    "Negative High-Energy Emotions|Impatience and Irritability": -1.938672129996121,
    "Negative Low-Energy Emotions|Helplessness": -0.49205656830002276,
    "Negative Low-Energy Emotions|Contempt": -1.1437002539240262,
    "Positive High-Energy Emotions|Astonishment/Surprise": 0.33494580689817655,
    "Positive High-Energy Emotions|Pleasure/Ecstasy": 3.9065598123476786,
    "Negative Low-Energy Emotions|Doubt": -1.446197588255848,
    "Negative High-Energy Emotions|Anger": -0.3821225816011431,
    "Positive Low-Energy Emotions|Contentment": 0.6993319144779266,
    "Positive Low-Energy Emotions|Relief": -0.028292731248280578,
    "Positive High-Energy Emotions|Amusement": 4.197981346576091,
    "Longing & Lust|Longing": 0.5923967563754002,
    "Positive High-Energy Emotions|Awe": 0.38516724874429853,
    "Physical and Exhaustive States|Fatigue/Exhaustion": -0.8721335928207811,
    "Negative Low-Energy Emotions|Bitterness": -0.887251782364705,
    "Negative High-Energy Emotions|Disgust": -0.9535909073756021,
    "Positive Low-Energy Emotions|Thankfulness/Gratitude": 0.5344119025383365,
    "Positive High-Energy Emotions|Teasing": 0.248158487815629,
    "Physical and Exhaustive States|Intoxication/Altered States of Consciousness": 0.37974232516306294,
    "Positive Low-Energy Emotions|Pride": 1.2614475059618844,
    "Negative Low-Energy Emotions|Embarrassment": -0.37897278581910276,
    "Positive Low-Energy Emotions|Affection": 3.3218805572828827,
    "Negative Low-Energy Emotions|Sadness": 0.14635238636942471,
    "Negative Low-Energy Emotions|Shame": -0.6926003104470232,
    "Positive High-Energy Emotions|Triumph": -0.774051827315022,
    "Cognitive States and Processes|Concentration": -1.9358622428205083,
    "Physical and Exhaustive States|Sourness": -0.8835026527009904,
    "Physical and Exhaustive States|Pain": 0.15625516644295523,
    "Negative High-Energy Emotions|Fear": 0.18554004093960796
  }
}