{
  "key": [
    "projects",
    "empathic-insight-face-large",
    "mj_data_295_U3.png"
  ],
  "value": {
    "Negative High-Energy Emotions|Malevolence/Malice": 0.5532168160839115,
    "Negative Low-Energy Emotions|Jealousy & Envy": 1.348089017824215,
    "Longing & Lust|Infatuation": 0.21479527283679034,
    "Cognitive States and Processes|Confusion": -0.31658673930420167,
    "Longing & Lust|Sexual Lust": 1.4832725500271602,
    "Positive High-Energy Emotions|Hope/Enthusiasm/Optimism": -0.943273637886433,
    "Positive High-Energy Emotions|Interest": -0.513691652007401,
    "Positive High-Energy Emotions|Elation": 0.8985622671049307,
    "Negative Low-Energy Emotions|Disappointment": 1.98279086830204,
    "Negative High-Energy Emotions|Distress": -0.46467794749666663,
    "Positive Low-Energy Emotions|Contemplation": -0.21147984665544595,
    "Negative Low-Energy Emotions|Emotional Numbness": -0.7152572971472846,
    "Negative High-Energy Emotions|Impatience and Irritability": -0.8484311746433377,
    "Negative Low-Energy Emotions|Helplessness": -0.033506055509342825,
    "Negative Low-Energy Emotions|Contempt": 1.4908635497487643,
    "Positive High-Energy Emotions|Astonishment/Surprise": 1.270283469595015,
    "Positive High-Energy Emotions|Pleasure/Ecstasy": 1.9309189193651957,
    "Negative Low-Energy Emotions|Doubt": -1.0573460052518502,
    "Negative High-Energy Emotions|Anger": 0.6967582052946089,
    "Positive Low-Energy Emotions|Contentment": -2.0693219551509796,
    "Positive Low-Energy Emotions|Relief": -1.8744833030332537,
    "Positive High-Energy Emotions|Amusement": -2.1966371646238603,
    "Longing & Lust|Longing": -0.013706425463589023,
    "Positive High-Energy Emotions|Awe": 0.6332396345322624,
    "Physical and Exhaustive States|Fatigue/Exhaustion": -0.21600518629612286,
    "Negative Low-Energy Emotions|Bitterness": 1.8084131897021742,
    "Negative High-Energy Emotions|Disgust": 1.2956141752793509,
    "Positive Low-Energy Emotions|Thankfulness/Gratitude": -1.329168801197015,
    "Positive High-Energy Emotions|Teasing": -0.5022301344683066,
    "Physical and Exhaustive States|Intoxication/Altered States of Consciousness": 0.44630938849466695,
    "Positive Low-Energy Emotions|Pride": 0.32283415080212496,
    "Negative Low-Energy Emotions|Embarrassment": 0.30443464006132936,
    "Positive Low-Energy Emotions|Affection": -0.31100889231352247,
    "Negative Low-Energy Emotions|Sadness": -0.09541615258244907,
    "Negative Low-Energy Emotions|Shame": -0.22315555870752124,
    "Positive High-Energy Emotions|Triumph": -1.3752497853075756,
    "Cognitive States and Processes|Concentration": -0.9468356367375921,
    "Physical and Exhaustive States|Sourness": -0.8059517646394669,
    "Physical and Exhaustive States|Pain": 0.27390472164925406,
    "Negative High-Energy Emotions|Fear": 1.7342896368201164
  }
}