{
  "key": [
    "projects",
    "empathic-insight-face-large",
    "mj_data_307_U2.png"
  ],
  "value": {
    "Negative High-Energy Emotions|Malevolence/Malice": -1.0062523473339047,
    "Negative Low-Energy Emotions|Jealousy & Envy": -0.12460176561685166,
    "Longing & Lust|Infatuation": 0.5825438313580611,
    "Cognitive States and Processes|Confusion": -0.8323506181265283,
    "Longing & Lust|Sexual Lust": 0.8956548546955867,
    "Positive High-Energy Emotions|Hope/Enthusiasm/Optimism": 2.030972208385082,
    "Positive High-Energy Emotions|Interest": 0.13406781535595658,
    "Positive High-Energy Emotions|Elation": 0.47338493136579496,
    "Negative Low-Energy Emotions|Disappointment": 2.2012302684981155,
    "Negative High-Energy Emotions|Distress": 0.41164771940778283,
    "Positive Low-Energy Emotions|Contemplation": 1.1659802754530135,
    "Negative Low-Energy Emotions|Emotional Numbness": -0.1974704962859259,
    "Negative High-Energy Emotions|Impatience and Irritability": -0.1060269521549344,
    "Negative Low-Energy Emotions|Helplessness": 0.6505599122888902,
    "Negative Low-Energy Emotions|Contempt": -1.541808736284866,
    "Positive High-Energy Emotions|Astonishment/Surprise": 0.9428720564022659,
    "Positive High-Energy Emotions|Pleasure/Ecstasy": 2.341762947361259,
    "Negative Low-Energy Emotions|Doubt": -1.2464056799916878,
    "Negative High-Energy Emotions|Anger": 0.5445102995634077,
    "Positive Low-Energy Emotions|Contentment": -0.24192365498008117,
    "Positive Low-Energy Emotions|Relief": -0.5323515691389056,
    "Positive High-Energy Emotions|Amusement": -0.7659874072386061,
    "Longing & Lust|Longing": 1.1156333812719266,
    "Positive High-Energy Emotions|Awe": 1.9658321218674675,
    "Physical and Exhaustive States|Fatigue/Exhaustion": -0.27743683264316876,
    "Negative Low-Energy Emotions|Bitterness": -1.0188330888222246,
    "Negative High-Energy Emotions|Disgust": -1.2104573624537271,
    "Positive Low-Energy Emotions|Thankfulness/Gratitude": -0.9297609375800717,
    "Positive High-Energy Emotions|Teasing": -0.7559361128618612,
    "Physical and Exhaustive States|Intoxication/Altered States of Consciousness": -0.4286652795313035,
    "Positive Low-Energy Emotions|Pride": 0.40602900267743014,
    "Negative Low-Energy Emotions|Embarrassment": -1.4294951132421985,
    "Positive Low-Energy Emotions|Affection": 2.348320939286667,
    "Negative Low-Energy Emotions|Sadness": -0.3359086156943265,
    "Negative Low-Energy Emotions|Shame": -0.8622286921761492,
    "Positive High-Energy Emotions|Triumph": -1.4191776336466564,
    "Cognitive States and Processes|Concentration": -0.06022781098151908,
    "Physical and Exhaustive States|Sourness": -1.0034618878923356,
    "Physical and Exhaustive States|Pain": 0.6998356985169298,
    "Negative High-Energy Emotions|Fear": 1.1956732179816154
  }
}