{
  "key": [
    "projects",
    "empathic-insight-face-large",
    "mj_data_93_U2.png"
  ],
  "value": {
    "Negative High-Energy Emotions|Malevolence/Malice": -0.9253469098644223,
    "Negative Low-Energy Emotions|Jealousy & Envy": -0.9368207893213805,
    "Longing & Lust|Infatuation": 0.5846021585560897,
    "Cognitive States and Processes|Confusion": -1.914945847275393,
    "Longing & Lust|Sexual Lust": 0.25042813770034744,
    "Positive High-Energy Emotions|Hope/Enthusiasm/Optimism": 1.5295875254317242,
    "Positive High-Energy Emotions|Interest": 1.0950985668227076,
    "Positive High-Energy Emotions|Elation": 3.9762558486860464,
    "Negative Low-Energy Emotions|Disappointment": 0.18253306629245758,
    "Negative High-Energy Emotions|Distress": 0.0284908833749154,
    "Positive Low-Energy Emotions|Contemplation": 1.3017888625272933,
    "Negative Low-Energy Emotions|Emotional Numbness": -2.2592219811568364,
    "Negative High-Energy Emotions|Impatience and Irritability": -1.0418751882389188,
    "Negative Low-Energy Emotions|Helplessness": -0.06274135891128985,
    "Negative Low-Energy Emotions|Contempt": -1.1674515127741238,
    "Positive High-Energy Emotions|Astonishment/Surprise": -0.39268385466188205,
    "Positive High-Energy Emotions|Pleasure/Ecstasy": 3.130565630714683,
    "Negative Low-Energy Emotions|Doubt": -1.1290994475392953,
    "Negative High-Energy Emotions|Anger": -0.2120629006624224,
    "Positive Low-Energy Emotions|Contentment": 0.18160477786598817,
    "Positive Low-Energy Emotions|Relief": 1.181934046692708,
    "Positive High-Energy Emotions|Amusement": 5.282393921344157,
    "Longing & Lust|Longing": 0.568562051022617,
    "Positive High-Energy Emotions|Awe": -0.14818584154195635,
    "Physical and Exhaustive States|Fatigue/Exhaustion": -0.30503974363865216,
    "Negative Low-Energy Emotions|Bitterness": -0.30091004366383833,
    "Negative High-Energy Emotions|Disgust": -0.543018855373649,
    "Positive Low-Energy Emotions|Thankfulness/Gratitude": 2.6788169229392182,
    "Positive High-Energy Emotions|Teasing": 0.32856056405998324,
    "Physical and Exhaustive States|Intoxication/Altered States of Consciousness": 0.317718387460884,
    "Positive Low-Energy Emotions|Pride": 1.2003768253435982,
    "Negative Low-Energy Emotions|Embarrassment": -1.1409027746801867,
    "Positive Low-Energy Emotions|Affection": 3.1898605606398163,
    "Negative Low-Energy Emotions|Sadness": 0.2020874380013522,
    "Negative Low-Energy Emotions|Shame": -0.8015140897057512,
    "Positive High-Energy Emotions|Triumph": 0.11513175356037475,
    "Cognitive States and Processes|Concentration": -0.5508671101358007,
    "Physical and Exhaustive States|Sourness": -0.024000665005296462,
    "Physical and Exhaustive States|Pain": 0.21529726258095572,
    "Negative High-Energy Emotions|Fear": -0.8130228910748574
  }
}