{
  "key": [
    "projects",
    "empathic-insight-face-large",
    "mj_data_240_U4.png"
  ],
  "value": {
    "Negative High-Energy Emotions|Malevolence/Malice": -0.7840302575664486,
    "Negative Low-Energy Emotions|Jealousy & Envy": -0.9869144401392516,
    "Longing & Lust|Infatuation": -1.580059129705324,
    "Cognitive States and Processes|Confusion": -0.757890469315188,
    "Longing & Lust|Sexual Lust": -1.259850087244721,
    "Positive High-Energy Emotions|Hope/Enthusiasm/Optimism": 0.5455361264987904,
    "Positive High-Energy Emotions|Interest": -0.48058210629969833,
    "Positive High-Energy Emotions|Elation": -1.0606428834993173,
    "Negative Low-Energy Emotions|Disappointment": 3.8832384753424454,
    "Negative High-Energy Emotions|Distress": 1.7634821954018929,
    "Positive Low-Energy Emotions|Contemplation": 2.07636701661436,
    "Negative Low-Energy Emotions|Emotional Numbness": -1.1522478562483893,
    "Negative High-Energy Emotions|Impatience and Irritability": 0.21383684407919645,
    "Negative Low-Energy Emotions|Helplessness": 1.387347559297786,
    "Negative Low-Energy Emotions|Contempt": -0.30131615396369904,
    "Positive High-Energy Emotions|Astonishment/Surprise": -0.06619369085878146,
    "Positive High-Energy Emotions|Pleasure/Ecstasy": 1.1000395887301249,
    "Negative Low-Energy Emotions|Doubt": -0.40614362459465425,
    "Negative High-Energy Emotions|Anger": 1.1504473036527632,
    "Positive Low-Energy Emotions|Contentment": -0.9248786816066681,
    "Positive Low-Energy Emotions|Relief": 0.05131952384815497,
    "Positive High-Energy Emotions|Amusement": 0.015365231959697079,
    "Longing & Lust|Longing": 0.9562945493703763,
    "Positive High-Energy Emotions|Awe": 1.173759646910955,
    "Physical and Exhaustive States|Fatigue/Exhaustion": 0.39156632616458575,
    "Negative Low-Energy Emotions|Bitterness": 0.07683057790293413,
    "Negative High-Energy Emotions|Disgust": 0.3803473336293417,
    "Positive Low-Energy Emotions|Thankfulness/Gratitude": 0.5088007403526675,
    "Positive High-Energy Emotions|Teasing": -1.3554969696810142,
    "Physical and Exhaustive States|Intoxication/Altered States of Consciousness": -0.42379569926244365,
    "Positive Low-Energy Emotions|Pride": -0.6430373620877371,
    "Negative Low-Energy Emotions|Embarrassment": -0.5084672144537463,
    "Positive Low-Energy Emotions|Affection": 0.7684213600000914,
    "Negative Low-Energy Emotions|Sadness": 1.9491532205483493,
    "Negative Low-Energy Emotions|Shame": 0.18750417172689648,
    "Positive High-Energy Emotions|Triumph": -2.012267810228993,
    "Cognitive States and Processes|Concentration": -0.2653778191831182,
    "Physical and Exhaustive States|Sourness": -0.8918498063646256,
    "Physical and Exhaustive States|Pain": 1.3182529615479357,
    "Negative High-Energy Emotions|Fear": 0.1464604940112022
  }
}