{
  "key": [
    "projects",
    "empathic-insight-face-large",
    "mj_data_141_U3.png"
  ],
  "value": {
    "Negative High-Energy Emotions|Malevolence/Malice": -1.0202501405315365,
    "Negative Low-Energy Emotions|Jealousy & Envy": -1.2908080062708434,
    "Longing & Lust|Infatuation": -0.7417519874476335,
    "Cognitive States and Processes|Confusion": -2.5672786300207546,
    "Longing & Lust|Sexual Lust": -0.2814374590708928,
    "Positive High-Energy Emotions|Hope/Enthusiasm/Optimism": 3.4189348477168995,
    "Positive High-Energy Emotions|Interest": 0.9693776486441493,
    "Positive High-Energy Emotions|Elation": 5.4460693147581285,
    "Negative Low-Energy Emotions|Disappointment": -0.8702065539162827,
    "Negative High-Energy Emotions|Distress": -1.0053844628088615,
    "Positive Low-Energy Emotions|Contemplation": -0.28504753512056435,
    "Negative Low-Energy Emotions|Emotional Numbness": -2.3367652398238286,
    "Negative High-Energy Emotions|Impatience and Irritability": 0.21587055455893278,
    "Negative Low-Energy Emotions|Helplessness": -0.47254761043716875,
    "Negative Low-Energy Emotions|Contempt": -1.1037021994196317,
    "Positive High-Energy Emotions|Astonishment/Surprise": -0.15918051298707736,
    "Positive High-Energy Emotions|Pleasure/Ecstasy": 3.5903628938601297,
    "Negative Low-Energy Emotions|Doubt": -1.9364959786443368,
    "Negative High-Energy Emotions|Anger": 0.8225993460416792,
    "Positive Low-Energy Emotions|Contentment": 1.0280158868366303,
    "Positive Low-Energy Emotions|Relief": 1.6626224062810926,
    "Positive High-Energy Emotions|Amusement": 5.453007448642131,
    "Longing & Lust|Longing": 0.03284796115216415,
    "Positive High-Energy Emotions|Awe": 0.13150943090372236,
    "Physical and Exhaustive States|Fatigue/Exhaustion": -0.6171492140060838,
    "Negative Low-Energy Emotions|Bitterness": -0.6849118947456865,
    "Negative High-Energy Emotions|Disgust": -0.0021801369593423825,
    "Positive Low-Energy Emotions|Thankfulness/Gratitude": 3.323174114337958,
    "Positive High-Energy Emotions|Teasing": 0.02197698070503329,
    "Physical and Exhaustive States|Intoxication/Altered States of Consciousness": -0.011457561635795699,
    "Positive Low-Energy Emotions|Pride": 0.9406371879687204,
    "Negative Low-Energy Emotions|Embarrassment": -1.433177011359264,
    "Positive Low-Energy Emotions|Affection": 3.2171084663710174,
    "Negative Low-Energy Emotions|Sadness": -0.8757372737982694,
    "Negative Low-Energy Emotions|Shame": -1.378464639785097,
    "Positive High-Energy Emotions|Triumph": -0.1915198684965863,
    "Cognitive States and Processes|Concentration": -0.5676077898767065,
    "Physical and Exhaustive States|Sourness": -0.8117733502946793,
    "Physical and Exhaustive States|Pain": 0.48451189270790884,
    "Negative High-Energy Emotions|Fear": -0.7620938215558144
  }
}