{
  "key": [
    "projects",
    "empathic-insight-face-large",
    "mj_data_74_U3.png"
  ],
  "value": {
    "Negative High-Energy Emotions|Malevolence/Malice": -1.3577955354289974,
    "Negative Low-Energy Emotions|Jealousy & Envy": -2.2608516654810487,
    "Longing & Lust|Infatuation": -0.21436591814984296,
    "Cognitive States and Processes|Confusion": -2.056755787613528,
    "Longing & Lust|Sexual Lust": 1.0687314843342586,
    "Positive High-Energy Emotions|Hope/Enthusiasm/Optimism": 4.219211246375652,
    "Positive High-Energy Emotions|Interest": 1.425151359848678,
    "Positive High-Energy Emotions|Elation": 7.038840606490917,
    "Negative Low-Energy Emotions|Disappointment": -2.164124925116844,
    "Negative High-Energy Emotions|Distress": -2.968279379343285,
    "Positive Low-Energy Emotions|Contemplation": -2.783205751597005,
    "Negative Low-Energy Emotions|Emotional Numbness": -2.6907600861678227,
    "Negative High-Energy Emotions|Impatience and Irritability": -1.1796289132907987,
    "Negative Low-Energy Emotions|Helplessness": -2.1081157523744247,
    "Negative Low-Energy Emotions|Contempt": -1.763037812670364,
    "Positive High-Energy Emotions|Astonishment/Surprise": 0.252493032850325,
    "Positive High-Energy Emotions|Pleasure/Ecstasy": 3.8203128450320047,
    "Negative Low-Energy Emotions|Doubt": -2.9068871329335826,
    "Negative High-Energy Emotions|Anger": 0.06632703006267526,
    "Positive Low-Energy Emotions|Contentment": 5.351917659335715,
    "Positive Low-Energy Emotions|Relief": 2.2328048191438703,
    "Positive High-Energy Emotions|Amusement": 6.211216915576335,
    "Longing & Lust|Longing": -0.04793498877230484,
    "Positive High-Energy Emotions|Awe": 0.6706947164719597,
    "Physical and Exhaustive States|Fatigue/Exhaustion": -0.7037027876144822,
    "Negative Low-Energy Emotions|Bitterness": -2.5240768670509843,
    "Negative High-Energy Emotions|Disgust": -0.9986310379908365,
    "Positive Low-Energy Emotions|Thankfulness/Gratitude": 5.483654732814825,
    "Positive High-Energy Emotions|Teasing": 1.558711442489396,
    "Physical and Exhaustive States|Intoxication/Altered States of Consciousness": 0.34752255759256734,
    "Positive Low-Energy Emotions|Pride": 1.1500249672045602,
    "Negative Low-Energy Emotions|Embarrassment": -1.3559220007544055,
    "Positive Low-Energy Emotions|Affection": 3.731887080415207,
    "Negative Low-Energy Emotions|Sadness": -1.3750798345663968,
    "Negative Low-Energy Emotions|Shame": -1.7404026395104388,
    "Positive High-Energy Emotions|Triumph": 0.6412874637807117,
    "Cognitive States and Processes|Concentration": -1.9823215600278448,
    "Physical and Exhaustive States|Sourness": -1.2181877399049699,
    "Physical and Exhaustive States|Pain": -0.30368180998984506,
    "Negative High-Energy Emotions|Fear": -1.334253111869535
  }
}