{
  "key": [
    "projects",
    "empathic-insight-face-large",
    "mj_data_332_U4.png"
  ],
  "value": {
    "Negative High-Energy Emotions|Malevolence/Malice": -0.400481520994183,
    "Negative Low-Energy Emotions|Jealousy & Envy": -0.3321049651941832,
    "Longing & Lust|Infatuation": 1.6304383390046218,
    "Cognitive States and Processes|Confusion": -0.608062154533999,
    "Longing & Lust|Sexual Lust": 1.6407445048497005,
    "Positive High-Energy Emotions|Hope/Enthusiasm/Optimism": 1.3596146884604412,
    "Positive High-Energy Emotions|Interest": 1.7424973366782068,
    "Positive High-Energy Emotions|Elation": 3.2788420167368124,
    "Negative Low-Energy Emotions|Disappointment": 1.9556126404005814,
    "Negative High-Energy Emotions|Distress": -0.6375142512076042,
    "Positive Low-Energy Emotions|Contemplation": 0.5224719082125846,
    "Negative Low-Energy Emotions|Emotional Numbness": -1.1989755135665046,
    "Negative High-Energy Emotions|Impatience and Irritability": -2.999787633307278,
    "Negative Low-Energy Emotions|Helplessness": 0.2878701489813188,
    "Negative Low-Energy Emotions|Contempt": -0.5246130346857449,
    "Positive High-Energy Emotions|Astonishment/Surprise": 2.0167531758919357,
    "Positive High-Energy Emotions|Pleasure/Ecstasy": 3.3976282947466654,
    "Negative Low-Energy Emotions|Doubt": -1.1890202353505746,
    "Negative High-Energy Emotions|Anger": -1.0101876908540728,
    "Positive Low-Energy Emotions|Contentment": -0.06797942013205871,
    "Positive Low-Energy Emotions|Relief": -0.0676172532667132,
    "Positive High-Energy Emotions|Amusement": 1.975072927950498,
    "Longing & Lust|Longing": 1.1058762350326459,
    "Positive High-Energy Emotions|Awe": 2.5449845867341057,
    "Physical and Exhaustive States|Fatigue/Exhaustion": -0.35246143744053204,
    "Negative Low-Energy Emotions|Bitterness": -0.3218989848564653,
    "Negative High-Energy Emotions|Disgust": -0.48716167382457676,
    "Positive Low-Energy Emotions|Thankfulness/Gratitude": 0.679803605190314,
    "Positive High-Energy Emotions|Teasing": -0.03281530426048185,
    "Physical and Exhaustive States|Intoxication/Altered States of Consciousness": -0.08297371783238994,
    "Positive Low-Energy Emotions|Pride": 1.2383372354617013,
    "Negative Low-Energy Emotions|Embarrassment": 0.03443072522826052,
    "Positive Low-Energy Emotions|Affection": 2.0630001804670868,
    "Negative Low-Energy Emotions|Sadness": 1.1957373379609164,
    "Negative Low-Energy Emotions|Shame": 0.756990119216635,
    "Positive High-Energy Emotions|Triumph": -0.6780398310457959,
    "Cognitive States and Processes|Concentration": -2.141957938316114,
    "Physical and Exhaustive States|Sourness": -0.8842908645235001,
    "Physical and Exhaustive States|Pain": -0.09121747740927866,
    "Negative High-Energy Emotions|Fear": 1.4625809546406654
  }
}