{
  "key": [
    "projects",
    "empathic-insight-face-large",
    "mj_data_116_U1.png"
  ],
  "value": {
    "Negative High-Energy Emotions|Malevolence/Malice": -0.33214884887504237,
    "Negative Low-Energy Emotions|Jealousy & Envy": 0.11942334558157364,
    "Longing & Lust|Infatuation": -1.755056459417238,
    "Cognitive States and Processes|Confusion": 0.4715842540238928,
    "Longing & Lust|Sexual Lust": -0.9682808543040471,
    "Positive High-Energy Emotions|Hope/Enthusiasm/Optimism": -0.7249103528217358,
    "Positive High-Energy Emotions|Interest": -1.020656573958695,
    "Positive High-Energy Emotions|Elation": -1.188987180908375,
    "Negative Low-Energy Emotions|Disappointment": 3.891602795143776,
    "Negative High-Energy Emotions|Distress": 2.075055581594215,
    "Positive Low-Energy Emotions|Contemplation": 0.9837322791227523,
    "Negative Low-Energy Emotions|Emotional Numbness": -1.9317228299269782,
    "Negative High-Energy Emotions|Impatience and Irritability": 0.2826947523280978,
    "Negative Low-Energy Emotions|Helplessness": 1.8229439061529495,
    "Negative Low-Energy Emotions|Contempt": 0.011756765881882014,
    "Positive High-Energy Emotions|Astonishment/Surprise": -0.018458715043962126,
    "Positive High-Energy Emotions|Pleasure/Ecstasy": 0.9378780596659464,
    "Negative Low-Energy Emotions|Doubt": 0.21080825824454863,
    "Negative High-Energy Emotions|Anger": 1.377507144808769,
    "Positive Low-Energy Emotions|Contentment": -2.257120932049173,
    "Positive Low-Energy Emotions|Relief": -0.7564869680036517,
    "Positive High-Energy Emotions|Amusement": 0.28401635977494366,
    "Longing & Lust|Longing": 0.7627002203112523,
    "Positive High-Energy Emotions|Awe": 0.1129316168015495,
    "Physical and Exhaustive States|Fatigue/Exhaustion": 0.3818076451057021,
    "Negative Low-Energy Emotions|Bitterness": 0.530650091223857,
    "Negative High-Energy Emotions|Disgust": 1.4771745128228384,
    "Positive Low-Energy Emotions|Thankfulness/Gratitude": -0.5945086525764096,
    "Positive High-Energy Emotions|Teasing": -1.3719530968477622,
    "Physical and Exhaustive States|Intoxication/Altered States of Consciousness": -0.2727807752130662,
    "Positive Low-Energy Emotions|Pride": -2.49181012629367,
    "Negative Low-Energy Emotions|Embarrassment": 0.36031769002623415,
    "Positive Low-Energy Emotions|Affection": 1.0718004486403045,
    "Negative Low-Energy Emotions|Sadness": 1.4431097864052829,
    "Negative Low-Energy Emotions|Shame": 0.22551929890890332,
    "Positive High-Energy Emotions|Triumph": -2.87823269975536,
    "Cognitive States and Processes|Concentration": -0.15305966103339896,
    "Physical and Exhaustive States|Sourness": -0.1524158621393144,
    "Physical and Exhaustive States|Pain": 1.6172835635262377,
    "Negative High-Energy Emotions|Fear": 0.5613909568484214
  }
}