{
  "key": [
    "projects",
    "empathic-insight-face-large",
    "mj_data_330_U1.png"
  ],
  "value": {
    "Negative High-Energy Emotions|Malevolence/Malice": -1.7239642728404965,
    "Negative Low-Energy Emotions|Jealousy & Envy": -2.6778266868433533,
    "Longing & Lust|Infatuation": -0.10051532458294843,
    "Cognitive States and Processes|Confusion": -3.8098485534216335,
    "Longing & Lust|Sexual Lust": 1.1875626420185847,
    "Positive High-Energy Emotions|Hope/Enthusiasm/Optimism": 5.669765617255779,
    "Positive High-Energy Emotions|Interest": -1.6194692732766272,
    "Positive High-Energy Emotions|Elation": 9.10651715068037,
    "Negative Low-Energy Emotions|Disappointment": -3.3089994978707504,
    "Negative High-Energy Emotions|Distress": -5.660919207071557,
    "Positive Low-Energy Emotions|Contemplation": -5.464204315363484,
    "Negative Low-Energy Emotions|Emotional Numbness": -3.480977962602149,
    "Negative High-Energy Emotions|Impatience and Irritability": -3.0440505193546414,
    "Negative Low-Energy Emotions|Helplessness": -2.785085995828404,
    "Negative Low-Energy Emotions|Contempt": -2.2766217112146756,
    "Positive High-Energy Emotions|Astonishment/Surprise": -0.25685345228761447,
    "Positive High-Energy Emotions|Pleasure/Ecstasy": 5.126722680847434,
    "Negative Low-Energy Emotions|Doubt": -4.021094639113392,
    "Negative High-Energy Emotions|Anger": -1.7286129647493365,
    "Positive Low-Energy Emotions|Contentment": 6.449207221561057,
    "Positive Low-Energy Emotions|Relief": 3.3313415489564924,
    "Positive High-Energy Emotions|Amusement": 8.239414680926677,
    "Longing & Lust|Longing": -0.5044123924130519,
    "Positive High-Energy Emotions|Awe": 0.220266588229467,
    "Physical and Exhaustive States|Fatigue/Exhaustion": -2.0018969576126513,
    "Negative Low-Energy Emotions|Bitterness": -2.725471425003865,
    "Negative High-Energy Emotions|Disgust": -1.8369818108485025,
    "Positive Low-Energy Emotions|Thankfulness/Gratitude": 5.955969567409552,
    "Positive High-Energy Emotions|Teasing": 1.9368682236859902,
    "Physical and Exhaustive States|Intoxication/Altered States of Consciousness": 0.14022362313288106,
    "Positive Low-Energy Emotions|Pride": 1.7295294571032418,
    "Negative Low-Energy Emotions|Embarrassment": -1.5720632246618762,
    "Positive Low-Energy Emotions|Affection": 4.023354270204025,
    "Negative Low-Energy Emotions|Sadness": -2.1837670446494046,
    "Negative Low-Energy Emotions|Shame": -2.0479299432061175,
    "Positive High-Energy Emotions|Triumph": 1.057013767834972,
    "Cognitive States and Processes|Concentration": -3.678756296279676,
    "Physical and Exhaustive States|Sourness": -1.192203691061586,
    "Physical and Exhaustive States|Pain": -1.6017355514449232,
    "Negative High-Energy Emotions|Fear": -1.8407452497784706
  }
}