{
  "key": [
    "projects",
    "empathic-insight-face-large",
    "mj_data_201_U4.png"
  ],
  "value": {
    "Negative High-Energy Emotions|Malevolence/Malice": -0.7422652829723324,
    "Negative Low-Energy Emotions|Jealousy & Envy": -0.7344375095209654,
    "Longing & Lust|Infatuation": -1.9664860553645036,
    "Cognitive States and Processes|Confusion": -0.8694433038259912,
    "Longing & Lust|Sexual Lust": -0.9890354300334172,
    "Positive High-Energy Emotions|Hope/Enthusiasm/Optimism": 1.0326451021476704,
    "Positive High-Energy Emotions|Interest": -0.3147216321900487,
    "Positive High-Energy Emotions|Elation": 4.855946376602001,
    "Negative Low-Energy Emotions|Disappointment": 2.107894267459564,
    "Negative High-Energy Emotions|Distress": 1.1684007468469002,
    "Positive Low-Energy Emotions|Contemplation": 1.0337744315275375,
    "Negative Low-Energy Emotions|Emotional Numbness": -2.4603771668562993,
    "Negative High-Energy Emotions|Impatience and Irritability": -0.5018191980198026,
    "Negative Low-Energy Emotions|Helplessness": 0.2852496903784135,
    "Negative Low-Energy Emotions|Contempt": -0.31824101205696076,
    "Positive High-Energy Emotions|Astonishment/Surprise": -0.31194769438356174,
    "Positive High-Energy Emotions|Pleasure/Ecstasy": 3.2655542962954325,
    "Negative Low-Energy Emotions|Doubt": -0.44726141195579927,
    "Negative High-Energy Emotions|Anger": 0.8088881319761274,
    "Positive Low-Energy Emotions|Contentment": -0.728218401379007,
    "Positive Low-Energy Emotions|Relief": 1.4007440648447065,
    "Positive High-Energy Emotions|Amusement": 5.4498443493531905,
    "Longing & Lust|Longing": 0.04329903956708114,
    "Positive High-Energy Emotions|Awe": -0.09892069528646319,
    "Physical and Exhaustive States|Fatigue/Exhaustion": 0.3691830237144057,
    "Negative Low-Energy Emotions|Bitterness": -0.16386072630391402,
    "Negative High-Energy Emotions|Disgust": 1.1851443869664389,
    "Positive Low-Energy Emotions|Thankfulness/Gratitude": 1.188292021862067,
    "Positive High-Energy Emotions|Teasing": -0.21787747428916837,
    "Physical and Exhaustive States|Intoxication/Altered States of Consciousness": -0.2396057836054002,
    "Positive Low-Energy Emotions|Pride": -0.45975692390299894,
    "Negative Low-Energy Emotions|Embarrassment": 1.1536703833455548,
    "Positive Low-Energy Emotions|Affection": 2.9830887100538788,
    "Negative Low-Energy Emotions|Sadness": 1.0579299836298999,
    "Negative Low-Energy Emotions|Shame": -0.5083121663353899,
    "Positive High-Energy Emotions|Triumph": -1.42718289506786,
    "Cognitive States and Processes|Concentration": -1.1993346806790899,
    "Physical and Exhaustive States|Sourness": -0.15007938986644148,
    "Physical and Exhaustive States|Pain": 1.0752897667008288,
    "Negative High-Energy Emotions|Fear": -1.0696618948285195
  }
}