{
  "key": [
    "projects",
    "empathic-insight-face-large",
    "mj_data_371_U2.png"
  ],
  "value": {
    "Negative High-Energy Emotions|Malevolence/Malice": -0.8524752248363461,
    "Negative Low-Energy Emotions|Jealousy & Envy": -0.9306371650538023,
    "Longing & Lust|Infatuation": 1.4639649205304244,
    "Cognitive States and Processes|Confusion": -3.730464226486819,
    "Longing & Lust|Sexual Lust": 0.4315013264820857,
    "Positive High-Energy Emotions|Hope/Enthusiasm/Optimism": 3.4957677382274586,
    "Positive High-Energy Emotions|Interest": 2.005014312081039,
    "Positive High-Energy Emotions|Elation": 6.766667201797313,
    "Negative Low-Energy Emotions|Disappointment": -1.457287986258812,
    "Negative High-Energy Emotions|Distress": -4.344275015329614,
    "Positive Low-Energy Emotions|Contemplation": 0.25142222243635093,
    "Negative Low-Energy Emotions|Emotional Numbness": -2.555725048173438,
    "Negative High-Energy Emotions|Impatience and Irritability": -2.5331295179203153,
    "Negative Low-Energy Emotions|Helplessness": -1.5002964336030624,
    "Negative Low-Energy Emotions|Contempt": -1.4664641737543485,
    "Positive High-Energy Emotions|Astonishment/Surprise": -0.3844669967517258,
    "Positive High-Energy Emotions|Pleasure/Ecstasy": 3.549852239410667,
    "Negative Low-Energy Emotions|Doubt": -1.8712611983327523,
    "Negative High-Energy Emotions|Anger": -1.2143936806917193,
    "Positive Low-Energy Emotions|Contentment": 3.6695621362262787,
    "Positive Low-Energy Emotions|Relief": 2.437379046476939,
    "Positive High-Energy Emotions|Amusement": 6.531747330157634,
    "Longing & Lust|Longing": 0.879061883056728,
    "Positive High-Energy Emotions|Awe": 0.4456255512421623,
    "Physical and Exhaustive States|Fatigue/Exhaustion": -1.3993748228317675,
    "Negative Low-Energy Emotions|Bitterness": -0.6288942574928789,
    "Negative High-Energy Emotions|Disgust": -1.2069573777125162,
    "Positive Low-Energy Emotions|Thankfulness/Gratitude": 3.9915397120628726,
    "Positive High-Energy Emotions|Teasing": 0.7844368846604929,
    "Physical and Exhaustive States|Intoxication/Altered States of Consciousness": -0.012659191274467574,
    "Positive Low-Energy Emotions|Pride": 1.5445693302264107,
    "Negative Low-Energy Emotions|Embarrassment": -1.8802721670752063,
    "Positive Low-Energy Emotions|Affection": 3.5541496059736786,
    "Negative Low-Energy Emotions|Sadness": -0.7871225715735379,
    "Negative Low-Energy Emotions|Shame": -1.00167793095331,
    "Positive High-Energy Emotions|Triumph": 0.655171292897533,
    "Cognitive States and Processes|Concentration": -2.0441583987500738,
    "Physical and Exhaustive States|Sourness": -0.12643461471423506,
    "Physical and Exhaustive States|Pain": -0.6746005607527845,
    "Negative High-Energy Emotions|Fear": -1.119350234061918
  }
}