{
  "key": [
    "projects",
    "empathic-insight-face-large",
    "mj_data_130_U1.png"
  ],
  "value": {
    "Negative High-Energy Emotions|Malevolence/Malice": -0.8543189157085385,
    "Negative Low-Energy Emotions|Jealousy & Envy": -1.099736495955902,
    "Longing & Lust|Infatuation": -1.1876655406855485,
    "Cognitive States and Processes|Confusion": -0.8643506829763818,
    "Longing & Lust|Sexual Lust": -0.15836817272445725,
    "Positive High-Energy Emotions|Hope/Enthusiasm/Optimism": 2.527139689330669,
    "Positive High-Energy Emotions|Interest": 0.9210015652701259,
    "Positive High-Energy Emotions|Elation": 3.3288070705335806,
    "Negative Low-Energy Emotions|Disappointment": -0.5654110502999496,
    "Negative High-Energy Emotions|Distress": 1.3837879719979622,
    "Positive Low-Energy Emotions|Contemplation": 0.1863932271608535,
    "Negative Low-Energy Emotions|Emotional Numbness": -1.9450110894332038,
    "Negative High-Energy Emotions|Impatience and Irritability": 0.5538076711818576,
    "Negative Low-Energy Emotions|Helplessness": 0.10050294812987837,
    "Negative Low-Energy Emotions|Contempt": -0.897390019854202,
    "Positive High-Energy Emotions|Astonishment/Surprise": 0.6863721698895096,
    "Positive High-Energy Emotions|Pleasure/Ecstasy": 3.328671681206016,
    "Negative Low-Energy Emotions|Doubt": -0.9462745974568979,
    "Negative High-Energy Emotions|Anger": 1.4729428833723066,
    "Positive Low-Energy Emotions|Contentment": -0.062456453747171015,
    "Positive Low-Energy Emotions|Relief": -0.5066939153303118,
    "Positive High-Energy Emotions|Amusement": 4.29671000334489,
    "Longing & Lust|Longing": 0.6699378096705357,
    "Positive High-Energy Emotions|Awe": 0.7520563678925529,
    "Physical and Exhaustive States|Fatigue/Exhaustion": -0.24857078001560529,
    "Negative Low-Energy Emotions|Bitterness": -0.8023990868996171,
    "Negative High-Energy Emotions|Disgust": -0.4976668732569498,
    "Positive Low-Energy Emotions|Thankfulness/Gratitude": 1.2405787659798038,
    "Positive High-Energy Emotions|Teasing": -0.4348830847551718,
    "Physical and Exhaustive States|Intoxication/Altered States of Consciousness": 0.33050757727640523,
    "Positive Low-Energy Emotions|Pride": 0.08649276376866241,
    "Negative Low-Energy Emotions|Embarrassment": -1.6551335028296008,
    "Positive Low-Energy Emotions|Affection": 2.743120410188156,
    "Negative Low-Energy Emotions|Sadness": -0.583408439264578,
    "Negative Low-Energy Emotions|Shame": -1.394798696639345,
    "Positive High-Energy Emotions|Triumph": -0.7675424934660687,
    "Cognitive States and Processes|Concentration": -0.2638722654607366,
    "Physical and Exhaustive States|Sourness": -0.8291521573625504,
    "Physical and Exhaustive States|Pain": 0.7857211040573961,
    "Negative High-Energy Emotions|Fear": 0.22889240643338238
  }
}