{
  "key": [
    "projects",
    "empathic-insight-face-large",
    "mj_data_49_U1.png"
  ],
  "value": {
    "Negative High-Energy Emotions|Malevolence/Malice": -1.445121823652264,
    "Negative Low-Energy Emotions|Jealousy & Envy": -2.655662818892914,
    "Longing & Lust|Infatuation": -1.247577268590822,
    "Cognitive States and Processes|Confusion": -4.53258538890137,
    "Longing & Lust|Sexual Lust": 0.3844374989674373,
    "Positive High-Energy Emotions|Hope/Enthusiasm/Optimism": 5.511802818183513,
    "Positive High-Energy Emotions|Interest": -1.1540151717141272,
    "Positive High-Energy Emotions|Elation": 9.041140868942088,
    "Negative Low-Energy Emotions|Disappointment": -3.3915900778573227,
    "Negative High-Energy Emotions|Distress": -5.00904704902102,
    "Positive Low-Energy Emotions|Contemplation": -5.0133380929818925,
    "Negative Low-Energy Emotions|Emotional Numbness": -3.772695491899024,
    "Negative High-Energy Emotions|Impatience and Irritability": -2.6867244886234403,
    "Negative Low-Energy Emotions|Helplessness": -2.6980174380891464,
    "Negative Low-Energy Emotions|Contempt": -1.7782772898279569,
    "Positive High-Energy Emotions|Astonishment/Surprise": -0.7822683959826828,
    "Positive High-Energy Emotions|Pleasure/Ecstasy": 4.82617889575222,
    "Negative Low-Energy Emotions|Doubt": -3.6840563605336802,
    "Negative High-Energy Emotions|Anger": -1.7229738885164263,
    "Positive Low-Energy Emotions|Contentment": 5.6241752257877415,
    "Positive Low-Energy Emotions|Relief": 3.288280292547801,
    "Positive High-Energy Emotions|Amusement": 8.010929096667644,
    "Longing & Lust|Longing": -0.4393148219937404,
    "Positive High-Energy Emotions|Awe": -0.3508578462416634,
    "Physical and Exhaustive States|Fatigue/Exhaustion": -2.1834677259689745,
    "Negative Low-Energy Emotions|Bitterness": -1.890301155991414,
    "Negative High-Energy Emotions|Disgust": -1.4193597214625162,
    "Positive Low-Energy Emotions|Thankfulness/Gratitude": 6.5473055792961485,
    "Positive High-Energy Emotions|Teasing": 1.9996285767743691,
    "Physical and Exhaustive States|Intoxication/Altered States of Consciousness": 1.0226758726598586,
    "Positive Low-Energy Emotions|Pride": 1.857740120898713,
    "Negative Low-Energy Emotions|Embarrassment": -1.7489607504492297,
    "Positive Low-Energy Emotions|Affection": 4.048642852052169,
    "Negative Low-Energy Emotions|Sadness": -1.9601623655417386,
    "Negative Low-Energy Emotions|Shame": -1.9772996312401752,
    "Positive High-Energy Emotions|Triumph": 1.194467085477184,
    "Cognitive States and Processes|Concentration": -3.801573097350843,
    "Physical and Exhaustive States|Sourness": -0.8135703111253678,
    "Physical and Exhaustive States|Pain": -1.038293559638893,
    "Negative High-Energy Emotions|Fear": -2.0893614683453654
  }
}