{
  "key": [
    "projects",
    "empathic-insight-face-large",
    "mj_data_5_U2.png"
  ],
  "value": {
    "Negative High-Energy Emotions|Malevolence/Malice": 0.0753633390827213,
    "Negative Low-Energy Emotions|Jealousy & Envy": 0.7484257974782411,
    "Longing & Lust|Infatuation": 1.4662454538441756,
    "Cognitive States and Processes|Confusion": -1.323634630921023,
    "Longing & Lust|Sexual Lust": 1.891465363423614,
    "Positive High-Energy Emotions|Hope/Enthusiasm/Optimism": 0.13827374160728034,
    "Positive High-Energy Emotions|Interest": 2.0099778292700647,
    "Positive High-Energy Emotions|Elation": 0.8456515815656851,
    "Negative Low-Energy Emotions|Disappointment": 0.0820579934317398,
    "Negative High-Energy Emotions|Distress": -2.6716370758764882,
    "Positive Low-Energy Emotions|Contemplation": 0.3865367208728019,
    "Negative Low-Energy Emotions|Emotional Numbness": -1.7106714945922004,
    "Negative High-Energy Emotions|Impatience and Irritability": -1.8386512445285916,
    "Negative Low-Energy Emotions|Helplessness": 0.03134719547103437,
    "Negative Low-Energy Emotions|Contempt": -0.6498514532648465,
    "Positive High-Energy Emotions|Astonishment/Surprise": -0.21711169775575412,
    "Positive High-Energy Emotions|Pleasure/Ecstasy": 0.6429096930430216,
    "Negative Low-Energy Emotions|Doubt": -1.178567726424183,
    "Negative High-Energy Emotions|Anger": -0.556978767514229,
    "Positive Low-Energy Emotions|Contentment": -0.31548246235312805,
    "Positive Low-Energy Emotions|Relief": 0.2800813756357221,
    "Positive High-Energy Emotions|Amusement": 2.893666137187358,
    "Longing & Lust|Longing": 0.2480357491618077,
    "Positive High-Energy Emotions|Awe": -0.3784593267256722,
    "Physical and Exhaustive States|Fatigue/Exhaustion": -0.649130801416057,
    "Negative Low-Energy Emotions|Bitterness": 0.18569285874857622,
    "Negative High-Energy Emotions|Disgust": 0.2920789343907553,
    "Positive Low-Energy Emotions|Thankfulness/Gratitude": 3.2846193863067996,
    "Positive High-Energy Emotions|Teasing": 0.5582513244340525,
    "Physical and Exhaustive States|Intoxication/Altered States of Consciousness": -0.12291276373845683,
    "Positive Low-Energy Emotions|Pride": 1.1468269395937813,
    "Negative Low-Energy Emotions|Embarrassment": 0.07191417897887087,
    "Positive Low-Energy Emotions|Affection": 2.0641567489943085,
    "Negative Low-Energy Emotions|Sadness": -0.7660569788077298,
    "Negative Low-Energy Emotions|Shame": -0.3066480761788347,
    "Positive High-Energy Emotions|Triumph": 0.20774974214680053,
    "Cognitive States and Processes|Concentration": 0.32208031451439156,
    "Physical and Exhaustive States|Sourness": 0.31139063293114305,
    "Physical and Exhaustive States|Pain": -0.052268941490089205,
    "Negative High-Energy Emotions|Fear": -0.36679081061526264
  }
}