{
  "key": [
    "projects",
    "empathic-insight-face-large",
    "mj_data_341_U1.png"
  ],
  "value": {
    "Negative High-Energy Emotions|Malevolence/Malice": -0.4981389630870785,
    "Negative Low-Energy Emotions|Jealousy & Envy": -0.2903449973902281,
    "Longing & Lust|Infatuation": 0.007262032518492001,
    "Cognitive States and Processes|Confusion": -2.195490605118411,
    "Longing & Lust|Sexual Lust": -0.41407257564804123,
    "Positive High-Energy Emotions|Hope/Enthusiasm/Optimism": 1.549939039651962,
    "Positive High-Energy Emotions|Interest": 1.6373005030676722,
    "Positive High-Energy Emotions|Elation": 3.0797962394159506,
    "Negative Low-Energy Emotions|Disappointment": -0.5191773962777328,
    "Negative High-Energy Emotions|Distress": -1.0779695687048576,
    "Positive Low-Energy Emotions|Contemplation": 1.392516907037181,
    "Negative Low-Energy Emotions|Emotional Numbness": -1.6167557936797248,
    "Negative High-Energy Emotions|Impatience and Irritability": -0.6915660547092557,
    "Negative Low-Energy Emotions|Helplessness": -0.6421852904908797,
    "Negative Low-Energy Emotions|Contempt": -0.4921492456995389,
    "Positive High-Energy Emotions|Astonishment/Surprise": 0.3691446870937942,
    "Positive High-Energy Emotions|Pleasure/Ecstasy": 2.3482617609904093,
    "Negative Low-Energy Emotions|Doubt": -0.7608202884702341,
    "Negative High-Energy Emotions|Anger": 0.3031837290525434,
    "Positive Low-Energy Emotions|Contentment": 2.3090798607402863,
    "Positive Low-Energy Emotions|Relief": 0.571998759306529,
    "Positive High-Energy Emotions|Amusement": 3.435317862956401,
    "Longing & Lust|Longing": 0.9850667954629342,
    "Positive High-Energy Emotions|Awe": 0.4681207018082634,
    "Physical and Exhaustive States|Fatigue/Exhaustion": -0.8020324508911546,
    "Negative Low-Energy Emotions|Bitterness": -0.2792344569633989,
    "Negative High-Energy Emotions|Disgust": -0.5837183373377604,
    "Positive Low-Energy Emotions|Thankfulness/Gratitude": 3.325489456764258,
    "Positive High-Energy Emotions|Teasing": -0.2693823246767416,
    "Physical and Exhaustive States|Intoxication/Altered States of Consciousness": -0.15776526846868144,
    "Positive Low-Energy Emotions|Pride": 1.0587900447955025,
    "Negative Low-Energy Emotions|Embarrassment": -1.2761538199072375,
    "Positive Low-Energy Emotions|Affection": 2.856152751191574,
    "Negative Low-Energy Emotions|Sadness": -0.4498978496649686,
    "Negative Low-Energy Emotions|Shame": -0.8521590834877947,
    "Positive High-Energy Emotions|Triumph": -0.5049419672524228,
    "Cognitive States and Processes|Concentration": -0.31134635174537406,
    "Physical and Exhaustive States|Sourness": -0.037310829218477004,
    "Physical and Exhaustive States|Pain": -0.31600733527365854,
    "Negative High-Energy Emotions|Fear": -0.6107862387005898
  }
}