{
  "key": [
    "projects",
    "empathic-insight-face-large",
    "mj_data_38_U2.png"
  ],
  "value": {
    "Negative High-Energy Emotions|Malevolence/Malice": -1.1131330121593441,
    "Negative Low-Energy Emotions|Jealousy & Envy": -2.189150615676361,
    "Longing & Lust|Infatuation": -1.4060333557032487,
    "Cognitive States and Processes|Confusion": -3.278378731491702,
    "Longing & Lust|Sexual Lust": 0.8103024338887019,
    "Positive High-Energy Emotions|Hope/Enthusiasm/Optimism": 4.369813825492473,
    "Positive High-Energy Emotions|Interest": -0.4954507233574986,
    "Positive High-Energy Emotions|Elation": 7.292709663192577,
    "Negative Low-Energy Emotions|Disappointment": -2.47942300556118,
    "Negative High-Energy Emotions|Distress": -3.6529169258825918,
    "Positive Low-Energy Emotions|Contemplation": -2.8983624021402177,
    "Negative Low-Energy Emotions|Emotional Numbness": -3.1185638409743413,
    "Negative High-Energy Emotions|Impatience and Irritability": -1.4767895387485623,
    "Negative Low-Energy Emotions|Helplessness": -2.546454508935704,
    "Negative Low-Energy Emotions|Contempt": -1.3344038843714139,
    "Positive High-Energy Emotions|Astonishment/Surprise": -0.11299597319215549,
    "Positive High-Energy Emotions|Pleasure/Ecstasy": 3.9816921823427958,
    "Negative Low-Energy Emotions|Doubt": -3.0755930731801646,
    "Negative High-Energy Emotions|Anger": 0.3837141340970991,
    "Positive Low-Energy Emotions|Contentment": 7.040307199054343,
    "Positive Low-Energy Emotions|Relief": 2.966095372236827,
    "Positive High-Energy Emotions|Amusement": 6.192885387866374,
    "Longing & Lust|Longing": -0.31451235178652603,
    "Positive High-Energy Emotions|Awe": 0.2830959634964958,
    "Physical and Exhaustive States|Fatigue/Exhaustion": -1.0332222978836474,
    "Negative Low-Energy Emotions|Bitterness": -2.077723908371785,
    "Negative High-Energy Emotions|Disgust": -0.9112906830714029,
    "Positive Low-Energy Emotions|Thankfulness/Gratitude": 5.697387690654791,
    "Positive High-Energy Emotions|Teasing": 1.4032165141294106,
    "Physical and Exhaustive States|Intoxication/Altered States of Consciousness": 0.05091595730799092,
    "Positive Low-Energy Emotions|Pride": 1.4787153768648995,
    "Negative Low-Energy Emotions|Embarrassment": -1.3520562819128528,
    "Positive Low-Energy Emotions|Affection": 3.8290192863783417,
    "Negative Low-Energy Emotions|Sadness": -1.5572638155081693,
    "Negative Low-Energy Emotions|Shame": -1.8159324532769183,
    "Positive High-Energy Emotions|Triumph": 0.8409860311711536,
    "Cognitive States and Processes|Concentration": -1.828054606559522,
    "Physical and Exhaustive States|Sourness": -1.317700197752565,
    "Physical and Exhaustive States|Pain": -0.5893485141677015,
    "Negative High-Energy Emotions|Fear": -1.6095130834881874
  }
}