{
  "key": [
    "projects",
    "empathic-insight-face-large",
    "mj_data_306_U4.png"
  ],
  "value": {
    "Negative High-Energy Emotions|Malevolence/Malice": -1.0827601541118588,
    "Negative Low-Energy Emotions|Jealousy & Envy": -1.4869776210627135,
    "Longing & Lust|Infatuation": -0.3229790515803239,
    "Cognitive States and Processes|Confusion": -1.471356159927981,
    "Longing & Lust|Sexual Lust": -0.02750355251571701,
    "Positive High-Energy Emotions|Hope/Enthusiasm/Optimism": 2.7696889895244556,
    "Positive High-Energy Emotions|Interest": 0.7292893944308162,
    "Positive High-Energy Emotions|Elation": 0.2348829057615469,
    "Negative Low-Energy Emotions|Disappointment": 0.8778922963339615,
    "Negative High-Energy Emotions|Distress": 0.6368824067361214,
    "Positive Low-Energy Emotions|Contemplation": 1.4116889794477645,
    "Negative Low-Energy Emotions|Emotional Numbness": -1.2926194172988044,
    "Negative High-Energy Emotions|Impatience and Irritability": -0.5903168367221951,
    "Negative Low-Energy Emotions|Helplessness": 0.7664135348446229,
    "Negative Low-Energy Emotions|Contempt": -1.6589037298761746,
    "Positive High-Energy Emotions|Astonishment/Surprise": 1.7841104358807205,
    "Positive High-Energy Emotions|Pleasure/Ecstasy": 2.5823869579241556,
    "Negative Low-Energy Emotions|Doubt": -1.8096907923726693,
    "Negative High-Energy Emotions|Anger": 0.5041052645444868,
    "Positive Low-Energy Emotions|Contentment": -0.8034780868953644,
    "Positive Low-Energy Emotions|Relief": -0.29197676559581476,
    "Positive High-Energy Emotions|Amusement": -1.0249977221800124,
    "Longing & Lust|Longing": 1.703916569912998,
    "Positive High-Energy Emotions|Awe": 3.279034979838659,
    "Physical and Exhaustive States|Fatigue/Exhaustion": -0.6799119512802537,
    "Negative Low-Energy Emotions|Bitterness": -1.174966740555623,
    "Negative High-Energy Emotions|Disgust": -1.301183261196403,
    "Positive Low-Energy Emotions|Thankfulness/Gratitude": 0.873341317287482,
    "Positive High-Energy Emotions|Teasing": -0.8252299694826498,
    "Physical and Exhaustive States|Intoxication/Altered States of Consciousness": 0.24364042363184346,
    "Positive Low-Energy Emotions|Pride": 0.6860346365084543,
    "Negative Low-Energy Emotions|Embarrassment": -2.1721761397009387,
    "Positive Low-Energy Emotions|Affection": 1.1963253996214447,
    "Negative Low-Energy Emotions|Sadness": -0.09756215821294223,
    "Negative Low-Energy Emotions|Shame": -0.8196272259972551,
    "Positive High-Energy Emotions|Triumph": -0.9176080049311414,
    "Cognitive States and Processes|Concentration": -0.11965185368324027,
    "Physical and Exhaustive States|Sourness": -1.392438581045717,
    "Physical and Exhaustive States|Pain": 0.7840305971222765,
    "Negative High-Energy Emotions|Fear": 1.357161527484217
  }
}