{
  "key": [
    "projects",
    "empathic-insight-face-large",
    "mj_data_106_U3.png"
  ],
  "value": {
    "Negative High-Energy Emotions|Malevolence/Malice": 1.0930451016588245,
    "Negative Low-Energy Emotions|Jealousy & Envy": 0.6876701870122377,
    "Longing & Lust|Infatuation": 1.0711436085797408,
    "Cognitive States and Processes|Confusion": -2.4929349486853054,
    "Longing & Lust|Sexual Lust": 1.5457080578015132,
    "Positive High-Energy Emotions|Hope/Enthusiasm/Optimism": 0.07921400249442634,
    "Positive High-Energy Emotions|Interest": 0.0745144007727504,
    "Positive High-Energy Emotions|Elation": 0.10345394877607328,
    "Negative Low-Energy Emotions|Disappointment": -0.906274516562767,
    "Negative High-Energy Emotions|Distress": -1.127932327722802,
    "Positive Low-Energy Emotions|Contemplation": 1.6085497100958053,
    "Negative Low-Energy Emotions|Emotional Numbness": -0.6077129942069159,
    "Negative High-Energy Emotions|Impatience and Irritability": -0.4970005201175809,
    "Negative Low-Energy Emotions|Helplessness": -0.513683636819615,
    "Negative Low-Energy Emotions|Contempt": 1.6996018767751315,
    "Positive High-Energy Emotions|Astonishment/Surprise": -0.8180817275866867,
    "Positive High-Energy Emotions|Pleasure/Ecstasy": 1.734568464081077,
    "Negative Low-Energy Emotions|Doubt": -0.23395088713451784,
    "Negative High-Energy Emotions|Anger": 0.01652329623699167,
    "Positive Low-Energy Emotions|Contentment": -0.5196908363765655,
    "Positive Low-Energy Emotions|Relief": -0.4809170522321673,
    "Positive High-Energy Emotions|Amusement": 1.766274068682071,
    "Longing & Lust|Longing": 0.48125072356518905,
    "Positive High-Energy Emotions|Awe": -0.5356446428114876,
    "Physical and Exhaustive States|Fatigue/Exhaustion": -0.053592066026347474,
    "Negative Low-Energy Emotions|Bitterness": 1.6116722569395514,
    "Negative High-Energy Emotions|Disgust": 0.8743522984578329,
    "Positive Low-Energy Emotions|Thankfulness/Gratitude": 2.224646533838309,
    "Positive High-Energy Emotions|Teasing": 0.394999387998353,
    "Physical and Exhaustive States|Intoxication/Altered States of Consciousness": 1.008175820923027,
    "Positive Low-Energy Emotions|Pride": 1.380925254832734,
    "Negative Low-Energy Emotions|Embarrassment": -1.2962258032446399,
    "Positive Low-Energy Emotions|Affection": 1.5846780917486725,
    "Negative Low-Energy Emotions|Sadness": 0.7175798623702105,
    "Negative Low-Energy Emotions|Shame": 0.31476426064748975,
    "Positive High-Energy Emotions|Triumph": 0.7093724189961658,
    "Cognitive States and Processes|Concentration": 0.10414820944999947,
    "Physical and Exhaustive States|Sourness": 0.4381992762722075,
    "Physical and Exhaustive States|Pain": 0.5163335012513048,
    "Negative High-Energy Emotions|Fear": -1.0072749052350136
  }
}