{
  "key": [
    "projects",
    "empathic-insight-face-large",
    "mj_data_172_U2.png"
  ],
  "value": {
    "Negative High-Energy Emotions|Malevolence/Malice": -0.5710018266277279,
    "Negative Low-Energy Emotions|Jealousy & Envy": -0.10098175619454941,
    "Longing & Lust|Infatuation": -2.004540044774904,
    "Cognitive States and Processes|Confusion": 0.8451905186151099,
    "Longing & Lust|Sexual Lust": -1.3623324061228947,
    "Positive High-Energy Emotions|Hope/Enthusiasm/Optimism": -1.2838610154346508,
    "Positive High-Energy Emotions|Interest": -1.790787327475846,
    "Positive High-Energy Emotions|Elation": -1.7352606508333017,
    "Negative Low-Energy Emotions|Disappointment": 4.124500195999794,
    "Negative High-Energy Emotions|Distress": 2.157734853292213,
    "Positive Low-Energy Emotions|Contemplation": 1.4222499092230025,
    "Negative Low-Energy Emotions|Emotional Numbness": -0.532991359818946,
    "Negative High-Energy Emotions|Impatience and Irritability": 0.6601571394130588,
    "Negative Low-Energy Emotions|Helplessness": 2.426253477895961,
    "Negative Low-Energy Emotions|Contempt": 0.34579406980644256,
    "Positive High-Energy Emotions|Astonishment/Surprise": -0.19406115110963595,
    "Positive High-Energy Emotions|Pleasure/Ecstasy": 1.0265350811884684,
    "Negative Low-Energy Emotions|Doubt": -0.2592236290483133,
    "Negative High-Energy Emotions|Anger": 1.0845825022459028,
    "Positive Low-Energy Emotions|Contentment": -1.5543392548030792,
    "Positive Low-Energy Emotions|Relief": -0.82170744320049,
    "Positive High-Energy Emotions|Amusement": -0.820019732983235,
    "Longing & Lust|Longing": 0.6706964575892369,
    "Positive High-Energy Emotions|Awe": -0.07672821710653155,
    "Physical and Exhaustive States|Fatigue/Exhaustion": 1.2891457278960767,
    "Negative Low-Energy Emotions|Bitterness": 0.5247088194419356,
    "Negative High-Energy Emotions|Disgust": 1.4565761012627798,
    "Positive Low-Energy Emotions|Thankfulness/Gratitude": -1.342422490009271,
    "Positive High-Energy Emotions|Teasing": -1.4187885193636314,
    "Physical and Exhaustive States|Intoxication/Altered States of Consciousness": 0.4212928422452773,
    "Positive Low-Energy Emotions|Pride": -1.7473701667676078,
    "Negative Low-Energy Emotions|Embarrassment": -0.09357215677552366,
    "Positive Low-Energy Emotions|Affection": -0.2206586220422212,
    "Negative Low-Energy Emotions|Sadness": 2.5251865743538913,
    "Negative Low-Energy Emotions|Shame": 0.299399256108,
    "Positive High-Energy Emotions|Triumph": -2.6316942991053356,
    "Cognitive States and Processes|Concentration": -0.1228060122754644,
    "Physical and Exhaustive States|Sourness": -0.1766827011667192,
    "Physical and Exhaustive States|Pain": 2.0448887231069452,
    "Negative High-Energy Emotions|Fear": 1.1484536435301689
  }
}