{
  "key": [
    "projects",
    "empathic-insight-face-large",
    "mj_data_90_U3.png"
  ],
  "value": {
    "Negative High-Energy Emotions|Malevolence/Malice": -1.1297731984691586,
    "Negative Low-Energy Emotions|Jealousy & Envy": -1.586262031539398,
    "Longing & Lust|Infatuation": -0.13360973071087812,
    "Cognitive States and Processes|Confusion": -2.4168412749792507,
    "Longing & Lust|Sexual Lust": 0.9057623719380183,
    "Positive High-Energy Emotions|Hope/Enthusiasm/Optimism": 3.514118816260906,
    "Positive High-Energy Emotions|Interest": 0.7866736767813564,
    "Positive High-Energy Emotions|Elation": 5.6466894891660875,
    "Negative Low-Energy Emotions|Disappointment": -1.0492684435647202,
    "Negative High-Energy Emotions|Distress": -0.1593174216501853,
    "Positive Low-Energy Emotions|Contemplation": 0.11218174892751609,
    "Negative Low-Energy Emotions|Emotional Numbness": -2.446078250993262,
    "Negative High-Energy Emotions|Impatience and Irritability": -0.817444627173245,
    "Negative Low-Energy Emotions|Helplessness": 0.050766448343501414,
    "Negative Low-Energy Emotions|Contempt": -1.5021716475092313,
    "Positive High-Energy Emotions|Astonishment/Surprise": -0.22578417357057345,
    "Positive High-Energy Emotions|Pleasure/Ecstasy": 3.696303712646751,
    "Negative Low-Energy Emotions|Doubt": -2.2025080512075084,
    "Negative High-Energy Emotions|Anger": 0.144472534060478,
    "Positive Low-Energy Emotions|Contentment": 2.218311940723044,
    "Positive Low-Energy Emotions|Relief": 1.8900587401758222,
    "Positive High-Energy Emotions|Amusement": 5.946312893359538,
    "Longing & Lust|Longing": 0.5585113966113011,
    "Positive High-Energy Emotions|Awe": 0.18567574788980634,
    "Physical and Exhaustive States|Fatigue/Exhaustion": -0.43177447722019513,
    "Negative Low-Energy Emotions|Bitterness": -1.9848779916237382,
    "Negative High-Energy Emotions|Disgust": -1.056960620205192,
    "Positive Low-Energy Emotions|Thankfulness/Gratitude": 4.43998670112232,
    "Positive High-Energy Emotions|Teasing": 0.5651304753015146,
    "Physical and Exhaustive States|Intoxication/Altered States of Consciousness": 0.6360610731603469,
    "Positive Low-Energy Emotions|Pride": 1.097637729655732,
    "Negative Low-Energy Emotions|Embarrassment": -1.4683110884314075,
    "Positive Low-Energy Emotions|Affection": 3.343754985078293,
    "Negative Low-Energy Emotions|Sadness": -0.7078994155981961,
    "Negative Low-Energy Emotions|Shame": -1.2001470929406146,
    "Positive High-Energy Emotions|Triumph": -0.019279372814823614,
    "Cognitive States and Processes|Concentration": -1.1129183765676092,
    "Physical and Exhaustive States|Sourness": -0.711799194868654,
    "Physical and Exhaustive States|Pain": 0.5697640585022814,
    "Negative High-Energy Emotions|Fear": -1.1237020883862587
  }
}