{
  "key": [
    "projects",
    "empathic-insight-face-large",
    "mj_data_1_U1.png"
  ],
  "value": {
    "Negative High-Energy Emotions|Malevolence/Malice": 0.7755333792133365,
    "Negative Low-Energy Emotions|Jealousy & Envy": 1.5574280181088869,
    "Longing & Lust|Infatuation": 0.5774093680478194,
    "Cognitive States and Processes|Confusion": -1.9785897796179224,
    "Longing & Lust|Sexual Lust": 0.8674756859944148,
    "Positive High-Energy Emotions|Hope/Enthusiasm/Optimism": -1.6033528786853832,
    "Positive High-Energy Emotions|Interest": -0.47437928933650253,
    "Positive High-Energy Emotions|Elation": -1.6628929826814463,
    "Negative Low-Energy Emotions|Disappointment": 1.5149075198370743,
    "Negative High-Energy Emotions|Distress": 0.10037131335805444,
    "Positive Low-Energy Emotions|Contemplation": 0.7459583242544356,
    "Negative Low-Energy Emotions|Emotional Numbness": -0.5658345323691474,
    "Negative High-Energy Emotions|Impatience and Irritability": -0.8916514562442899,
    "Negative Low-Energy Emotions|Helplessness": 0.418921868170009,
    "Negative Low-Energy Emotions|Contempt": 0.6149817586339572,
    "Positive High-Energy Emotions|Astonishment/Surprise": -0.5300794750079514,
    "Positive High-Energy Emotions|Pleasure/Ecstasy": -0.4408674366070944,
    "Negative Low-Energy Emotions|Doubt": 0.11426561672404846,
    "Negative High-Energy Emotions|Anger": -0.07230240643024466,
    "Positive Low-Energy Emotions|Contentment": -2.406319464153665,
    "Positive Low-Energy Emotions|Relief": -1.0033771552671404,
    "Positive High-Energy Emotions|Amusement": -1.0442824473692214,
    "Longing & Lust|Longing": 0.35989518996533554,
    "Positive High-Energy Emotions|Awe": -0.7172237558180794,
    "Physical and Exhaustive States|Fatigue/Exhaustion": -0.22031817839207013,
    "Negative Low-Energy Emotions|Bitterness": 1.9101399303008528,
    "Negative High-Energy Emotions|Disgust": 0.7161153180196005,
    "Positive Low-Energy Emotions|Thankfulness/Gratitude": 1.3502898169670474,
    "Positive High-Energy Emotions|Teasing": -0.11735644624732877,
    "Physical and Exhaustive States|Intoxication/Altered States of Consciousness": 0.5021338470937575,
    "Positive Low-Energy Emotions|Pride": 1.1651905346026314,
    "Negative Low-Energy Emotions|Embarrassment": 0.15706084455199099,
    "Positive Low-Energy Emotions|Affection": 0.646426156803089,
    "Negative Low-Energy Emotions|Sadness": 0.3191236018082675,
    "Negative Low-Energy Emotions|Shame": 0.6269188815333387,
    "Positive High-Energy Emotions|Triumph": 0.0732428609097705,
    "Cognitive States and Processes|Concentration": 0.5475248697969843,
    "Physical and Exhaustive States|Sourness": 0.2657468115724623,
    "Physical and Exhaustive States|Pain": 0.18475083580788443,
    "Negative High-Energy Emotions|Fear": 0.12524994274930035
  }
}