{
  "key": [
    "projects",
    "empathic-insight-face-large",
    "mj_data_314_U4.png"
  ],
  "value": {
    "Negative High-Energy Emotions|Malevolence/Malice": -1.0695250619487728,
    "Negative Low-Energy Emotions|Jealousy & Envy": -1.6650999030909117,
    "Longing & Lust|Infatuation": -1.1052797622584245,
    "Cognitive States and Processes|Confusion": -2.579782015564578,
    "Longing & Lust|Sexual Lust": -0.09408146389267014,
    "Positive High-Energy Emotions|Hope/Enthusiasm/Optimism": 1.3543688613220173,
    "Positive High-Energy Emotions|Interest": 0.2983477829024196,
    "Positive High-Energy Emotions|Elation": 2.639672442952938,
    "Negative Low-Energy Emotions|Disappointment": 0.2483477997977066,
    "Negative High-Energy Emotions|Distress": -0.8776477751486442,
    "Positive Low-Energy Emotions|Contemplation": 1.2823244293340865,
    "Negative Low-Energy Emotions|Emotional Numbness": -1.0377422076354132,
    "Negative High-Energy Emotions|Impatience and Irritability": -0.01574713457375765,
    "Negative Low-Energy Emotions|Helplessness": -0.20363004985977617,
    "Negative Low-Energy Emotions|Contempt": -1.110078942736282,
    "Positive High-Energy Emotions|Astonishment/Surprise": 0.6285698503628372,
    "Positive High-Energy Emotions|Pleasure/Ecstasy": 3.591680633346824,
    "Negative Low-Energy Emotions|Doubt": -1.8160723040609017,
    "Negative High-Energy Emotions|Anger": 0.7473773306608198,
    "Positive Low-Energy Emotions|Contentment": 2.0112483850055756,
    "Positive Low-Energy Emotions|Relief": -0.3932654418577166,
    "Positive High-Energy Emotions|Amusement": 2.4041196295903884,
    "Longing & Lust|Longing": 0.38297541972455185,
    "Positive High-Energy Emotions|Awe": 0.9020699339097038,
    "Physical and Exhaustive States|Fatigue/Exhaustion": -0.8693982164627488,
    "Negative Low-Energy Emotions|Bitterness": -1.385418343491414,
    "Negative High-Energy Emotions|Disgust": -0.9503584282801432,
    "Positive Low-Energy Emotions|Thankfulness/Gratitude": 1.7186311436806094,
    "Positive High-Energy Emotions|Teasing": -0.34200629280113126,
    "Physical and Exhaustive States|Intoxication/Altered States of Consciousness": 0.0844824322225417,
    "Positive Low-Energy Emotions|Pride": 1.1243176031222237,
    "Negative Low-Energy Emotions|Embarrassment": -1.3955764940863147,
    "Positive Low-Energy Emotions|Affection": 2.7836577675184784,
    "Negative Low-Energy Emotions|Sadness": -0.5363015771964017,
    "Negative Low-Energy Emotions|Shame": -1.1505579358361224,
    "Positive High-Energy Emotions|Triumph": -0.6848406316077008,
    "Cognitive States and Processes|Concentration": -0.4933986511256765,
    "Physical and Exhaustive States|Sourness": -1.3331203961931168,
    "Physical and Exhaustive States|Pain": 0.698600094230736,
    "Negative High-Energy Emotions|Fear": -0.33021978476687397
  }
}