{
  "key": [
    "projects",
    "empathic-insight-face-large",
    "mj_data_236_U1.png"
  ],
  "value": {
    "Negative High-Energy Emotions|Malevolence/Malice": -0.7916043389873471,
    "Negative Low-Energy Emotions|Jealousy & Envy": -1.3685579738459166,
    "Longing & Lust|Infatuation": -0.3294505662821672,
    "Cognitive States and Processes|Confusion": -3.2624518935705593,
    "Longing & Lust|Sexual Lust": -1.204829278071137,
    "Positive High-Energy Emotions|Hope/Enthusiasm/Optimism": 1.4379422595023232,
    "Positive High-Energy Emotions|Interest": 1.738534223847091,
    "Positive High-Energy Emotions|Elation": 3.012674137632198,
    "Negative Low-Energy Emotions|Disappointment": -0.950945098380394,
    "Negative High-Energy Emotions|Distress": -2.3480591950171132,
    "Positive Low-Energy Emotions|Contemplation": 1.0817767341741744,
    "Negative Low-Energy Emotions|Emotional Numbness": -0.9812163215766059,
    "Negative High-Energy Emotions|Impatience and Irritability": -0.8417468713596463,
    "Negative Low-Energy Emotions|Helplessness": -1.3261063891999862,
    "Negative Low-Energy Emotions|Contempt": -0.63751877542366,
    "Positive High-Energy Emotions|Astonishment/Surprise": 0.06799496117979276,
    "Positive High-Energy Emotions|Pleasure/Ecstasy": 2.447177516739158,
    "Negative Low-Energy Emotions|Doubt": -1.3387801239995614,
    "Negative High-Energy Emotions|Anger": -0.09527808964252493,
    "Positive Low-Energy Emotions|Contentment": 5.167840634875876,
    "Positive Low-Energy Emotions|Relief": 0.371566995180705,
    "Positive High-Energy Emotions|Amusement": 5.090607155291911,
    "Longing & Lust|Longing": 0.8515779578333775,
    "Positive High-Energy Emotions|Awe": 0.3846030311768547,
    "Physical and Exhaustive States|Fatigue/Exhaustion": -0.3386479418045457,
    "Negative Low-Energy Emotions|Bitterness": -0.6210848569344072,
    "Negative High-Energy Emotions|Disgust": -0.4349851982996744,
    "Positive Low-Energy Emotions|Thankfulness/Gratitude": 5.495919938198126,
    "Positive High-Energy Emotions|Teasing": 0.17743280841804598,
    "Physical and Exhaustive States|Intoxication/Altered States of Consciousness": 0.4440668829442824,
    "Positive Low-Energy Emotions|Pride": 1.1758788395037545,
    "Negative Low-Energy Emotions|Embarrassment": -0.9738042524939075,
    "Positive Low-Energy Emotions|Affection": 3.2730612537703094,
    "Negative Low-Energy Emotions|Sadness": -0.15814074288396274,
    "Negative Low-Energy Emotions|Shame": -0.8336368209145525,
    "Positive High-Energy Emotions|Triumph": -0.15870241535060547,
    "Cognitive States and Processes|Concentration": -1.3861523267057012,
    "Physical and Exhaustive States|Sourness": -0.46086030250415205,
    "Physical and Exhaustive States|Pain": 0.004236261756981108,
    "Negative High-Energy Emotions|Fear": -1.2721031103436562
  }
}