{
  "key": [
    "projects",
    "empathic-insight-face-large",
    "mj_data_87_U4.png"
  ],
  "value": {
    "Negative High-Energy Emotions|Malevolence/Malice": 0.26480931152534826,
    "Negative Low-Energy Emotions|Jealousy & Envy": 0.437862233177704,
    "Longing & Lust|Infatuation": 0.2897388153172591,
    "Cognitive States and Processes|Confusion": -1.9272110526586939,
    "Longing & Lust|Sexual Lust": 0.5411584948704524,
    "Positive High-Energy Emotions|Hope/Enthusiasm/Optimism": 0.057604100112529366,
    "Positive High-Energy Emotions|Interest": 1.4019504902884363,
    "Positive High-Energy Emotions|Elation": -0.35061948033159274,
    "Negative Low-Energy Emotions|Disappointment": -0.8658732962411118,
    "Negative High-Energy Emotions|Distress": -0.5151353058569572,
    "Positive Low-Energy Emotions|Contemplation": 1.1882153113493148,
    "Negative Low-Energy Emotions|Emotional Numbness": -1.111733863938819,
    "Negative High-Energy Emotions|Impatience and Irritability": -0.5350225614383817,
    "Negative Low-Energy Emotions|Helplessness": -1.108618815576329,
    "Negative Low-Energy Emotions|Contempt": 0.8069946647084811,
    "Positive High-Energy Emotions|Astonishment/Surprise": -0.25865327414125217,
    "Positive High-Energy Emotions|Pleasure/Ecstasy": 1.306844959478168,
    "Negative Low-Energy Emotions|Doubt": -0.2896179745702402,
    "Negative High-Energy Emotions|Anger": 0.052827770113944794,
    "Positive Low-Energy Emotions|Contentment": -0.973103369182962,
    "Positive Low-Energy Emotions|Relief": -1.1182715453733416,
    "Positive High-Energy Emotions|Amusement": 0.2423754820512498,
    "Longing & Lust|Longing": 0.35539503928479355,
    "Positive High-Energy Emotions|Awe": -0.17117869089193194,
    "Physical and Exhaustive States|Fatigue/Exhaustion": -0.8303259413010057,
    "Negative Low-Energy Emotions|Bitterness": 0.928193283133647,
    "Negative High-Energy Emotions|Disgust": -0.12482062749126377,
    "Positive Low-Energy Emotions|Thankfulness/Gratitude": 2.7410366041574847,
    "Positive High-Energy Emotions|Teasing": 0.11857131435371493,
    "Physical and Exhaustive States|Intoxication/Altered States of Consciousness": 0.8207388826371993,
    "Positive Low-Energy Emotions|Pride": 1.3726425933947457,
    "Negative Low-Energy Emotions|Embarrassment": -1.2879305056219592,
    "Positive Low-Energy Emotions|Affection": 1.2920710823378143,
    "Negative Low-Energy Emotions|Sadness": -0.23385378132848178,
    "Negative Low-Energy Emotions|Shame": -0.17152029335717944,
    "Positive High-Energy Emotions|Triumph": 0.649853247281383,
    "Cognitive States and Processes|Concentration": 0.42513388430809274,
    "Physical and Exhaustive States|Sourness": -0.07654981857165694,
    "Physical and Exhaustive States|Pain": -0.3326336933058851,
    "Negative High-Energy Emotions|Fear": 0.25204034706906353
  }
}