{
  "key": [
    "projects",
    "empathic-insight-face-large",
    "mj_data_245_U1.png"
  ],
  "value": {
    "Negative High-Energy Emotions|Malevolence/Malice": 0.40280377973747594,
    "Negative Low-Energy Emotions|Jealousy & Envy": -0.016545101149993746,
    "Longing & Lust|Infatuation": -2.1942473239802265,
    "Cognitive States and Processes|Confusion": -0.3795129125143457,
    "Longing & Lust|Sexual Lust": -1.5469816351725774,
    "Positive High-Energy Emotions|Hope/Enthusiasm/Optimism": -1.1783791524128002,
    "Positive High-Energy Emotions|Interest": -1.734092819876969,
    "Positive High-Energy Emotions|Elation": -1.338093921859913,
    "Negative Low-Energy Emotions|Disappointment": 3.261731903572731,
    "Negative High-Energy Emotions|Distress": 1.9588815989739754,
    "Positive Low-Energy Emotions|Contemplation": 1.6091059406408492,
    "Negative Low-Energy Emotions|Emotional Numbness": -0.15992603718138793,
    "Negative High-Energy Emotions|Impatience and Irritability": -0.3487644838169217,
    "Negative Low-Energy Emotions|Helplessness": 1.6617976230032303,
    "Negative Low-Energy Emotions|Contempt": 0.42251359228263885,
    "Positive High-Energy Emotions|Astonishment/Surprise": -0.09074698980897677,
    "Positive High-Energy Emotions|Pleasure/Ecstasy": 1.9271661513254923,
    "Negative Low-Energy Emotions|Doubt": 0.08834066588595947,
    "Negative High-Energy Emotions|Anger": 0.9410285300016401,
    "Positive Low-Energy Emotions|Contentment": -2.0167487511104523,
    "Positive Low-Energy Emotions|Relief": -0.7915861167539568,
    "Positive High-Energy Emotions|Amusement": -1.1236863246275222,
    "Longing & Lust|Longing": 0.7834892624264638,
    "Positive High-Energy Emotions|Awe": 0.141730793017675,
    "Physical and Exhaustive States|Fatigue/Exhaustion": 1.2559789319270673,
    "Negative Low-Energy Emotions|Bitterness": 2.1990369082023116,
    "Negative High-Energy Emotions|Disgust": 1.6288000864579397,
    "Positive Low-Energy Emotions|Thankfulness/Gratitude": -0.4726991700019467,
    "Positive High-Energy Emotions|Teasing": -1.3587590126802818,
    "Physical and Exhaustive States|Intoxication/Altered States of Consciousness": 0.07543838105219258,
    "Positive Low-Energy Emotions|Pride": -0.7424203884492026,
    "Negative Low-Energy Emotions|Embarrassment": -0.23064018999390745,
    "Positive Low-Energy Emotions|Affection": 0.26319650624604785,
    "Negative Low-Energy Emotions|Sadness": 2.3223932145974215,
    "Negative Low-Energy Emotions|Shame": 0.48434314071912976,
    "Positive High-Energy Emotions|Triumph": -1.7137611926829113,
    "Cognitive States and Processes|Concentration": -0.4131708588626455,
    "Physical and Exhaustive States|Sourness": -0.08538921719416975,
    "Physical and Exhaustive States|Pain": 1.2681543039399035,
    "Negative High-Energy Emotions|Fear": 0.7111629452402977
  }
}