{
  "key": [
    "projects",
    "empathic-insight-face-large",
    "mj_data_154_U4.png"
  ],
  "value": {
    "Negative High-Energy Emotions|Malevolence/Malice": -0.7332234967784848,
    "Negative Low-Energy Emotions|Jealousy & Envy": -1.3010883769831236,
    "Longing & Lust|Infatuation": -1.262965280523195,
    "Cognitive States and Processes|Confusion": -2.4025070731665066,
    "Longing & Lust|Sexual Lust": 0.20035546771743729,
    "Positive High-Energy Emotions|Hope/Enthusiasm/Optimism": 2.8457069653316456,
    "Positive High-Energy Emotions|Interest": 0.4357276564463973,
    "Positive High-Energy Emotions|Elation": 5.291610791961498,
    "Negative Low-Energy Emotions|Disappointment": -0.7107681822579575,
    "Negative High-Energy Emotions|Distress": -0.710400360559716,
    "Positive Low-Energy Emotions|Contemplation": -0.030694607912617577,
    "Negative Low-Energy Emotions|Emotional Numbness": -2.3997110825667485,
    "Negative High-Energy Emotions|Impatience and Irritability": -0.03725630510598421,
    "Negative Low-Energy Emotions|Helplessness": 0.07629487928222212,
    "Negative Low-Energy Emotions|Contempt": -0.8050090193354031,
    "Positive High-Energy Emotions|Astonishment/Surprise": -0.5123709350451828,
    "Positive High-Energy Emotions|Pleasure/Ecstasy": 3.307304846565513,
    "Negative Low-Energy Emotions|Doubt": -2.1158338377980845,
    "Negative High-Energy Emotions|Anger": 1.1325382536649702,
    "Positive Low-Energy Emotions|Contentment": 1.7977911582523407,
    "Positive Low-Energy Emotions|Relief": 1.8049568972955732,
    "Positive High-Energy Emotions|Amusement": 4.900118339984294,
    "Longing & Lust|Longing": 0.35063036319073837,
    "Positive High-Energy Emotions|Awe": -0.021898142796228814,
    "Physical and Exhaustive States|Fatigue/Exhaustion": -0.779107550836223,
    "Negative Low-Energy Emotions|Bitterness": -0.9227689980934648,
    "Negative High-Energy Emotions|Disgust": -0.3712182419703287,
    "Positive Low-Energy Emotions|Thankfulness/Gratitude": 2.9664615644131076,
    "Positive High-Energy Emotions|Teasing": -0.05416312501930143,
    "Physical and Exhaustive States|Intoxication/Altered States of Consciousness": -0.32494294562322246,
    "Positive Low-Energy Emotions|Pride": 1.0077414083590401,
    "Negative Low-Energy Emotions|Embarrassment": -0.995435493338634,
    "Positive Low-Energy Emotions|Affection": 2.999810912354904,
    "Negative Low-Energy Emotions|Sadness": -0.7456488252737943,
    "Negative Low-Energy Emotions|Shame": -0.9699187880776384,
    "Positive High-Energy Emotions|Triumph": 0.11479391443378784,
    "Cognitive States and Processes|Concentration": -0.5448096390988897,
    "Physical and Exhaustive States|Sourness": -0.9569097066484391,
    "Physical and Exhaustive States|Pain": 1.0351127790528185,
    "Negative High-Energy Emotions|Fear": -1.1338949594800087
  }
}