{
  "key": [
    "projects",
    "empathic-insight-face-large",
    "mj_data_234_U2.png"
  ],
  "value": {
    "Negative High-Energy Emotions|Malevolence/Malice": -0.3860505212383236,
    "Negative Low-Energy Emotions|Jealousy & Envy": -0.6321242294153746,
    "Longing & Lust|Infatuation": -1.1775289363764665,
    "Cognitive States and Processes|Confusion": 0.3153003389810156,
    "Longing & Lust|Sexual Lust": -1.4164791727854924,
    "Positive High-Energy Emotions|Hope/Enthusiasm/Optimism": -1.4739762288288158,
    "Positive High-Energy Emotions|Interest": -1.7290230872109533,
    "Positive High-Energy Emotions|Elation": -1.9118229600984384,
    "Negative Low-Energy Emotions|Disappointment": 3.5901186871725845,
    "Negative High-Energy Emotions|Distress": 1.902758819127784,
    "Positive Low-Energy Emotions|Contemplation": 1.3174384196409408,
    "Negative Low-Energy Emotions|Emotional Numbness": -0.02821984409190276,
    "Negative High-Energy Emotions|Impatience and Irritability": 0.1314927889034152,
    "Negative Low-Energy Emotions|Helplessness": 1.6251610320455887,
    "Negative Low-Energy Emotions|Contempt": 0.856145250836716,
    "Positive High-Energy Emotions|Astonishment/Surprise": 0.18408478204160916,
    "Positive High-Energy Emotions|Pleasure/Ecstasy": 0.3249317281649393,
    "Negative Low-Energy Emotions|Doubt": 0.12242525417522034,
    "Negative High-Energy Emotions|Anger": 0.5802804774045942,
    "Positive Low-Energy Emotions|Contentment": -1.3584431061214386,
    "Positive Low-Energy Emotions|Relief": -1.1609046020139666,
    "Positive High-Energy Emotions|Amusement": -1.5410752406431472,
    "Longing & Lust|Longing": 0.6343751752024571,
    "Positive High-Energy Emotions|Awe": 0.2354195194428459,
    "Physical and Exhaustive States|Fatigue/Exhaustion": 1.3252293367618146,
    "Negative Low-Energy Emotions|Bitterness": 1.3144686639834853,
    "Negative High-Energy Emotions|Disgust": 1.8454426450326162,
    "Positive Low-Energy Emotions|Thankfulness/Gratitude": 0.757099862209357,
    "Positive High-Energy Emotions|Teasing": -0.9260220198442831,
    "Physical and Exhaustive States|Intoxication/Altered States of Consciousness": 0.48088389716165914,
    "Positive Low-Energy Emotions|Pride": -1.729600114811431,
    "Negative Low-Energy Emotions|Embarrassment": 0.16816626275725222,
    "Positive Low-Energy Emotions|Affection": -0.16183903004316724,
    "Negative Low-Energy Emotions|Sadness": 2.500076210393625,
    "Negative Low-Energy Emotions|Shame": 0.5426421457507155,
    "Positive High-Energy Emotions|Triumph": -2.8048577131068004,
    "Cognitive States and Processes|Concentration": -0.3677938576963018,
    "Physical and Exhaustive States|Sourness": -0.00411551242694258,
    "Physical and Exhaustive States|Pain": 1.3782281087952502,
    "Negative High-Energy Emotions|Fear": 0.7129253353770164
  }
}