{
  "key": [
    "projects",
    "empathic-insight-face-large",
    "mj_data_203_U4.png"
  ],
  "value": {
    "Negative High-Energy Emotions|Malevolence/Malice": -0.7716460813121762,
    "Negative Low-Energy Emotions|Jealousy & Envy": -0.36749188516946396,
    "Longing & Lust|Infatuation": 0.12391189862261798,
    "Cognitive States and Processes|Confusion": -2.804936177017825,
    "Longing & Lust|Sexual Lust": -0.8908320093943791,
    "Positive High-Energy Emotions|Hope/Enthusiasm/Optimism": 2.096549119357677,
    "Positive High-Energy Emotions|Interest": 0.1140845535323024,
    "Positive High-Energy Emotions|Elation": 3.622299030105419,
    "Negative Low-Energy Emotions|Disappointment": 0.35507444622104645,
    "Negative High-Energy Emotions|Distress": -0.7663519558661125,
    "Positive Low-Energy Emotions|Contemplation": 1.22881024676649,
    "Negative Low-Energy Emotions|Emotional Numbness": -1.5905549031386481,
    "Negative High-Energy Emotions|Impatience and Irritability": -0.9590840982273221,
    "Negative Low-Energy Emotions|Helplessness": -0.7616239387147566,
    "Negative Low-Energy Emotions|Contempt": -0.5552784323297879,
    "Positive High-Energy Emotions|Astonishment/Surprise": -0.6209117084369065,
    "Positive High-Energy Emotions|Pleasure/Ecstasy": 2.9889788501665873,
    "Negative Low-Energy Emotions|Doubt": -0.7745537350682871,
    "Negative High-Energy Emotions|Anger": -0.4651196652650835,
    "Positive Low-Energy Emotions|Contentment": 0.647178327136618,
    "Positive Low-Energy Emotions|Relief": 1.422058670915225,
    "Positive High-Energy Emotions|Amusement": 4.451300848452922,
    "Longing & Lust|Longing": 0.32049556609448593,
    "Positive High-Energy Emotions|Awe": 0.002346165675450873,
    "Physical and Exhaustive States|Fatigue/Exhaustion": -0.2235482733017381,
    "Negative Low-Energy Emotions|Bitterness": 0.6318541288901778,
    "Negative High-Energy Emotions|Disgust": 0.08812292643329678,
    "Positive Low-Energy Emotions|Thankfulness/Gratitude": 2.5411864323530566,
    "Positive High-Energy Emotions|Teasing": 0.13723936988807772,
    "Physical and Exhaustive States|Intoxication/Altered States of Consciousness": -0.13393652358037578,
    "Positive Low-Energy Emotions|Pride": 1.3575025367846383,
    "Negative Low-Energy Emotions|Embarrassment": -0.9346676043158069,
    "Positive Low-Energy Emotions|Affection": 3.2932190677961883,
    "Negative Low-Energy Emotions|Sadness": 0.6052265970847186,
    "Negative Low-Energy Emotions|Shame": -0.40538257420282153,
    "Positive High-Energy Emotions|Triumph": -0.1639436007773175,
    "Cognitive States and Processes|Concentration": -0.9498892422940801,
    "Physical and Exhaustive States|Sourness": 0.06357015127316118,
    "Physical and Exhaustive States|Pain": -0.2301244331282728,
    "Negative High-Energy Emotions|Fear": -0.8905322943036171
  }
}