{
  "key": [
    "projects",
    "empathic-insight-face-large",
    "mj_data_234_U3.png"
  ],
  "value": {
    "Negative High-Energy Emotions|Malevolence/Malice": -0.5744624723033871,
    "Negative Low-Energy Emotions|Jealousy & Envy": -0.4884505710444029,
    "Longing & Lust|Infatuation": 0.3243313841916182,
    "Cognitive States and Processes|Confusion": -1.3911354606176782,
    "Longing & Lust|Sexual Lust": -0.2058468485667424,
    "Positive High-Energy Emotions|Hope/Enthusiasm/Optimism": 1.3369298386617618,
    "Positive High-Energy Emotions|Interest": 0.7197029111906886,
    "Positive High-Energy Emotions|Elation": 1.882687464038677,
    "Negative Low-Energy Emotions|Disappointment": -0.5092856478493881,
    "Negative High-Energy Emotions|Distress": -0.8180015263312004,
    "Positive Low-Energy Emotions|Contemplation": 1.1405844052442733,
    "Negative Low-Energy Emotions|Emotional Numbness": -1.4247300130019294,
    "Negative High-Energy Emotions|Impatience and Irritability": -0.5692229913547635,
    "Negative Low-Energy Emotions|Helplessness": -0.15742667499710528,
    "Negative Low-Energy Emotions|Contempt": -0.17425979371894806,
    "Positive High-Energy Emotions|Astonishment/Surprise": 0.059138664640486116,
    "Positive High-Energy Emotions|Pleasure/Ecstasy": 2.8030739896700663,
    "Negative Low-Energy Emotions|Doubt": -1.0457405636815682,
    "Negative High-Energy Emotions|Anger": 0.37444632709026315,
    "Positive Low-Energy Emotions|Contentment": 1.6891689649158539,
    "Positive Low-Energy Emotions|Relief": -0.18017967125072198,
    "Positive High-Energy Emotions|Amusement": 3.887419570414897,
    "Longing & Lust|Longing": 0.3804326259737889,
    "Positive High-Energy Emotions|Awe": 0.342876918811132,
    "Physical and Exhaustive States|Fatigue/Exhaustion": -0.38911185667576154,
    "Negative Low-Energy Emotions|Bitterness": -0.24976949686513228,
    "Negative High-Energy Emotions|Disgust": 0.5611943823888021,
    "Positive Low-Energy Emotions|Thankfulness/Gratitude": 4.046153898349798,
    "Positive High-Energy Emotions|Teasing": 0.2718689770887003,
    "Physical and Exhaustive States|Intoxication/Altered States of Consciousness": 1.3089451499940719,
    "Positive Low-Energy Emotions|Pride": 0.7777244615664377,
    "Negative Low-Energy Emotions|Embarrassment": -0.7971308401709094,
    "Positive Low-Energy Emotions|Affection": 2.8452522537550506,
    "Negative Low-Energy Emotions|Sadness": 0.005001521005350007,
    "Negative Low-Energy Emotions|Shame": -0.6813331252358416,
    "Positive High-Energy Emotions|Triumph": -0.5002731130754247,
    "Cognitive States and Processes|Concentration": -0.8245396759536336,
    "Physical and Exhaustive States|Sourness": -0.40303819423541426,
    "Physical and Exhaustive States|Pain": 0.6476875948029406,
    "Negative High-Energy Emotions|Fear": -0.7186153326336953
  }
}