{
  "key": [
    "projects",
    "empathic-insight-face-large",
    "mj_data_196_U2.png"
  ],
  "value": {
    "Negative High-Energy Emotions|Malevolence/Malice": -1.140227376325604,
    "Negative Low-Energy Emotions|Jealousy & Envy": -2.1314638099512635,
    "Longing & Lust|Infatuation": -1.3071113414667985,
    "Cognitive States and Processes|Confusion": -2.9187018935705593,
    "Longing & Lust|Sexual Lust": -0.2603669787242131,
    "Positive High-Energy Emotions|Hope/Enthusiasm/Optimism": 3.949844028358074,
    "Positive High-Energy Emotions|Interest": 0.30635119657963517,
    "Positive High-Energy Emotions|Elation": 6.488216951171703,
    "Negative Low-Energy Emotions|Disappointment": -1.3888938021462631,
    "Negative High-Energy Emotions|Distress": -2.4672784981482168,
    "Positive Low-Energy Emotions|Contemplation": -1.609133962809163,
    "Negative Low-Energy Emotions|Emotional Numbness": -1.9698831540236579,
    "Negative High-Energy Emotions|Impatience and Irritability": -0.5144353555515409,
    "Negative Low-Energy Emotions|Helplessness": -2.175293048059239,
    "Negative Low-Energy Emotions|Contempt": -1.2488895773493192,
    "Positive High-Energy Emotions|Astonishment/Surprise": -0.004160991273820525,
    "Positive High-Energy Emotions|Pleasure/Ecstasy": 3.567773687164573,
    "Negative Low-Energy Emotions|Doubt": -2.6033099482564586,
    "Negative High-Energy Emotions|Anger": 1.2445461100339887,
    "Positive Low-Energy Emotions|Contentment": 6.060456430011374,
    "Positive Low-Energy Emotions|Relief": 2.8977400503526716,
    "Positive High-Energy Emotions|Amusement": 5.201249111621257,
    "Longing & Lust|Longing": -0.049227813517483066,
    "Positive High-Energy Emotions|Awe": 0.6350617485230461,
    "Physical and Exhaustive States|Fatigue/Exhaustion": -0.43990931913914044,
    "Negative Low-Energy Emotions|Bitterness": -1.89794223303304,
    "Negative High-Energy Emotions|Disgust": -0.6814885514185709,
    "Positive Low-Energy Emotions|Thankfulness/Gratitude": 4.73931121360401,
    "Positive High-Energy Emotions|Teasing": 0.6529039622733698,
    "Physical and Exhaustive States|Intoxication/Altered States of Consciousness": -0.5299044839380418,
    "Positive Low-Energy Emotions|Pride": 1.3152004051318062,
    "Negative Low-Energy Emotions|Embarrassment": -0.6991019419317737,
    "Positive Low-Energy Emotions|Affection": 3.3668401024183807,
    "Negative Low-Energy Emotions|Sadness": -1.0323565841772977,
    "Negative Low-Energy Emotions|Shame": -1.6596989041588763,
    "Positive High-Energy Emotions|Triumph": 0.6586708008015857,
    "Cognitive States and Processes|Concentration": -1.117843687179334,
    "Physical and Exhaustive States|Sourness": -1.4011449122987687,
    "Physical and Exhaustive States|Pain": 0.031834165962303373,
    "Negative High-Energy Emotions|Fear": -1.4610796366040322
  }
}