{
  "key": [
    "projects",
    "empathic-insight-face-large",
    "mj_data_224_U1.png"
  ],
  "value": {
    "Negative High-Energy Emotions|Malevolence/Malice": -1.0067175019817318,
    "Negative Low-Energy Emotions|Jealousy & Envy": -1.9187002620539244,
    "Longing & Lust|Infatuation": -0.8278957195185563,
    "Cognitive States and Processes|Confusion": -3.41255307841553,
    "Longing & Lust|Sexual Lust": -0.7901530886485295,
    "Positive High-Energy Emotions|Hope/Enthusiasm/Optimism": 3.9379698294444996,
    "Positive High-Energy Emotions|Interest": 0.6642261264845729,
    "Positive High-Energy Emotions|Elation": 7.242553069869823,
    "Negative Low-Energy Emotions|Disappointment": -1.719342429618187,
    "Negative High-Energy Emotions|Distress": -3.2697146115057607,
    "Positive Low-Energy Emotions|Contemplation": -1.1478887836328324,
    "Negative Low-Energy Emotions|Emotional Numbness": -2.2332610589156254,
    "Negative High-Energy Emotions|Impatience and Irritability": -1.2934418367221951,
    "Negative Low-Energy Emotions|Helplessness": -1.645380576287999,
    "Negative Low-Energy Emotions|Contempt": -1.3572107672296903,
    "Positive High-Energy Emotions|Astonishment/Surprise": -0.26475345190614474,
    "Positive High-Energy Emotions|Pleasure/Ecstasy": 3.8889247053072733,
    "Negative Low-Energy Emotions|Doubt": -2.568152267744984,
    "Negative High-Energy Emotions|Anger": -0.19356233417987845,
    "Positive Low-Energy Emotions|Contentment": 4.82011166720925,
    "Positive Low-Energy Emotions|Relief": 3.057235642469981,
    "Positive High-Energy Emotions|Amusement": 6.579938877551433,
    "Longing & Lust|Longing": 0.3439747297411839,
    "Positive High-Energy Emotions|Awe": 0.1730369405930534,
    "Physical and Exhaustive States|Fatigue/Exhaustion": -0.5672098200088914,
    "Negative Low-Energy Emotions|Bitterness": -1.0487417458961992,
    "Negative High-Energy Emotions|Disgust": -0.693749942104606,
    "Positive Low-Energy Emotions|Thankfulness/Gratitude": 5.184711690059698,
    "Positive High-Energy Emotions|Teasing": 1.0574811430165871,
    "Physical and Exhaustive States|Intoxication/Altered States of Consciousness": 0.213947475767311,
    "Positive Low-Energy Emotions|Pride": 1.2402466106524361,
    "Negative Low-Energy Emotions|Embarrassment": -1.1285593680029407,
    "Positive Low-Energy Emotions|Affection": 3.6782433769545135,
    "Negative Low-Energy Emotions|Sadness": -0.8226612449744168,
    "Negative Low-Energy Emotions|Shame": -1.3655194646141986,
    "Positive High-Energy Emotions|Triumph": 0.4221350132191882,
    "Cognitive States and Processes|Concentration": -2.119672596099622,
    "Physical and Exhaustive States|Sourness": -0.8028224015794694,
    "Physical and Exhaustive States|Pain": -0.361197908012306,
    "Negative High-Energy Emotions|Fear": -1.7038133535687539
  }
}