{
  "key": [
    "projects",
    "empathic-insight-face-large",
    "mj_data_283_U4.png"
  ],
  "value": {
    "Negative High-Energy Emotions|Malevolence/Malice": -0.8719199288921322,
    "Negative Low-Energy Emotions|Jealousy & Envy": -1.6442339858851012,
    "Longing & Lust|Infatuation": -1.8025632686518571,
    "Cognitive States and Processes|Confusion": -1.6338253085638452,
    "Longing & Lust|Sexual Lust": -0.9561176920726018,
    "Positive High-Energy Emotions|Hope/Enthusiasm/Optimism": 1.6278562504096943,
    "Positive High-Energy Emotions|Interest": -0.12988739032298324,
    "Positive High-Energy Emotions|Elation": 4.718461945335216,
    "Negative Low-Energy Emotions|Disappointment": 0.2641958403784561,
    "Negative High-Energy Emotions|Distress": -0.2664326680057189,
    "Positive Low-Energy Emotions|Contemplation": 0.8990600665220443,
    "Negative Low-Energy Emotions|Emotional Numbness": -1.71891398249961,
    "Negative High-Energy Emotions|Impatience and Irritability": -0.47857839334756136,
    "Negative Low-Energy Emotions|Helplessness": -0.06027468029190508,
    "Negative Low-Energy Emotions|Contempt": -0.8269351839624783,
    "Positive High-Energy Emotions|Astonishment/Surprise": -0.18986069258302463,
    "Positive High-Energy Emotions|Pleasure/Ecstasy": 3.0467512481615824,
    "Negative Low-Energy Emotions|Doubt": -1.7615630219487801,
    "Negative High-Energy Emotions|Anger": 0.4683377093076704,
    "Positive Low-Energy Emotions|Contentment": 2.523989712291342,
    "Positive Low-Energy Emotions|Relief": 1.2104449599455385,
    "Positive High-Energy Emotions|Amusement": 5.2559003719972335,
    "Longing & Lust|Longing": 0.21095271941479843,
    "Positive High-Energy Emotions|Awe": 0.10985601713113935,
    "Physical and Exhaustive States|Fatigue/Exhaustion": 0.3935544390910689,
    "Negative Low-Energy Emotions|Bitterness": -0.7384363889168291,
    "Negative High-Energy Emotions|Disgust": 0.4582720620228964,
    "Positive Low-Energy Emotions|Thankfulness/Gratitude": 4.113485331646002,
    "Positive High-Energy Emotions|Teasing": 0.198822173614274,
    "Physical and Exhaustive States|Intoxication/Altered States of Consciousness": 0.05481696209925069,
    "Positive Low-Energy Emotions|Pride": -0.046593455661307376,
    "Negative Low-Energy Emotions|Embarrassment": 0.39792363132185793,
    "Positive Low-Energy Emotions|Affection": 3.0792329094252167,
    "Negative Low-Energy Emotions|Sadness": 0.5102747439286288,
    "Negative Low-Energy Emotions|Shame": -0.6864917880318621,
    "Positive High-Energy Emotions|Triumph": -1.1765021504198803,
    "Cognitive States and Processes|Concentration": -1.390704273822553,
    "Physical and Exhaustive States|Sourness": -0.3559599423967302,
    "Physical and Exhaustive States|Pain": 0.6666640447693712,
    "Negative High-Energy Emotions|Fear": -1.1643090639416787
  }
}