{
  "key": [
    "projects",
    "empathic-insight-face-large",
    "mj_data_40_U3.png"
  ],
  "value": {
    "Negative High-Energy Emotions|Malevolence/Malice": 0.4428976785106693,
    "Negative Low-Energy Emotions|Jealousy & Envy": 1.2119307116725866,
    "Longing & Lust|Infatuation": -0.07440872858990644,
    "Cognitive States and Processes|Confusion": -1.7125432555700708,
    "Longing & Lust|Sexual Lust": -0.16472989567062424,
    "Positive High-Energy Emotions|Hope/Enthusiasm/Optimism": -0.43829176246681634,
    "Positive High-Energy Emotions|Interest": 0.01105646472424271,
    "Positive High-Energy Emotions|Elation": 0.5317478921812246,
    "Negative Low-Energy Emotions|Disappointment": 2.0876460480887222,
    "Negative High-Energy Emotions|Distress": -0.5683129606001518,
    "Positive Low-Energy Emotions|Contemplation": 0.660622056306285,
    "Negative Low-Energy Emotions|Emotional Numbness": -1.350747535813819,
    "Negative High-Energy Emotions|Impatience and Irritability": -0.9531608270481229,
    "Negative Low-Energy Emotions|Helplessness": 0.24934617694686445,
    "Negative Low-Energy Emotions|Contempt": 1.2657471776403049,
    "Positive High-Energy Emotions|Astonishment/Surprise": -0.10251866873353732,
    "Positive High-Energy Emotions|Pleasure/Ecstasy": 0.6027161353037638,
    "Negative Low-Energy Emotions|Doubt": 0.4638762881250723,
    "Negative High-Energy Emotions|Anger": -0.2857053929567339,
    "Positive Low-Energy Emotions|Contentment": -3.327281320995706,
    "Positive Low-Energy Emotions|Relief": -0.9445540465940447,
    "Positive High-Energy Emotions|Amusement": 1.0541993269609178,
    "Longing & Lust|Longing": 0.047350367272464444,
    "Positive High-Energy Emotions|Awe": -0.34625851343221514,
    "Physical and Exhaustive States|Fatigue/Exhaustion": -0.048030356622355774,
    "Negative Low-Energy Emotions|Bitterness": 2.0737156689692946,
    "Negative High-Energy Emotions|Disgust": 1.3046774191453177,
    "Positive Low-Energy Emotions|Thankfulness/Gratitude": 0.6687602950249087,
    "Positive High-Energy Emotions|Teasing": 0.27051809741951083,
    "Physical and Exhaustive States|Intoxication/Altered States of Consciousness": 0.37479287467020406,
    "Positive Low-Energy Emotions|Pride": 0.945474462520112,
    "Negative Low-Energy Emotions|Embarrassment": 1.4912062116975293,
    "Positive Low-Energy Emotions|Affection": 0.4400166652044829,
    "Negative Low-Energy Emotions|Sadness": 0.5001200198075351,
    "Negative Low-Energy Emotions|Shame": 0.38215291440267773,
    "Positive High-Energy Emotions|Triumph": -0.6627473951613202,
    "Cognitive States and Processes|Concentration": -0.4322946515109609,
    "Physical and Exhaustive States|Sourness": 0.20660557800903917,
    "Physical and Exhaustive States|Pain": 0.15510181656655142,
    "Negative High-Energy Emotions|Fear": 0.2034377660448936
  }
}