{
  "key": [
    "projects",
    "empathic-insight-face-large",
    "mj_data_303_U1.png"
  ],
  "value": {
    "Negative High-Energy Emotions|Malevolence/Malice": -0.9328551877574887,
    "Negative Low-Energy Emotions|Jealousy & Envy": -0.3788552722773131,
    "Longing & Lust|Infatuation": 1.7117613368130782,
    "Cognitive States and Processes|Confusion": -2.2374961440588406,
    "Longing & Lust|Sexual Lust": 2.208195575843839,
    "Positive High-Energy Emotions|Hope/Enthusiasm/Optimism": 2.507840420608135,
    "Positive High-Energy Emotions|Interest": 1.447554480843246,
    "Positive High-Energy Emotions|Elation": 6.52683170108015,
    "Negative Low-Energy Emotions|Disappointment": -0.6030723643105698,
    "Negative High-Energy Emotions|Distress": -4.22151567313601,
    "Positive Low-Energy Emotions|Contemplation": -0.22668058079393472,
    "Negative Low-Energy Emotions|Emotional Numbness": -1.9054667454848395,
    "Negative High-Energy Emotions|Impatience and Irritability": -3.602958028204739,
    "Negative Low-Energy Emotions|Helplessness": -1.2020834285371444,
    "Negative Low-Energy Emotions|Contempt": -1.460643899401321,
    "Positive High-Energy Emotions|Astonishment/Surprise": 0.8299691766873001,
    "Positive High-Energy Emotions|Pleasure/Ecstasy": 4.124146806518821,
    "Negative Low-Energy Emotions|Doubt": -2.027914721777882,
    "Negative High-Energy Emotions|Anger": -1.7151308709383013,
    "Positive Low-Energy Emotions|Contentment": 2.7804393818908753,
    "Positive Low-Energy Emotions|Relief": 0.8877738557230024,
    "Positive High-Energy Emotions|Amusement": 5.694948662249919,
    "Longing & Lust|Longing": 0.5685822867995183,
    "Positive High-Energy Emotions|Awe": 1.538252599734594,
    "Physical and Exhaustive States|Fatigue/Exhaustion": -1.6645680467850146,
    "Negative Low-Energy Emotions|Bitterness": -1.1688126801918535,
    "Negative High-Energy Emotions|Disgust": -1.0008521454737467,
    "Positive Low-Energy Emotions|Thankfulness/Gratitude": 2.0066645098839175,
    "Positive High-Energy Emotions|Teasing": 1.3283880682180031,
    "Physical and Exhaustive States|Intoxication/Altered States of Consciousness": 1.256244101441082,
    "Positive Low-Energy Emotions|Pride": 1.59691114903592,
    "Negative Low-Energy Emotions|Embarrassment": 0.4223186799401746,
    "Positive Low-Energy Emotions|Affection": 3.5386822006544647,
    "Negative Low-Energy Emotions|Sadness": -0.8123156667807523,
    "Negative Low-Energy Emotions|Shame": -0.7629740840218523,
    "Positive High-Energy Emotions|Triumph": 0.49866457569248535,
    "Cognitive States and Processes|Concentration": -2.745707094314344,
    "Physical and Exhaustive States|Sourness": -0.49768774753436446,
    "Physical and Exhaustive States|Pain": -0.5440811706465833,
    "Negative High-Energy Emotions|Fear": -0.004527488738736762
  }
}