{
  "key": [
    "projects",
    "empathic-insight-face-large",
    "mj_data_68_U1.png"
  ],
  "value": {
    "Negative High-Energy Emotions|Malevolence/Malice": -0.39367693553733485,
    "Negative Low-Energy Emotions|Jealousy & Envy": 0.4319037952580873,
    "Longing & Lust|Infatuation": -1.0396695918940446,
    "Cognitive States and Processes|Confusion": -1.189547306778567,
    "Longing & Lust|Sexual Lust": -0.30804354198715256,
    "Positive High-Energy Emotions|Hope/Enthusiasm/Optimism": 0.8420160073085743,
    "Positive High-Energy Emotions|Interest": -0.19749807137995956,
    "Positive High-Energy Emotions|Elation": -2.6180111620027353,
    "Negative Low-Energy Emotions|Disappointment": 1.387011091728859,
    "Negative High-Energy Emotions|Distress": 1.8159613433129647,
    "Positive Low-Energy Emotions|Contemplation": 2.1300669868597213,
    "Negative Low-Energy Emotions|Emotional Numbness": -0.7949706417212592,
    "Negative High-Energy Emotions|Impatience and Irritability": 1.4607548667117953,
    "Negative Low-Energy Emotions|Helplessness": 0.5271392565615037,
    "Negative Low-Energy Emotions|Contempt": 0.13981138471733123,
    "Positive High-Energy Emotions|Astonishment/Surprise": -0.016979804597795134,
    "Positive High-Energy Emotions|Pleasure/Ecstasy": 0.33549486331203404,
    "Negative Low-Energy Emotions|Doubt": 0.8803868700952872,
    "Negative High-Energy Emotions|Anger": 1.7234646624326704,
    "Positive Low-Energy Emotions|Contentment": -1.0217784294551788,
    "Positive Low-Energy Emotions|Relief": -1.4041668929685565,
    "Positive High-Energy Emotions|Amusement": -2.3991451373411454,
    "Longing & Lust|Longing": 0.75508602496442,
    "Positive High-Energy Emotions|Awe": -0.02766977975911944,
    "Physical and Exhaustive States|Fatigue/Exhaustion": -0.47501395151676495,
    "Negative Low-Energy Emotions|Bitterness": 0.11600251203074174,
    "Negative High-Energy Emotions|Disgust": -0.39400295190074863,
    "Positive Low-Energy Emotions|Thankfulness/Gratitude": -0.23465157020946625,
    "Positive High-Energy Emotions|Teasing": -1.0482287077715293,
    "Physical and Exhaustive States|Intoxication/Altered States of Consciousness": -0.0444850913522874,
    "Positive Low-Energy Emotions|Pride": -0.0865086895117865,
    "Negative Low-Energy Emotions|Embarrassment": -1.885046260703136,
    "Positive Low-Energy Emotions|Affection": 0.5107743597468909,
    "Negative Low-Energy Emotions|Sadness": -0.187148296938223,
    "Negative Low-Energy Emotions|Shame": -0.6880868083260515,
    "Positive High-Energy Emotions|Triumph": -1.3318328083788646,
    "Cognitive States and Processes|Concentration": 0.47333854472374215,
    "Physical and Exhaustive States|Sourness": -0.24950556999072432,
    "Physical and Exhaustive States|Pain": 1.0645636724549181,
    "Negative High-Energy Emotions|Fear": 0.253534516304293
  }
}