{
  "key": [
    "projects",
    "empathic-insight-face-large",
    "mj_data_371_U1.png"
  ],
  "value": {
    "Negative High-Energy Emotions|Malevolence/Malice": -1.1511192906932797,
    "Negative Low-Energy Emotions|Jealousy & Envy": -1.8743744335016783,
    "Longing & Lust|Infatuation": 0.9346281402207472,
    "Cognitive States and Processes|Confusion": -3.290102249863284,
    "Longing & Lust|Sexual Lust": -0.6919360781504826,
    "Positive High-Energy Emotions|Hope/Enthusiasm/Optimism": 3.8473254698558765,
    "Positive High-Energy Emotions|Interest": 2.7063032506033777,
    "Positive High-Energy Emotions|Elation": 7.4176104810636705,
    "Negative Low-Energy Emotions|Disappointment": -1.5140611719887924,
    "Negative High-Energy Emotions|Distress": -3.572339075540795,
    "Positive Low-Energy Emotions|Contemplation": -0.19892663162859048,
    "Negative Low-Energy Emotions|Emotional Numbness": -2.3802637559065922,
    "Negative High-Energy Emotions|Impatience and Irritability": -2.22633105982095,
    "Negative Low-Energy Emotions|Helplessness": -2.087331135904088,
    "Negative Low-Energy Emotions|Contempt": -1.5928002714716336,
    "Positive High-Energy Emotions|Astonishment/Surprise": 0.8485939592495559,
    "Positive High-Energy Emotions|Pleasure/Ecstasy": 4.014983522217063,
    "Negative Low-Energy Emotions|Doubt": -2.2959395239858287,
    "Negative High-Energy Emotions|Anger": -1.080246990323067,
    "Positive Low-Energy Emotions|Contentment": 4.71009710937081,
    "Positive Low-Energy Emotions|Relief": 1.5046808562646894,
    "Positive High-Energy Emotions|Amusement": 6.569881905047771,
    "Longing & Lust|Longing": 0.41763879891690414,
    "Positive High-Energy Emotions|Awe": 1.6791602449601188,
    "Physical and Exhaustive States|Fatigue/Exhaustion": -0.9642952482468065,
    "Negative Low-Energy Emotions|Bitterness": -1.3288053750465898,
    "Negative High-Energy Emotions|Disgust": -1.3653655426905436,
    "Positive Low-Energy Emotions|Thankfulness/Gratitude": 3.1470181597385776,
    "Positive High-Energy Emotions|Teasing": 0.6473699541280374,
    "Physical and Exhaustive States|Intoxication/Altered States of Consciousness": -0.4575186959741746,
    "Positive Low-Energy Emotions|Pride": 1.4619122314562691,
    "Negative Low-Energy Emotions|Embarrassment": -1.2708947828894153,
    "Positive Low-Energy Emotions|Affection": 3.624848105653244,
    "Negative Low-Energy Emotions|Sadness": -0.9330540538886014,
    "Negative Low-Energy Emotions|Shame": -1.2818512326500873,
    "Positive High-Energy Emotions|Triumph": 0.5929866014683948,
    "Cognitive States and Processes|Concentration": -2.6074805852201055,
    "Physical and Exhaustive States|Sourness": -0.8311772847734391,
    "Physical and Exhaustive States|Pain": -1.208908040611183,
    "Negative High-Energy Emotions|Fear": -0.1668719444577309
  }
}