{
  "key": [
    "projects",
    "empathic-insight-face-large",
    "mj_data_342_U4.png"
  ],
  "value": {
    "Negative High-Energy Emotions|Malevolence/Malice": -0.892136155469891,
    "Negative Low-Energy Emotions|Jealousy & Envy": -1.5700462303003844,
    "Longing & Lust|Infatuation": -0.1730527467631242,
    "Cognitive States and Processes|Confusion": -2.669983155014651,
    "Longing & Lust|Sexual Lust": 0.7613624905751033,
    "Positive High-Energy Emotions|Hope/Enthusiasm/Optimism": 3.512051250342937,
    "Positive High-Energy Emotions|Interest": 0.9459707854315639,
    "Positive High-Energy Emotions|Elation": 7.605168655196971,
    "Negative Low-Energy Emotions|Disappointment": -1.51256247280056,
    "Negative High-Energy Emotions|Distress": -3.8049316582434316,
    "Positive Low-Energy Emotions|Contemplation": -1.1416347066751298,
    "Negative Low-Energy Emotions|Emotional Numbness": -2.5969926816115483,
    "Negative High-Energy Emotions|Impatience and Irritability": -2.392475430853665,
    "Negative Low-Energy Emotions|Helplessness": -0.9545442659013411,
    "Negative Low-Energy Emotions|Contempt": -1.3799296736322781,
    "Positive High-Energy Emotions|Astonishment/Surprise": 0.05000365678220975,
    "Positive High-Energy Emotions|Pleasure/Ecstasy": 4.105864869873313,
    "Negative Low-Energy Emotions|Doubt": -2.74095972280785,
    "Negative High-Energy Emotions|Anger": -0.5028930360078814,
    "Positive Low-Energy Emotions|Contentment": 5.783337508731467,
    "Positive Low-Energy Emotions|Relief": 2.4245883665452985,
    "Positive High-Energy Emotions|Amusement": 7.233246792285319,
    "Longing & Lust|Longing": 0.388480743134586,
    "Positive High-Energy Emotions|Awe": 0.1996015386765495,
    "Physical and Exhaustive States|Fatigue/Exhaustion": -0.7202106516128953,
    "Negative Low-Energy Emotions|Bitterness": -1.4575263738106279,
    "Negative High-Energy Emotions|Disgust": -0.971577204983024,
    "Positive Low-Energy Emotions|Thankfulness/Gratitude": 4.8218698455009825,
    "Positive High-Energy Emotions|Teasing": 1.1173111529538735,
    "Physical and Exhaustive States|Intoxication/Altered States of Consciousness": 0.17776429734247579,
    "Positive Low-Energy Emotions|Pride": 1.3565284776797188,
    "Negative Low-Energy Emotions|Embarrassment": -0.8745346239691272,
    "Positive Low-Energy Emotions|Affection": 3.491504885896164,
    "Negative Low-Energy Emotions|Sadness": -0.8463004470923368,
    "Negative Low-Energy Emotions|Shame": -1.340021551253603,
    "Positive High-Energy Emotions|Triumph": 0.5320431767667041,
    "Cognitive States and Processes|Concentration": -2.288250982406385,
    "Physical and Exhaustive States|Sourness": -0.35723762756213545,
    "Physical and Exhaustive States|Pain": -0.5839085174483412,
    "Negative High-Energy Emotions|Fear": -1.3395951185528847
  }
}