{
  "key": [
    "projects",
    "empathic-insight-face-large",
    "mj_data_271_U2.png"
  ],
  "value": {
    "Negative High-Energy Emotions|Malevolence/Malice": -0.5856770862178768,
    "Negative Low-Energy Emotions|Jealousy & Envy": -0.8264363250574644,
    "Longing & Lust|Infatuation": -0.5770389623545549,
    "Cognitive States and Processes|Confusion": -2.0620155398870876,
    "Longing & Lust|Sexual Lust": -1.1514316225840764,
    "Positive High-Energy Emotions|Hope/Enthusiasm/Optimism": 0.2059724587245899,
    "Positive High-Energy Emotions|Interest": 0.42853198256343605,
    "Positive High-Energy Emotions|Elation": 0.4205792692106436,
    "Negative Low-Energy Emotions|Disappointment": 0.7878798651892471,
    "Negative High-Energy Emotions|Distress": 0.029134017492041864,
    "Positive Low-Energy Emotions|Contemplation": 1.9758714397558395,
    "Negative Low-Energy Emotions|Emotional Numbness": -0.9723115068564521,
    "Negative High-Energy Emotions|Impatience and Irritability": -0.9426990197971463,
    "Negative Low-Energy Emotions|Helplessness": 0.52685562785934,
    "Negative Low-Energy Emotions|Contempt": -0.483775985201492,
    "Positive High-Energy Emotions|Astonishment/Surprise": -0.375370851121843,
    "Positive High-Energy Emotions|Pleasure/Ecstasy": 1.7310468428538126,
    "Negative Low-Energy Emotions|Doubt": -0.6866839716939585,
    "Negative High-Energy Emotions|Anger": 0.0688809698820112,
    "Positive Low-Energy Emotions|Contentment": -0.3841536888545929,
    "Positive Low-Energy Emotions|Relief": -0.0936029710401507,
    "Positive High-Energy Emotions|Amusement": 3.182423938243266,
    "Longing & Lust|Longing": 1.1079804429059903,
    "Positive High-Energy Emotions|Awe": -0.20072161386556475,
    "Physical and Exhaustive States|Fatigue/Exhaustion": 0.508972157978398,
    "Negative Low-Energy Emotions|Bitterness": 0.23401327138437944,
    "Negative High-Energy Emotions|Disgust": 0.027757607181282618,
    "Positive Low-Energy Emotions|Thankfulness/Gratitude": 2.10315376054386,
    "Positive High-Energy Emotions|Teasing": -0.14767548130058195,
    "Physical and Exhaustive States|Intoxication/Altered States of Consciousness": 0.35462564311045064,
    "Positive Low-Energy Emotions|Pride": 0.6750069427599802,
    "Negative Low-Energy Emotions|Embarrassment": -0.8203747442846789,
    "Positive Low-Energy Emotions|Affection": 2.588034131272751,
    "Negative Low-Energy Emotions|Sadness": 1.5108666776558932,
    "Negative Low-Energy Emotions|Shame": -0.4642255908272722,
    "Positive High-Energy Emotions|Triumph": -0.7569361151491895,
    "Cognitive States and Processes|Concentration": -0.853410020115621,
    "Physical and Exhaustive States|Sourness": -0.13777323609218,
    "Physical and Exhaustive States|Pain": 1.0741237806397326,
    "Negative High-Energy Emotions|Fear": -0.7092724237744423
  }
}