{
  "key": [
    "projects",
    "empathic-insight-face-large",
    "mj_data_334_U4.png"
  ],
  "value": {
    "Negative High-Energy Emotions|Malevolence/Malice": -1.5492973912792172,
    "Negative Low-Energy Emotions|Jealousy & Envy": -2.7253613910517274,
    "Longing & Lust|Infatuation": -1.4581595249079606,
    "Cognitive States and Processes|Confusion": -4.405463463547366,
    "Longing & Lust|Sexual Lust": 0.6675171231434627,
    "Positive High-Energy Emotions|Hope/Enthusiasm/Optimism": 5.510908271674724,
    "Positive High-Energy Emotions|Interest": -2.0163184287026525,
    "Positive High-Energy Emotions|Elation": 9.08597452906782,
    "Negative Low-Energy Emotions|Disappointment": -3.9367017340462875,
    "Negative High-Energy Emotions|Distress": -6.146646994089379,
    "Positive Low-Energy Emotions|Contemplation": -6.001976017176228,
    "Negative Low-Energy Emotions|Emotional Numbness": -3.995579670060645,
    "Negative High-Energy Emotions|Impatience and Irritability": -2.791636769659817,
    "Negative Low-Energy Emotions|Helplessness": -3.151728470956578,
    "Negative Low-Energy Emotions|Contempt": -1.8107608675562283,
    "Positive High-Energy Emotions|Astonishment/Surprise": -0.2840460449084641,
    "Positive High-Energy Emotions|Pleasure/Ecstasy": 5.111860620300559,
    "Negative Low-Energy Emotions|Doubt": -4.2880140135793345,
    "Negative High-Energy Emotions|Anger": -1.1476226502656939,
    "Positive Low-Energy Emotions|Contentment": 6.4456755271488255,
    "Positive Low-Energy Emotions|Relief": 3.2093829355608015,
    "Positive High-Energy Emotions|Amusement": 8.212140072314616,
    "Longing & Lust|Longing": -0.5798030889386256,
    "Positive High-Energy Emotions|Awe": 0.05331171323709638,
    "Physical and Exhaustive States|Fatigue/Exhaustion": -2.2818561594253954,
    "Negative Low-Energy Emotions|Bitterness": -2.6974200486610918,
    "Negative High-Energy Emotions|Disgust": -1.77660278252819,
    "Positive Low-Energy Emotions|Thankfulness/Gratitude": 6.03096103202442,
    "Positive High-Energy Emotions|Teasing": 1.9097730250547036,
    "Physical and Exhaustive States|Intoxication/Altered States of Consciousness": 0.4691100724698867,
    "Positive Low-Energy Emotions|Pride": 1.5779193210711373,
    "Negative Low-Energy Emotions|Embarrassment": -1.9229061773901477,
    "Positive Low-Energy Emotions|Affection": 3.866561867936569,
    "Negative Low-Energy Emotions|Sadness": -2.4767214895346585,
    "Negative Low-Energy Emotions|Shame": -2.1670259839318256,
    "Positive High-Energy Emotions|Triumph": 1.0198724447453724,
    "Cognitive States and Processes|Concentration": -3.7128441926267217,
    "Physical and Exhaustive States|Sourness": -1.4674654508195817,
    "Physical and Exhaustive States|Pain": -1.6636650157851331,
    "Negative High-Energy Emotions|Fear": -1.9948935900036904
  }
}