{
  "key": [
    "projects",
    "empathic-insight-face-large",
    "mj_data_330_U2.png"
  ],
  "value": {
    "Negative High-Energy Emotions|Malevolence/Malice": -1.4498668302135433,
    "Negative Low-Energy Emotions|Jealousy & Envy": -2.2525737724146424,
    "Longing & Lust|Infatuation": 0.1878868751622298,
    "Cognitive States and Processes|Confusion": -4.439181572678225,
    "Longing & Lust|Sexual Lust": 2.585801598946838,
    "Positive High-Energy Emotions|Hope/Enthusiasm/Optimism": 5.065672780875774,
    "Positive High-Energy Emotions|Interest": -1.910801279731095,
    "Positive High-Energy Emotions|Elation": 8.943810298721141,
    "Negative Low-Energy Emotions|Disappointment": -2.8222884726327133,
    "Negative High-Energy Emotions|Distress": -5.770842092966332,
    "Positive Low-Energy Emotions|Contemplation": -5.9024696390024,
    "Negative Low-Energy Emotions|Emotional Numbness": -3.8102800351271733,
    "Negative High-Energy Emotions|Impatience and Irritability": -3.7545378850772977,
    "Negative Low-Energy Emotions|Helplessness": -2.662561734353795,
    "Negative Low-Energy Emotions|Contempt": -1.9316829561792752,
    "Positive High-Energy Emotions|Astonishment/Surprise": 0.27149737779051053,
    "Positive High-Energy Emotions|Pleasure/Ecstasy": 5.079553472320823,
    "Negative Low-Energy Emotions|Doubt": -3.722517568877186,
    "Negative High-Energy Emotions|Anger": -1.5403376275300982,
    "Positive Low-Energy Emotions|Contentment": 6.306631480746848,
    "Positive Low-Energy Emotions|Relief": 3.041940852202037,
    "Positive High-Energy Emotions|Amusement": 8.404581535785075,
    "Longing & Lust|Longing": -0.24362717035952408,
    "Positive High-Energy Emotions|Awe": 0.9715935068314567,
    "Physical and Exhaustive States|Fatigue/Exhaustion": -2.525458673692363,
    "Negative Low-Energy Emotions|Bitterness": -2.5818022965858964,
    "Negative High-Energy Emotions|Disgust": -1.4719143288538736,
    "Positive Low-Energy Emotions|Thankfulness/Gratitude": 5.880604739299811,
    "Positive High-Energy Emotions|Teasing": 1.8387861581037148,
    "Physical and Exhaustive States|Intoxication/Altered States of Consciousness": 1.5969963677884902,
    "Positive Low-Energy Emotions|Pride": 1.6215135622134103,
    "Negative Low-Energy Emotions|Embarrassment": -1.1672599485998645,
    "Positive Low-Energy Emotions|Affection": 4.2382490417799525,
    "Negative Low-Energy Emotions|Sadness": -1.8142478109457914,
    "Negative Low-Energy Emotions|Shame": -1.867553175093935,
    "Positive High-Energy Emotions|Triumph": 0.8393014847005115,
    "Cognitive States and Processes|Concentration": -4.048939287307508,
    "Physical and Exhaustive States|Sourness": -1.4684409404359757,
    "Physical and Exhaustive States|Pain": -1.0511316848677748,
    "Negative High-Energy Emotions|Fear": -1.7960105333630654
  }
}