{
  "key": [
    "projects",
    "empathic-insight-face-large",
    "mj_data_78_U3.png"
  ],
  "value": {
    "Negative High-Energy Emotions|Malevolence/Malice": -1.08895355354118,
    "Negative Low-Energy Emotions|Jealousy & Envy": -1.3089216193995055,
    "Longing & Lust|Infatuation": 0.9014970474339583,
    "Cognitive States and Processes|Confusion": -2.8671279017950466,
    "Longing & Lust|Sexual Lust": 0.483962831418304,
    "Positive High-Energy Emotions|Hope/Enthusiasm/Optimism": 4.175705577735515,
    "Positive High-Energy Emotions|Interest": 1.7566654799506067,
    "Positive High-Energy Emotions|Elation": 6.872611358444042,
    "Negative Low-Energy Emotions|Disappointment": -1.6547348093789291,
    "Negative High-Energy Emotions|Distress": -2.5163052258246084,
    "Positive Low-Energy Emotions|Contemplation": -0.2925608198037919,
    "Negative Low-Energy Emotions|Emotional Numbness": -2.4735822182784184,
    "Negative High-Energy Emotions|Impatience and Irritability": -1.222326104529202,
    "Negative Low-Energy Emotions|Helplessness": -1.9773896533601425,
    "Negative Low-Energy Emotions|Contempt": -1.5630649447046658,
    "Positive High-Energy Emotions|Astonishment/Surprise": -0.3939899116382004,
    "Positive High-Energy Emotions|Pleasure/Ecstasy": 3.735078203003196,
    "Negative Low-Energy Emotions|Doubt": -1.498267729094471,
    "Negative High-Energy Emotions|Anger": -0.7803247624635699,
    "Positive Low-Energy Emotions|Contentment": 3.56188777595101,
    "Positive Low-Energy Emotions|Relief": 2.4827201805482892,
    "Positive High-Energy Emotions|Amusement": 6.63460062834489,
    "Longing & Lust|Longing": 0.029285331929294278,
    "Positive High-Energy Emotions|Awe": 0.09195578863077314,
    "Physical and Exhaustive States|Fatigue/Exhaustion": -1.0671455662018237,
    "Negative Low-Energy Emotions|Bitterness": -1.1828223943184404,
    "Negative High-Energy Emotions|Disgust": -1.3332076447413248,
    "Positive Low-Energy Emotions|Thankfulness/Gratitude": 4.522861356845892,
    "Positive High-Energy Emotions|Teasing": 0.9974197776506052,
    "Physical and Exhaustive States|Intoxication/Altered States of Consciousness": -0.10807835974675761,
    "Positive Low-Energy Emotions|Pride": 1.586339311610688,
    "Negative Low-Energy Emotions|Embarrassment": -1.4859416655188098,
    "Positive Low-Energy Emotions|Affection": 3.7271978638014374,
    "Negative Low-Energy Emotions|Sadness": -1.2787711263754789,
    "Negative Low-Energy Emotions|Shame": -1.4016332036278705,
    "Positive High-Energy Emotions|Triumph": 0.7762091337407336,
    "Cognitive States and Processes|Concentration": -1.4707950946118902,
    "Physical and Exhaustive States|Sourness": -0.46743344312533736,
    "Physical and Exhaustive States|Pain": -0.9543189598006361,
    "Negative High-Energy Emotions|Fear": -1.1718519125287148
  }
}