{
  "key": [
    "projects",
    "empathic-insight-face-large",
    "mj_data_239_U1.png"
  ],
  "value": {
    "Negative High-Energy Emotions|Malevolence/Malice": -0.27057939658927577,
    "Negative Low-Energy Emotions|Jealousy & Envy": 0.03171022321371475,
    "Longing & Lust|Infatuation": -1.2989536113642595,
    "Cognitive States and Processes|Confusion": -0.15319646048797853,
    "Longing & Lust|Sexual Lust": -0.6266098643138127,
    "Positive High-Energy Emotions|Hope/Enthusiasm/Optimism": -0.34879169284859124,
    "Positive High-Energy Emotions|Interest": -0.9223589779809117,
    "Positive High-Energy Emotions|Elation": -0.49361030789201754,
    "Negative Low-Energy Emotions|Disappointment": 3.1508471179205704,
    "Negative High-Energy Emotions|Distress": 2.048218709493385,
    "Positive Low-Energy Emotions|Contemplation": 1.503272887051982,
    "Negative Low-Energy Emotions|Emotional Numbness": -1.4208566647658454,
    "Negative High-Energy Emotions|Impatience and Irritability": -0.3030319856479764,
    "Negative Low-Energy Emotions|Helplessness": 1.3425074618704178,
    "Negative Low-Energy Emotions|Contempt": 0.49756847623954803,
    "Positive High-Energy Emotions|Astonishment/Surprise": 0.09753597680479276,
    "Positive High-Energy Emotions|Pleasure/Ecstasy": 2.0576130621836466,
    "Negative Low-Energy Emotions|Doubt": 0.058909889051471556,
    "Negative High-Energy Emotions|Anger": 0.9292816466093061,
    "Positive Low-Energy Emotions|Contentment": -2.289741838879007,
    "Positive Low-Energy Emotions|Relief": -0.8390731372465106,
    "Positive High-Energy Emotions|Amusement": 1.6872689912008012,
    "Longing & Lust|Longing": 0.7058299982195775,
    "Positive High-Energy Emotions|Awe": 0.31978035737924726,
    "Physical and Exhaustive States|Fatigue/Exhaustion": 0.08027889325557391,
    "Negative Low-Energy Emotions|Bitterness": 1.2001077056457015,
    "Negative High-Energy Emotions|Disgust": 1.4352540446116644,
    "Positive Low-Energy Emotions|Thankfulness/Gratitude": 0.12657403480152007,
    "Positive High-Energy Emotions|Teasing": -0.9207818178942099,
    "Physical and Exhaustive States|Intoxication/Altered States of Consciousness": 0.37988007149713887,
    "Positive Low-Energy Emotions|Pride": -1.3536159229168998,
    "Negative Low-Energy Emotions|Embarrassment": -0.38475181375794554,
    "Positive Low-Energy Emotions|Affection": 1.629225947602707,
    "Negative Low-Energy Emotions|Sadness": 1.8141954301735934,
    "Negative Low-Energy Emotions|Shame": 0.136105536816313,
    "Positive High-Energy Emotions|Triumph": -2.664253217104603,
    "Cognitive States and Processes|Concentration": -0.43888108396793113,
    "Physical and Exhaustive States|Sourness": -0.4458210969530046,
    "Physical and Exhaustive States|Pain": 1.2409223126488573,
    "Negative High-Energy Emotions|Fear": 0.4788342323000816
  }
}