{
  "key": [
    "projects",
    "empathic-insight-face-large",
    "mj_data_21_U3.png"
  ],
  "value": {
    "Negative High-Energy Emotions|Malevolence/Malice": -1.223336278303143,
    "Negative Low-Energy Emotions|Jealousy & Envy": -1.8984539947351988,
    "Longing & Lust|Infatuation": 2.191072743425474,
    "Cognitive States and Processes|Confusion": 2.6543930704568455,
    "Longing & Lust|Sexual Lust": 3.5323445176289363,
    "Positive High-Energy Emotions|Hope/Enthusiasm/Optimism": 2.3018239992900806,
    "Positive High-Energy Emotions|Interest": 5.125755202583969,
    "Positive High-Energy Emotions|Elation": 7.992041900436229,
    "Negative Low-Energy Emotions|Disappointment": -3.133040864447899,
    "Negative High-Energy Emotions|Distress": -5.76716472480227,
    "Positive Low-Energy Emotions|Contemplation": -6.833989147364217,
    "Negative Low-Energy Emotions|Emotional Numbness": -3.534372518647681,
    "Negative High-Energy Emotions|Impatience and Irritability": -5.033384625799954,
    "Negative Low-Energy Emotions|Helplessness": -2.642202456628575,
    "Negative Low-Energy Emotions|Contempt": -2.2154969095789334,
    "Positive High-Energy Emotions|Astonishment/Surprise": 5.365298399366438,
    "Positive High-Energy Emotions|Pleasure/Ecstasy": 4.284726011078147,
    "Negative Low-Energy Emotions|Doubt": -2.7507422755269664,
    "Negative High-Energy Emotions|Anger": -2.6890602761507036,
    "Positive Low-Energy Emotions|Contentment": 0.5190812697940888,
    "Positive Low-Energy Emotions|Relief": 1.775452002085307,
    "Positive High-Energy Emotions|Amusement": 7.838959206073161,
    "Longing & Lust|Longing": -0.7687648332470973,
    "Positive High-Energy Emotions|Awe": 4.49275077154093,
    "Physical and Exhaustive States|Fatigue/Exhaustion": -3.02790627882542,
    "Negative Low-Energy Emotions|Bitterness": -2.8789705514381914,
    "Negative High-Energy Emotions|Disgust": -1.0162802117274088,
    "Positive Low-Energy Emotions|Thankfulness/Gratitude": 5.737276072612799,
    "Positive High-Energy Emotions|Teasing": 2.120597157020341,
    "Physical and Exhaustive States|Intoxication/Altered States of Consciousness": 2.429138899660286,
    "Positive Low-Energy Emotions|Pride": 1.0757983493914498,
    "Negative Low-Energy Emotions|Embarrassment": 1.276880359005402,
    "Positive Low-Energy Emotions|Affection": 1.2403474829039154,
    "Negative Low-Energy Emotions|Sadness": -2.2956516386130277,
    "Negative Low-Energy Emotions|Shame": -1.5402531033776263,
    "Positive High-Energy Emotions|Triumph": 0.9224062143529163,
    "Cognitive States and Processes|Concentration": -4.3609631654050425,
    "Physical and Exhaustive States|Sourness": -1.1732981706224381,
    "Physical and Exhaustive States|Pain": -1.7142624450606458,
    "Negative High-Energy Emotions|Fear": 1.6871518548424629
  }
}