{
  "key": [
    "projects",
    "empathic-insight-face-large",
    "mj_data_249_U1.png"
  ],
  "value": {
    "Negative High-Energy Emotions|Malevolence/Malice": -0.23523276935386317,
    "Negative Low-Energy Emotions|Jealousy & Envy": 0.17054946805624405,
    "Longing & Lust|Infatuation": -2.5931943244837665,
    "Cognitive States and Processes|Confusion": 0.0676248009179663,
    "Longing & Lust|Sexual Lust": -1.4416235113932805,
    "Positive High-Energy Emotions|Hope/Enthusiasm/Optimism": -1.2511118394092602,
    "Positive High-Energy Emotions|Interest": -1.908183920569718,
    "Positive High-Energy Emotions|Elation": -2.3838130685884287,
    "Negative Low-Energy Emotions|Disappointment": 4.7309208321768565,
    "Negative High-Energy Emotions|Distress": 1.744001847768531,
    "Positive Low-Energy Emotions|Contemplation": 0.2905930538782302,
    "Negative Low-Energy Emotions|Emotional Numbness": -0.9157036048064338,
    "Negative High-Energy Emotions|Impatience and Irritability": 1.2102115703746676,
    "Negative Low-Energy Emotions|Helplessness": 2.1177031200773575,
    "Negative Low-Energy Emotions|Contempt": 1.5180964351094821,
    "Positive High-Energy Emotions|Astonishment/Surprise": -0.48812829550355685,
    "Positive High-Energy Emotions|Pleasure/Ecstasy": -0.7843026048733908,
    "Negative Low-Energy Emotions|Doubt": 0.17660314936355193,
    "Negative High-Energy Emotions|Anger": 1.9829935377836225,
    "Positive Low-Energy Emotions|Contentment": -1.0199387916988312,
    "Positive Low-Energy Emotions|Relief": -1.066709236108205,
    "Positive High-Energy Emotions|Amusement": -2.314185153515462,
    "Longing & Lust|Longing": 0.259818633759586,
    "Positive High-Energy Emotions|Awe": -0.16118704507894366,
    "Physical and Exhaustive States|Fatigue/Exhaustion": 0.8359506961637561,
    "Negative Low-Energy Emotions|Bitterness": 1.2674917996455641,
    "Negative High-Energy Emotions|Disgust": 1.8979999048306662,
    "Positive Low-Energy Emotions|Thankfulness/Gratitude": -1.205408339389764,
    "Positive High-Energy Emotions|Teasing": -1.864792433243026,
    "Physical and Exhaustive States|Intoxication/Altered States of Consciousness": -0.49399292387944804,
    "Positive Low-Energy Emotions|Pride": -1.8036876153836356,
    "Negative Low-Energy Emotions|Embarrassment": -0.3492989710455432,
    "Positive Low-Energy Emotions|Affection": -1.2534309842744293,
    "Negative Low-Energy Emotions|Sadness": 1.9544585107705172,
    "Negative Low-Energy Emotions|Shame": 0.6638045603014967,
    "Positive High-Energy Emotions|Triumph": -2.647411328676869,
    "Cognitive States and Processes|Concentration": -0.04256981575752006,
    "Physical and Exhaustive States|Sourness": -0.25819765573367476,
    "Physical and Exhaustive States|Pain": 1.9469953285771258,
    "Negative High-Energy Emotions|Fear": 0.6572933401759056
  }
}