{
  "key": [
    "projects",
    "empathic-insight-face-large",
    "mj_data_130_U2.png"
  ],
  "value": {
    "Negative High-Energy Emotions|Malevolence/Malice": -1.1404684175090756,
    "Negative Low-Energy Emotions|Jealousy & Envy": -1.6479652366480406,
    "Longing & Lust|Infatuation": -0.7429800815485856,
    "Cognitive States and Processes|Confusion": -1.7612865035559107,
    "Longing & Lust|Sexual Lust": -0.27549821384689377,
    "Positive High-Energy Emotions|Hope/Enthusiasm/Optimism": 3.952292825584026,
    "Positive High-Energy Emotions|Interest": 1.5558052180334925,
    "Positive High-Energy Emotions|Elation": 6.414113595763988,
    "Negative Low-Energy Emotions|Disappointment": -1.1919419359963608,
    "Negative High-Energy Emotions|Distress": -1.0942983803503654,
    "Positive Low-Energy Emotions|Contemplation": 0.16815235811559592,
    "Negative Low-Energy Emotions|Emotional Numbness": -2.2430524331221684,
    "Negative High-Energy Emotions|Impatience and Irritability": -0.7193694757297635,
    "Negative Low-Energy Emotions|Helplessness": -0.9441264468782088,
    "Negative Low-Energy Emotions|Contempt": -1.4127162813745877,
    "Positive High-Energy Emotions|Astonishment/Surprise": 0.27690041963011014,
    "Positive High-Energy Emotions|Pleasure/Ecstasy": 3.8914633863375467,
    "Negative Low-Energy Emotions|Doubt": -1.955984194090809,
    "Negative High-Energy Emotions|Anger": 0.3523730581998823,
    "Positive Low-Energy Emotions|Contentment": 2.6926088681751312,
    "Positive Low-Energy Emotions|Relief": 1.2443733915160684,
    "Positive High-Energy Emotions|Amusement": 5.849199284045573,
    "Longing & Lust|Longing": 0.5375184619074742,
    "Positive High-Energy Emotions|Awe": 0.5367605762665764,
    "Physical and Exhaustive States|Fatigue/Exhaustion": -0.5506061117416795,
    "Negative Low-Energy Emotions|Bitterness": -1.2640330075691728,
    "Negative High-Energy Emotions|Disgust": -1.0187774079249186,
    "Positive Low-Energy Emotions|Thankfulness/Gratitude": 3.455764825454749,
    "Positive High-Energy Emotions|Teasing": 0.48443076326347445,
    "Physical and Exhaustive States|Intoxication/Altered States of Consciousness": 0.33233422122019185,
    "Positive Low-Energy Emotions|Pride": 1.316509561549653,
    "Negative Low-Energy Emotions|Embarrassment": -1.6314919165258899,
    "Positive Low-Energy Emotions|Affection": 3.4659626266798553,
    "Negative Low-Energy Emotions|Sadness": -0.7479976059058133,
    "Negative Low-Energy Emotions|Shame": -1.6206187611840228,
    "Positive High-Energy Emotions|Triumph": 0.29355277406818725,
    "Cognitive States and Processes|Concentration": -1.297509193065412,
    "Physical and Exhaustive States|Sourness": -0.8872373605333268,
    "Physical and Exhaustive States|Pain": 0.1855007814484484,
    "Negative High-Energy Emotions|Fear": -0.6806919966046425
  }
}