{
  "key": [
    "projects",
    "empathic-insight-face-large",
    "mj_data_350_U2.png"
  ],
  "value": {
    "Negative High-Energy Emotions|Malevolence/Malice": -0.6865380395488705,
    "Negative Low-Energy Emotions|Jealousy & Envy": -1.036694570525604,
    "Longing & Lust|Infatuation": -0.5464806146525285,
    "Cognitive States and Processes|Confusion": 0.7019578154061865,
    "Longing & Lust|Sexual Lust": -1.0375235701396184,
    "Positive High-Energy Emotions|Hope/Enthusiasm/Optimism": 0.9743886548324543,
    "Positive High-Energy Emotions|Interest": -0.8896591546013951,
    "Positive High-Energy Emotions|Elation": -0.5633639547426035,
    "Negative Low-Energy Emotions|Disappointment": 4.4495933461386485,
    "Negative High-Energy Emotions|Distress": 2.3732867064721446,
    "Positive Low-Energy Emotions|Contemplation": 1.0814597566732589,
    "Negative Low-Energy Emotions|Emotional Numbness": -0.4836248260626898,
    "Negative High-Energy Emotions|Impatience and Irritability": -0.18747288454324007,
    "Negative Low-Energy Emotions|Helplessness": 2.035612027014003,
    "Negative Low-Energy Emotions|Contempt": -1.3345605253778836,
    "Positive High-Energy Emotions|Astonishment/Surprise": 0.987195500768721,
    "Positive High-Energy Emotions|Pleasure/Ecstasy": 0.706554936687736,
    "Negative Low-Energy Emotions|Doubt": -0.8750664780645029,
    "Negative High-Energy Emotions|Anger": 0.41865246951580026,
    "Positive Low-Energy Emotions|Contentment": -1.8166178116268097,
    "Positive Low-Energy Emotions|Relief": -0.7789799728025408,
    "Positive High-Energy Emotions|Amusement": -1.58762837556136,
    "Longing & Lust|Longing": 1.451033552849857,
    "Positive High-Energy Emotions|Awe": 1.459438391227056,
    "Physical and Exhaustive States|Fatigue/Exhaustion": 0.9700477470391814,
    "Negative Low-Energy Emotions|Bitterness": -0.08865253920064253,
    "Negative High-Energy Emotions|Disgust": -0.1643010752604288,
    "Positive Low-Energy Emotions|Thankfulness/Gratitude": -0.5416045235480893,
    "Positive High-Energy Emotions|Teasing": -1.2437680630495445,
    "Physical and Exhaustive States|Intoxication/Altered States of Consciousness": -0.39511883177739726,
    "Positive Low-Energy Emotions|Pride": -1.701559228886138,
    "Negative Low-Energy Emotions|Embarrassment": -0.951112287390758,
    "Positive Low-Energy Emotions|Affection": 1.251704373105484,
    "Negative Low-Energy Emotions|Sadness": 1.8806980012795504,
    "Negative Low-Energy Emotions|Shame": 0.4000832432486555,
    "Positive High-Energy Emotions|Triumph": -2.8785807908808483,
    "Cognitive States and Processes|Concentration": -0.08193236553931937,
    "Physical and Exhaustive States|Sourness": -0.7869023585878312,
    "Physical and Exhaustive States|Pain": 1.173392574699486,
    "Negative High-Energy Emotions|Fear": 2.2802488412554647
  }
}