{
  "key": [
    "projects",
    "empathic-insight-face-large",
    "mj_data_365_U1.png"
  ],
  "value": {
    "Negative High-Energy Emotions|Malevolence/Malice": -0.542722879751202,
    "Negative Low-Energy Emotions|Jealousy & Envy": -0.11198930357308945,
    "Longing & Lust|Infatuation": 0.9710754566289046,
    "Cognitive States and Processes|Confusion": -2.7756600444342068,
    "Longing & Lust|Sexual Lust": 1.0580207680867,
    "Positive High-Energy Emotions|Hope/Enthusiasm/Optimism": 1.509891230170341,
    "Positive High-Energy Emotions|Interest": 1.1421325324103235,
    "Positive High-Energy Emotions|Elation": 2.4590381827753256,
    "Negative Low-Energy Emotions|Disappointment": -0.3120622229378891,
    "Negative High-Energy Emotions|Distress": 0.19196398284505395,
    "Positive Low-Energy Emotions|Contemplation": 1.4087754448064986,
    "Negative Low-Energy Emotions|Emotional Numbness": -1.894697616685401,
    "Negative High-Energy Emotions|Impatience and Irritability": -1.3685324834659696,
    "Negative Low-Energy Emotions|Helplessness": 0.14267687019179853,
    "Negative Low-Energy Emotions|Contempt": -0.9212507128321072,
    "Positive High-Energy Emotions|Astonishment/Surprise": -0.16782056387513888,
    "Positive High-Energy Emotions|Pleasure/Ecstasy": 2.921746002952842,
    "Negative Low-Energy Emotions|Doubt": -0.6522654483823435,
    "Negative High-Energy Emotions|Anger": -0.39058405697345755,
    "Positive Low-Energy Emotions|Contentment": -0.24795206875266418,
    "Positive Low-Energy Emotions|Relief": 0.26118682245121283,
    "Positive High-Energy Emotions|Amusement": 3.688304055659648,
    "Longing & Lust|Longing": 1.0648274922018925,
    "Positive High-Energy Emotions|Awe": 0.16422308256082685,
    "Physical and Exhaustive States|Fatigue/Exhaustion": -0.8050670425659593,
    "Negative Low-Energy Emotions|Bitterness": -0.12050955290303511,
    "Negative High-Energy Emotions|Disgust": -1.0574212449000162,
    "Positive Low-Energy Emotions|Thankfulness/Gratitude": 2.037951226345099,
    "Positive High-Energy Emotions|Teasing": 0.21151480390525912,
    "Physical and Exhaustive States|Intoxication/Altered States of Consciousness": 0.3520969160558547,
    "Positive Low-Energy Emotions|Pride": 1.289861040126313,
    "Negative Low-Energy Emotions|Embarrassment": -2.085821884024669,
    "Positive Low-Energy Emotions|Affection": 2.6969830772718963,
    "Negative Low-Energy Emotions|Sadness": 0.48236975659342374,
    "Negative Low-Energy Emotions|Shame": -0.5233324176094988,
    "Positive High-Energy Emotions|Triumph": 0.002628880616496576,
    "Cognitive States and Processes|Concentration": -0.20249986613059745,
    "Physical and Exhaustive States|Sourness": -0.028219064529985183,
    "Physical and Exhaustive States|Pain": 0.4100091861801989,
    "Negative High-Energy Emotions|Fear": 0.03275295159176861
  }
}