{
  "key": [
    "projects",
    "empathic-insight-face-large",
    "mj_data_159_U4.png"
  ],
  "value": {
    "Negative High-Energy Emotions|Malevolence/Malice": 0.6937980066700016,
    "Negative Low-Energy Emotions|Jealousy & Envy": 1.4011566200414125,
    "Longing & Lust|Infatuation": -2.349892456045046,
    "Cognitive States and Processes|Confusion": 1.1975632692550253,
    "Longing & Lust|Sexual Lust": -1.0697413111521916,
    "Positive High-Energy Emotions|Hope/Enthusiasm/Optimism": -1.5098002892688793,
    "Positive High-Energy Emotions|Interest": -2.178569424338639,
    "Positive High-Energy Emotions|Elation": -2.4992839548188974,
    "Negative Low-Energy Emotions|Disappointment": 4.298591415901832,
    "Negative High-Energy Emotions|Distress": 2.0516850772149424,
    "Positive Low-Energy Emotions|Contemplation": 0.006738301099223243,
    "Negative Low-Energy Emotions|Emotional Numbness": -0.916466484654914,
    "Negative High-Energy Emotions|Impatience and Irritability": 1.2828466845676303,
    "Negative Low-Energy Emotions|Helplessness": 2.027368823850856,
    "Negative Low-Energy Emotions|Contempt": 1.7772082567609409,
    "Positive High-Energy Emotions|Astonishment/Surprise": 0.009669908918440218,
    "Positive High-Energy Emotions|Pleasure/Ecstasy": -0.4062694437100607,
    "Negative Low-Energy Emotions|Doubt": 0.8326604773493155,
    "Negative High-Energy Emotions|Anger": 2.3959770148992536,
    "Positive Low-Energy Emotions|Contentment": -2.3651359924739777,
    "Positive Low-Energy Emotions|Relief": -1.9477860488523455,
    "Positive High-Energy Emotions|Amusement": -2.331808101208333,
    "Longing & Lust|Longing": 0.7901237064248006,
    "Positive High-Energy Emotions|Awe": -0.11109196374959796,
    "Physical and Exhaustive States|Fatigue/Exhaustion": 0.4269171853297774,
    "Negative Low-Energy Emotions|Bitterness": 2.0132784069110365,
    "Negative High-Energy Emotions|Disgust": 2.354158602435799,
    "Positive Low-Energy Emotions|Thankfulness/Gratitude": -1.9371700333442319,
    "Positive High-Energy Emotions|Teasing": -1.7999974160005943,
    "Physical and Exhaustive States|Intoxication/Altered States of Consciousness": 0.143756509638008,
    "Positive Low-Energy Emotions|Pride": -2.906680865276824,
    "Negative Low-Energy Emotions|Embarrassment": -0.6883673838263049,
    "Positive Low-Energy Emotions|Affection": -1.2926291444459381,
    "Negative Low-Energy Emotions|Sadness": 1.5768010972878512,
    "Negative Low-Energy Emotions|Shame": 0.21485435902853223,
    "Positive High-Energy Emotions|Triumph": -3.194964867952992,
    "Cognitive States and Processes|Concentration": 0.0021677020761896593,
    "Physical and Exhaustive States|Sourness": -0.3191714191995561,
    "Physical and Exhaustive States|Pain": 1.7238335715847857,
    "Negative High-Energy Emotions|Fear": 1.503355441599646
  }
}