{
  "key": [
    "projects",
    "empathic-insight-face-large",
    "mj_data_278_U3.png"
  ],
  "value": {
    "Negative High-Energy Emotions|Malevolence/Malice": -0.6144929517345394,
    "Negative Low-Energy Emotions|Jealousy & Envy": -1.2723882636866148,
    "Longing & Lust|Infatuation": -0.14740844439496015,
    "Cognitive States and Processes|Confusion": -2.2169551913763454,
    "Longing & Lust|Sexual Lust": -0.5417037630870061,
    "Positive High-Energy Emotions|Hope/Enthusiasm/Optimism": 1.307572479848476,
    "Positive High-Energy Emotions|Interest": 1.1058612583205103,
    "Positive High-Energy Emotions|Elation": 3.4186582115095328,
    "Negative Low-Energy Emotions|Disappointment": -0.9914505076211166,
    "Negative High-Energy Emotions|Distress": -1.6473694023840568,
    "Positive Low-Energy Emotions|Contemplation": -0.0021257440439041986,
    "Negative Low-Energy Emotions|Emotional Numbness": -0.8327086073050605,
    "Negative High-Energy Emotions|Impatience and Irritability": -0.2730460809543729,
    "Negative Low-Energy Emotions|Helplessness": -0.5830443698518416,
    "Negative Low-Energy Emotions|Contempt": -0.7303131937586209,
    "Positive High-Energy Emotions|Astonishment/Surprise": 0.08207834664732205,
    "Positive High-Energy Emotions|Pleasure/Ecstasy": 2.827072846214561,
    "Negative Low-Energy Emotions|Doubt": -1.8408828566579476,
    "Negative High-Energy Emotions|Anger": 0.7723988837003706,
    "Positive Low-Energy Emotions|Contentment": 2.845724766545874,
    "Positive Low-Energy Emotions|Relief": 0.5641237340341596,
    "Positive High-Energy Emotions|Amusement": 5.028341997592326,
    "Longing & Lust|Longing": 0.803639879191486,
    "Positive High-Energy Emotions|Awe": 0.36072696020059736,
    "Physical and Exhaustive States|Fatigue/Exhaustion": -0.6107982198959764,
    "Negative Low-Energy Emotions|Bitterness": -1.1650552033852128,
    "Negative High-Energy Emotions|Disgust": -0.23492280415752353,
    "Positive Low-Energy Emotions|Thankfulness/Gratitude": 4.269305820575751,
    "Positive High-Energy Emotions|Teasing": 0.0384729237744913,
    "Physical and Exhaustive States|Intoxication/Altered States of Consciousness": 0.5730082400800551,
    "Positive Low-Energy Emotions|Pride": 0.771078186046113,
    "Negative Low-Energy Emotions|Embarrassment": -1.1327521971350207,
    "Positive Low-Energy Emotions|Affection": 3.036142565949875,
    "Negative Low-Energy Emotions|Sadness": -0.5514287592032376,
    "Negative Low-Energy Emotions|Shame": -0.9910821324608782,
    "Positive High-Energy Emotions|Triumph": -0.35982539964072846,
    "Cognitive States and Processes|Concentration": -0.6953974064614843,
    "Physical and Exhaustive States|Sourness": -0.8328315520845353,
    "Physical and Exhaustive States|Pain": 0.6224356102066881,
    "Negative High-Energy Emotions|Fear": -1.0861537847821328
  }
}