{
  "key": [
    "projects",
    "empathic-insight-face-large",
    "mj_data_58_U4.png"
  ],
  "value": {
    "Negative High-Energy Emotions|Malevolence/Malice": -0.9700332273082699,
    "Negative Low-Energy Emotions|Jealousy & Envy": -2.263861938460785,
    "Longing & Lust|Infatuation": -2.2145324535273456,
    "Cognitive States and Processes|Confusion": 0.8361317450975012,
    "Longing & Lust|Sexual Lust": 1.6496674989865108,
    "Positive High-Energy Emotions|Hope/Enthusiasm/Optimism": 5.39931597888908,
    "Positive High-Energy Emotions|Interest": 1.2994026063010096,
    "Positive High-Energy Emotions|Elation": 8.346543624679393,
    "Negative Low-Energy Emotions|Disappointment": -3.946839768866844,
    "Negative High-Energy Emotions|Distress": -4.46567489478518,
    "Positive Low-Energy Emotions|Contemplation": -6.80271959704073,
    "Negative Low-Energy Emotions|Emotional Numbness": -4.0666460496077645,
    "Negative High-Energy Emotions|Impatience and Irritability": -2.38927108515054,
    "Negative Low-Energy Emotions|Helplessness": -3.0464371043794296,
    "Negative Low-Energy Emotions|Contempt": -1.213979613741531,
    "Positive High-Energy Emotions|Astonishment/Surprise": 3.9269480795040725,
    "Positive High-Energy Emotions|Pleasure/Ecstasy": 5.039039003174095,
    "Negative Low-Energy Emotions|Doubt": -3.693687279036488,
    "Negative High-Energy Emotions|Anger": -0.040307109951973175,
    "Positive Low-Energy Emotions|Contentment": 0.7534369578891815,
    "Positive Low-Energy Emotions|Relief": 2.1050374350915937,
    "Positive High-Energy Emotions|Amusement": 7.057023991076823,
    "Longing & Lust|Longing": -1.1841841733807643,
    "Positive High-Energy Emotions|Awe": 3.4509270267670646,
    "Physical and Exhaustive States|Fatigue/Exhaustion": -2.0040763418442187,
    "Negative Low-Energy Emotions|Bitterness": -2.169624257035115,
    "Negative High-Energy Emotions|Disgust": 0.18000455923816738,
    "Positive Low-Energy Emotions|Thankfulness/Gratitude": 4.87201761733631,
    "Positive High-Energy Emotions|Teasing": 1.7652948231885537,
    "Physical and Exhaustive States|Intoxication/Altered States of Consciousness": 1.6392411895753707,
    "Positive Low-Energy Emotions|Pride": 1.1030586528887643,
    "Negative Low-Energy Emotions|Embarrassment": -1.694102304328014,
    "Positive Low-Energy Emotions|Affection": 0.6876237547835883,
    "Negative Low-Energy Emotions|Sadness": -2.678910458193106,
    "Negative Low-Energy Emotions|Shame": -2.1864566212914447,
    "Positive High-Energy Emotions|Triumph": 1.0322641311848866,
    "Cognitive States and Processes|Concentration": -3.2311916943814825,
    "Physical and Exhaustive States|Sourness": -1.7221137786470353,
    "Physical and Exhaustive States|Pain": -1.6069807601851576,
    "Negative High-Energy Emotions|Fear": 1.2131770457919029
  }
}