{
  "key": [
    "projects",
    "empathic-insight-face-large",
    "mj_data_97_U2.png"
  ],
  "value": {
    "Negative High-Energy Emotions|Malevolence/Malice": -0.8396945584850277,
    "Negative Low-Energy Emotions|Jealousy & Envy": -1.114420219405609,
    "Longing & Lust|Infatuation": -0.5820457525156877,
    "Cognitive States and Processes|Confusion": -2.888378865006106,
    "Longing & Lust|Sexual Lust": -0.4429567480876164,
    "Positive High-Energy Emotions|Hope/Enthusiasm/Optimism": 3.155041243438335,
    "Positive High-Energy Emotions|Interest": 1.8818335650488733,
    "Positive High-Energy Emotions|Elation": 5.1165638711851305,
    "Negative Low-Energy Emotions|Disappointment": -0.9371754717629623,
    "Negative High-Energy Emotions|Distress": -1.5180020508520744,
    "Positive Low-Energy Emotions|Contemplation": 0.8407326598772231,
    "Negative Low-Energy Emotions|Emotional Numbness": -1.5755381089339362,
    "Negative High-Energy Emotions|Impatience and Irritability": -0.721152369864285,
    "Negative Low-Energy Emotions|Helplessness": -0.8563435870759627,
    "Negative Low-Energy Emotions|Contempt": -1.3391739248834988,
    "Positive High-Energy Emotions|Astonishment/Surprise": -0.48394524153321994,
    "Positive High-Energy Emotions|Pleasure/Ecstasy": 3.7227827184603495,
    "Negative Low-Energy Emotions|Doubt": -1.3605624030141488,
    "Negative High-Energy Emotions|Anger": 0.07066195666789987,
    "Positive Low-Energy Emotions|Contentment": 2.694798414998633,
    "Positive Low-Energy Emotions|Relief": 1.6763653300176649,
    "Positive High-Energy Emotions|Amusement": 5.84301709028947,
    "Longing & Lust|Longing": 0.5703831517344395,
    "Positive High-Energy Emotions|Awe": -0.3756850881392464,
    "Physical and Exhaustive States|Fatigue/Exhaustion": -0.10012278959812482,
    "Negative Low-Energy Emotions|Bitterness": -0.5193084954689531,
    "Negative High-Energy Emotions|Disgust": -1.1460299866602701,
    "Positive Low-Energy Emotions|Thankfulness/Gratitude": 3.3479406787071597,
    "Positive High-Energy Emotions|Teasing": 0.1652412147710428,
    "Physical and Exhaustive States|Intoxication/Altered States of Consciousness": 0.26575499854105367,
    "Positive Low-Energy Emotions|Pride": 1.498710351001252,
    "Negative Low-Energy Emotions|Embarrassment": -1.5676171949987903,
    "Positive Low-Energy Emotions|Affection": 3.773231246217209,
    "Negative Low-Energy Emotions|Sadness": -0.6829471231558744,
    "Negative Low-Energy Emotions|Shame": -1.1906651860497455,
    "Positive High-Energy Emotions|Triumph": 0.430619495984386,
    "Cognitive States and Processes|Concentration": -0.11577349865699516,
    "Physical and Exhaustive States|Sourness": -0.18832992559298872,
    "Physical and Exhaustive States|Pain": -0.23168416747275522,
    "Negative High-Energy Emotions|Fear": -1.1521361265484902
  }
}