{
  "key": [
    "projects",
    "empathic-insight-face-large",
    "mj_data_191_U2.png"
  ],
  "value": {
    "Negative High-Energy Emotions|Malevolence/Malice": -0.4388028968410458,
    "Negative Low-Energy Emotions|Jealousy & Envy": -0.5918301782450255,
    "Longing & Lust|Infatuation": 0.12266258526812579,
    "Cognitive States and Processes|Confusion": -2.2280147140051296,
    "Longing & Lust|Sexual Lust": -0.6229892397715764,
    "Positive High-Energy Emotions|Hope/Enthusiasm/Optimism": 1.1502986210628467,
    "Positive High-Energy Emotions|Interest": 1.0080040214583277,
    "Positive High-Energy Emotions|Elation": 0.34070689944440824,
    "Negative Low-Energy Emotions|Disappointment": -0.4528710436623764,
    "Negative High-Energy Emotions|Distress": -0.31615664336611243,
    "Positive Low-Energy Emotions|Contemplation": 1.7037636001714889,
    "Negative Low-Energy Emotions|Emotional Numbness": -0.7461277347693549,
    "Negative High-Energy Emotions|Impatience and Irritability": -0.5925956415012479,
    "Negative Low-Energy Emotions|Helplessness": -0.2700520354859969,
    "Negative Low-Energy Emotions|Contempt": 0.06379305128227264,
    "Positive High-Energy Emotions|Astonishment/Surprise": -0.3973306327685715,
    "Positive High-Energy Emotions|Pleasure/Ecstasy": 1.590329559962539,
    "Negative Low-Energy Emotions|Doubt": -0.43642576437279146,
    "Negative High-Energy Emotions|Anger": 0.017769748568534638,
    "Positive Low-Energy Emotions|Contentment": 1.8551085343891205,
    "Positive Low-Energy Emotions|Relief": -0.49545271774425226,
    "Positive High-Energy Emotions|Amusement": 2.9136165270494185,
    "Longing & Lust|Longing": 0.9145965852981488,
    "Positive High-Energy Emotions|Awe": -0.1458574456984505,
    "Physical and Exhaustive States|Fatigue/Exhaustion": -0.10981587574543317,
    "Negative Low-Energy Emotions|Bitterness": 0.4512180805732222,
    "Negative High-Energy Emotions|Disgust": -0.28561583928325596,
    "Positive Low-Energy Emotions|Thankfulness/Gratitude": 3.7865077210579288,
    "Positive High-Energy Emotions|Teasing": 0.07413062765098666,
    "Physical and Exhaustive States|Intoxication/Altered States of Consciousness": 0.7010928996564711,
    "Positive Low-Energy Emotions|Pride": 1.1554208564867867,
    "Negative Low-Energy Emotions|Embarrassment": -1.3808925322180285,
    "Positive Low-Energy Emotions|Affection": 2.491988398774582,
    "Negative Low-Energy Emotions|Sadness": 0.7097699849745807,
    "Negative Low-Energy Emotions|Shame": -0.41522687733392505,
    "Positive High-Energy Emotions|Triumph": -0.008876603964497076,
    "Cognitive States and Processes|Concentration": -0.4059459116485189,
    "Physical and Exhaustive States|Sourness": -0.09210049157962202,
    "Physical and Exhaustive States|Pain": 0.6360489534455187,
    "Negative High-Energy Emotions|Fear": -0.6485193167035195
  }
}