{
  "key": [
    "projects",
    "empathic-insight-face-large",
    "mj_data_192_U2.png"
  ],
  "value": {
    "Negative High-Energy Emotions|Malevolence/Malice": -0.8710852254466976,
    "Negative Low-Energy Emotions|Jealousy & Envy": -1.3641953906855162,
    "Longing & Lust|Infatuation": -0.48216839503277753,
    "Cognitive States and Processes|Confusion": 1.5078000361894202,
    "Longing & Lust|Sexual Lust": -0.3165164614512639,
    "Positive High-Energy Emotions|Hope/Enthusiasm/Optimism": 0.30172875106772956,
    "Positive High-Energy Emotions|Interest": 2.4286893723532557,
    "Positive High-Energy Emotions|Elation": 1.3536990430753897,
    "Negative Low-Energy Emotions|Disappointment": -0.6445736479561996,
    "Negative High-Energy Emotions|Distress": 0.5208498063332894,
    "Positive Low-Energy Emotions|Contemplation": -0.003993276774006738,
    "Negative Low-Energy Emotions|Emotional Numbness": -1.821946094621192,
    "Negative High-Energy Emotions|Impatience and Irritability": -0.407586638815701,
    "Negative Low-Energy Emotions|Helplessness": 0.05098752197097334,
    "Negative Low-Energy Emotions|Contempt": -0.9206570505701444,
    "Positive High-Energy Emotions|Astonishment/Surprise": 3.0081957072392105,
    "Positive High-Energy Emotions|Pleasure/Ecstasy": 2.0862982147143168,
    "Negative Low-Energy Emotions|Doubt": -1.1132758448629037,
    "Negative High-Energy Emotions|Anger": 0.6092125719785688,
    "Positive Low-Energy Emotions|Contentment": -0.7702663788265167,
    "Positive Low-Energy Emotions|Relief": -1.0673453368772479,
    "Positive High-Energy Emotions|Amusement": 3.3725762257264815,
    "Longing & Lust|Longing": 0.26870842810925644,
    "Positive High-Energy Emotions|Awe": 2.457090981501867,
    "Physical and Exhaustive States|Fatigue/Exhaustion": -0.10224686071934064,
    "Negative Low-Energy Emotions|Bitterness": -1.1908897637795,
    "Negative High-Energy Emotions|Disgust": 0.248326621730538,
    "Positive Low-Energy Emotions|Thankfulness/Gratitude": 2.6024957848701846,
    "Positive High-Energy Emotions|Teasing": -0.013022389869917883,
    "Physical and Exhaustive States|Intoxication/Altered States of Consciousness": 1.6927725680829848,
    "Positive Low-Energy Emotions|Pride": -1.0706115794072257,
    "Negative Low-Energy Emotions|Embarrassment": -0.7135551146154895,
    "Positive Low-Energy Emotions|Affection": 0.6536238050899085,
    "Negative Low-Energy Emotions|Sadness": -0.12924345742253696,
    "Negative Low-Energy Emotions|Shame": -0.7862499362252214,
    "Positive High-Energy Emotions|Triumph": -1.4873215974604381,
    "Cognitive States and Processes|Concentration": -0.9508106108930181,
    "Physical and Exhaustive States|Sourness": -0.8031191135011613,
    "Physical and Exhaustive States|Pain": 0.7552878069001085,
    "Negative High-Energy Emotions|Fear": 1.3940087165530113
  }
}