{
  "key": [
    "projects",
    "empathic-insight-face-large",
    "mj_data_46_U2.png"
  ],
  "value": {
    "Negative High-Energy Emotions|Malevolence/Malice": -0.11311966071891444,
    "Negative Low-Energy Emotions|Jealousy & Envy": 0.11595816995291153,
    "Longing & Lust|Infatuation": -2.09538539122571,
    "Cognitive States and Processes|Confusion": 3.045357340094907,
    "Longing & Lust|Sexual Lust": 0.30065303794601395,
    "Positive High-Energy Emotions|Hope/Enthusiasm/Optimism": -1.1231914502338451,
    "Positive High-Energy Emotions|Interest": 0.8712748406454921,
    "Positive High-Energy Emotions|Elation": 2.8438014831941794,
    "Negative Low-Energy Emotions|Disappointment": -0.837870557288475,
    "Negative High-Energy Emotions|Distress": 0.8908630433328011,
    "Positive Low-Energy Emotions|Contemplation": -4.832893375574666,
    "Negative Low-Energy Emotions|Emotional Numbness": -2.4876317483077153,
    "Negative High-Energy Emotions|Impatience and Irritability": -1.3788827108219266,
    "Negative Low-Energy Emotions|Helplessness": -0.3726211387269637,
    "Negative Low-Energy Emotions|Contempt": 0.5536289096273044,
    "Positive High-Energy Emotions|Astonishment/Surprise": 5.15973676148802,
    "Positive High-Energy Emotions|Pleasure/Ecstasy": -0.3457268602444845,
    "Negative Low-Energy Emotions|Doubt": 0.6888397743196829,
    "Negative High-Energy Emotions|Anger": 0.10578125178813913,
    "Positive Low-Energy Emotions|Contentment": -4.001594389385598,
    "Positive Low-Energy Emotions|Relief": -1.3638131179441424,
    "Positive High-Energy Emotions|Amusement": 3.664943564860698,
    "Longing & Lust|Longing": -1.0476800001019557,
    "Positive High-Energy Emotions|Awe": 2.518731124896337,
    "Physical and Exhaustive States|Fatigue/Exhaustion": -0.651172022081035,
    "Negative Low-Energy Emotions|Bitterness": -0.21974902147755904,
    "Negative High-Energy Emotions|Disgust": 3.015974722583504,
    "Positive Low-Energy Emotions|Thankfulness/Gratitude": -1.3798923539008725,
    "Positive High-Energy Emotions|Teasing": 0.41975236250854586,
    "Physical and Exhaustive States|Intoxication/Altered States of Consciousness": 1.0331544437171782,
    "Positive Low-Energy Emotions|Pride": -3.7420440149197685,
    "Negative Low-Energy Emotions|Embarrassment": 1.9209455081338391,
    "Positive Low-Energy Emotions|Affection": -2.6032510020890656,
    "Negative Low-Energy Emotions|Sadness": -1.5069391370871488,
    "Negative Low-Energy Emotions|Shame": -0.23221129238824634,
    "Positive High-Energy Emotions|Triumph": -2.510437232378651,
    "Cognitive States and Processes|Concentration": -2.228551089408643,
    "Physical and Exhaustive States|Sourness": -0.4160001183114946,
    "Physical and Exhaustive States|Pain": -0.396595914451515,
    "Negative High-Energy Emotions|Fear": 4.12398692032651
  }
}