{
  "key": [
    "projects",
    "empathic-insight-face-large",
    "mj_data_266_U3.png"
  ],
  "value": {
    "Negative High-Energy Emotions|Malevolence/Malice": -0.06242257247733729,
    "Negative Low-Energy Emotions|Jealousy & Envy": 0.23922737027792373,
    "Longing & Lust|Infatuation": -1.343754608144655,
    "Cognitive States and Processes|Confusion": -0.44081080603851563,
    "Longing & Lust|Sexual Lust": -1.4779387141062932,
    "Positive High-Energy Emotions|Hope/Enthusiasm/Optimism": -1.5884636384204907,
    "Positive High-Energy Emotions|Interest": -1.1576199414208532,
    "Positive High-Energy Emotions|Elation": -0.20492617817705172,
    "Negative Low-Energy Emotions|Disappointment": 4.140761415978126,
    "Negative High-Energy Emotions|Distress": 1.0171148600823738,
    "Positive Low-Energy Emotions|Contemplation": 2.0185668428548995,
    "Negative Low-Energy Emotions|Emotional Numbness": -0.6632520657668219,
    "Negative High-Energy Emotions|Impatience and Irritability": -0.9473014520481229,
    "Negative Low-Energy Emotions|Helplessness": 1.2398916881925919,
    "Negative Low-Energy Emotions|Contempt": 0.3828345418370822,
    "Positive High-Energy Emotions|Astonishment/Surprise": -0.24673902090638888,
    "Positive High-Energy Emotions|Pleasure/Ecstasy": 1.3152001821205896,
    "Negative Low-Energy Emotions|Doubt": -0.11891511387958685,
    "Negative High-Energy Emotions|Anger": 0.03765099704265573,
    "Positive Low-Energy Emotions|Contentment": -1.9664772400325714,
    "Positive Low-Energy Emotions|Relief": 0.713049157656291,
    "Positive High-Energy Emotions|Amusement": 0.03792594763505108,
    "Longing & Lust|Longing": 0.39375825759228866,
    "Positive High-Energy Emotions|Awe": 0.020527012843419623,
    "Physical and Exhaustive States|Fatigue/Exhaustion": 1.3134054143661085,
    "Negative Low-Energy Emotions|Bitterness": 2.0103933632899733,
    "Negative High-Energy Emotions|Disgust": 2.5264107806279377,
    "Positive Low-Energy Emotions|Thankfulness/Gratitude": 0.8105484200630557,
    "Positive High-Energy Emotions|Teasing": -0.7808384566118612,
    "Physical and Exhaustive States|Intoxication/Altered States of Consciousness": 0.09666347584741963,
    "Positive Low-Energy Emotions|Pride": -0.9877162408719168,
    "Negative Low-Energy Emotions|Embarrassment": 2.0833192893380628,
    "Positive Low-Energy Emotions|Affection": 0.6822215176066931,
    "Negative Low-Energy Emotions|Sadness": 2.7580861209771212,
    "Negative Low-Energy Emotions|Shame": 0.8317739808537504,
    "Positive High-Energy Emotions|Triumph": -2.4026710809504284,
    "Cognitive States and Processes|Concentration": -1.4431553479459356,
    "Physical and Exhaustive States|Sourness": 0.35821164602413774,
    "Physical and Exhaustive States|Pain": 0.9790043043213732,
    "Negative High-Energy Emotions|Fear": -0.4404116068188759
  }
}