{
  "key": [
    "projects",
    "empathic-insight-face-large",
    "mj_data_9_U3.png"
  ],
  "value": {
    "Negative High-Energy Emotions|Malevolence/Malice": -0.7847047437267269,
    "Negative Low-Energy Emotions|Jealousy & Envy": 0.9686995306172792,
    "Longing & Lust|Infatuation": -2.1855288333796405,
    "Cognitive States and Processes|Confusion": 2.427294367072446,
    "Longing & Lust|Sexual Lust": -1.3352594996287541,
    "Positive High-Energy Emotions|Hope/Enthusiasm/Optimism": -2.4979475480274242,
    "Positive High-Energy Emotions|Interest": -2.719796526618302,
    "Positive High-Energy Emotions|Elation": -2.9408075067598154,
    "Negative Low-Energy Emotions|Disappointment": 5.661980669518165,
    "Negative High-Energy Emotions|Distress": 3.07326028969358,
    "Positive Low-Energy Emotions|Contemplation": -0.44570738476427163,
    "Negative Low-Energy Emotions|Emotional Numbness": -2.245130966294776,
    "Negative High-Energy Emotions|Impatience and Irritability": -0.09052020777016878,
    "Negative Low-Energy Emotions|Helplessness": 2.601778070295558,
    "Negative Low-Energy Emotions|Contempt": 0.009370195905075374,
    "Positive High-Energy Emotions|Astonishment/Surprise": -0.1487630515918137,
    "Positive High-Energy Emotions|Pleasure/Ecstasy": -3.123468769271584,
    "Negative Low-Energy Emotions|Doubt": 1.5066543032617912,
    "Negative High-Energy Emotions|Anger": 0.3149709051847456,
    "Positive Low-Energy Emotions|Contentment": -3.6359794983333527,
    "Positive Low-Energy Emotions|Relief": -1.2170574226011248,
    "Positive High-Energy Emotions|Amusement": -2.871429454357747,
    "Longing & Lust|Longing": -0.39787683848086197,
    "Positive High-Energy Emotions|Awe": -0.5900918168837532,
    "Physical and Exhaustive States|Fatigue/Exhaustion": 0.6388992418283049,
    "Negative Low-Energy Emotions|Bitterness": 1.0602966070701094,
    "Negative High-Energy Emotions|Disgust": 2.0554414612843708,
    "Positive Low-Energy Emotions|Thankfulness/Gratitude": -1.1866431282844174,
    "Positive High-Energy Emotions|Teasing": -1.3473497299959556,
    "Physical and Exhaustive States|Intoxication/Altered States of Consciousness": -0.2785589686868821,
    "Positive Low-Energy Emotions|Pride": -3.6250720453152763,
    "Negative Low-Energy Emotions|Embarrassment": 3.2642791100854383,
    "Positive Low-Energy Emotions|Affection": -1.6517107703843537,
    "Negative Low-Energy Emotions|Sadness": 2.2324279903313693,
    "Negative Low-Energy Emotions|Shame": 1.3686414056994458,
    "Positive High-Energy Emotions|Triumph": -4.058782321337391,
    "Cognitive States and Processes|Concentration": 0.059937537071459435,
    "Physical and Exhaustive States|Sourness": 0.43629623407498,
    "Physical and Exhaustive States|Pain": 1.410084526451195,
    "Negative High-Energy Emotions|Fear": 1.6976971383984474
  }
}