{
  "key": [
    "projects",
    "empathic-insight-face-large",
    "mj_data_267_U2.png"
  ],
  "value": {
    "Negative High-Energy Emotions|Malevolence/Malice": -0.7315624345378842,
    "Negative Low-Energy Emotions|Jealousy & Envy": -1.4851017436823424,
    "Longing & Lust|Infatuation": -1.4694386310480974,
    "Cognitive States and Processes|Confusion": -2.0914738242651394,
    "Longing & Lust|Sexual Lust": -0.984468998987885,
    "Positive High-Energy Emotions|Hope/Enthusiasm/Optimism": 2.680666472320171,
    "Positive High-Energy Emotions|Interest": 0.22760089915245774,
    "Positive High-Energy Emotions|Elation": 6.011729791442699,
    "Negative Low-Energy Emotions|Disappointment": -0.9568550181191635,
    "Negative High-Energy Emotions|Distress": -2.2592702088110586,
    "Positive Low-Energy Emotions|Contemplation": -0.5329462329736527,
    "Negative Low-Energy Emotions|Emotional Numbness": -1.9667421084532843,
    "Negative High-Energy Emotions|Impatience and Irritability": -0.9668398546054959,
    "Negative Low-Energy Emotions|Helplessness": -0.8357969123475691,
    "Negative Low-Energy Emotions|Contempt": -1.2290243029199979,
    "Positive High-Energy Emotions|Astonishment/Surprise": -0.2136448531970383,
    "Positive High-Energy Emotions|Pleasure/Ecstasy": 3.4847880475924295,
    "Negative Low-Energy Emotions|Doubt": -2.079099614432301,
    "Negative High-Energy Emotions|Anger": 0.3739151304960249,
    "Positive Low-Energy Emotions|Contentment": 2.8860296657615723,
    "Positive Low-Energy Emotions|Relief": 1.931143923796275,
    "Positive High-Energy Emotions|Amusement": 5.707419384448405,
    "Longing & Lust|Longing": 0.29172929164227646,
    "Positive High-Energy Emotions|Awe": 0.10969198514871747,
    "Physical and Exhaustive States|Fatigue/Exhaustion": -0.6686757604843553,
    "Negative Low-Energy Emotions|Bitterness": -0.7946478604744462,
    "Negative High-Energy Emotions|Disgust": -0.3580599205897135,
    "Positive Low-Energy Emotions|Thankfulness/Gratitude": 4.1248693419609435,
    "Positive High-Energy Emotions|Teasing": 0.19874307825065707,
    "Physical and Exhaustive States|Intoxication/Altered States of Consciousness": -0.21957600035649882,
    "Positive Low-Energy Emotions|Pride": 1.1300196218600167,
    "Negative Low-Energy Emotions|Embarrassment": -0.7581343821173205,
    "Positive Low-Energy Emotions|Affection": 3.4617965004286346,
    "Negative Low-Energy Emotions|Sadness": -0.6116670013525907,
    "Negative Low-Energy Emotions|Shame": -1.1945249444268207,
    "Positive High-Energy Emotions|Triumph": -0.10015298140399598,
    "Cognitive States and Processes|Concentration": -1.5645381208684515,
    "Physical and Exhaustive States|Sourness": -0.8476443791948258,
    "Physical and Exhaustive States|Pain": 0.2254048990326769,
    "Negative High-Energy Emotions|Fear": -1.1717133913342568
  }
}