{
  "key": [
    "projects",
    "empathic-insight-face-large",
    "mj_data_319_U2.png"
  ],
  "value": {
    "Negative High-Energy Emotions|Malevolence/Malice": 1.1564852159185444,
    "Negative Low-Energy Emotions|Jealousy & Envy": 1.0080517687955324,
    "Longing & Lust|Infatuation": -3.545610982885256,
    "Cognitive States and Processes|Confusion": 2.3967446024392673,
    "Longing & Lust|Sexual Lust": -1.7066383982493596,
    "Positive High-Energy Emotions|Hope/Enthusiasm/Optimism": -2.814632747764973,
    "Positive High-Energy Emotions|Interest": -3.6064864279702307,
    "Positive High-Energy Emotions|Elation": -3.1186095926362802,
    "Negative Low-Energy Emotions|Disappointment": 5.02871302845066,
    "Negative High-Energy Emotions|Distress": 3.2728652777917246,
    "Positive Low-Energy Emotions|Contemplation": -3.814585212885457,
    "Negative Low-Energy Emotions|Emotional Numbness": -1.8449573022017585,
    "Negative High-Energy Emotions|Impatience and Irritability": 3.5174240423366427,
    "Negative Low-Energy Emotions|Helplessness": 2.1047171753294327,
    "Negative Low-Energy Emotions|Contempt": 3.7404832721150973,
    "Positive High-Energy Emotions|Astonishment/Surprise": -0.03822433050721896,
    "Positive High-Energy Emotions|Pleasure/Ecstasy": -2.600018871505471,
    "Negative Low-Energy Emotions|Doubt": 1.6202263047190055,
    "Negative High-Energy Emotions|Anger": 4.65164225757122,
    "Positive Low-Energy Emotions|Contentment": -4.0795391449397975,
    "Positive Low-Energy Emotions|Relief": -2.0795652427305193,
    "Positive High-Energy Emotions|Amusement": -4.338576327831868,
    "Longing & Lust|Longing": -0.5695417917126735,
    "Positive High-Energy Emotions|Awe": -0.63960015008993,
    "Physical and Exhaustive States|Fatigue/Exhaustion": 0.1674024660819594,
    "Negative Low-Energy Emotions|Bitterness": 3.021972250991008,
    "Negative High-Energy Emotions|Disgust": 3.568550668437691,
    "Positive Low-Energy Emotions|Thankfulness/Gratitude": -2.0787773178901303,
    "Positive High-Energy Emotions|Teasing": -1.5047374634554282,
    "Physical and Exhaustive States|Intoxication/Altered States of Consciousness": 0.2499753840925063,
    "Positive Low-Energy Emotions|Pride": -3.488080067623626,
    "Negative Low-Energy Emotions|Embarrassment": 0.9494977125043378,
    "Positive Low-Energy Emotions|Affection": -2.7048933723130646,
    "Negative Low-Energy Emotions|Sadness": 1.7359133123299655,
    "Negative Low-Energy Emotions|Shame": 1.1843464964606305,
    "Positive High-Energy Emotions|Triumph": -4.269784909609486,
    "Cognitive States and Processes|Concentration": -0.8004631396558355,
    "Physical and Exhaustive States|Sourness": 0.43875497037544847,
    "Physical and Exhaustive States|Pain": 2.468798826845253,
    "Negative High-Energy Emotions|Fear": 2.217915972679415
  }
}