{
  "key": [
    "projects",
    "empathic-insight-face-large",
    "mj_data_12_U2.png"
  ],
  "value": {
    "Negative High-Energy Emotions|Malevolence/Malice": -0.43940025459098475,
    "Negative Low-Energy Emotions|Jealousy & Envy": -0.7565894565424498,
    "Longing & Lust|Infatuation": -1.9273382015131852,
    "Cognitive States and Processes|Confusion": -1.6325249736334253,
    "Longing & Lust|Sexual Lust": -1.01979643352768,
    "Positive High-Energy Emotions|Hope/Enthusiasm/Optimism": 0.08461263359031257,
    "Positive High-Energy Emotions|Interest": -1.7647334219887854,
    "Positive High-Energy Emotions|Elation": -0.950093195160084,
    "Negative Low-Energy Emotions|Disappointment": 2.633186261673622,
    "Negative High-Energy Emotions|Distress": 1.9249715628869393,
    "Positive Low-Energy Emotions|Contemplation": 1.2331951816686813,
    "Negative Low-Energy Emotions|Emotional Numbness": -0.9148162704596625,
    "Negative High-Energy Emotions|Impatience and Irritability": -0.22491842973977327,
    "Negative Low-Energy Emotions|Helplessness": 1.5731638472921707,
    "Negative Low-Energy Emotions|Contempt": 0.28953908685813934,
    "Positive High-Energy Emotions|Astonishment/Surprise": -0.21441828306764377,
    "Positive High-Energy Emotions|Pleasure/Ecstasy": 0.8315667980120462,
    "Negative Low-Energy Emotions|Doubt": -1.1026863644628182,
    "Negative High-Energy Emotions|Anger": 0.7628163641691206,
    "Positive Low-Energy Emotions|Contentment": -1.0482395538753448,
    "Positive Low-Energy Emotions|Relief": -0.09343870063914972,
    "Positive High-Energy Emotions|Amusement": -1.1938564887357985,
    "Longing & Lust|Longing": 0.57170458670911,
    "Positive High-Energy Emotions|Awe": 1.0893473701661125,
    "Physical and Exhaustive States|Fatigue/Exhaustion": 0.3430597980254714,
    "Negative Low-Energy Emotions|Bitterness": 1.1916700423289748,
    "Negative High-Energy Emotions|Disgust": 0.8285460693433004,
    "Positive Low-Energy Emotions|Thankfulness/Gratitude": 0.34615993033985015,
    "Positive High-Energy Emotions|Teasing": -1.2867494492342368,
    "Physical and Exhaustive States|Intoxication/Altered States of Consciousness": 0.16525626263636006,
    "Positive Low-Energy Emotions|Pride": 0.9364053773989572,
    "Negative Low-Energy Emotions|Embarrassment": -1.500013130057384,
    "Positive Low-Energy Emotions|Affection": -1.079511425749344,
    "Negative Low-Energy Emotions|Sadness": 1.3951197027108249,
    "Negative Low-Energy Emotions|Shame": -0.001910925509736816,
    "Positive High-Energy Emotions|Triumph": -0.9515428365504041,
    "Cognitive States and Processes|Concentration": -0.18114477360511527,
    "Physical and Exhaustive States|Sourness": -0.6877074742875993,
    "Physical and Exhaustive States|Pain": 1.1722942399102099,
    "Negative High-Energy Emotions|Fear": 0.4744685496981529
  }
}