{
  "key": [
    "projects",
    "empathic-insight-face-large",
    "mj_data_194_U4.png"
  ],
  "value": {
    "Negative High-Energy Emotions|Malevolence/Malice": -0.34687095771598475,
    "Negative Low-Energy Emotions|Jealousy & Envy": -1.2317572078547057,
    "Longing & Lust|Infatuation": -2.046477872838869,
    "Cognitive States and Processes|Confusion": -1.2239286963964868,
    "Longing & Lust|Sexual Lust": -1.2586095953776555,
    "Positive High-Energy Emotions|Hope/Enthusiasm/Optimism": -0.6783698540882153,
    "Positive High-Energy Emotions|Interest": -1.4678238512948156,
    "Positive High-Energy Emotions|Elation": -1.3903762552339365,
    "Negative Low-Energy Emotions|Disappointment": 2.329187746663742,
    "Negative High-Energy Emotions|Distress": 1.8440367999322274,
    "Positive Low-Energy Emotions|Contemplation": 0.7269220312246505,
    "Negative Low-Energy Emotions|Emotional Numbness": -0.07900989322758772,
    "Negative High-Energy Emotions|Impatience and Irritability": 0.3739053560420871,
    "Negative Low-Energy Emotions|Helplessness": 2.0432657402403214,
    "Negative Low-Energy Emotions|Contempt": 0.3357919335759738,
    "Positive High-Energy Emotions|Astonishment/Surprise": -0.1317671447619797,
    "Positive High-Energy Emotions|Pleasure/Ecstasy": 1.1425674431727213,
    "Negative Low-Energy Emotions|Doubt": -0.8117712328939096,
    "Negative High-Energy Emotions|Anger": 1.1512271708250044,
    "Positive Low-Energy Emotions|Contentment": -1.3018797287410675,
    "Positive Low-Energy Emotions|Relief": -0.9891917266477557,
    "Positive High-Energy Emotions|Amusement": 0.3224025854753221,
    "Longing & Lust|Longing": 0.8905603491907994,
    "Positive High-Energy Emotions|Awe": -0.07730566690511553,
    "Physical and Exhaustive States|Fatigue/Exhaustion": 1.595663924955708,
    "Negative Low-Energy Emotions|Bitterness": 0.6476134777595015,
    "Negative High-Energy Emotions|Disgust": 0.8248854500844198,
    "Positive Low-Energy Emotions|Thankfulness/Gratitude": -0.09945989120861176,
    "Positive High-Energy Emotions|Teasing": -1.0500896839907066,
    "Physical and Exhaustive States|Intoxication/Altered States of Consciousness": 0.7925019272329177,
    "Positive Low-Energy Emotions|Pride": -1.0261210036168205,
    "Negative Low-Energy Emotions|Embarrassment": -1.328926818717052,
    "Positive Low-Energy Emotions|Affection": -0.20514150644926465,
    "Negative Low-Energy Emotions|Sadness": 2.2694306730172213,
    "Negative Low-Energy Emotions|Shame": 0.06520152032156201,
    "Positive High-Energy Emotions|Triumph": -2.201475364092518,
    "Cognitive States and Processes|Concentration": -0.3570569750096868,
    "Physical and Exhaustive States|Sourness": -0.18863796239718794,
    "Physical and Exhaustive States|Pain": 2.195508371503914,
    "Negative High-Energy Emotions|Fear": 0.5248037185366539
  }
}