{
  "key": [
    "projects",
    "empathic-insight-face-large",
    "mj_data_303_U3.png"
  ],
  "value": {
    "Negative High-Energy Emotions|Malevolence/Malice": -1.4752536405162777,
    "Negative Low-Energy Emotions|Jealousy & Envy": -2.1129935226282655,
    "Longing & Lust|Infatuation": 1.2674596533573725,
    "Cognitive States and Processes|Confusion": -2.633105522873538,
    "Longing & Lust|Sexual Lust": 1.129602012555389,
    "Positive High-Energy Emotions|Hope/Enthusiasm/Optimism": 3.9375654715343433,
    "Positive High-Energy Emotions|Interest": 1.926593911461532,
    "Positive High-Energy Emotions|Elation": 7.128946616927928,
    "Negative Low-Energy Emotions|Disappointment": -2.191492040137596,
    "Negative High-Energy Emotions|Distress": -4.262682455515161,
    "Positive Low-Energy Emotions|Contemplation": -2.1484906713357743,
    "Negative Low-Energy Emotions|Emotional Numbness": -2.804182479966651,
    "Negative High-Energy Emotions|Impatience and Irritability": -1.1609674142673612,
    "Negative Low-Energy Emotions|Helplessness": -2.375886758004918,
    "Negative Low-Energy Emotions|Contempt": -1.9980954050623319,
    "Positive High-Energy Emotions|Astonishment/Surprise": 0.6025915235653518,
    "Positive High-Energy Emotions|Pleasure/Ecstasy": 3.6920112245486063,
    "Negative Low-Energy Emotions|Doubt": -3.50023706655785,
    "Negative High-Energy Emotions|Anger": -0.14657980740070364,
    "Positive Low-Energy Emotions|Contentment": 6.020340596728904,
    "Positive Low-Energy Emotions|Relief": 2.9131190023790388,
    "Positive High-Energy Emotions|Amusement": 6.342906940905925,
    "Longing & Lust|Longing": -0.07381532553377945,
    "Positive High-Energy Emotions|Awe": 1.3838563041871086,
    "Physical and Exhaustive States|Fatigue/Exhaustion": -1.1205411951309618,
    "Negative Low-Energy Emotions|Bitterness": -2.872460293717244,
    "Negative High-Energy Emotions|Disgust": -1.592884578029899,
    "Positive Low-Energy Emotions|Thankfulness/Gratitude": 5.085941786876715,
    "Positive High-Energy Emotions|Teasing": 1.426351937789689,
    "Physical and Exhaustive States|Intoxication/Altered States of Consciousness": -0.2382578841684495,
    "Positive Low-Energy Emotions|Pride": 1.2098860311617745,
    "Negative Low-Energy Emotions|Embarrassment": -1.1892097166662707,
    "Positive Low-Energy Emotions|Affection": 3.264444567903,
    "Negative Low-Energy Emotions|Sadness": -1.5639245153525296,
    "Negative Low-Energy Emotions|Shame": -1.8424975281975726,
    "Positive High-Energy Emotions|Triumph": 0.592865007993053,
    "Cognitive States and Processes|Concentration": -1.0709914561536382,
    "Physical and Exhaustive States|Sourness": -1.3834455514512956,
    "Physical and Exhaustive States|Pain": -1.3780655456465833,
    "Negative High-Energy Emotions|Fear": -1.2959773931805703
  }
}