{
  "key": [
    "projects",
    "empathic-insight-face-large",
    "mj_data_264_U3.png"
  ],
  "value": {
    "Negative High-Energy Emotions|Malevolence/Malice": -0.5599609006481137,
    "Negative Low-Energy Emotions|Jealousy & Envy": -0.8178132018885191,
    "Longing & Lust|Infatuation": -1.9651976413630388,
    "Cognitive States and Processes|Confusion": -1.6780309741522241,
    "Longing & Lust|Sexual Lust": -1.7279587412669377,
    "Positive High-Energy Emotions|Hope/Enthusiasm/Optimism": -0.870160434837727,
    "Positive High-Energy Emotions|Interest": -2.3805221201851965,
    "Positive High-Energy Emotions|Elation": -1.4825278970796396,
    "Negative Low-Energy Emotions|Disappointment": 3.7951517510611343,
    "Negative High-Energy Emotions|Distress": 1.376669746900306,
    "Positive Low-Energy Emotions|Contemplation": 0.6583079953798476,
    "Negative Low-Energy Emotions|Emotional Numbness": -0.5830541950354682,
    "Negative High-Energy Emotions|Impatience and Irritability": 1.0738433552905917,
    "Negative Low-Energy Emotions|Helplessness": 1.7546296518690445,
    "Negative Low-Energy Emotions|Contempt": 1.5097387910283664,
    "Positive High-Energy Emotions|Astonishment/Surprise": -0.5303739219531418,
    "Positive High-Energy Emotions|Pleasure/Ecstasy": 0.17415355376460973,
    "Negative Low-Energy Emotions|Doubt": -0.9299488852529184,
    "Negative High-Energy Emotions|Anger": 1.2807875221967695,
    "Positive Low-Energy Emotions|Contentment": -0.5032137283748566,
    "Positive Low-Energy Emotions|Relief": -0.7011957921613665,
    "Positive High-Energy Emotions|Amusement": -1.6996679416013991,
    "Longing & Lust|Longing": 0.4765823685770909,
    "Positive High-Energy Emotions|Awe": 0.19437993337564619,
    "Physical and Exhaustive States|Fatigue/Exhaustion": 0.64794336750446,
    "Negative Low-Energy Emotions|Bitterness": 0.968023490958354,
    "Negative High-Energy Emotions|Disgust": 1.8184206409051138,
    "Positive Low-Energy Emotions|Thankfulness/Gratitude": 0.31906222831348297,
    "Positive High-Energy Emotions|Teasing": -1.3596034912874595,
    "Physical and Exhaustive States|Intoxication/Altered States of Consciousness": -0.4452571860788499,
    "Positive Low-Energy Emotions|Pride": -0.7596763205418692,
    "Negative Low-Energy Emotions|Embarrassment": -0.1322438887243762,
    "Positive Low-Energy Emotions|Affection": -0.7821189382234041,
    "Negative Low-Energy Emotions|Sadness": 1.8390872239014682,
    "Negative Low-Energy Emotions|Shame": 0.3360438340880415,
    "Positive High-Energy Emotions|Triumph": -2.208893281344105,
    "Cognitive States and Processes|Concentration": -0.28614175284171806,
    "Physical and Exhaustive States|Sourness": -0.21317039972171187,
    "Physical and Exhaustive States|Pain": 1.9909274908023722,
    "Negative High-Energy Emotions|Fear": -0.19525639155550922
  }
}