{
  "key": [
    "projects",
    "empathic-insight-face-large",
    "mj_data_334_U2.png"
  ],
  "value": {
    "Negative High-Energy Emotions|Malevolence/Malice": -1.7073116887645687,
    "Negative Low-Energy Emotions|Jealousy & Envy": -2.984902664168793,
    "Longing & Lust|Infatuation": -2.696436006536379,
    "Cognitive States and Processes|Confusion": -4.191147095444339,
    "Longing & Lust|Sexual Lust": 0.7185603951618953,
    "Positive High-Energy Emotions|Hope/Enthusiasm/Optimism": 6.135454799537273,
    "Positive High-Energy Emotions|Interest": -2.2280872942879797,
    "Positive High-Energy Emotions|Elation": 8.379095390121288,
    "Negative Low-Energy Emotions|Disappointment": -3.8929652762215805,
    "Negative High-Energy Emotions|Distress": -5.234236734842553,
    "Positive Low-Energy Emotions|Contemplation": -4.654047493158894,
    "Negative Low-Energy Emotions|Emotional Numbness": -3.5652193528304204,
    "Negative High-Energy Emotions|Impatience and Irritability": -1.626623217947781,
    "Negative Low-Energy Emotions|Helplessness": -2.502718289529576,
    "Negative Low-Energy Emotions|Contempt": -1.7253445505701444,
    "Positive High-Energy Emotions|Astonishment/Surprise": -0.3947170883044602,
    "Positive High-Energy Emotions|Pleasure/Ecstasy": 5.370241510193138,
    "Negative Low-Energy Emotions|Doubt": -4.686470587065663,
    "Negative High-Energy Emotions|Anger": -0.7317302876710894,
    "Positive Low-Energy Emotions|Contentment": 4.804603015475852,
    "Positive Low-Energy Emotions|Relief": 3.2870395622621564,
    "Positive High-Energy Emotions|Amusement": 7.290907848803874,
    "Longing & Lust|Longing": -1.0000690019482692,
    "Positive High-Energy Emotions|Awe": -0.047758929234217096,
    "Physical and Exhaustive States|Fatigue/Exhaustion": -1.536606411195415,
    "Negative Low-Energy Emotions|Bitterness": -3.104926037735799,
    "Negative High-Energy Emotions|Disgust": -1.6706090348170084,
    "Positive Low-Energy Emotions|Thankfulness/Gratitude": 5.3673081351433165,
    "Positive High-Energy Emotions|Teasing": 1.9290423722455605,
    "Physical and Exhaustive States|Intoxication/Altered States of Consciousness": 0.9343325652839507,
    "Positive Low-Energy Emotions|Pride": 1.3585997390856637,
    "Negative Low-Energy Emotions|Embarrassment": -1.512105243552257,
    "Positive Low-Energy Emotions|Affection": 2.94350311969133,
    "Negative Low-Energy Emotions|Sadness": -2.5818760038474027,
    "Negative Low-Energy Emotions|Shame": -2.1899098759911517,
    "Positive High-Energy Emotions|Triumph": 1.0117695509160267,
    "Cognitive States and Processes|Concentration": -3.3428795930173467,
    "Physical and Exhaustive States|Sourness": -1.5275543237291276,
    "Physical and Exhaustive States|Pain": -0.9208764625472181,
    "Negative High-Energy Emotions|Fear": -1.9662373457257363
  }
}