{
  "key": [
    "projects",
    "empathic-insight-face-large",
    "mj_data_186_U1.png"
  ],
  "value": {
    "Negative High-Energy Emotions|Malevolence/Malice": -0.5262183536128964,
    "Negative Low-Energy Emotions|Jealousy & Envy": -0.5416262588343199,
    "Longing & Lust|Infatuation": -2.1308134384058857,
    "Cognitive States and Processes|Confusion": -0.11145640063537843,
    "Longing & Lust|Sexual Lust": -1.6783438349559026,
    "Positive High-Energy Emotions|Hope/Enthusiasm/Optimism": -0.6421357136920971,
    "Positive High-Energy Emotions|Interest": -0.8796334149315953,
    "Positive High-Energy Emotions|Elation": -0.5920950624543955,
    "Negative Low-Energy Emotions|Disappointment": 2.9856777596670914,
    "Negative High-Energy Emotions|Distress": 1.7131151976830818,
    "Positive Low-Energy Emotions|Contemplation": 1.4155854542860213,
    "Negative Low-Energy Emotions|Emotional Numbness": -1.2303877574095832,
    "Negative High-Energy Emotions|Impatience and Irritability": -0.2924915002658963,
    "Negative Low-Energy Emotions|Helplessness": 0.885697512740598,
    "Negative Low-Energy Emotions|Contempt": -0.2701355337702176,
    "Positive High-Energy Emotions|Astonishment/Surprise": 0.14261020127683866,
    "Positive High-Energy Emotions|Pleasure/Ecstasy": 2.108400868694572,
    "Negative Low-Energy Emotions|Doubt": 0.05292170841411194,
    "Negative High-Energy Emotions|Anger": 1.2363199537992475,
    "Positive Low-Energy Emotions|Contentment": -0.6533630737728058,
    "Positive Low-Energy Emotions|Relief": -0.7672832765211077,
    "Positive High-Energy Emotions|Amusement": 1.3213580140756334,
    "Longing & Lust|Longing": 0.9071534254794995,
    "Positive High-Energy Emotions|Awe": 0.37252808381967695,
    "Physical and Exhaustive States|Fatigue/Exhaustion": -0.004411200738566712,
    "Negative Low-Energy Emotions|Bitterness": 0.704268825106761,
    "Negative High-Energy Emotions|Disgust": 0.8849197847439962,
    "Positive Low-Energy Emotions|Thankfulness/Gratitude": 0.451468701473273,
    "Positive High-Energy Emotions|Teasing": -1.3561879067232505,
    "Physical and Exhaustive States|Intoxication/Altered States of Consciousness": -0.1954008332727586,
    "Positive Low-Energy Emotions|Pride": -0.60870630859233,
    "Negative Low-Energy Emotions|Embarrassment": 0.017619592797230244,
    "Positive Low-Energy Emotions|Affection": 1.891423680528122,
    "Negative Low-Energy Emotions|Sadness": 1.455575501813608,
    "Negative Low-Energy Emotions|Shame": -0.1672578460000017,
    "Positive High-Energy Emotions|Triumph": -2.5071778119837536,
    "Cognitive States and Processes|Concentration": -0.6429385688331197,
    "Physical and Exhaustive States|Sourness": -0.6351397538743913,
    "Physical and Exhaustive States|Pain": 1.0098399328308947,
    "Negative High-Energy Emotions|Fear": 0.3025225009615806
  }
}