{
  "key": [
    "projects",
    "empathic-insight-face-large",
    "mj_data_323_U3.png"
  ],
  "value": {
    "Negative High-Energy Emotions|Malevolence/Malice": -1.1359491933422055,
    "Negative Low-Energy Emotions|Jealousy & Envy": -2.003800912841278,
    "Longing & Lust|Infatuation": -0.021633345594300968,
    "Cognitive States and Processes|Confusion": -3.801065212967532,
    "Longing & Lust|Sexual Lust": 0.47797566405990555,
    "Positive High-Energy Emotions|Hope/Enthusiasm/Optimism": 4.992939140204998,
    "Positive High-Energy Emotions|Interest": 0.774086189083755,
    "Positive High-Energy Emotions|Elation": 8.17304785517866,
    "Negative Low-Energy Emotions|Disappointment": -1.660239417533226,
    "Negative High-Energy Emotions|Distress": -4.439088362192407,
    "Positive Low-Energy Emotions|Contemplation": -2.613185409723836,
    "Negative Low-Energy Emotions|Emotional Numbness": -1.9346937638411628,
    "Negative High-Energy Emotions|Impatience and Irritability": -2.6738284276798368,
    "Negative Low-Energy Emotions|Helplessness": -1.857949574624791,
    "Negative Low-Energy Emotions|Contempt": -1.344123017748489,
    "Positive High-Energy Emotions|Astonishment/Surprise": -0.15426503714174045,
    "Positive High-Energy Emotions|Pleasure/Ecstasy": 4.4306520097658915,
    "Negative Low-Energy Emotions|Doubt": -3.113625604918446,
    "Negative High-Energy Emotions|Anger": -1.2211027795076372,
    "Positive Low-Energy Emotions|Contentment": 7.491247808032615,
    "Positive Low-Energy Emotions|Relief": 2.5072182855974225,
    "Positive High-Energy Emotions|Amusement": 7.523232925860759,
    "Longing & Lust|Longing": 0.04407366153058212,
    "Positive High-Energy Emotions|Awe": 0.14475990106516035,
    "Physical and Exhaustive States|Fatigue/Exhaustion": -1.105750183320659,
    "Negative Low-Energy Emotions|Bitterness": -1.2817398786018876,
    "Negative High-Energy Emotions|Disgust": -1.3556204216883463,
    "Positive Low-Energy Emotions|Thankfulness/Gratitude": 5.046706194988287,
    "Positive High-Energy Emotions|Teasing": 1.4190423817823037,
    "Physical and Exhaustive States|Intoxication/Altered States of Consciousness": -0.5443018666742478,
    "Positive Low-Energy Emotions|Pride": 1.593562440883149,
    "Negative Low-Energy Emotions|Embarrassment": -0.04617502008729124,
    "Positive Low-Energy Emotions|Affection": 3.654051043733078,
    "Negative Low-Energy Emotions|Sadness": -1.1955029607871,
    "Negative Low-Energy Emotions|Shame": -1.0821508771203021,
    "Positive High-Energy Emotions|Triumph": 0.65275456297047,
    "Cognitive States and Processes|Concentration": -3.4588063355710577,
    "Physical and Exhaustive States|Sourness": -1.0905839706026017,
    "Physical and Exhaustive States|Pain": -0.9657778335494154,
    "Negative High-Energy Emotions|Fear": -1.2950923834149453
  }
}