{
  "key": [
    "projects",
    "empathic-insight-face-large",
    "mj_data_304_U4.png"
  ],
  "value": {
    "Negative High-Energy Emotions|Malevolence/Malice": -0.972256480558392,
    "Negative Low-Energy Emotions|Jealousy & Envy": -1.6888428172907408,
    "Longing & Lust|Infatuation": -1.4916106052302263,
    "Cognitive States and Processes|Confusion": -3.2442123954321316,
    "Longing & Lust|Sexual Lust": -1.7584264899089055,
    "Positive High-Energy Emotions|Hope/Enthusiasm/Optimism": 2.7899463433071094,
    "Positive High-Energy Emotions|Interest": -0.10483263749629257,
    "Positive High-Energy Emotions|Elation": 2.7928463385056923,
    "Negative Low-Energy Emotions|Disappointment": -0.9346401285927963,
    "Negative High-Energy Emotions|Distress": -0.4340143379919669,
    "Positive Low-Energy Emotions|Contemplation": 1.1267829497465316,
    "Negative Low-Energy Emotions|Emotional Numbness": -0.5615211230406867,
    "Negative High-Energy Emotions|Impatience and Irritability": -0.38653642404824495,
    "Negative Low-Energy Emotions|Helplessness": -0.0010016161553999536,
    "Negative Low-Energy Emotions|Contempt": -0.9785028814875028,
    "Positive High-Energy Emotions|Astonishment/Surprise": 0.13085473481565701,
    "Positive High-Energy Emotions|Pleasure/Ecstasy": 3.4928511255190653,
    "Negative Low-Energy Emotions|Doubt": -1.3305742333440438,
    "Negative High-Energy Emotions|Anger": 0.2670487707853315,
    "Positive Low-Energy Emotions|Contentment": 2.367122744613272,
    "Positive Low-Energy Emotions|Relief": 0.5378880343805341,
    "Positive High-Energy Emotions|Amusement": 2.2493052074598037,
    "Longing & Lust|Longing": 1.0970265471583287,
    "Positive High-Energy Emotions|Awe": 1.399916120070745,
    "Physical and Exhaustive States|Fatigue/Exhaustion": -0.4770163099533494,
    "Negative Low-Energy Emotions|Bitterness": -0.509660172409871,
    "Negative High-Energy Emotions|Disgust": -0.6814813988611979,
    "Positive Low-Energy Emotions|Thankfulness/Gratitude": 2.049232716671027,
    "Positive High-Energy Emotions|Teasing": -0.5499124197771444,
    "Physical and Exhaustive States|Intoxication/Altered States of Consciousness": -0.29909527220708476,
    "Positive Low-Energy Emotions|Pride": 1.3263209629168404,
    "Negative Low-Energy Emotions|Embarrassment": -1.7585077456121936,
    "Positive Low-Energy Emotions|Affection": 2.600067593797165,
    "Negative Low-Energy Emotions|Sadness": 0.3016476987740573,
    "Negative Low-Energy Emotions|Shame": -0.9213188296578386,
    "Positive High-Energy Emotions|Triumph": 0.08564611065037109,
    "Cognitive States and Processes|Concentration": -0.7650851007726263,
    "Physical and Exhaustive States|Sourness": -0.911863138731569,
    "Physical and Exhaustive States|Pain": 0.5170251535492785,
    "Negative High-Energy Emotions|Fear": -0.08971838095828022
  }
}