{
  "key": [
    "projects",
    "empathic-insight-face-large",
    "mj_data_366_U4.png"
  ],
  "value": {
    "Negative High-Energy Emotions|Malevolence/Malice": 0.14181882251930578,
    "Negative Low-Energy Emotions|Jealousy & Envy": 0.723903492943329,
    "Longing & Lust|Infatuation": 0.023615162859068173,
    "Cognitive States and Processes|Confusion": -2.3799266879583767,
    "Longing & Lust|Sexual Lust": -0.3373342181040959,
    "Positive High-Energy Emotions|Hope/Enthusiasm/Optimism": 1.418313320283504,
    "Positive High-Energy Emotions|Interest": 1.0699474928900599,
    "Positive High-Energy Emotions|Elation": 1.7162398841779898,
    "Negative Low-Energy Emotions|Disappointment": 1.0495646405417252,
    "Negative High-Energy Emotions|Distress": 1.2150375666863777,
    "Positive Low-Energy Emotions|Contemplation": 2.037580724538249,
    "Negative Low-Energy Emotions|Emotional Numbness": -1.2204863530287848,
    "Negative High-Energy Emotions|Impatience and Irritability": -0.8922646688297391,
    "Negative Low-Energy Emotions|Helplessness": -0.14322992149521319,
    "Negative Low-Energy Emotions|Contempt": 0.6118999600804904,
    "Positive High-Energy Emotions|Astonishment/Surprise": 0.011991629041731233,
    "Positive High-Energy Emotions|Pleasure/Ecstasy": 2.5407469146654886,
    "Negative Low-Energy Emotions|Doubt": 0.5102850009889944,
    "Negative High-Energy Emotions|Anger": 0.0643033331632612,
    "Positive Low-Energy Emotions|Contentment": -0.8727823147243439,
    "Positive Low-Energy Emotions|Relief": -0.20532257934703546,
    "Positive High-Energy Emotions|Amusement": 1.1647963413881028,
    "Longing & Lust|Longing": 0.9264693462496678,
    "Positive High-Energy Emotions|Awe": 0.07863558103494794,
    "Physical and Exhaustive States|Fatigue/Exhaustion": -0.42436490461887677,
    "Negative Low-Energy Emotions|Bitterness": 1.3245317161609145,
    "Negative High-Energy Emotions|Disgust": -0.11351875237682285,
    "Positive Low-Energy Emotions|Thankfulness/Gratitude": 0.12892531882861968,
    "Positive High-Energy Emotions|Teasing": -0.46090909526847745,
    "Physical and Exhaustive States|Intoxication/Altered States of Consciousness": -0.6745561353204881,
    "Positive Low-Energy Emotions|Pride": 1.1400607395281686,
    "Negative Low-Energy Emotions|Embarrassment": -0.9181511572485461,
    "Positive Low-Energy Emotions|Affection": 1.6862616321882782,
    "Negative Low-Energy Emotions|Sadness": 1.058842292322832,
    "Negative Low-Energy Emotions|Shame": 0.01582980096121045,
    "Positive High-Energy Emotions|Triumph": -0.47068322909228943,
    "Cognitive States and Processes|Concentration": -0.17295759880805717,
    "Physical and Exhaustive States|Sourness": -0.41954021697863936,
    "Physical and Exhaustive States|Pain": 0.09811500778969595,
    "Negative High-Energy Emotions|Fear": -0.009865799934110298
  }
}