{
  "key": [
    "projects",
    "empathic-insight-face-large",
    "mj_data_117_U2.png"
  ],
  "value": {
    "Negative High-Energy Emotions|Malevolence/Malice": -0.6617544282512631,
    "Negative Low-Energy Emotions|Jealousy & Envy": -0.6497116527399596,
    "Longing & Lust|Infatuation": -1.944786626806154,
    "Cognitive States and Processes|Confusion": -0.6648937528158594,
    "Longing & Lust|Sexual Lust": -0.4727490568949895,
    "Positive High-Energy Emotions|Hope/Enthusiasm/Optimism": 0.9156460422321278,
    "Positive High-Energy Emotions|Interest": 0.31954985540360215,
    "Positive High-Energy Emotions|Elation": -0.41504518719499606,
    "Negative Low-Energy Emotions|Disappointment": 1.3706086087424088,
    "Negative High-Energy Emotions|Distress": 1.5956526818520882,
    "Positive Low-Energy Emotions|Contemplation": 0.4068411027201835,
    "Negative Low-Energy Emotions|Emotional Numbness": -1.7270798188338385,
    "Negative High-Energy Emotions|Impatience and Irritability": 1.1093999100849032,
    "Negative Low-Energy Emotions|Helplessness": 0.6551062863714555,
    "Negative Low-Energy Emotions|Contempt": -0.6944559931360623,
    "Positive High-Energy Emotions|Astonishment/Surprise": 0.1940852493420242,
    "Positive High-Energy Emotions|Pleasure/Ecstasy": 2.2244545691416544,
    "Negative Low-Energy Emotions|Doubt": -0.8474500368146555,
    "Negative High-Energy Emotions|Anger": 2.327719742655754,
    "Positive Low-Energy Emotions|Contentment": -0.40185054630698547,
    "Positive Low-Energy Emotions|Relief": -0.24062617202892023,
    "Positive High-Energy Emotions|Amusement": 1.1193449387239183,
    "Longing & Lust|Longing": 0.5110792719965855,
    "Positive High-Energy Emotions|Awe": 0.22217310239725263,
    "Physical and Exhaustive States|Fatigue/Exhaustion": 0.17823513343272845,
    "Negative Low-Energy Emotions|Bitterness": -1.0336603402565507,
    "Negative High-Energy Emotions|Disgust": -0.13864461354473057,
    "Positive Low-Energy Emotions|Thankfulness/Gratitude": 0.3617739630852115,
    "Positive High-Energy Emotions|Teasing": -1.1550625233461753,
    "Physical and Exhaustive States|Intoxication/Altered States of Consciousness": -0.24760997214299785,
    "Positive Low-Energy Emotions|Pride": -0.7827908229718313,
    "Negative Low-Energy Emotions|Embarrassment": -1.363566654074718,
    "Positive Low-Energy Emotions|Affection": 1.9733528873762665,
    "Negative Low-Energy Emotions|Sadness": -0.3320525528052274,
    "Negative Low-Energy Emotions|Shame": -1.0861265069268207,
    "Positive High-Energy Emotions|Triumph": -1.5086643518244518,
    "Cognitive States and Processes|Concentration": -0.07124060356879935,
    "Physical and Exhaustive States|Sourness": -0.7379913831315934,
    "Physical and Exhaustive States|Pain": 1.1884196209030993,
    "Negative High-Energy Emotions|Fear": -0.08403138259097065
  }
}