{
  "key": [
    "projects",
    "empathic-insight-face-large",
    "mj_data_314_U1.png"
  ],
  "value": {
    "Negative High-Energy Emotions|Malevolence/Malice": -1.153481780393597,
    "Negative Low-Energy Emotions|Jealousy & Envy": -1.4746716461023863,
    "Longing & Lust|Infatuation": 1.117237385401831,
    "Cognitive States and Processes|Confusion": -3.8319809501196316,
    "Longing & Lust|Sexual Lust": 1.0571220492527766,
    "Positive High-Energy Emotions|Hope/Enthusiasm/Optimism": 3.329096581344219,
    "Positive High-Energy Emotions|Interest": 1.7470578072592615,
    "Positive High-Energy Emotions|Elation": 7.425241782943553,
    "Negative Low-Energy Emotions|Disappointment": -1.418535430411644,
    "Negative High-Energy Emotions|Distress": -4.62725879523684,
    "Positive Low-Energy Emotions|Contemplation": -0.478649024187642,
    "Negative Low-Energy Emotions|Emotional Numbness": -2.3526155453810795,
    "Negative High-Energy Emotions|Impatience and Irritability": -2.7402814077213407,
    "Negative Low-Energy Emotions|Helplessness": -2.2186048823945663,
    "Negative Low-Energy Emotions|Contempt": -1.1581426977716824,
    "Positive High-Energy Emotions|Astonishment/Surprise": 0.0831240505352615,
    "Positive High-Energy Emotions|Pleasure/Ecstasy": 4.055724250595359,
    "Negative Low-Energy Emotions|Doubt": -2.6375876257924693,
    "Negative High-Energy Emotions|Anger": -1.433034961819649,
    "Positive Low-Energy Emotions|Contentment": 7.7495881667667454,
    "Positive Low-Energy Emotions|Relief": 1.976403637922862,
    "Positive High-Energy Emotions|Amusement": 7.162144173114177,
    "Longing & Lust|Longing": -0.2246938741559108,
    "Positive High-Energy Emotions|Awe": -0.11986409853048174,
    "Physical and Exhaustive States|Fatigue/Exhaustion": -1.7245231668716845,
    "Negative Low-Energy Emotions|Bitterness": -1.4732436418007402,
    "Negative High-Energy Emotions|Disgust": -0.9470267670557779,
    "Positive Low-Energy Emotions|Thankfulness/Gratitude": 5.706119532695807,
    "Positive High-Energy Emotions|Teasing": 1.6934194297978982,
    "Physical and Exhaustive States|Intoxication/Altered States of Consciousness": 0.9405921556712951,
    "Positive Low-Energy Emotions|Pride": 1.413594441424836,
    "Negative Low-Energy Emotions|Embarrassment": 0.7976530619973645,
    "Positive Low-Energy Emotions|Affection": 3.7358464977583465,
    "Negative Low-Energy Emotions|Sadness": -1.1654100061514798,
    "Negative Low-Energy Emotions|Shame": -1.3599337941430072,
    "Positive High-Energy Emotions|Triumph": 0.542125421639751,
    "Cognitive States and Processes|Concentration": -3.0736511346128057,
    "Physical and Exhaustive States|Sourness": -0.6673641706071793,
    "Physical and Exhaustive States|Pain": -0.946670491783058,
    "Negative High-Energy Emotions|Fear": -1.4953091535870644
  }
}