{
  "key": [
    "projects",
    "empathic-insight-face-large",
    "mj_data_86_U3.png"
  ],
  "value": {
    "Negative High-Energy Emotions|Malevolence/Malice": 0.8894242655200992,
    "Negative Low-Energy Emotions|Jealousy & Envy": 0.9984315791287843,
    "Longing & Lust|Infatuation": -0.7822326011561296,
    "Cognitive States and Processes|Confusion": -0.6832641427542139,
    "Longing & Lust|Sexual Lust": -0.6986811781718449,
    "Positive High-Energy Emotions|Hope/Enthusiasm/Optimism": -0.7982843857959789,
    "Positive High-Energy Emotions|Interest": 0.774647188000381,
    "Positive High-Energy Emotions|Elation": -0.5856689664918711,
    "Negative Low-Energy Emotions|Disappointment": 1.0349328923422623,
    "Negative High-Energy Emotions|Distress": 0.16420681502889184,
    "Positive Low-Energy Emotions|Contemplation": 0.35331838923780357,
    "Negative Low-Energy Emotions|Emotional Numbness": -1.3054826956877814,
    "Negative High-Energy Emotions|Impatience and Irritability": -0.444404904730618,
    "Negative Low-Energy Emotions|Helplessness": -0.8598131734483382,
    "Negative Low-Energy Emotions|Contempt": 2.3822807252801517,
    "Positive High-Energy Emotions|Astonishment/Surprise": -0.0320194869861008,
    "Positive High-Energy Emotions|Pleasure/Ecstasy": -0.09914530583164272,
    "Negative Low-Energy Emotions|Doubt": 0.23521469135001738,
    "Negative High-Energy Emotions|Anger": -0.3680411034822466,
    "Positive Low-Energy Emotions|Contentment": -3.0588286766475616,
    "Positive Low-Energy Emotions|Relief": -1.3992528476346942,
    "Positive High-Energy Emotions|Amusement": -1.044723044903401,
    "Longing & Lust|Longing": -0.13264153364840348,
    "Positive High-Energy Emotions|Awe": -0.02022349069661944,
    "Physical and Exhaustive States|Fatigue/Exhaustion": 0.17426933839259784,
    "Negative Low-Energy Emotions|Bitterness": 2.123478812031886,
    "Negative High-Energy Emotions|Disgust": 2.065825603683205,
    "Positive Low-Energy Emotions|Thankfulness/Gratitude": 1.0035228682670962,
    "Positive High-Energy Emotions|Teasing": -0.03451093719505216,
    "Physical and Exhaustive States|Intoxication/Altered States of Consciousness": 0.3179826148511733,
    "Positive Low-Energy Emotions|Pride": 0.9584345388522043,
    "Negative Low-Energy Emotions|Embarrassment": 0.9336184986943707,
    "Positive Low-Energy Emotions|Affection": -0.6746524789491121,
    "Negative Low-Energy Emotions|Sadness": 0.6355163066527423,
    "Negative Low-Energy Emotions|Shame": 0.4997975522257826,
    "Positive High-Energy Emotions|Triumph": 0.0042161523068652285,
    "Cognitive States and Processes|Concentration": -0.12125003302360282,
    "Physical and Exhaustive States|Sourness": 0.5421628301776946,
    "Physical and Exhaustive States|Pain": -0.37646337279502085,
    "Negative High-Energy Emotions|Fear": 0.5881625022585777
  }
}