{
  "key": [
    "projects",
    "empathic-insight-face-large",
    "mj_data_125_U3.png"
  ],
  "value": {
    "Negative High-Energy Emotions|Malevolence/Malice": -0.7124167073802914,
    "Negative Low-Energy Emotions|Jealousy & Envy": -1.072540803893524,
    "Longing & Lust|Infatuation": 0.11195759106646563,
    "Cognitive States and Processes|Confusion": -2.319622761490481,
    "Longing & Lust|Sexual Lust": -0.1162925387217717,
    "Positive High-Energy Emotions|Hope/Enthusiasm/Optimism": 2.5401469725414234,
    "Positive High-Energy Emotions|Interest": 3.155323159508407,
    "Positive High-Energy Emotions|Elation": 6.800446822921581,
    "Negative Low-Energy Emotions|Disappointment": -1.3753263544839096,
    "Negative High-Energy Emotions|Distress": -3.6813428578131338,
    "Positive Low-Energy Emotions|Contemplation": 0.23566814857808982,
    "Negative Low-Energy Emotions|Emotional Numbness": -2.303692052949439,
    "Negative High-Energy Emotions|Impatience and Irritability": -1.363366668112576,
    "Negative Low-Energy Emotions|Helplessness": -2.2199247676484726,
    "Negative Low-Energy Emotions|Contempt": -0.49043287034858674,
    "Positive High-Energy Emotions|Astonishment/Surprise": 0.13399160806089627,
    "Positive High-Energy Emotions|Pleasure/Ecstasy": 3.862273084442405,
    "Negative Low-Energy Emotions|Doubt": -1.1320486853627816,
    "Negative High-Energy Emotions|Anger": -0.005451267361641143,
    "Positive Low-Energy Emotions|Contentment": 4.028970037990195,
    "Positive Low-Energy Emotions|Relief": 0.6445295653711347,
    "Positive High-Energy Emotions|Amusement": 6.482041347949382,
    "Longing & Lust|Longing": 0.12242706652936142,
    "Positive High-Energy Emotions|Awe": 0.249771245021154,
    "Physical and Exhaustive States|Fatigue/Exhaustion": -0.995693186975139,
    "Negative Low-Energy Emotions|Bitterness": -0.765146183914998,
    "Negative High-Energy Emotions|Disgust": -0.620096720974235,
    "Positive Low-Energy Emotions|Thankfulness/Gratitude": 4.175565714946783,
    "Positive High-Energy Emotions|Teasing": 0.8626647697279558,
    "Physical and Exhaustive States|Intoxication/Altered States of Consciousness": 0.2727487691404189,
    "Positive Low-Energy Emotions|Pride": 1.4012602138628854,
    "Negative Low-Energy Emotions|Embarrassment": -0.6894412211065784,
    "Positive Low-Energy Emotions|Affection": 3.773924329026657,
    "Negative Low-Energy Emotions|Sadness": -0.8217295051672879,
    "Negative Low-Energy Emotions|Shame": -1.2390293484948138,
    "Positive High-Energy Emotions|Triumph": 0.5116061745846973,
    "Cognitive States and Processes|Concentration": -1.3782055374410223,
    "Physical and Exhaustive States|Sourness": -0.6164572740159928,
    "Physical and Exhaustive States|Pain": -0.7033466888350599,
    "Negative High-Energy Emotions|Fear": -1.0602209959332558
  }
}