{
  "key": [
    "stance-detection-part-9",
    "emonet-m1",
    "flux_prompt_9-image_159.png"
  ],
  "value": {
    "Positive High-Energy Emotions|Pleasure/Ecstasy": 2.2747831779737973,
    "Positive Low-Energy Emotions|Contentment": 2.230788092548539,
    "Cognitive States and Processes|Concentration": 2.1240043913734046,
    "Positive High-Energy Emotions|Awe": 2.0273832170217685,
    "Positive Low-Energy Emotions|Affection": 1.9477118375803253,
    "Positive High-Energy Emotions|Hope/Enthusiasm/Optimism": 1.857268188810556,
    "Positive Low-Energy Emotions|Contemplation": 1.3567308410661014,
    "Positive High-Energy Emotions|Interest": 1.1327654560789084,
    "Extra Dimensions|Valence": 0.9784469450440176,
    "Positive High-Energy Emotions|Amusement": 0.7156346288438027,
    "Negative High-Energy Emotions|Anger": 0.4047798296034118,
    "Negative High-Energy Emotions|Impatience and Irritability": 0.3195227407423895,
    "Longing & Lust|Longing": 0.2021481166064958,
    "Positive High-Energy Emotions|Elation": 0.11464993555556946,
    "Physical and Exhaustive States|Fatigue/Exhaustion": 0.06610371492421019,
    "Negative Low-Energy Emotions|Jealousy & Envy": 0.0,
    "Positive Low-Energy Emotions|Relief": -0.0008766059269071057,
    "Positive High-Energy Emotions|Astonishment/Surprise": -0.002780470778763075,
    "Physical and Exhaustive States|Sourness": -0.014414838320770106,
    "Physical and Exhaustive States|Pain": -0.020670116004905786,
    "Physical and Exhaustive States|Intoxication/Altered States of Consciousness": -0.022910118178078982,
    "Extra Dimensions|Dominance": -0.03426002026382055,
    "Negative High-Energy Emotions|Disgust": -0.03874444415717771,
    "Positive High-Energy Emotions|Triumph": -0.06930319976996317,
    "Negative Low-Energy Emotions|Embarrassment": -0.11605201503296038,
    "Negative High-Energy Emotions|Fear": -0.11842817595849434,
    "Negative Low-Energy Emotions|Emotional Numbness": -0.13414453453087538,
    "Positive High-Energy Emotions|Teasing": -0.14383677271068535,
    "Positive Low-Energy Emotions|Pride": -0.15430044107848695,
    "Cognitive States and Processes|Confusion": -0.1783968665169709,
    "Negative Low-Energy Emotions|Helplessness": -0.1968905658908052,
    "Extra Dimensions|Emotional Vulnerability": -0.2363388230512431,
    "Longing & Lust|Infatuation": -0.2537571874484692,
    "Extra Dimensions|Arousal": -0.31404007332665573,
    "Negative Low-Energy Emotions|Contempt": -0.37247608126151366,
    "Positive Low-Energy Emotions|Thankfulness/Gratitude": -0.4801501529201722,
    "Negative High-Energy Emotions|Malevolence/Malice": -0.5268949109433225,
    "Longing & Lust|Sexual Lust": -0.5667148245832859,
    "Negative Low-Energy Emotions|Shame": -0.6564058596997491,
    "Negative High-Energy Emotions|Distress": -0.6623855069511648,
    "Negative Low-Energy Emotions|Sadness": -0.7132459129132211,
    "Negative Low-Energy Emotions|Disappointment": -0.7405091342260386,
    "Negative Low-Energy Emotions|Doubt": -0.9294844042508088,
    "Negative Low-Energy Emotions|Bitterness": -1.8326514633850028
  }
}