{
  "key": [
    "stance-detection-part-9",
    "emonet-m1",
    "flux_prompt_9-image_070.png"
  ],
  "value": {
    "Negative High-Energy Emotions|Anger": 1.7377916952192565,
    "Cognitive States and Processes|Concentration": 1.7264824187171546,
    "Physical and Exhaustive States|Fatigue/Exhaustion": 0.9037430467418371,
    "Positive Low-Energy Emotions|Contemplation": 0.8621145710007938,
    "Negative Low-Energy Emotions|Sadness": 0.7470772420130789,
    "Negative High-Energy Emotions|Impatience and Irritability": 0.6741997026411932,
    "Negative Low-Energy Emotions|Contempt": 0.653790724566104,
    "Positive High-Energy Emotions|Hope/Enthusiasm/Optimism": 0.41956529459974046,
    "Extra Dimensions|Dominance": 0.30243430971321494,
    "Positive High-Energy Emotions|Interest": 0.2592589100584006,
    "Negative High-Energy Emotions|Distress": 0.22983829823796786,
    "Negative Low-Energy Emotions|Helplessness": 0.2172530709318953,
    "Positive Low-Energy Emotions|Affection": 0.2025897624994537,
    "Negative Low-Energy Emotions|Emotional Numbness": 0.02754868083930284,
    "Positive High-Energy Emotions|Awe": 0.007349246546571507,
    "Negative Low-Energy Emotions|Jealousy & Envy": 0.0,
    "Physical and Exhaustive States|Sourness": -0.00042441374734862765,
    "Positive Low-Energy Emotions|Relief": -0.0023461584438443615,
    "Physical and Exhaustive States|Pain": -0.020670116004905786,
    "Physical and Exhaustive States|Intoxication/Altered States of Consciousness": -0.02499428398961768,
    "Negative High-Energy Emotions|Disgust": -0.03358952155261686,
    "Negative Low-Energy Emotions|Doubt": -0.0498901294542633,
    "Positive High-Energy Emotions|Pleasure/Ecstasy": -0.05585895086011805,
    "Positive High-Energy Emotions|Astonishment/Surprise": -0.05949852221232631,
    "Negative Low-Energy Emotions|Disappointment": -0.0672697950830008,
    "Positive High-Energy Emotions|Triumph": -0.07395136740993395,
    "Positive High-Energy Emotions|Teasing": -0.11657988902986487,
    "Negative Low-Energy Emotions|Embarrassment": -0.11955514391918322,
    "Negative High-Energy Emotions|Fear": -0.13227301618705192,
    "Positive High-Energy Emotions|Elation": -0.15317448253325194,
    "Cognitive States and Processes|Confusion": -0.1687857665585511,
    "Extra Dimensions|Valence": -0.19928114166595862,
    "Extra Dimensions|Arousal": -0.3725870932851518,
    "Positive Low-Energy Emotions|Contentment": -0.4098375034979085,
    "Negative High-Energy Emotions|Malevolence/Malice": -0.4547936084983877,
    "Positive Low-Energy Emotions|Thankfulness/Gratitude": -0.48213998320548296,
    "Positive High-Energy Emotions|Amusement": -0.527318015981179,
    "Negative Low-Energy Emotions|Shame": -0.6564317737503877,
    "Longing & Lust|Sexual Lust": -0.6882149366996227,
    "Negative Low-Energy Emotions|Bitterness": -0.7137118615687659,
    "Extra Dimensions|Emotional Vulnerability": -0.7145656039426616,
    "Longing & Lust|Longing": -0.8632717808305999,
    "Positive Low-Energy Emotions|Pride": -1.0084447013657718,
    "Longing & Lust|Infatuation": -1.596025203637806
  }
}