{
  "key": [
    "stance-detection-part-9",
    "emonet-m1",
    "flux_prompt_9-image_147.png"
  ],
  "value": {
    "Positive Low-Energy Emotions|Contentment": 3.118426661426713,
    "Positive Low-Energy Emotions|Affection": 2.471118581583621,
    "Positive High-Energy Emotions|Pleasure/Ecstasy": 2.089350267054608,
    "Positive High-Energy Emotions|Amusement": 1.8818597045655434,
    "Extra Dimensions|Valence": 1.4022273863281973,
    "Positive High-Energy Emotions|Elation": 1.361861570668332,
    "Cognitive States and Processes|Concentration": 1.2071709906470862,
    "Positive High-Energy Emotions|Hope/Enthusiasm/Optimism": 0.6670368655683684,
    "Positive Low-Energy Emotions|Pride": 0.5223428708988995,
    "Negative High-Energy Emotions|Impatience and Irritability": 0.4336807750670355,
    "Physical and Exhaustive States|Fatigue/Exhaustion": 0.4035157146266638,
    "Negative High-Energy Emotions|Anger": 0.36168865166304315,
    "Extra Dimensions|Dominance": 0.26044021486458213,
    "Negative Low-Energy Emotions|Emotional Numbness": 0.12669945770240099,
    "Extra Dimensions|Emotional Vulnerability": 0.03747704723379108,
    "Positive Low-Energy Emotions|Thankfulness/Gratitude": 0.02901598905177355,
    "Positive Low-Energy Emotions|Relief": 0.006026744426333861,
    "Negative Low-Energy Emotions|Sadness": 0.004741684075456831,
    "Negative Low-Energy Emotions|Jealousy & Envy": 0.0,
    "Physical and Exhaustive States|Intoxication/Altered States of Consciousness": -0.010750815347382875,
    "Physical and Exhaustive States|Sourness": -0.012117131418742976,
    "Physical and Exhaustive States|Pain": -0.020670116004905786,
    "Positive High-Energy Emotions|Awe": -0.023874348595792995,
    "Negative High-Energy Emotions|Disgust": -0.03444602539687803,
    "Positive High-Energy Emotions|Astonishment/Surprise": -0.05605186872702815,
    "Positive High-Energy Emotions|Triumph": -0.06985482958148852,
    "Negative Low-Energy Emotions|Embarrassment": -0.1179501100446715,
    "Negative Low-Energy Emotions|Helplessness": -0.11907451911641784,
    "Negative High-Energy Emotions|Fear": -0.1313950919235746,
    "Positive High-Energy Emotions|Teasing": -0.1459285306638523,
    "Cognitive States and Processes|Confusion": -0.18270425577630928,
    "Positive Low-Energy Emotions|Contemplation": -0.23192868385150112,
    "Negative Low-Energy Emotions|Contempt": -0.3700535175298433,
    "Extra Dimensions|Arousal": -0.510005840233394,
    "Negative High-Energy Emotions|Malevolence/Malice": -0.5322620707867673,
    "Longing & Lust|Longing": -0.6008005966961165,
    "Positive High-Energy Emotions|Interest": -0.6206948319688821,
    "Negative High-Energy Emotions|Distress": -0.6441929698222395,
    "Negative Low-Energy Emotions|Shame": -0.6558632003872624,
    "Longing & Lust|Sexual Lust": -0.6706718741319119,
    "Negative Low-Energy Emotions|Disappointment": -0.7346516032447363,
    "Negative Low-Energy Emotions|Doubt": -0.9425705639643751,
    "Longing & Lust|Infatuation": -1.6199026641473446,
    "Negative Low-Energy Emotions|Bitterness": -1.831950591924863
  }
}