{
  "key": [
    "stance-detection-part-9",
    "emonet-m1",
    "flux_prompt_9-image_063.png"
  ],
  "value": {
    "Longing & Lust|Sexual Lust": 1.5503264279701772,
    "Longing & Lust|Infatuation": 1.1368040355816211,
    "Positive High-Energy Emotions|Interest": 0.8421169956907248,
    "Positive Low-Energy Emotions|Contentment": 0.6092067765542766,
    "Positive Low-Energy Emotions|Affection": 0.6003817441965362,
    "Extra Dimensions|Valence": 0.5875579560723074,
    "Cognitive States and Processes|Concentration": 0.5177400385749427,
    "Positive High-Energy Emotions|Astonishment/Surprise": 0.26128413922566196,
    "Negative Low-Energy Emotions|Emotional Numbness": 0.2577675681684044,
    "Extra Dimensions|Emotional Vulnerability": 0.13872578838369343,
    "Negative High-Energy Emotions|Anger": 0.039799608808734066,
    "Positive High-Energy Emotions|Awe": 0.002054267927949681,
    "Negative Low-Energy Emotions|Jealousy & Envy": 0.0,
    "Physical and Exhaustive States|Intoxication/Altered States of Consciousness": -0.006213143542954774,
    "Physical and Exhaustive States|Sourness": -0.008584781355419001,
    "Positive Low-Energy Emotions|Relief": -0.008644685565388246,
    "Physical and Exhaustive States|Pain": -0.020670116004905786,
    "Negative High-Energy Emotions|Disgust": -0.04397624930291822,
    "Positive High-Energy Emotions|Pleasure/Ecstasy": -0.04451471220506209,
    "Positive High-Energy Emotions|Triumph": -0.07541697856973544,
    "Physical and Exhaustive States|Fatigue/Exhaustion": -0.1048078355976404,
    "Negative High-Energy Emotions|Fear": -0.10897406718383232,
    "Negative Low-Energy Emotions|Embarrassment": -0.12056865757365366,
    "Positive High-Energy Emotions|Teasing": -0.12397631880701025,
    "Positive High-Energy Emotions|Elation": -0.15317228394167826,
    "Cognitive States and Processes|Confusion": -0.17948766131868293,
    "Extra Dimensions|Dominance": -0.1822265802401599,
    "Negative Low-Energy Emotions|Helplessness": -0.20098634376002975,
    "Extra Dimensions|Arousal": -0.21295107262475144,
    "Negative High-Energy Emotions|Impatience and Irritability": -0.22162854442911928,
    "Negative Low-Energy Emotions|Sadness": -0.22193787944688204,
    "Positive Low-Energy Emotions|Contemplation": -0.326877929304382,
    "Negative Low-Energy Emotions|Contempt": -0.37304022432315154,
    "Positive High-Energy Emotions|Hope/Enthusiasm/Optimism": -0.4743433848855806,
    "Positive Low-Energy Emotions|Thankfulness/Gratitude": -0.4809811310753083,
    "Positive High-Energy Emotions|Amusement": -0.5204422029738243,
    "Negative High-Energy Emotions|Malevolence/Malice": -0.5282593879221014,
    "Positive Low-Energy Emotions|Pride": -0.6040061610263019,
    "Negative Low-Energy Emotions|Shame": -0.6564802705108157,
    "Longing & Lust|Longing": -0.6763396193802138,
    "Negative Low-Energy Emotions|Doubt": -0.680365054495462,
    "Negative High-Energy Emotions|Distress": -0.699850572668862,
    "Negative Low-Energy Emotions|Disappointment": -0.7395806540479208,
    "Negative Low-Energy Emotions|Bitterness": -1.830506547401922
  }
}