{
  "key": [
    "stance-detection-part-9",
    "emonet-m1",
    "flux_prompt_9-image_227.png"
  ],
  "value": {
    "Positive Low-Energy Emotions|Contemplation": 1.769501112367371,
    "Cognitive States and Processes|Concentration": 1.175606039704093,
    "Negative Low-Energy Emotions|Sadness": 1.1534537230692923,
    "Positive Low-Energy Emotions|Affection": 1.0958277109171173,
    "Positive High-Energy Emotions|Hope/Enthusiasm/Optimism": 0.8912654860975432,
    "Physical and Exhaustive States|Fatigue/Exhaustion": 0.8342914762309729,
    "Positive Low-Energy Emotions|Contentment": 0.8156515168496867,
    "Longing & Lust|Longing": 0.697470105665944,
    "Negative High-Energy Emotions|Anger": 0.5644675870954772,
    "Negative Low-Energy Emotions|Helplessness": 0.5102050124220686,
    "Negative High-Energy Emotions|Impatience and Irritability": 0.37854552497548277,
    "Positive High-Energy Emotions|Interest": 0.276739283440969,
    "Extra Dimensions|Emotional Vulnerability": 0.2715461561968038,
    "Negative High-Energy Emotions|Distress": 0.26383178082768954,
    "Positive Low-Energy Emotions|Pride": 0.1757964593846173,
    "Negative Low-Energy Emotions|Emotional Numbness": 0.08090699726081163,
    "Negative Low-Energy Emotions|Jealousy & Envy": 0.0,
    "Physical and Exhaustive States|Sourness": -0.001864678031959376,
    "Positive Low-Energy Emotions|Relief": -0.0021243099559903576,
    "Physical and Exhaustive States|Intoxication/Altered States of Consciousness": -0.014667481259057374,
    "Physical and Exhaustive States|Pain": -0.020670116004905786,
    "Positive High-Energy Emotions|Awe": -0.025660044148618923,
    "Negative High-Energy Emotions|Disgust": -0.042163254822785164,
    "Positive High-Energy Emotions|Pleasure/Ecstasy": -0.05348683430617529,
    "Positive High-Energy Emotions|Astonishment/Surprise": -0.058320257594406386,
    "Positive High-Energy Emotions|Triumph": -0.07545309805314675,
    "Extra Dimensions|Valence": -0.10242376340665742,
    "Negative High-Energy Emotions|Fear": -0.11651259443412224,
    "Negative Low-Energy Emotions|Embarrassment": -0.11998650645871302,
    "Positive High-Energy Emotions|Teasing": -0.12806974974334678,
    "Positive High-Energy Emotions|Elation": -0.15317358095479205,
    "Cognitive States and Processes|Confusion": -0.1914777763651841,
    "Extra Dimensions|Dominance": -0.30042692334237664,
    "Negative Low-Energy Emotions|Contempt": -0.3674662736152391,
    "Positive Low-Energy Emotions|Thankfulness/Gratitude": -0.4814190734088278,
    "Extra Dimensions|Arousal": -0.5009549941335405,
    "Negative Low-Energy Emotions|Bitterness": -0.5110247172892859,
    "Negative Low-Energy Emotions|Shame": -0.5169950025885335,
    "Positive High-Energy Emotions|Amusement": -0.5171867425625141,
    "Negative High-Energy Emotions|Malevolence/Malice": -0.5301915171859792,
    "Longing & Lust|Sexual Lust": -0.6772372810504376,
    "Negative Low-Energy Emotions|Disappointment": -0.7018230263819243,
    "Negative Low-Energy Emotions|Doubt": -0.7314712690187775,
    "Longing & Lust|Infatuation": -1.6252285626754437
  }
}