{
  "key": [
    "stance-detection-part-9",
    "emonet-m1",
    "flux_prompt_9-image_162.png"
  ],
  "value": {
    "Positive Low-Energy Emotions|Contemplation": 1.0312515720383915,
    "Negative High-Energy Emotions|Distress": 0.9371000990039591,
    "Cognitive States and Processes|Confusion": 0.895181811554528,
    "Negative Low-Energy Emotions|Doubt": 0.7462299777196564,
    "Cognitive States and Processes|Concentration": 0.6201925551307288,
    "Negative Low-Energy Emotions|Sadness": 0.5194858466349661,
    "Negative High-Energy Emotions|Impatience and Irritability": 0.5045676254240912,
    "Physical and Exhaustive States|Fatigue/Exhaustion": 0.4419570150188147,
    "Negative Low-Energy Emotions|Disappointment": 0.36809141144852386,
    "Positive High-Energy Emotions|Hope/Enthusiasm/Optimism": 0.3401689275266814,
    "Positive High-Energy Emotions|Interest": 0.1882542809232688,
    "Extra Dimensions|Emotional Vulnerability": 0.12905576923391315,
    "Positive Low-Energy Emotions|Affection": 0.12115300922644345,
    "Physical and Exhaustive States|Sourness": 0.0011497076682664541,
    "Positive Low-Energy Emotions|Relief": 3.594863518472172e-05,
    "Negative Low-Energy Emotions|Jealousy & Envy": 0.0,
    "Negative High-Energy Emotions|Anger": -0.009551338332913273,
    "Physical and Exhaustive States|Intoxication/Altered States of Consciousness": -0.012759774998376222,
    "Positive High-Energy Emotions|Awe": -0.014762288525755153,
    "Physical and Exhaustive States|Pain": -0.020670116004905786,
    "Negative High-Energy Emotions|Disgust": -0.04129860004335096,
    "Negative Low-Energy Emotions|Emotional Numbness": -0.04722761100792616,
    "Positive High-Energy Emotions|Pleasure/Ecstasy": -0.05585866253574567,
    "Positive High-Energy Emotions|Astonishment/Surprise": -0.061438623597442885,
    "Positive High-Energy Emotions|Triumph": -0.07558377751152649,
    "Negative Low-Energy Emotions|Embarrassment": -0.10526698855717322,
    "Positive High-Energy Emotions|Teasing": -0.12225476530254324,
    "Negative High-Energy Emotions|Fear": -0.1260375731314222,
    "Negative Low-Energy Emotions|Helplessness": -0.13489498509837813,
    "Extra Dimensions|Arousal": -0.14015305893761765,
    "Extra Dimensions|Valence": -0.14193484796323702,
    "Positive High-Energy Emotions|Elation": -0.1531739972077797,
    "Negative Low-Energy Emotions|Contempt": -0.16100646824586196,
    "Negative Low-Energy Emotions|Bitterness": -0.22719657798417114,
    "Positive Low-Energy Emotions|Contentment": -0.27296044356138505,
    "Extra Dimensions|Dominance": -0.2960247925001678,
    "Negative High-Energy Emotions|Malevolence/Malice": -0.368893570017629,
    "Positive Low-Energy Emotions|Thankfulness/Gratitude": -0.48097141924350023,
    "Positive High-Energy Emotions|Amusement": -0.5266131724302585,
    "Negative Low-Energy Emotions|Shame": -0.6523618847860924,
    "Longing & Lust|Sexual Lust": -0.6765194921157299,
    "Longing & Lust|Longing": -0.8553111856400748,
    "Positive Low-Energy Emotions|Pride": -0.8602045821469455,
    "Longing & Lust|Infatuation": -0.9789519396648083
  }
}