{
  "key": [
    "stance-detection-part-9",
    "emonet-m1",
    "flux_prompt_9-image_210.png"
  ],
  "value": {
    "Longing & Lust|Sexual Lust": 1.5876639695503774,
    "Positive High-Energy Emotions|Interest": 1.414666815637014,
    "Positive Low-Energy Emotions|Affection": 1.2417718294168731,
    "Positive Low-Energy Emotions|Contentment": 1.233743052417924,
    "Longing & Lust|Infatuation": 1.1109828266277637,
    "Extra Dimensions|Valence": 1.0952769363846548,
    "Positive High-Energy Emotions|Pleasure/Ecstasy": 0.9834099251051448,
    "Cognitive States and Processes|Concentration": 0.9218855177772132,
    "Extra Dimensions|Dominance": 0.8504006111544076,
    "Positive Low-Energy Emotions|Pride": 0.6479020816761822,
    "Positive High-Energy Emotions|Amusement": 0.6292107549424355,
    "Positive High-Energy Emotions|Hope/Enthusiasm/Optimism": 0.3776054128172087,
    "Extra Dimensions|Arousal": 0.3760896836008345,
    "Negative High-Energy Emotions|Anger": 0.3401288171827575,
    "Positive High-Energy Emotions|Teasing": 0.23760978999673882,
    "Negative Low-Energy Emotions|Emotional Numbness": 0.12232292705512315,
    "Extra Dimensions|Emotional Vulnerability": 0.11815455654165241,
    "Negative High-Energy Emotions|Impatience and Irritability": 0.018954040905658553,
    "Negative Low-Energy Emotions|Jealousy & Envy": 0.0,
    "Positive Low-Energy Emotions|Relief": -0.002674162804043336,
    "Physical and Exhaustive States|Intoxication/Altered States of Consciousness": -0.005362242535302491,
    "Physical and Exhaustive States|Sourness": -0.009947432941951594,
    "Physical and Exhaustive States|Pain": -0.020670116004905786,
    "Positive High-Energy Emotions|Awe": -0.03627411146467422,
    "Negative High-Energy Emotions|Disgust": -0.04444947292953184,
    "Positive High-Energy Emotions|Astonishment/Surprise": -0.05119566970092036,
    "Positive High-Energy Emotions|Triumph": -0.06270801846872702,
    "Negative Low-Energy Emotions|Embarrassment": -0.12225920548696657,
    "Negative High-Energy Emotions|Fear": -0.12819889715562263,
    "Positive High-Energy Emotions|Elation": -0.14887740749407596,
    "Cognitive States and Processes|Confusion": -0.18505898197164466,
    "Negative Low-Energy Emotions|Helplessness": -0.19483316256477065,
    "Positive Low-Energy Emotions|Contemplation": -0.3340794816954342,
    "Longing & Lust|Longing": -0.35941471956370075,
    "Negative Low-Energy Emotions|Contempt": -0.3649415624235849,
    "Physical and Exhaustive States|Fatigue/Exhaustion": -0.41363055684054506,
    "Positive Low-Energy Emotions|Thankfulness/Gratitude": -0.48036984260229826,
    "Negative High-Energy Emotions|Malevolence/Malice": -0.5307240399835638,
    "Negative Low-Energy Emotions|Shame": -0.6564271227254501,
    "Negative High-Energy Emotions|Distress": -0.6766643211477514,
    "Negative Low-Energy Emotions|Disappointment": -0.7394798514177348,
    "Negative Low-Energy Emotions|Doubt": -0.927061167172917,
    "Negative Low-Energy Emotions|Sadness": -0.9468770655728758,
    "Negative Low-Energy Emotions|Bitterness": -1.8296435568959286
  }
}