{
  "key": [
    "stance-detection-part-9",
    "emonet-m1",
    "flux_prompt_9-image_097.png"
  ],
  "value": {
    "Positive Low-Energy Emotions|Contentment": 2.647220950061967,
    "Positive High-Energy Emotions|Pleasure/Ecstasy": 2.185743613841107,
    "Positive Low-Energy Emotions|Affection": 1.9050797346140167,
    "Positive Low-Energy Emotions|Pride": 1.9022168619114728,
    "Positive High-Energy Emotions|Hope/Enthusiasm/Optimism": 1.5664065822126556,
    "Positive High-Energy Emotions|Amusement": 1.4583071914429848,
    "Positive High-Energy Emotions|Elation": 1.0961247523547333,
    "Extra Dimensions|Valence": 0.8396512711968191,
    "Positive Low-Energy Emotions|Contemplation": 0.5911561473862919,
    "Extra Dimensions|Emotional Vulnerability": 0.5213363478471944,
    "Positive High-Energy Emotions|Interest": 0.4736558636411643,
    "Cognitive States and Processes|Concentration": 0.426373509110221,
    "Positive Low-Energy Emotions|Thankfulness/Gratitude": 0.36586657260508776,
    "Extra Dimensions|Dominance": 0.31577973007378013,
    "Negative High-Energy Emotions|Anger": 0.24435845814345086,
    "Physical and Exhaustive States|Fatigue/Exhaustion": 0.2280636014751135,
    "Longing & Lust|Longing": 0.16272369720341961,
    "Positive High-Energy Emotions|Awe": 0.14630269388849046,
    "Negative High-Energy Emotions|Impatience and Irritability": 0.13847911586445982,
    "Positive Low-Energy Emotions|Relief": 0.007820725024783568,
    "Negative Low-Energy Emotions|Jealousy & Envy": 0.0,
    "Physical and Exhaustive States|Sourness": -0.013506649798908076,
    "Physical and Exhaustive States|Pain": -0.020670116004905786,
    "Physical and Exhaustive States|Intoxication/Altered States of Consciousness": -0.02134101100320563,
    "Positive High-Energy Emotions|Triumph": -0.04063041054647103,
    "Negative High-Energy Emotions|Disgust": -0.041749740149075294,
    "Positive High-Energy Emotions|Astonishment/Surprise": -0.04867492966872432,
    "Negative High-Energy Emotions|Fear": -0.10965350798020759,
    "Negative Low-Energy Emotions|Embarrassment": -0.12260471126098772,
    "Positive High-Energy Emotions|Teasing": -0.13269708183467827,
    "Negative Low-Energy Emotions|Helplessness": -0.16310960366203017,
    "Cognitive States and Processes|Confusion": -0.18176414151658943,
    "Negative Low-Energy Emotions|Emotional Numbness": -0.2623037595179054,
    "Negative Low-Energy Emotions|Contempt": -0.3765256804321985,
    "Extra Dimensions|Arousal": -0.39389193909508835,
    "Negative High-Energy Emotions|Malevolence/Malice": -0.5347220066307119,
    "Negative Low-Energy Emotions|Shame": -0.6568267355470887,
    "Negative High-Energy Emotions|Distress": -0.6647834018104788,
    "Longing & Lust|Sexual Lust": -0.6663762269875942,
    "Negative Low-Energy Emotions|Disappointment": -0.7408115011384035,
    "Negative Low-Energy Emotions|Sadness": -0.8035279805697382,
    "Negative Low-Energy Emotions|Doubt": -0.9223569804800831,
    "Longing & Lust|Infatuation": -1.4072444823608075,
    "Negative Low-Energy Emotions|Bitterness": -1.8311651843146255
  }
}