{
  "key": [
    "stance-detection-part-9",
    "emonet-m1",
    "flux_prompt_9-image_132.png"
  ],
  "value": {
    "Negative Low-Energy Emotions|Embarrassment": 2.5236452125940785,
    "Negative High-Energy Emotions|Distress": 2.053951071179557,
    "Cognitive States and Processes|Confusion": 1.984039700729943,
    "Positive High-Energy Emotions|Astonishment/Surprise": 1.6218844319083097,
    "Cognitive States and Processes|Concentration": 1.6057663237464515,
    "Negative High-Energy Emotions|Fear": 1.2098640895759065,
    "Negative Low-Energy Emotions|Sadness": 0.9455045615397513,
    "Physical and Exhaustive States|Fatigue/Exhaustion": 0.7513224067500769,
    "Negative Low-Energy Emotions|Disappointment": 0.7401383589277719,
    "Negative High-Energy Emotions|Impatience and Irritability": 0.7193256639449042,
    "Negative High-Energy Emotions|Anger": 0.685959972959735,
    "Positive High-Energy Emotions|Interest": 0.5685135563596702,
    "Negative Low-Energy Emotions|Helplessness": 0.5396534620337324,
    "Negative Low-Energy Emotions|Doubt": 0.4940468980001129,
    "Positive Low-Energy Emotions|Contemplation": 0.07812347259686314,
    "Extra Dimensions|Emotional Vulnerability": 0.06471183994314167,
    "Negative Low-Energy Emotions|Emotional Numbness": 0.05315114074683458,
    "Positive High-Energy Emotions|Awe": 0.003346854254548802,
    "Negative Low-Energy Emotions|Jealousy & Envy": 0.0,
    "Physical and Exhaustive States|Sourness": -0.0057279307313345285,
    "Positive Low-Energy Emotions|Relief": -0.009020373641407533,
    "Physical and Exhaustive States|Intoxication/Altered States of Consciousness": -0.016239181235978457,
    "Physical and Exhaustive States|Pain": -0.020670116004905786,
    "Negative High-Energy Emotions|Disgust": -0.031888732816273475,
    "Positive High-Energy Emotions|Pleasure/Ecstasy": -0.05585866253574567,
    "Positive High-Energy Emotions|Triumph": -0.07729100634347334,
    "Positive High-Energy Emotions|Teasing": -0.0878920654660507,
    "Positive High-Energy Emotions|Elation": -0.15317306234090422,
    "Extra Dimensions|Arousal": -0.2568925704274858,
    "Extra Dimensions|Dominance": -0.27252366454187005,
    "Negative Low-Energy Emotions|Contempt": -0.32018708706843657,
    "Positive Low-Energy Emotions|Thankfulness/Gratitude": -0.48170647024212837,
    "Negative High-Energy Emotions|Malevolence/Malice": -0.4883801254747442,
    "Longing & Lust|Sexual Lust": -0.4939444898030697,
    "Positive High-Energy Emotions|Amusement": -0.5250797386352832,
    "Extra Dimensions|Valence": -0.5703626131091348,
    "Positive Low-Energy Emotions|Contentment": -0.6113981199911336,
    "Negative Low-Energy Emotions|Shame": -0.6564974636568657,
    "Positive Low-Energy Emotions|Affection": -0.8019204017614106,
    "Longing & Lust|Longing": -0.8688661535799285,
    "Positive High-Energy Emotions|Hope/Enthusiasm/Optimism": -1.0251745388744187,
    "Positive Low-Energy Emotions|Pride": -1.1081883730810314,
    "Longing & Lust|Infatuation": -1.6018342834934864,
    "Negative Low-Energy Emotions|Bitterness": -1.821985745850282
  }
}