{
  "key": [
    "stance-detection-part-9",
    "emonet-m1",
    "flux_prompt_9-image_136.png"
  ],
  "value": {
    "Cognitive States and Processes|Concentration": 1.9983377730262366,
    "Positive Low-Energy Emotions|Contemplation": 1.634040974046448,
    "Positive High-Energy Emotions|Hope/Enthusiasm/Optimism": 1.1298457129957367,
    "Negative High-Energy Emotions|Anger": 1.0141430278837462,
    "Positive High-Energy Emotions|Interest": 0.8861786564573264,
    "Physical and Exhaustive States|Fatigue/Exhaustion": 0.8000203552058874,
    "Positive Low-Energy Emotions|Pride": 0.649325321384129,
    "Positive Low-Energy Emotions|Affection": 0.64182890682471,
    "Negative Low-Energy Emotions|Sadness": 0.6287731085978567,
    "Negative High-Energy Emotions|Impatience and Irritability": 0.5115757011382025,
    "Negative High-Energy Emotions|Distress": 0.47262387124364413,
    "Longing & Lust|Longing": 0.3944086203754167,
    "Negative Low-Energy Emotions|Emotional Numbness": 0.1526793342206505,
    "Negative Low-Energy Emotions|Helplessness": 0.020024937253459024,
    "Negative Low-Energy Emotions|Doubt": 0.011247785203329475,
    "Negative Low-Energy Emotions|Jealousy & Envy": 0.0,
    "Positive Low-Energy Emotions|Relief": -0.0011078719486356213,
    "Physical and Exhaustive States|Sourness": -0.0027810547418974253,
    "Physical and Exhaustive States|Intoxication/Altered States of Consciousness": -0.013318657950112672,
    "Physical and Exhaustive States|Pain": -0.020670116004905786,
    "Positive High-Energy Emotions|Awe": -0.022354638770277248,
    "Positive Low-Energy Emotions|Contentment": -0.03456665999204911,
    "Negative High-Energy Emotions|Disgust": -0.04326226016431501,
    "Positive High-Energy Emotions|Pleasure/Ecstasy": -0.05585866253574567,
    "Positive High-Energy Emotions|Astonishment/Surprise": -0.06185318880301692,
    "Positive High-Energy Emotions|Triumph": -0.07570906088690892,
    "Extra Dimensions|Valence": -0.1108701588038437,
    "Negative Low-Energy Emotions|Embarrassment": -0.12101571476121088,
    "Positive High-Energy Emotions|Teasing": -0.12216795858800848,
    "Extra Dimensions|Dominance": -0.12269344241204824,
    "Negative High-Energy Emotions|Fear": -0.12719854495177665,
    "Extra Dimensions|Arousal": -0.14773715393883835,
    "Positive High-Energy Emotions|Elation": -0.15317404862606265,
    "Negative Low-Energy Emotions|Bitterness": -0.15983975310929321,
    "Cognitive States and Processes|Confusion": -0.1683733024167054,
    "Negative Low-Energy Emotions|Contempt": -0.3726709959005098,
    "Extra Dimensions|Emotional Vulnerability": -0.40888270637491253,
    "Positive Low-Energy Emotions|Thankfulness/Gratitude": -0.48078112210182905,
    "Negative High-Energy Emotions|Malevolence/Malice": -0.5228453639267019,
    "Positive High-Energy Emotions|Amusement": -0.5279325249676521,
    "Longing & Lust|Sexual Lust": -0.5916723994872509,
    "Negative Low-Energy Emotions|Shame": -0.6391532859562865,
    "Longing & Lust|Infatuation": -0.7097715226039563,
    "Negative Low-Energy Emotions|Disappointment": -0.7297267582942988
  }
}