{
  "key": [
    "stance-detection-part-9",
    "emonet-m1",
    "flux_prompt_9-image_146.png"
  ],
  "value": {
    "Cognitive States and Processes|Concentration": 2.260203388870963,
    "Positive Low-Energy Emotions|Affection": 2.025963199427249,
    "Positive Low-Energy Emotions|Contentment": 1.8940857457467815,
    "Positive High-Energy Emotions|Pleasure/Ecstasy": 1.6676956850309872,
    "Positive Low-Energy Emotions|Contemplation": 1.0946794971482547,
    "Longing & Lust|Longing": 1.0933953890979509,
    "Positive High-Energy Emotions|Hope/Enthusiasm/Optimism": 1.0447548373701263,
    "Extra Dimensions|Valence": 0.8075747931923636,
    "Negative Low-Energy Emotions|Sadness": 0.7754507218562185,
    "Negative High-Energy Emotions|Anger": 0.6154340883314391,
    "Physical and Exhaustive States|Fatigue/Exhaustion": 0.47664214990651,
    "Negative High-Energy Emotions|Impatience and Irritability": 0.4633581661192816,
    "Positive High-Energy Emotions|Interest": 0.40815631949748754,
    "Negative Low-Energy Emotions|Helplessness": 0.22410528049991899,
    "Positive Low-Energy Emotions|Pride": 0.21681566066330382,
    "Negative Low-Energy Emotions|Emotional Numbness": 0.11956883483863145,
    "Extra Dimensions|Dominance": 0.055560126296848394,
    "Negative Low-Energy Emotions|Jealousy & Envy": 0.0,
    "Positive Low-Energy Emotions|Relief": -0.0010163937200665905,
    "Physical and Exhaustive States|Intoxication/Altered States of Consciousness": -0.011371240094849916,
    "Physical and Exhaustive States|Sourness": -0.015318541593112788,
    "Physical and Exhaustive States|Pain": -0.020670116004905786,
    "Positive High-Energy Emotions|Awe": -0.021984031990225063,
    "Positive High-Energy Emotions|Amusement": -0.029858127522927047,
    "Positive High-Energy Emotions|Triumph": -0.03697900020520821,
    "Negative High-Energy Emotions|Disgust": -0.03703175684362104,
    "Positive High-Energy Emotions|Astonishment/Surprise": -0.048870924641906996,
    "Negative Low-Energy Emotions|Embarrassment": -0.11555122425813814,
    "Positive High-Energy Emotions|Teasing": -0.11891442415178259,
    "Negative High-Energy Emotions|Fear": -0.12785684100041786,
    "Positive High-Energy Emotions|Elation": -0.15317174836844272,
    "Cognitive States and Processes|Confusion": -0.17958143432607582,
    "Negative Low-Energy Emotions|Contempt": -0.37248509646403594,
    "Extra Dimensions|Emotional Vulnerability": -0.37644716999033,
    "Negative High-Energy Emotions|Distress": -0.4299999609821554,
    "Positive Low-Energy Emotions|Thankfulness/Gratitude": -0.48099464642851114,
    "Negative High-Energy Emotions|Malevolence/Malice": -0.5318296241877607,
    "Longing & Lust|Sexual Lust": -0.5845962478182255,
    "Negative Low-Energy Emotions|Shame": -0.6564694783448211,
    "Negative Low-Energy Emotions|Disappointment": -0.7342584342439915,
    "Extra Dimensions|Arousal": -0.7521380271230425,
    "Negative Low-Energy Emotions|Doubt": -0.9633436636997543,
    "Longing & Lust|Infatuation": -1.5447676640972767,
    "Negative Low-Energy Emotions|Bitterness": -1.8316099560365846
  }
}