{
  "key": [
    "stance-detection-part-9",
    "emonet-m1",
    "flux_prompt_9-image_122.png"
  ],
  "value": {
    "Positive Low-Energy Emotions|Contemplation": 2.8653394207017215,
    "Positive High-Energy Emotions|Awe": 2.7788719026296786,
    "Positive High-Energy Emotions|Hope/Enthusiasm/Optimism": 2.1363619311811615,
    "Cognitive States and Processes|Concentration": 2.10730316990734,
    "Positive High-Energy Emotions|Interest": 1.9434739788755393,
    "Cognitive States and Processes|Confusion": 1.3804488546682365,
    "Longing & Lust|Longing": 1.3498674998462419,
    "Negative Low-Energy Emotions|Doubt": 1.1393223715947784,
    "Extra Dimensions|Valence": 0.9783875788178213,
    "Positive High-Energy Emotions|Astonishment/Surprise": 0.8300991917349698,
    "Extra Dimensions|Arousal": 0.48551904303686966,
    "Negative High-Energy Emotions|Distress": 0.3350797161227945,
    "Negative High-Energy Emotions|Impatience and Irritability": 0.1568102859465521,
    "Longing & Lust|Infatuation": 0.08472793427852054,
    "Negative High-Energy Emotions|Anger": 0.02722138963339532,
    "Negative Low-Energy Emotions|Jealousy & Envy": 0.0,
    "Positive Low-Energy Emotions|Relief": -0.003944017409241243,
    "Physical and Exhaustive States|Sourness": -0.0078094813890837046,
    "Physical and Exhaustive States|Intoxication/Altered States of Consciousness": -0.019836172536561343,
    "Physical and Exhaustive States|Pain": -0.020670116004905786,
    "Negative High-Energy Emotions|Disgust": -0.0484197606697624,
    "Positive High-Energy Emotions|Pleasure/Ecstasy": -0.05585866253574567,
    "Physical and Exhaustive States|Fatigue/Exhaustion": -0.06708095647776735,
    "Positive High-Energy Emotions|Triumph": -0.07407086354683771,
    "Extra Dimensions|Dominance": -0.1034667348939475,
    "Extra Dimensions|Emotional Vulnerability": -0.11513039371469524,
    "Positive High-Energy Emotions|Teasing": -0.11895041045606573,
    "Negative Low-Energy Emotions|Embarrassment": -0.12195617547292849,
    "Negative High-Energy Emotions|Fear": -0.13177965364108482,
    "Positive High-Energy Emotions|Elation": -0.1531742185460483,
    "Positive Low-Energy Emotions|Pride": -0.2022981541674762,
    "Negative Low-Energy Emotions|Helplessness": -0.23220412744952865,
    "Negative Low-Energy Emotions|Emotional Numbness": -0.3239550489809486,
    "Negative Low-Energy Emotions|Contempt": -0.3798910257314424,
    "Negative Low-Energy Emotions|Sadness": -0.42744855535401705,
    "Positive Low-Energy Emotions|Thankfulness/Gratitude": -0.48098426683841705,
    "Positive High-Energy Emotions|Amusement": -0.5276485833411033,
    "Negative High-Energy Emotions|Malevolence/Malice": -0.5312918040273718,
    "Negative Low-Energy Emotions|Shame": -0.6563151079027882,
    "Longing & Lust|Sexual Lust": -0.7237509129903256,
    "Negative Low-Energy Emotions|Disappointment": -0.7341436301102187,
    "Positive Low-Energy Emotions|Affection": -0.8573553142045716,
    "Positive Low-Energy Emotions|Contentment": -1.0667532873800496,
    "Negative Low-Energy Emotions|Bitterness": -1.8272194341302683
  }
}