{
  "key": [
    "stance-detection-part-9",
    "emonet-m1",
    "flux_prompt_9-image_020.png"
  ],
  "value": {
    "Longing & Lust|Sexual Lust": 2.1863110871651235,
    "Positive High-Energy Emotions|Astonishment/Surprise": 1.7155385876395108,
    "Cognitive States and Processes|Concentration": 1.4553382670295325,
    "Positive High-Energy Emotions|Hope/Enthusiasm/Optimism": 1.271194790220468,
    "Positive High-Energy Emotions|Awe": 1.007212766811197,
    "Positive High-Energy Emotions|Interest": 0.7150780400022483,
    "Extra Dimensions|Valence": 0.6438591922249564,
    "Positive High-Energy Emotions|Pleasure/Ecstasy": 0.6162184315939448,
    "Negative High-Energy Emotions|Anger": 0.3406249066412231,
    "Longing & Lust|Infatuation": 0.19495230046656986,
    "Negative High-Energy Emotions|Impatience and Irritability": 0.06452745427769835,
    "Positive Low-Energy Emotions|Affection": 0.03630853920233457,
    "Negative Low-Energy Emotions|Emotional Numbness": 0.015155444679024521,
    "Negative Low-Energy Emotions|Jealousy & Envy": 0.0,
    "Positive Low-Energy Emotions|Relief": -0.004260115741646333,
    "Physical and Exhaustive States|Sourness": -0.012223331994571528,
    "Physical and Exhaustive States|Pain": -0.020670116004905786,
    "Physical and Exhaustive States|Intoxication/Altered States of Consciousness": -0.023479804471680972,
    "Negative High-Energy Emotions|Disgust": -0.04060735007672956,
    "Positive High-Energy Emotions|Triumph": -0.05933934369127884,
    "Positive High-Energy Emotions|Teasing": -0.09123875078618963,
    "Extra Dimensions|Emotional Vulnerability": -0.10599037906625774,
    "Negative High-Energy Emotions|Fear": -0.11117218962560096,
    "Negative Low-Energy Emotions|Embarrassment": -0.11973328730125567,
    "Extra Dimensions|Dominance": -0.14621879220786657,
    "Positive High-Energy Emotions|Elation": -0.1531713455523298,
    "Cognitive States and Processes|Confusion": -0.15857170228829315,
    "Physical and Exhaustive States|Fatigue/Exhaustion": -0.1800508318134607,
    "Extra Dimensions|Arousal": -0.1814645613942827,
    "Negative Low-Energy Emotions|Helplessness": -0.1962915839142961,
    "Positive Low-Energy Emotions|Contentment": -0.229349513118575,
    "Negative Low-Energy Emotions|Contempt": -0.37044834614741606,
    "Positive Low-Energy Emotions|Contemplation": -0.4620973840697018,
    "Positive Low-Energy Emotions|Thankfulness/Gratitude": -0.48068868461100817,
    "Positive High-Energy Emotions|Amusement": -0.5128004777316864,
    "Negative High-Energy Emotions|Malevolence/Malice": -0.5320529776928953,
    "Negative Low-Energy Emotions|Shame": -0.6566214208289018,
    "Negative High-Energy Emotions|Distress": -0.6891233533852812,
    "Negative Low-Energy Emotions|Disappointment": -0.7435680632223631,
    "Longing & Lust|Longing": -0.8841881161153098,
    "Negative Low-Energy Emotions|Doubt": -0.9370700797064386,
    "Negative Low-Energy Emotions|Sadness": -0.9833002197481573,
    "Positive Low-Energy Emotions|Pride": -1.1146441447060733,
    "Negative Low-Energy Emotions|Bitterness": -1.8307144269824793
  }
}