{
  "key": [
    "stance-detection-part-9",
    "emonet-m1",
    "flux_prompt_9-image_188.png"
  ],
  "value": {
    "Positive High-Energy Emotions|Pleasure/Ecstasy": 3.599405332209637,
    "Positive High-Energy Emotions|Amusement": 2.9516629424805823,
    "Positive Low-Energy Emotions|Contentment": 2.6690848874398965,
    "Positive Low-Energy Emotions|Affection": 2.289395702173831,
    "Positive High-Energy Emotions|Elation": 2.0756779750109833,
    "Cognitive States and Processes|Concentration": 1.6803627287757483,
    "Physical and Exhaustive States|Fatigue/Exhaustion": 1.2755941333583531,
    "Extra Dimensions|Valence": 1.1968031967606314,
    "Positive High-Energy Emotions|Hope/Enthusiasm/Optimism": 0.9664907201292204,
    "Positive Low-Energy Emotions|Contemplation": 0.39703550186322056,
    "Negative High-Energy Emotions|Anger": 0.2876824518263122,
    "Extra Dimensions|Dominance": 0.24232955216583643,
    "Negative Low-Energy Emotions|Emotional Numbness": 0.10893953853583604,
    "Positive High-Energy Emotions|Awe": 0.02734338621789719,
    "Negative Low-Energy Emotions|Sadness": 0.025420800324541304,
    "Positive High-Energy Emotions|Interest": 0.01992694938030004,
    "Positive Low-Energy Emotions|Relief": 0.01889167684420343,
    "Negative Low-Energy Emotions|Jealousy & Envy": 0.0,
    "Physical and Exhaustive States|Sourness": -0.01625019199327453,
    "Extra Dimensions|Emotional Vulnerability": -0.017412631721287042,
    "Physical and Exhaustive States|Pain": -0.020670116004905786,
    "Physical and Exhaustive States|Intoxication/Altered States of Consciousness": -0.02092263110036597,
    "Negative High-Energy Emotions|Impatience and Irritability": -0.032297132113750626,
    "Positive High-Energy Emotions|Astonishment/Surprise": -0.03373915307742335,
    "Negative High-Energy Emotions|Disgust": -0.040451938416058326,
    "Negative Low-Energy Emotions|Helplessness": -0.06409505321456618,
    "Positive High-Energy Emotions|Triumph": -0.07714130089621678,
    "Negative High-Energy Emotions|Fear": -0.11943053236852089,
    "Negative Low-Energy Emotions|Embarrassment": -0.12135628825087687,
    "Positive High-Energy Emotions|Teasing": -0.16467609879434547,
    "Cognitive States and Processes|Confusion": -0.18003454883565834,
    "Positive Low-Energy Emotions|Pride": -0.20387141876632264,
    "Negative Low-Energy Emotions|Contempt": -0.3734910813068132,
    "Positive Low-Energy Emotions|Thankfulness/Gratitude": -0.4795060884117937,
    "Negative High-Energy Emotions|Malevolence/Malice": -0.5282073530672124,
    "Negative High-Energy Emotions|Distress": -0.6028852150076147,
    "Extra Dimensions|Arousal": -0.6374501075063432,
    "Longing & Lust|Sexual Lust": -0.6446856944224774,
    "Negative Low-Energy Emotions|Shame": -0.6561458744837871,
    "Negative Low-Energy Emotions|Disappointment": -0.7332197543909098,
    "Longing & Lust|Longing": -0.8550995444476386,
    "Negative Low-Energy Emotions|Doubt": -0.9318862665442906,
    "Longing & Lust|Infatuation": -1.6282904756292973,
    "Negative Low-Energy Emotions|Bitterness": -1.829192774418073
  }
}