{
  "key": [
    "stance-detection-part-9",
    "emonet-m1",
    "flux_prompt_9-image_011.png"
  ],
  "value": {
    "Positive High-Energy Emotions|Pleasure/Ecstasy": 1.7477561670561337,
    "Longing & Lust|Sexual Lust": 1.430802664313561,
    "Extra Dimensions|Valence": 1.0199452484574087,
    "Positive High-Energy Emotions|Awe": 0.838321336910074,
    "Positive High-Energy Emotions|Hope/Enthusiasm/Optimism": 0.6856534226896452,
    "Negative High-Energy Emotions|Anger": 0.5344077726423522,
    "Positive High-Energy Emotions|Astonishment/Surprise": 0.47979482657688877,
    "Positive High-Energy Emotions|Interest": 0.4705149372800803,
    "Negative High-Energy Emotions|Impatience and Irritability": 0.4653074168173712,
    "Cognitive States and Processes|Concentration": 0.45685699337840946,
    "Physical and Exhaustive States|Fatigue/Exhaustion": 0.38148023508107054,
    "Extra Dimensions|Dominance": 0.29159305929359824,
    "Positive Low-Energy Emotions|Contentment": 0.2054797219583293,
    "Extra Dimensions|Emotional Vulnerability": 0.16178253391286823,
    "Positive Low-Energy Emotions|Affection": 0.11648334293616025,
    "Positive Low-Energy Emotions|Relief": 0.003705083907687621,
    "Negative Low-Energy Emotions|Jealousy & Envy": 0.0,
    "Physical and Exhaustive States|Intoxication/Altered States of Consciousness": -0.01127265401239142,
    "Physical and Exhaustive States|Sourness": -0.016699700421848138,
    "Physical and Exhaustive States|Pain": -0.020670116004905786,
    "Positive Low-Energy Emotions|Contemplation": -0.030703283880492815,
    "Negative High-Energy Emotions|Disgust": -0.03772826692014387,
    "Positive High-Energy Emotions|Teasing": -0.041407226294879515,
    "Positive High-Energy Emotions|Triumph": -0.06653710280548468,
    "Negative High-Energy Emotions|Fear": -0.11133740625033775,
    "Negative Low-Energy Emotions|Embarrassment": -0.11669163992662569,
    "Negative Low-Energy Emotions|Emotional Numbness": -0.13749979919457167,
    "Positive High-Energy Emotions|Elation": -0.153170672998733,
    "Negative Low-Energy Emotions|Helplessness": -0.15959266139938064,
    "Cognitive States and Processes|Confusion": -0.17903127600421836,
    "Positive High-Energy Emotions|Amusement": -0.25811578362033916,
    "Negative Low-Energy Emotions|Contempt": -0.37025948137986464,
    "Extra Dimensions|Arousal": -0.38327277558190476,
    "Negative Low-Energy Emotions|Sadness": -0.41104535711182955,
    "Longing & Lust|Infatuation": -0.46738798292729,
    "Positive Low-Energy Emotions|Thankfulness/Gratitude": -0.4806649312287426,
    "Negative High-Energy Emotions|Malevolence/Malice": -0.530869691383653,
    "Negative High-Energy Emotions|Distress": -0.5819579944246527,
    "Negative Low-Energy Emotions|Shame": -0.656127980983161,
    "Negative Low-Energy Emotions|Disappointment": -0.7384144668211485,
    "Longing & Lust|Longing": -0.8834224721014281,
    "Positive Low-Energy Emotions|Pride": -0.9021864878457218,
    "Negative Low-Energy Emotions|Doubt": -0.9343112619592033,
    "Negative Low-Energy Emotions|Bitterness": -1.831849316182809
  }
}