{
  "key": [
    "stance-detection-part-9",
    "emonet-m1",
    "flux_prompt_9-image_176.png"
  ],
  "value": {
    "Negative High-Energy Emotions|Anger": 2.033611693006732,
    "Negative High-Energy Emotions|Distress": 1.9743180736667398,
    "Positive Low-Energy Emotions|Contemplation": 1.8218168243424686,
    "Cognitive States and Processes|Concentration": 1.814383534134635,
    "Negative Low-Energy Emotions|Sadness": 1.7728227530680716,
    "Negative Low-Energy Emotions|Bitterness": 1.3776005468784998,
    "Physical and Exhaustive States|Fatigue/Exhaustion": 1.3031954946330724,
    "Negative Low-Energy Emotions|Shame": 1.1803619367272624,
    "Negative Low-Energy Emotions|Helplessness": 0.7450551210455733,
    "Positive High-Energy Emotions|Interest": 0.5761412819608664,
    "Negative High-Energy Emotions|Impatience and Irritability": 0.5400031827895087,
    "Negative Low-Energy Emotions|Disappointment": 0.42416269288162933,
    "Extra Dimensions|Dominance": 0.37104968666252525,
    "Negative High-Energy Emotions|Fear": 0.3498241401587924,
    "Positive Low-Energy Emotions|Affection": 0.3059932115579864,
    "Positive High-Energy Emotions|Hope/Enthusiasm/Optimism": 0.2608699544431853,
    "Negative Low-Energy Emotions|Emotional Numbness": 0.19871152454352647,
    "Negative High-Energy Emotions|Malevolence/Malice": 0.16193371384162392,
    "Negative Low-Energy Emotions|Doubt": 0.047499687783590705,
    "Negative Low-Energy Emotions|Jealousy & Envy": 0.0,
    "Positive Low-Energy Emotions|Relief": -0.004715048192894502,
    "Physical and Exhaustive States|Sourness": -0.007637514538326106,
    "Physical and Exhaustive States|Intoxication/Altered States of Consciousness": -0.012264728621194215,
    "Physical and Exhaustive States|Pain": -0.020670116004905786,
    "Positive High-Energy Emotions|Awe": -0.022725960806066738,
    "Negative High-Energy Emotions|Disgust": -0.03967488756328275,
    "Positive High-Energy Emotions|Pleasure/Ecstasy": -0.05585866253574567,
    "Positive High-Energy Emotions|Astonishment/Surprise": -0.059977996876060743,
    "Positive High-Energy Emotions|Triumph": -0.07536230062137976,
    "Negative Low-Energy Emotions|Embarrassment": -0.12044381191988131,
    "Positive High-Energy Emotions|Teasing": -0.1248752686089321,
    "Longing & Lust|Longing": -0.13064565561411579,
    "Positive Low-Energy Emotions|Pride": -0.14864467554503968,
    "Positive High-Energy Emotions|Elation": -0.15317427696471198,
    "Extra Dimensions|Emotional Vulnerability": -0.16872426769235638,
    "Negative Low-Energy Emotions|Contempt": -0.17438559503304762,
    "Cognitive States and Processes|Confusion": -0.17851305087079933,
    "Extra Dimensions|Arousal": -0.24304498093468796,
    "Positive Low-Energy Emotions|Thankfulness/Gratitude": -0.4813225893214202,
    "Positive High-Energy Emotions|Amusement": -0.5270587208752449,
    "Longing & Lust|Sexual Lust": -0.5404382435939251,
    "Extra Dimensions|Valence": -0.7107607280287973,
    "Positive Low-Energy Emotions|Contentment": -0.8114406061819295,
    "Longing & Lust|Infatuation": -1.6149814737066899
  }
}