{
  "key": [
    "stance-detection-part-9",
    "emonet-m1",
    "flux_prompt_9-image_077.png"
  ],
  "value": {
    "Positive Low-Energy Emotions|Contentment": 2.2130211400338906,
    "Positive Low-Energy Emotions|Affection": 2.0757440450693387,
    "Longing & Lust|Longing": 1.890841401594899,
    "Positive Low-Energy Emotions|Pride": 1.6747946245152325,
    "Positive High-Energy Emotions|Hope/Enthusiasm/Optimism": 1.437881801939218,
    "Cognitive States and Processes|Concentration": 1.3805613791358557,
    "Positive Low-Energy Emotions|Contemplation": 1.3190974220292362,
    "Positive High-Energy Emotions|Pleasure/Ecstasy": 1.1032038170118832,
    "Extra Dimensions|Valence": 0.8822098816361197,
    "Physical and Exhaustive States|Fatigue/Exhaustion": 0.8650084914973913,
    "Negative Low-Energy Emotions|Sadness": 0.706942096825701,
    "Negative Low-Energy Emotions|Helplessness": 0.43830750570820143,
    "Extra Dimensions|Emotional Vulnerability": 0.40029481151601765,
    "Negative High-Energy Emotions|Impatience and Irritability": 0.3092732452361029,
    "Negative High-Energy Emotions|Anger": 0.2821876188337585,
    "Negative Low-Energy Emotions|Emotional Numbness": 0.08622289710974962,
    "Positive High-Energy Emotions|Amusement": 0.08182977111293721,
    "Positive High-Energy Emotions|Triumph": 0.07212895608503685,
    "Positive Low-Energy Emotions|Relief": 0.0026151757250666187,
    "Negative Low-Energy Emotions|Jealousy & Envy": 0.0,
    "Negative High-Energy Emotions|Fear": -0.0047112309063474245,
    "Physical and Exhaustive States|Sourness": -0.011200784511127314,
    "Physical and Exhaustive States|Intoxication/Altered States of Consciousness": -0.012668311670968385,
    "Physical and Exhaustive States|Pain": -0.020670116004905786,
    "Positive High-Energy Emotions|Awe": -0.027132174566442714,
    "Negative High-Energy Emotions|Disgust": -0.04035907437949827,
    "Positive High-Energy Emotions|Astonishment/Surprise": -0.06576176338416316,
    "Positive High-Energy Emotions|Interest": -0.11404641068134547,
    "Positive High-Energy Emotions|Teasing": -0.11927184340417822,
    "Negative Low-Energy Emotions|Embarrassment": -0.12005142709274431,
    "Positive High-Energy Emotions|Elation": -0.15317126262187442,
    "Extra Dimensions|Dominance": -0.17073172391238775,
    "Negative High-Energy Emotions|Distress": -0.1778679028385397,
    "Cognitive States and Processes|Confusion": -0.18550491412153175,
    "Positive Low-Energy Emotions|Thankfulness/Gratitude": -0.2541821440592265,
    "Negative Low-Energy Emotions|Contempt": -0.37960610062825484,
    "Negative High-Energy Emotions|Malevolence/Malice": -0.5304264339922002,
    "Negative Low-Energy Emotions|Shame": -0.5314783501236668,
    "Extra Dimensions|Arousal": -0.5894843425069536,
    "Longing & Lust|Sexual Lust": -0.6720930574796139,
    "Negative Low-Energy Emotions|Disappointment": -0.7312120315362955,
    "Negative Low-Energy Emotions|Doubt": -0.9254834238438092,
    "Longing & Lust|Infatuation": -1.6245902639851246,
    "Negative Low-Energy Emotions|Bitterness": -1.830423782627361
  }
}