{
  "key": [
    "stance-detection-part-9",
    "emonet-m1",
    "flux_prompt_9-image_072.png"
  ],
  "value": {
    "Positive High-Energy Emotions|Astonishment/Surprise": 1.923468079636276,
    "Positive High-Energy Emotions|Awe": 1.8108618346899201,
    "Cognitive States and Processes|Concentration": 1.5323975359809485,
    "Positive High-Energy Emotions|Pleasure/Ecstasy": 1.4617362457533383,
    "Positive High-Energy Emotions|Interest": 1.1832775315031028,
    "Positive High-Energy Emotions|Hope/Enthusiasm/Optimism": 1.1718283637525726,
    "Longing & Lust|Sexual Lust": 0.8322264762260975,
    "Extra Dimensions|Valence": 0.7722502792801627,
    "Positive Low-Energy Emotions|Contemplation": 0.42176952209637486,
    "Positive Low-Energy Emotions|Affection": 0.37614823608648984,
    "Physical and Exhaustive States|Fatigue/Exhaustion": 0.2925174417308508,
    "Negative High-Energy Emotions|Anger": 0.23956439695952142,
    "Negative High-Energy Emotions|Impatience and Irritability": 0.21466040839833433,
    "Cognitive States and Processes|Confusion": 0.040531075699425434,
    "Positive Low-Energy Emotions|Relief": 0.0009705941687464283,
    "Negative Low-Energy Emotions|Jealousy & Envy": 0.0,
    "Physical and Exhaustive States|Sourness": -0.01438026762680038,
    "Physical and Exhaustive States|Pain": -0.020670116004905786,
    "Longing & Lust|Longing": -0.02127047680018146,
    "Physical and Exhaustive States|Intoxication/Altered States of Consciousness": -0.024535194114396426,
    "Extra Dimensions|Emotional Vulnerability": -0.039631574363498956,
    "Negative High-Energy Emotions|Disgust": -0.04170000752359083,
    "Positive High-Energy Emotions|Triumph": -0.07136116934012308,
    "Extra Dimensions|Dominance": -0.09224873841586675,
    "Negative High-Energy Emotions|Fear": -0.11243532380710045,
    "Negative Low-Energy Emotions|Embarrassment": -0.11970105608959337,
    "Negative Low-Energy Emotions|Emotional Numbness": -0.12079243845009535,
    "Positive High-Energy Emotions|Elation": -0.15317147727262848,
    "Positive High-Energy Emotions|Teasing": -0.15501458820760688,
    "Positive Low-Energy Emotions|Contentment": -0.16350116259367264,
    "Negative Low-Energy Emotions|Helplessness": -0.1900187463946504,
    "Extra Dimensions|Arousal": -0.27784551041466843,
    "Longing & Lust|Infatuation": -0.300922819696394,
    "Negative Low-Energy Emotions|Contempt": -0.3722979453300218,
    "Positive Low-Energy Emotions|Thankfulness/Gratitude": -0.4801130797624445,
    "Positive High-Energy Emotions|Amusement": -0.5169343988482769,
    "Negative High-Energy Emotions|Malevolence/Malice": -0.5315165433404974,
    "Negative Low-Energy Emotions|Sadness": -0.5818981374539316,
    "Negative High-Energy Emotions|Distress": -0.6281251371138807,
    "Negative Low-Energy Emotions|Shame": -0.6565473881348005,
    "Negative Low-Energy Emotions|Disappointment": -0.7392953899433161,
    "Negative Low-Energy Emotions|Doubt": -0.8839700395239674,
    "Positive Low-Energy Emotions|Pride": -1.1109574856680065,
    "Negative Low-Energy Emotions|Bitterness": -1.8313378524512818
  }
}