{
  "key": [
    "stance-detection-part-9",
    "emonet-m1",
    "flux_prompt_9-image_189.png"
  ],
  "value": {
    "Positive Low-Energy Emotions|Pride": 2.078397701450047,
    "Positive Low-Energy Emotions|Contentment": 1.5087750958749553,
    "Positive High-Energy Emotions|Amusement": 1.413066312384147,
    "Extra Dimensions|Valence": 1.0241978014435538,
    "Positive Low-Energy Emotions|Affection": 0.9723686101938507,
    "Longing & Lust|Infatuation": 0.8618304046764698,
    "Longing & Lust|Sexual Lust": 0.8285498233177723,
    "Positive High-Energy Emotions|Pleasure/Ecstasy": 0.6559853392859004,
    "Extra Dimensions|Dominance": 0.5837566101473275,
    "Positive High-Energy Emotions|Hope/Enthusiasm/Optimism": 0.5606989606382536,
    "Cognitive States and Processes|Concentration": 0.5334358488929358,
    "Positive High-Energy Emotions|Teasing": 0.3940661412769512,
    "Positive High-Energy Emotions|Triumph": 0.34459032571871145,
    "Positive High-Energy Emotions|Interest": 0.2902495106443381,
    "Negative Low-Energy Emotions|Emotional Numbness": 0.12747801357245714,
    "Extra Dimensions|Arousal": 0.09736358267920364,
    "Positive High-Energy Emotions|Elation": 0.017532451939694216,
    "Positive Low-Energy Emotions|Relief": 0.003662310124480681,
    "Negative High-Energy Emotions|Anger": 0.0006117900430938072,
    "Negative Low-Energy Emotions|Jealousy & Envy": 0.0,
    "Physical and Exhaustive States|Sourness": -0.005185304946460566,
    "Physical and Exhaustive States|Intoxication/Altered States of Consciousness": -0.02004757531041846,
    "Physical and Exhaustive States|Pain": -0.020670116004905786,
    "Positive High-Energy Emotions|Awe": -0.026077157452757106,
    "Negative High-Energy Emotions|Disgust": -0.04348193308263471,
    "Positive High-Energy Emotions|Astonishment/Surprise": -0.06259352319461085,
    "Negative Low-Energy Emotions|Embarrassment": -0.11908429330248972,
    "Negative High-Energy Emotions|Fear": -0.13309064290175834,
    "Extra Dimensions|Emotional Vulnerability": -0.16539761325815228,
    "Positive Low-Energy Emotions|Thankfulness/Gratitude": -0.18825650121121168,
    "Cognitive States and Processes|Confusion": -0.18869392652978828,
    "Negative Low-Energy Emotions|Helplessness": -0.21604821397735305,
    "Negative High-Energy Emotions|Impatience and Irritability": -0.3758304394276697,
    "Negative Low-Energy Emotions|Contempt": -0.3797088292335252,
    "Physical and Exhaustive States|Fatigue/Exhaustion": -0.4652773854919733,
    "Negative High-Energy Emotions|Malevolence/Malice": -0.5348627480981878,
    "Negative Low-Energy Emotions|Shame": -0.6565877069517008,
    "Negative High-Energy Emotions|Distress": -0.7241076067322012,
    "Negative Low-Energy Emotions|Disappointment": -0.7436648127367045,
    "Longing & Lust|Longing": -0.8388467212736388,
    "Negative Low-Energy Emotions|Doubt": -0.905624921060928,
    "Negative Low-Energy Emotions|Sadness": -0.9823541198782504,
    "Positive Low-Energy Emotions|Contemplation": -1.0946547165854184,
    "Negative Low-Energy Emotions|Bitterness": -1.8300780682370832
  }
}