{
  "key": [
    "stance-detection-part-9",
    "emonet-m1",
    "flux_prompt_9-image_157.png"
  ],
  "value": {
    "Positive Low-Energy Emotions|Affection": 2.6114376905466337,
    "Positive Low-Energy Emotions|Contentment": 2.4877589749643105,
    "Cognitive States and Processes|Concentration": 1.5413022314918128,
    "Positive High-Energy Emotions|Pleasure/Ecstasy": 1.4298110443373226,
    "Extra Dimensions|Valence": 1.0568269337143668,
    "Positive High-Energy Emotions|Amusement": 0.9957128015275185,
    "Positive High-Energy Emotions|Hope/Enthusiasm/Optimism": 0.8677631362440276,
    "Negative Low-Energy Emotions|Sadness": 0.8369927560053885,
    "Positive Low-Energy Emotions|Pride": 0.674265096851048,
    "Longing & Lust|Longing": 0.5453747878253679,
    "Physical and Exhaustive States|Fatigue/Exhaustion": 0.5241583766750036,
    "Negative High-Energy Emotions|Impatience and Irritability": 0.36234295596760924,
    "Negative High-Energy Emotions|Anger": 0.3271973510801574,
    "Negative Low-Energy Emotions|Helplessness": 0.17678199396656327,
    "Positive High-Energy Emotions|Triumph": 0.1492256120498882,
    "Extra Dimensions|Emotional Vulnerability": 0.08242991664907429,
    "Negative Low-Energy Emotions|Emotional Numbness": 0.08031142765021593,
    "Positive High-Energy Emotions|Elation": 0.0208833654643219,
    "Positive Low-Energy Emotions|Relief": 0.009278192699992614,
    "Positive Low-Energy Emotions|Contemplation": 0.008508585359314313,
    "Negative Low-Energy Emotions|Jealousy & Envy": 0.0,
    "Physical and Exhaustive States|Sourness": -0.00926019138769134,
    "Physical and Exhaustive States|Intoxication/Altered States of Consciousness": -0.014282405451485963,
    "Positive High-Energy Emotions|Awe": -0.019718876674825893,
    "Physical and Exhaustive States|Pain": -0.020670116004905786,
    "Negative High-Energy Emotions|Disgust": -0.04022085120826414,
    "Positive High-Energy Emotions|Astonishment/Surprise": -0.05476241164427974,
    "Extra Dimensions|Dominance": -0.05998690486732092,
    "Negative Low-Energy Emotions|Embarrassment": -0.11877972846884867,
    "Positive High-Energy Emotions|Teasing": -0.13119502988517723,
    "Negative High-Energy Emotions|Fear": -0.13536350211749473,
    "Cognitive States and Processes|Confusion": -0.1813234024213784,
    "Positive High-Energy Emotions|Interest": -0.28650148308429957,
    "Negative Low-Energy Emotions|Contempt": -0.37621809811341567,
    "Positive Low-Energy Emotions|Thankfulness/Gratitude": -0.4802696043535924,
    "Negative High-Energy Emotions|Malevolence/Malice": -0.5345726075885824,
    "Negative High-Energy Emotions|Distress": -0.6445633009308096,
    "Negative Low-Energy Emotions|Shame": -0.656310125327014,
    "Longing & Lust|Sexual Lust": -0.6735582737586437,
    "Negative Low-Energy Emotions|Disappointment": -0.7329111122270371,
    "Negative Low-Energy Emotions|Doubt": -0.9433761114252888,
    "Extra Dimensions|Arousal": -0.9771491374288286,
    "Longing & Lust|Infatuation": -1.6179305103645,
    "Negative Low-Energy Emotions|Bitterness": -1.8317793673381975
  }
}