{
  "key": [
    "stance-detection-part-9",
    "emonet-m1",
    "flux_prompt_9-image_089.png"
  ],
  "value": {
    "Positive High-Energy Emotions|Pleasure/Ecstasy": 3.938492580058148,
    "Positive High-Energy Emotions|Amusement": 3.84052650601818,
    "Positive High-Energy Emotions|Elation": 3.2618738253832977,
    "Positive Low-Energy Emotions|Contentment": 2.81615481847017,
    "Positive Low-Energy Emotions|Affection": 2.690990579416873,
    "Extra Dimensions|Valence": 1.8476210678543814,
    "Positive Low-Energy Emotions|Pride": 1.2099480134922833,
    "Positive High-Energy Emotions|Hope/Enthusiasm/Optimism": 0.9389365657331633,
    "Extra Dimensions|Emotional Vulnerability": 0.7555821249773214,
    "Extra Dimensions|Dominance": 0.6618881666582528,
    "Negative High-Energy Emotions|Anger": 0.5510814567625304,
    "Negative High-Energy Emotions|Impatience and Irritability": 0.38268971671742613,
    "Cognitive States and Processes|Concentration": 0.36592605465770633,
    "Extra Dimensions|Arousal": 0.08756934744971145,
    "Positive High-Energy Emotions|Interest": 0.07006351554240942,
    "Positive High-Energy Emotions|Teasing": 0.06587888422548334,
    "Positive Low-Energy Emotions|Relief": 0.011217921556079345,
    "Negative Low-Energy Emotions|Jealousy & Envy": 0.0,
    "Physical and Exhaustive States|Intoxication/Altered States of Consciousness": -0.007354363874146791,
    "Physical and Exhaustive States|Sourness": -0.010340838498630366,
    "Physical and Exhaustive States|Pain": -0.020670116004905786,
    "Positive High-Energy Emotions|Awe": -0.020930490091497646,
    "Negative High-Energy Emotions|Disgust": -0.04389356275945356,
    "Positive High-Energy Emotions|Astonishment/Surprise": -0.05045161001902797,
    "Positive High-Energy Emotions|Triumph": -0.07483187143694296,
    "Negative High-Energy Emotions|Fear": -0.1207740136111776,
    "Negative Low-Energy Emotions|Embarrassment": -0.12194172507186075,
    "Physical and Exhaustive States|Fatigue/Exhaustion": -0.14193616487467897,
    "Positive Low-Energy Emotions|Thankfulness/Gratitude": -0.1652817716732478,
    "Cognitive States and Processes|Confusion": -0.18608187963237693,
    "Negative Low-Energy Emotions|Helplessness": -0.20890887393428512,
    "Negative Low-Energy Emotions|Emotional Numbness": -0.26919316238426894,
    "Positive Low-Energy Emotions|Contemplation": -0.32746920738055385,
    "Negative Low-Energy Emotions|Contempt": -0.37777747483002944,
    "Negative High-Energy Emotions|Malevolence/Malice": -0.5358495178936056,
    "Negative High-Energy Emotions|Distress": -0.6418653413885351,
    "Negative Low-Energy Emotions|Shame": -0.6566696866213313,
    "Longing & Lust|Sexual Lust": -0.6850184588096081,
    "Negative Low-Energy Emotions|Disappointment": -0.7388080474664713,
    "Longing & Lust|Longing": -0.8726525982439299,
    "Negative Low-Energy Emotions|Doubt": -0.9317028826100908,
    "Negative Low-Energy Emotions|Sadness": -0.9831892750151336,
    "Longing & Lust|Infatuation": -1.634556734286276,
    "Negative Low-Energy Emotions|Bitterness": -1.8315920532227328
  }
}