{
  "key": [
    "stance-detection-part-9",
    "emonet-m1",
    "flux_prompt_9-image_078.png"
  ],
  "value": {
    "Cognitive States and Processes|Concentration": 1.3358121191871253,
    "Positive Low-Energy Emotions|Pride": 1.2732402784306378,
    "Positive High-Energy Emotions|Interest": 1.1256722649320579,
    "Longing & Lust|Sexual Lust": 1.115890464339501,
    "Negative High-Energy Emotions|Anger": 0.8195053716718932,
    "Longing & Lust|Infatuation": 0.7661616119518604,
    "Extra Dimensions|Dominance": 0.730030938379139,
    "Negative Low-Energy Emotions|Bitterness": 0.5853189192234705,
    "Extra Dimensions|Arousal": 0.5139800224985396,
    "Negative High-Energy Emotions|Impatience and Irritability": 0.3699796818701666,
    "Negative Low-Energy Emotions|Emotional Numbness": 0.20092285686469347,
    "Negative Low-Energy Emotions|Doubt": 0.15113386642204896,
    "Negative Low-Energy Emotions|Jealousy & Envy": 0.0,
    "Positive Low-Energy Emotions|Relief": -0.003419787107861085,
    "Physical and Exhaustive States|Sourness": -0.004500261313476405,
    "Physical and Exhaustive States|Intoxication/Altered States of Consciousness": -0.012003973201463075,
    "Physical and Exhaustive States|Pain": -0.020670116004905786,
    "Positive High-Energy Emotions|Awe": -0.024889788225347743,
    "Negative High-Energy Emotions|Disgust": -0.03502168705611875,
    "Positive High-Energy Emotions|Pleasure/Ecstasy": -0.05585866253574567,
    "Positive High-Energy Emotions|Triumph": -0.07153781888078585,
    "Positive High-Energy Emotions|Astonishment/Surprise": -0.07382083289843776,
    "Extra Dimensions|Valence": -0.11538231795766278,
    "Positive High-Energy Emotions|Teasing": -0.11708105978429754,
    "Negative Low-Energy Emotions|Embarrassment": -0.12072322359342715,
    "Negative High-Energy Emotions|Fear": -0.12627293697247902,
    "Positive High-Energy Emotions|Elation": -0.15317380986733253,
    "Negative High-Energy Emotions|Malevolence/Malice": -0.17292646200638329,
    "Negative Low-Energy Emotions|Helplessness": -0.1751908542103929,
    "Cognitive States and Processes|Confusion": -0.20269893188943794,
    "Negative Low-Energy Emotions|Contempt": -0.35262756318795485,
    "Physical and Exhaustive States|Fatigue/Exhaustion": -0.35416952945674074,
    "Positive Low-Energy Emotions|Contemplation": -0.37852368507220424,
    "Extra Dimensions|Emotional Vulnerability": -0.3845749785611918,
    "Positive High-Energy Emotions|Hope/Enthusiasm/Optimism": -0.44155111470201736,
    "Positive Low-Energy Emotions|Thankfulness/Gratitude": -0.4822022681966281,
    "Positive Low-Energy Emotions|Affection": -0.48325680465447696,
    "Positive High-Energy Emotions|Amusement": -0.5272666107003505,
    "Negative High-Energy Emotions|Distress": -0.5939919039839026,
    "Negative Low-Energy Emotions|Shame": -0.6553490320949784,
    "Negative Low-Energy Emotions|Disappointment": -0.73673021464844,
    "Longing & Lust|Longing": -0.8778013964712401,
    "Positive Low-Energy Emotions|Contentment": -0.8869105768850545,
    "Negative Low-Energy Emotions|Sadness": -0.9423598903156698
  }
}