{
  "key": [
    "stance-detection-part-9",
    "emonet-m1",
    "flux_prompt_9-image_081.png"
  ],
  "value": {
    "Longing & Lust|Sexual Lust": 1.6449929089882436,
    "Longing & Lust|Infatuation": 1.1941398891582813,
    "Positive High-Energy Emotions|Interest": 1.1058019837125754,
    "Positive Low-Energy Emotions|Affection": 1.0734497430826446,
    "Longing & Lust|Longing": 1.0372165808856706,
    "Positive Low-Energy Emotions|Contentment": 0.9204503106424113,
    "Positive High-Energy Emotions|Hope/Enthusiasm/Optimism": 0.8945524438383269,
    "Extra Dimensions|Valence": 0.7793419207062491,
    "Positive Low-Energy Emotions|Pride": 0.7294542295414777,
    "Cognitive States and Processes|Concentration": 0.4678459441077796,
    "Positive High-Energy Emotions|Awe": 0.27157289664441847,
    "Negative Low-Energy Emotions|Emotional Numbness": 0.26274324470496446,
    "Extra Dimensions|Emotional Vulnerability": 0.19616583087942097,
    "Extra Dimensions|Dominance": 0.13979123472389612,
    "Negative Low-Energy Emotions|Jealousy & Envy": 0.0,
    "Positive Low-Energy Emotions|Relief": -0.003993668078339143,
    "Physical and Exhaustive States|Sourness": -0.011854371792831263,
    "Physical and Exhaustive States|Intoxication/Altered States of Consciousness": -0.015176132396409364,
    "Physical and Exhaustive States|Pain": -0.020670116004905786,
    "Extra Dimensions|Arousal": -0.03089750664574753,
    "Negative High-Energy Emotions|Disgust": -0.0450897087708061,
    "Positive High-Energy Emotions|Pleasure/Ecstasy": -0.05585866253574567,
    "Positive High-Energy Emotions|Astonishment/Surprise": -0.06394699566584804,
    "Positive High-Energy Emotions|Triumph": -0.07435720984827414,
    "Negative Low-Energy Emotions|Embarrassment": -0.12111655836959025,
    "Negative High-Energy Emotions|Fear": -0.12321651509652534,
    "Positive High-Energy Emotions|Teasing": -0.12349767860830267,
    "Positive High-Energy Emotions|Elation": -0.1531727738328139,
    "Cognitive States and Processes|Confusion": -0.17917414088716438,
    "Negative Low-Energy Emotions|Helplessness": -0.19170096828414626,
    "Positive Low-Energy Emotions|Contemplation": -0.2029794231398312,
    "Negative High-Energy Emotions|Anger": -0.21275486745240485,
    "Negative Low-Energy Emotions|Contempt": -0.38218502224433226,
    "Physical and Exhaustive States|Fatigue/Exhaustion": -0.3917914745994867,
    "Negative High-Energy Emotions|Impatience and Irritability": -0.4563898421319086,
    "Positive Low-Energy Emotions|Thankfulness/Gratitude": -0.4807298928409672,
    "Negative High-Energy Emotions|Malevolence/Malice": -0.5175198900816969,
    "Positive High-Energy Emotions|Amusement": -0.522175785440665,
    "Negative Low-Energy Emotions|Shame": -0.560029213389658,
    "Negative Low-Energy Emotions|Doubt": -0.6122738109899841,
    "Negative High-Energy Emotions|Distress": -0.7144259646766897,
    "Negative Low-Energy Emotions|Disappointment": -0.7383376289834525,
    "Negative Low-Energy Emotions|Sadness": -0.8360439534224451,
    "Negative Low-Energy Emotions|Bitterness": -1.8266302291781475
  }
}