{
  "key": [
    "stance-detection-part-9",
    "emonet-m1",
    "flux_prompt_9-image_093.png"
  ],
  "value": {
    "Positive High-Energy Emotions|Pleasure/Ecstasy": 3.478151841761639,
    "Positive High-Energy Emotions|Amusement": 3.3448049274201574,
    "Positive Low-Energy Emotions|Contentment": 3.133648257190873,
    "Positive High-Energy Emotions|Elation": 2.5802398761035126,
    "Positive Low-Energy Emotions|Affection": 2.4950569990183133,
    "Positive Low-Energy Emotions|Pride": 2.0229010087925765,
    "Extra Dimensions|Valence": 1.8848050678696402,
    "Positive High-Energy Emotions|Hope/Enthusiasm/Optimism": 1.2865346415998626,
    "Extra Dimensions|Dominance": 0.8016106331270638,
    "Positive Low-Energy Emotions|Thankfulness/Gratitude": 0.6056163022384191,
    "Extra Dimensions|Emotional Vulnerability": 0.5997922728349874,
    "Positive High-Energy Emotions|Triumph": 0.4339856103714214,
    "Cognitive States and Processes|Concentration": 0.42662504071117313,
    "Extra Dimensions|Arousal": 0.26270948989050735,
    "Negative High-Energy Emotions|Anger": 0.21200064621565545,
    "Positive High-Energy Emotions|Interest": 0.08490602576579809,
    "Positive Low-Energy Emotions|Relief": 0.004820219756209807,
    "Negative Low-Energy Emotions|Jealousy & Envy": 0.0,
    "Negative High-Energy Emotions|Impatience and Irritability": -0.00595873365717714,
    "Physical and Exhaustive States|Sourness": -0.010260230667152247,
    "Physical and Exhaustive States|Intoxication/Altered States of Consciousness": -0.01410560317392096,
    "Positive High-Energy Emotions|Awe": -0.014716974094564662,
    "Physical and Exhaustive States|Pain": -0.020670116004905786,
    "Positive Low-Energy Emotions|Contemplation": -0.03447244319750942,
    "Negative High-Energy Emotions|Disgust": -0.046181181575352455,
    "Positive High-Energy Emotions|Teasing": -0.04693727073133429,
    "Physical and Exhaustive States|Fatigue/Exhaustion": -0.059220295924788835,
    "Positive High-Energy Emotions|Astonishment/Surprise": -0.0676535105012057,
    "Negative Low-Energy Emotions|Embarrassment": -0.12223348608274599,
    "Negative High-Energy Emotions|Fear": -0.13421438417086998,
    "Cognitive States and Processes|Confusion": -0.19265344818105629,
    "Negative Low-Energy Emotions|Helplessness": -0.20807442380859084,
    "Negative Low-Energy Emotions|Emotional Numbness": -0.2829494375612709,
    "Longing & Lust|Sexual Lust": -0.3151824264190136,
    "Negative Low-Energy Emotions|Contempt": -0.375145818004487,
    "Negative High-Energy Emotions|Malevolence/Malice": -0.5403302598116926,
    "Negative Low-Energy Emotions|Shame": -0.6567759160681597,
    "Negative High-Energy Emotions|Distress": -0.6757779628270384,
    "Negative Low-Energy Emotions|Disappointment": -0.7412550342013384,
    "Longing & Lust|Longing": -0.8145951410352965,
    "Negative Low-Energy Emotions|Doubt": -0.9231626378370605,
    "Negative Low-Energy Emotions|Sadness": -0.9833616409376145,
    "Longing & Lust|Infatuation": -1.275391289316145,
    "Negative Low-Energy Emotions|Bitterness": -1.8305756319791844
  }
}