{
  "key": [
    "stance-detection-part-9",
    "emonet-m1",
    "flux_prompt_9-image_233.png"
  ],
  "value": {
    "Positive High-Energy Emotions|Pleasure/Ecstasy": 3.4676878887434506,
    "Positive High-Energy Emotions|Amusement": 3.263053819250602,
    "Cognitive States and Processes|Concentration": 2.9960670744788733,
    "Positive High-Energy Emotions|Elation": 2.625369175267331,
    "Positive Low-Energy Emotions|Contentment": 2.5488785313913125,
    "Positive Low-Energy Emotions|Affection": 2.496577394297244,
    "Extra Dimensions|Valence": 1.1236337269272574,
    "Positive High-Energy Emotions|Hope/Enthusiasm/Optimism": 0.9712496741773772,
    "Physical and Exhaustive States|Fatigue/Exhaustion": 0.8768447818568884,
    "Negative High-Energy Emotions|Anger": 0.7634481569349547,
    "Negative High-Energy Emotions|Impatience and Irritability": 0.7573347114531439,
    "Extra Dimensions|Dominance": 0.5365167701166573,
    "Positive High-Energy Emotions|Interest": 0.2688345154508567,
    "Positive High-Energy Emotions|Teasing": 0.11579716327726404,
    "Positive High-Energy Emotions|Awe": 0.019867592856233372,
    "Negative Low-Energy Emotions|Emotional Numbness": 0.01966131740546495,
    "Positive Low-Energy Emotions|Relief": 0.007355354310119109,
    "Negative Low-Energy Emotions|Jealousy & Envy": 0.0,
    "Physical and Exhaustive States|Sourness": -0.018528430528201897,
    "Physical and Exhaustive States|Pain": -0.020670116004905786,
    "Physical and Exhaustive States|Intoxication/Altered States of Consciousness": -0.02940067656392798,
    "Negative High-Energy Emotions|Disgust": -0.03859823396354368,
    "Positive High-Energy Emotions|Astonishment/Surprise": -0.04767968111258723,
    "Positive High-Energy Emotions|Triumph": -0.07707587176005974,
    "Longing & Lust|Sexual Lust": -0.11538563057398188,
    "Negative High-Energy Emotions|Fear": -0.11831524750838676,
    "Negative Low-Energy Emotions|Embarrassment": -0.11834727441926142,
    "Negative Low-Energy Emotions|Helplessness": -0.16501286937667556,
    "Cognitive States and Processes|Confusion": -0.18574399580230644,
    "Positive Low-Energy Emotions|Pride": -0.33629487924987367,
    "Negative Low-Energy Emotions|Contempt": -0.3676009652112703,
    "Positive Low-Energy Emotions|Contemplation": -0.37144014987780727,
    "Extra Dimensions|Arousal": -0.39711130516869675,
    "Positive Low-Energy Emotions|Thankfulness/Gratitude": -0.47973284776358366,
    "Negative High-Energy Emotions|Malevolence/Malice": -0.5289129379509023,
    "Negative High-Energy Emotions|Distress": -0.6091967359417196,
    "Negative Low-Energy Emotions|Shame": -0.6566496082379452,
    "Extra Dimensions|Emotional Vulnerability": -0.6581146409223368,
    "Negative Low-Energy Emotions|Disappointment": -0.7372233350505377,
    "Longing & Lust|Longing": -0.877598181885459,
    "Negative Low-Energy Emotions|Doubt": -0.9346426246686064,
    "Negative Low-Energy Emotions|Sadness": -0.9826086955070377,
    "Longing & Lust|Infatuation": -1.3455637184009228,
    "Negative Low-Energy Emotions|Bitterness": -1.8290650453896096
  }
}