{
  "key": [
    "stance-detection-part-9",
    "emonet-m1",
    "flux_prompt_9-image_007.png"
  ],
  "value": {
    "Positive Low-Energy Emotions|Pride": 2.3043522340733382,
    "Positive Low-Energy Emotions|Contentment": 1.9960797833749553,
    "Positive Low-Energy Emotions|Thankfulness/Gratitude": 1.5635635564193273,
    "Positive High-Energy Emotions|Amusement": 1.4881245342011635,
    "Positive High-Energy Emotions|Hope/Enthusiasm/Optimism": 0.9850257380964446,
    "Positive Low-Energy Emotions|Affection": 0.9086992862726471,
    "Extra Dimensions|Valence": 0.8596941674675711,
    "Longing & Lust|Longing": 0.467290080565236,
    "Positive High-Energy Emotions|Triumph": 0.28366809046823843,
    "Positive High-Energy Emotions|Pleasure/Ecstasy": 0.15314808368878585,
    "Extra Dimensions|Dominance": 0.1510762417238656,
    "Longing & Lust|Sexual Lust": 0.10595711186910284,
    "Extra Dimensions|Emotional Vulnerability": 0.0972791025926778,
    "Positive Low-Energy Emotions|Relief": 0.008401907564246611,
    "Negative Low-Energy Emotions|Jealousy & Envy": 0.0,
    "Physical and Exhaustive States|Sourness": -0.0011558521457098337,
    "Physical and Exhaustive States|Intoxication/Altered States of Consciousness": -0.005610585287759156,
    "Physical and Exhaustive States|Pain": -0.020670116004905786,
    "Positive High-Energy Emotions|Awe": -0.02431485672300552,
    "Positive High-Energy Emotions|Interest": -0.041334704519846444,
    "Negative High-Energy Emotions|Disgust": -0.04355137994437864,
    "Positive High-Energy Emotions|Astonishment/Surprise": -0.05526414864283778,
    "Positive Low-Energy Emotions|Contemplation": -0.09344468269183315,
    "Extra Dimensions|Arousal": -0.09654558556420456,
    "Positive High-Energy Emotions|Elation": -0.10575642164338417,
    "Negative Low-Energy Emotions|Embarrassment": -0.1202251187529101,
    "Negative High-Energy Emotions|Anger": -0.1284615913808564,
    "Negative High-Energy Emotions|Fear": -0.13040049156794944,
    "Positive High-Energy Emotions|Teasing": -0.13352770981252632,
    "Cognitive States and Processes|Confusion": -0.18206419129838874,
    "Negative Low-Energy Emotions|Helplessness": -0.22451441301776595,
    "Negative Low-Energy Emotions|Emotional Numbness": -0.32464574760460585,
    "Longing & Lust|Infatuation": -0.34146434935185055,
    "Negative Low-Energy Emotions|Contempt": -0.36501068891036315,
    "Physical and Exhaustive States|Fatigue/Exhaustion": -0.39605854131663454,
    "Negative High-Energy Emotions|Impatience and Irritability": -0.4372717864306528,
    "Cognitive States and Processes|Concentration": -0.44420644885181515,
    "Negative High-Energy Emotions|Malevolence/Malice": -0.5263666871307424,
    "Negative Low-Energy Emotions|Shame": -0.6529922262563339,
    "Negative High-Energy Emotions|Distress": -0.7109859347575422,
    "Negative Low-Energy Emotions|Disappointment": -0.7417889949609782,
    "Negative Low-Energy Emotions|Sadness": -0.8606716613210619,
    "Negative Low-Energy Emotions|Doubt": -0.9198772391302668,
    "Negative Low-Energy Emotions|Bitterness": -1.2893775143206885
  }
}