{
  "key": [
    "stance-detection-part-9",
    "emonet-m1",
    "flux_prompt_9-image_186.png"
  ],
  "value": {
    "Positive Low-Energy Emotions|Affection": 2.15471519260657,
    "Positive Low-Energy Emotions|Contentment": 1.7999998139688274,
    "Positive Low-Energy Emotions|Contemplation": 1.7861463054673465,
    "Cognitive States and Processes|Concentration": 1.5283599173438636,
    "Positive High-Energy Emotions|Interest": 1.5134681900724387,
    "Positive High-Energy Emotions|Hope/Enthusiasm/Optimism": 1.2135523303510833,
    "Extra Dimensions|Valence": 1.0838910187210806,
    "Positive High-Energy Emotions|Pleasure/Ecstasy": 1.0721453863401913,
    "Positive High-Energy Emotions|Amusement": 1.0666819062943642,
    "Physical and Exhaustive States|Fatigue/Exhaustion": 0.8482678117564856,
    "Negative High-Energy Emotions|Anger": 0.4471696992933532,
    "Positive Low-Energy Emotions|Pride": 0.39565629787033507,
    "Extra Dimensions|Dominance": 0.3472296440523568,
    "Longing & Lust|Sexual Lust": 0.265315613303429,
    "Extra Dimensions|Emotional Vulnerability": 0.11423781612417194,
    "Positive High-Energy Emotions|Teasing": 0.0247102839046673,
    "Negative High-Energy Emotions|Impatience and Irritability": 0.010532739063922714,
    "Negative Low-Energy Emotions|Emotional Numbness": 0.0018249850842979587,
    "Positive Low-Energy Emotions|Relief": 0.0008163522492289112,
    "Negative Low-Energy Emotions|Jealousy & Envy": 0.0,
    "Physical and Exhaustive States|Intoxication/Altered States of Consciousness": -0.00584246225709662,
    "Physical and Exhaustive States|Sourness": -0.009008369214095912,
    "Physical and Exhaustive States|Pain": -0.020670116004905786,
    "Positive High-Energy Emotions|Awe": -0.022472506955320583,
    "Negative High-Energy Emotions|Disgust": -0.03982563516050031,
    "Positive High-Energy Emotions|Astonishment/Surprise": -0.046144787003814955,
    "Longing & Lust|Infatuation": -0.05367488535496334,
    "Positive High-Energy Emotions|Triumph": -0.0747351330984725,
    "Negative Low-Energy Emotions|Embarrassment": -0.12002149811048647,
    "Negative High-Energy Emotions|Fear": -0.1348627262438337,
    "Positive High-Energy Emotions|Elation": -0.15317124347291822,
    "Cognitive States and Processes|Confusion": -0.1764412902759545,
    "Negative Low-Energy Emotions|Helplessness": -0.1795292229838533,
    "Extra Dimensions|Arousal": -0.24973047631127487,
    "Negative High-Energy Emotions|Distress": -0.3531165257328268,
    "Negative Low-Energy Emotions|Contempt": -0.37570736081349654,
    "Negative Low-Energy Emotions|Sadness": -0.3966886247433603,
    "Positive Low-Energy Emotions|Thankfulness/Gratitude": -0.47969699556975126,
    "Negative High-Energy Emotions|Malevolence/Malice": -0.5375792223332456,
    "Negative Low-Energy Emotions|Shame": -0.6562241111679903,
    "Longing & Lust|Longing": -0.6579108466923018,
    "Negative Low-Energy Emotions|Disappointment": -0.7401115563442255,
    "Negative Low-Energy Emotions|Doubt": -0.898626385815271,
    "Negative Low-Energy Emotions|Bitterness": -1.8307154123217633
  }
}