{
  "key": [
    "stance-detection-part-9",
    "emonet-m1",
    "flux_prompt_9-image_154.png"
  ],
  "value": {
    "Negative High-Energy Emotions|Anger": 2.3377274652540465,
    "Cognitive States and Processes|Concentration": 2.3013491904151526,
    "Positive Low-Energy Emotions|Contemplation": 1.528062485124329,
    "Positive High-Energy Emotions|Interest": 1.328597946999929,
    "Negative High-Energy Emotions|Distress": 1.2965832218295816,
    "Positive High-Energy Emotions|Hope/Enthusiasm/Optimism": 1.0911388143064666,
    "Extra Dimensions|Dominance": 0.8666314327639046,
    "Positive Low-Energy Emotions|Pride": 0.7655463916737408,
    "Negative High-Energy Emotions|Impatience and Irritability": 0.5880847000090521,
    "Physical and Exhaustive States|Fatigue/Exhaustion": 0.446037787418717,
    "Negative Low-Energy Emotions|Sadness": 0.44477678882704375,
    "Longing & Lust|Sexual Lust": 0.33772619679952276,
    "Negative Low-Energy Emotions|Helplessness": 0.13892842517422013,
    "Longing & Lust|Longing": 0.12997392513158124,
    "Extra Dimensions|Arousal": 0.026935211249760282,
    "Negative Low-Energy Emotions|Jealousy & Envy": 0.0,
    "Positive Low-Energy Emotions|Relief": -0.003082760094559236,
    "Physical and Exhaustive States|Sourness": -0.008172347015895686,
    "Negative Low-Energy Emotions|Doubt": -0.008913783915170281,
    "Physical and Exhaustive States|Pain": -0.020670116004905786,
    "Physical and Exhaustive States|Intoxication/Altered States of Consciousness": -0.02146397538537726,
    "Positive High-Energy Emotions|Awe": -0.030925503566915737,
    "Positive High-Energy Emotions|Astonishment/Surprise": -0.03788383655768611,
    "Negative High-Energy Emotions|Disgust": -0.04162252893596342,
    "Positive High-Energy Emotions|Pleasure/Ecstasy": -0.05585866253574567,
    "Positive High-Energy Emotions|Triumph": -0.07446260203610792,
    "Negative Low-Energy Emotions|Emotional Numbness": -0.10085671133064955,
    "Negative Low-Energy Emotions|Embarrassment": -0.11533361142535349,
    "Positive High-Energy Emotions|Teasing": -0.1156163352435871,
    "Extra Dimensions|Valence": -0.13265156237521097,
    "Negative High-Energy Emotions|Fear": -0.1376947887862722,
    "Positive High-Energy Emotions|Elation": -0.1531746350109482,
    "Positive Low-Energy Emotions|Affection": -0.17452453346001895,
    "Cognitive States and Processes|Confusion": -0.1774132706688874,
    "Extra Dimensions|Emotional Vulnerability": -0.19835254451730755,
    "Negative Low-Energy Emotions|Contempt": -0.3753156316374521,
    "Positive Low-Energy Emotions|Thankfulness/Gratitude": -0.48025139047800064,
    "Positive High-Energy Emotions|Amusement": -0.5252032506351287,
    "Longing & Lust|Infatuation": -0.5338289228305493,
    "Negative High-Energy Emotions|Malevolence/Malice": -0.5348683062313131,
    "Negative Low-Energy Emotions|Shame": -0.656253676934444,
    "Positive Low-Energy Emotions|Contentment": -0.706730682914565,
    "Negative Low-Energy Emotions|Disappointment": -0.7362299640407111,
    "Negative Low-Energy Emotions|Bitterness": -1.8266093358875086
  }
}