{
  "key": [
    "stance-detection-part-9",
    "emonet-m1",
    "flux_prompt_9-image_185.png"
  ],
  "value": {
    "Positive High-Energy Emotions|Amusement": 3.267981931280631,
    "Positive High-Energy Emotions|Pleasure/Ecstasy": 3.1092257934828305,
    "Positive Low-Energy Emotions|Contentment": 2.7410262631723183,
    "Positive High-Energy Emotions|Elation": 2.216471298527829,
    "Positive Low-Energy Emotions|Affection": 2.202922714045169,
    "Extra Dimensions|Valence": 1.9233127678360709,
    "Positive Low-Energy Emotions|Pride": 1.4309005243260235,
    "Positive High-Energy Emotions|Hope/Enthusiasm/Optimism": 1.4109660132887054,
    "Extra Dimensions|Emotional Vulnerability": 0.9588225195696065,
    "Extra Dimensions|Dominance": 0.7208959901255074,
    "Cognitive States and Processes|Concentration": 0.5420172488105384,
    "Physical and Exhaustive States|Fatigue/Exhaustion": 0.4206680240443884,
    "Positive Low-Energy Emotions|Thankfulness/Gratitude": 0.18747541402430773,
    "Negative High-Energy Emotions|Anger": 0.16651258669493402,
    "Extra Dimensions|Arousal": 0.14411841971533645,
    "Positive High-Energy Emotions|Interest": 0.12770621383037328,
    "Positive Low-Energy Emotions|Relief": 0.013912573040568785,
    "Negative Low-Energy Emotions|Jealousy & Envy": 0.0,
    "Positive High-Energy Emotions|Awe": -0.0026925416738340716,
    "Physical and Exhaustive States|Sourness": -0.011702819532909236,
    "Physical and Exhaustive States|Pain": -0.020670116004905786,
    "Physical and Exhaustive States|Intoxication/Altered States of Consciousness": -0.023192495182702395,
    "Negative High-Energy Emotions|Disgust": -0.041037688161427284,
    "Positive Low-Energy Emotions|Contemplation": -0.04727647456957973,
    "Positive High-Energy Emotions|Astonishment/Surprise": -0.05064499728900172,
    "Positive High-Energy Emotions|Triumph": -0.07109172095548048,
    "Negative High-Energy Emotions|Impatience and Irritability": -0.12215459118204897,
    "Negative Low-Energy Emotions|Embarrassment": -0.1229779965247645,
    "Negative High-Energy Emotions|Fear": -0.12405555477986732,
    "Negative Low-Energy Emotions|Helplessness": -0.17615157677604384,
    "Positive High-Energy Emotions|Teasing": -0.179116873711948,
    "Cognitive States and Processes|Confusion": -0.1890048765110009,
    "Negative Low-Energy Emotions|Emotional Numbness": -0.34419398492836684,
    "Negative Low-Energy Emotions|Contempt": -0.3778502893542032,
    "Negative High-Energy Emotions|Malevolence/Malice": -0.5409362453339628,
    "Negative High-Energy Emotions|Distress": -0.6563886463874098,
    "Negative Low-Energy Emotions|Shame": -0.6566682877748242,
    "Longing & Lust|Sexual Lust": -0.6878977356812893,
    "Negative Low-Energy Emotions|Disappointment": -0.7398894470860506,
    "Longing & Lust|Longing": -0.8574244832217475,
    "Negative Low-Energy Emotions|Doubt": -0.9314079476518713,
    "Negative Low-Energy Emotions|Sadness": -0.9647352523095787,
    "Longing & Lust|Infatuation": -1.6344281521663342,
    "Negative Low-Energy Emotions|Bitterness": -1.831216147217231
  }
}