{
  "key": [
    "stance-detection-part-9",
    "emonet-m1",
    "flux_prompt_9-image_150.png"
  ],
  "value": {
    "Positive Low-Energy Emotions|Contemplation": 1.7528585418717655,
    "Positive Low-Energy Emotions|Pride": 1.4346372587162823,
    "Cognitive States and Processes|Concentration": 1.2845518862617102,
    "Negative Low-Energy Emotions|Bitterness": 1.2101174555241296,
    "Negative High-Energy Emotions|Distress": 0.9614143833286051,
    "Negative High-Energy Emotions|Anger": 0.8148073335706969,
    "Negative Low-Energy Emotions|Sadness": 0.8146467362605154,
    "Physical and Exhaustive States|Fatigue/Exhaustion": 0.7675931634715735,
    "Positive High-Energy Emotions|Hope/Enthusiasm/Optimism": 0.6932698234083342,
    "Longing & Lust|Longing": 0.65548960067632,
    "Positive High-Energy Emotions|Interest": 0.36019889914836645,
    "Negative Low-Energy Emotions|Helplessness": 0.3140637694411116,
    "Negative Low-Energy Emotions|Shame": 0.2269664508492717,
    "Negative High-Energy Emotions|Impatience and Irritability": 0.18226140966099913,
    "Extra Dimensions|Emotional Vulnerability": 0.14793565967580768,
    "Negative Low-Energy Emotions|Doubt": 0.0475103570150055,
    "Negative Low-Energy Emotions|Emotional Numbness": 0.007869492110970322,
    "Physical and Exhaustive States|Sourness": 0.000441068046531835,
    "Negative Low-Energy Emotions|Jealousy & Envy": 0.0,
    "Positive Low-Energy Emotions|Relief": -0.001684308468258424,
    "Positive High-Energy Emotions|Awe": -0.0019651116878340105,
    "Physical and Exhaustive States|Intoxication/Altered States of Consciousness": -0.019876495078751895,
    "Physical and Exhaustive States|Pain": -0.020670116004905786,
    "Extra Dimensions|Arousal": -0.02564705269677292,
    "Negative High-Energy Emotions|Disgust": -0.0453694557204788,
    "Positive High-Energy Emotions|Pleasure/Ecstasy": -0.05585866253574567,
    "Positive High-Energy Emotions|Astonishment/Surprise": -0.05866918318492152,
    "Positive High-Energy Emotions|Triumph": -0.07524225872944727,
    "Positive Low-Energy Emotions|Affection": -0.0847075459455231,
    "Negative Low-Energy Emotions|Embarrassment": -0.11932455962557932,
    "Negative High-Energy Emotions|Fear": -0.12011754295478264,
    "Positive High-Energy Emotions|Teasing": -0.1237121957248493,
    "Extra Dimensions|Valence": -0.13265156237521097,
    "Positive High-Energy Emotions|Elation": -0.1531740342524084,
    "Cognitive States and Processes|Confusion": -0.1907991253303521,
    "Negative Low-Energy Emotions|Contempt": -0.2001659599040727,
    "Extra Dimensions|Dominance": -0.2502343288141784,
    "Positive Low-Energy Emotions|Thankfulness/Gratitude": -0.4756533680394149,
    "Negative High-Energy Emotions|Malevolence/Malice": -0.5043169471738866,
    "Negative Low-Energy Emotions|Disappointment": -0.5122661520471121,
    "Positive High-Energy Emotions|Amusement": -0.5283182266239936,
    "Positive Low-Energy Emotions|Contentment": -0.5594560099294881,
    "Longing & Lust|Sexual Lust": -0.6563113568684994,
    "Longing & Lust|Infatuation": -1.3939903018102322
  }
}