{
  "key": [
    "stance-detection-part-9",
    "emonet-m1",
    "flux_prompt_9-image_163.png"
  ],
  "value": {
    "Positive High-Energy Emotions|Interest": 1.46926514708843,
    "Cognitive States and Processes|Concentration": 1.3088355337989417,
    "Longing & Lust|Sexual Lust": 1.1220726580956044,
    "Longing & Lust|Infatuation": 1.0227391037121143,
    "Extra Dimensions|Arousal": 0.3657416020120894,
    "Positive High-Energy Emotions|Hope/Enthusiasm/Optimism": 0.22264001212140794,
    "Negative Low-Energy Emotions|Doubt": 0.17659673225151673,
    "Negative High-Energy Emotions|Anger": 0.1105518718778869,
    "Positive High-Energy Emotions|Astonishment/Surprise": 0.06921234376209996,
    "Extra Dimensions|Dominance": 0.04899813174423609,
    "Positive High-Energy Emotions|Awe": 0.011151933476274266,
    "Negative Low-Energy Emotions|Jealousy & Envy": 0.0,
    "Positive Low-Energy Emotions|Relief": -0.004251562475121064,
    "Physical and Exhaustive States|Sourness": -0.008171274132289729,
    "Physical and Exhaustive States|Intoxication/Altered States of Consciousness": -0.012594729736993165,
    "Physical and Exhaustive States|Pain": -0.020670116004905786,
    "Negative High-Energy Emotions|Disgust": -0.043974833692604805,
    "Positive High-Energy Emotions|Pleasure/Ecstasy": -0.05585866253574567,
    "Extra Dimensions|Valence": -0.06443735262491627,
    "Positive High-Energy Emotions|Triumph": -0.07542579446922675,
    "Negative Low-Energy Emotions|Emotional Numbness": -0.09166168159508437,
    "Negative High-Energy Emotions|Impatience and Irritability": -0.10562020311671083,
    "Positive High-Energy Emotions|Teasing": -0.11968190100849112,
    "Negative Low-Energy Emotions|Embarrassment": -0.12034628381986757,
    "Negative High-Energy Emotions|Fear": -0.12119778773436943,
    "Positive High-Energy Emotions|Elation": -0.15317350584962908,
    "Cognitive States and Processes|Confusion": -0.16321715046634605,
    "Extra Dimensions|Emotional Vulnerability": -0.17896863719919232,
    "Positive Low-Energy Emotions|Contemplation": -0.18851778659655727,
    "Physical and Exhaustive States|Fatigue/Exhaustion": -0.19787595846140993,
    "Negative Low-Energy Emotions|Helplessness": -0.2163871855921907,
    "Negative Low-Energy Emotions|Contempt": -0.3784111094568948,
    "Positive Low-Energy Emotions|Pride": -0.3964120047610431,
    "Positive Low-Energy Emotions|Thankfulness/Gratitude": -0.48169712255744696,
    "Positive High-Energy Emotions|Amusement": -0.5260588343326862,
    "Negative High-Energy Emotions|Distress": -0.527407659613442,
    "Negative High-Energy Emotions|Malevolence/Malice": -0.5325856346009306,
    "Negative Low-Energy Emotions|Shame": -0.6564245783521763,
    "Longing & Lust|Longing": -0.6987129976570388,
    "Negative Low-Energy Emotions|Disappointment": -0.7426703874697234,
    "Positive Low-Energy Emotions|Contentment": -0.9037921024015645,
    "Positive Low-Energy Emotions|Affection": -0.9227863875125626,
    "Negative Low-Energy Emotions|Sadness": -0.9832456465735913,
    "Negative Low-Energy Emotions|Bitterness": -1.8284318652481606
  }
}