{
  "key": [
    "stance-detection-part-9",
    "emonet-m1",
    "flux_prompt_9-image_240.png"
  ],
  "value": {
    "Cognitive States and Processes|Concentration": 2.3900041853797522,
    "Positive High-Energy Emotions|Hope/Enthusiasm/Optimism": 2.108122442579477,
    "Positive Low-Energy Emotions|Affection": 1.5468593957926056,
    "Positive Low-Energy Emotions|Contentment": 1.280484299595048,
    "Positive Low-Energy Emotions|Contemplation": 1.230696819688538,
    "Positive High-Energy Emotions|Interest": 0.9735268791898704,
    "Positive High-Energy Emotions|Awe": 0.48774255196744704,
    "Physical and Exhaustive States|Fatigue/Exhaustion": 0.4350483598521887,
    "Negative High-Energy Emotions|Anger": 0.41667119465468133,
    "Negative High-Energy Emotions|Impatience and Irritability": 0.3166955136267584,
    "Positive High-Energy Emotions|Pleasure/Ecstasy": 0.24495874226289016,
    "Extra Dimensions|Valence": 0.046849116178966324,
    "Positive Low-Energy Emotions|Relief": 0.0062894295464396045,
    "Negative Low-Energy Emotions|Jealousy & Envy": 0.0,
    "Physical and Exhaustive States|Sourness": -0.010586849219360194,
    "Negative Low-Energy Emotions|Emotional Numbness": -0.014700998726126846,
    "Extra Dimensions|Dominance": -0.014935181148677729,
    "Physical and Exhaustive States|Pain": -0.020670116004905786,
    "Positive High-Energy Emotions|Astonishment/Surprise": -0.030146304299652357,
    "Physical and Exhaustive States|Intoxication/Altered States of Consciousness": -0.031168282107064578,
    "Negative High-Energy Emotions|Disgust": -0.04131960323005369,
    "Positive High-Energy Emotions|Amusement": -0.04572384088085246,
    "Positive High-Energy Emotions|Triumph": -0.07306581375192538,
    "Negative Low-Energy Emotions|Embarrassment": -0.11800425341386934,
    "Negative High-Energy Emotions|Fear": -0.12060279926906028,
    "Positive High-Energy Emotions|Teasing": -0.13096578297079048,
    "Positive High-Energy Emotions|Elation": -0.1531720725360013,
    "Negative Low-Energy Emotions|Helplessness": -0.16188121153785415,
    "Cognitive States and Processes|Confusion": -0.17362066437473228,
    "Negative Low-Energy Emotions|Contempt": -0.3778599304054956,
    "Positive Low-Energy Emotions|Thankfulness/Gratitude": -0.48035689628718853,
    "Longing & Lust|Infatuation": -0.5101083007678662,
    "Negative Low-Energy Emotions|Sadness": -0.5275752390660227,
    "Negative High-Energy Emotions|Malevolence/Malice": -0.5314448016999296,
    "Positive Low-Energy Emotions|Pride": -0.5374593632739215,
    "Extra Dimensions|Emotional Vulnerability": -0.5706989457319072,
    "Negative High-Energy Emotions|Distress": -0.5751824811332937,
    "Negative Low-Energy Emotions|Shame": -0.656184460109376,
    "Longing & Lust|Sexual Lust": -0.6901242969891964,
    "Longing & Lust|Longing": -0.6946448316395064,
    "Negative Low-Energy Emotions|Disappointment": -0.7406623963942076,
    "Extra Dimensions|Arousal": -0.7530621375356401,
    "Negative Low-Energy Emotions|Doubt": -0.8938870640469871,
    "Negative Low-Energy Emotions|Bitterness": -1.8314872645319273
  }
}