{
  "key": [
    "stance-detection-part-9",
    "emonet-m1",
    "flux_prompt_9-image_193.png"
  ],
  "value": {
    "Positive Low-Energy Emotions|Contemplation": 2.416402958299378,
    "Negative Low-Energy Emotions|Sadness": 1.502179757233721,
    "Cognitive States and Processes|Concentration": 1.4353320872199622,
    "Negative High-Energy Emotions|Anger": 1.2585040708601256,
    "Negative High-Energy Emotions|Distress": 1.2547072633868936,
    "Physical and Exhaustive States|Fatigue/Exhaustion": 1.0317899169734654,
    "Positive High-Energy Emotions|Hope/Enthusiasm/Optimism": 0.9722321971418547,
    "Physical and Exhaustive States|Pain": 0.6031594233373901,
    "Negative Low-Energy Emotions|Helplessness": 0.593904000382884,
    "Negative High-Energy Emotions|Impatience and Irritability": 0.5729138874022406,
    "Positive High-Energy Emotions|Interest": 0.5001551350339866,
    "Positive Low-Energy Emotions|Affection": 0.49757720260870664,
    "Longing & Lust|Longing": 0.3816415438831071,
    "Extra Dimensions|Emotional Vulnerability": 0.3018055270006368,
    "Negative Low-Energy Emotions|Disappointment": 0.20452732548813568,
    "Negative Low-Energy Emotions|Doubt": 0.025329859368673713,
    "Positive Low-Energy Emotions|Relief": 0.001190900386416869,
    "Negative Low-Energy Emotions|Jealousy & Envy": 0.0,
    "Physical and Exhaustive States|Sourness": -0.005181914932288966,
    "Physical and Exhaustive States|Intoxication/Altered States of Consciousness": -0.015520423725793214,
    "Positive High-Energy Emotions|Awe": -0.02540687341993545,
    "Negative Low-Energy Emotions|Emotional Numbness": -0.03161035961174696,
    "Positive High-Energy Emotions|Astonishment/Surprise": -0.03849616997462489,
    "Negative High-Energy Emotions|Disgust": -0.040955865885311867,
    "Positive High-Energy Emotions|Pleasure/Ecstasy": -0.05585866253574567,
    "Positive High-Energy Emotions|Triumph": -0.07454969187270537,
    "Negative Low-Energy Emotions|Embarrassment": -0.11822522273321291,
    "Positive High-Energy Emotions|Teasing": -0.12549310055435142,
    "Negative High-Energy Emotions|Fear": -0.13128203681359688,
    "Positive Low-Energy Emotions|Contentment": -0.13995804316313065,
    "Positive High-Energy Emotions|Elation": -0.15317442637013512,
    "Cognitive States and Processes|Confusion": -0.16005838369002273,
    "Extra Dimensions|Arousal": -0.332255014351436,
    "Negative Low-Energy Emotions|Contempt": -0.36693593383776946,
    "Extra Dimensions|Dominance": -0.4292206919271049,
    "Positive Low-Energy Emotions|Thankfulness/Gratitude": -0.48118585067837,
    "Negative Low-Energy Emotions|Bitterness": -0.5110815801204016,
    "Positive High-Energy Emotions|Amusement": -0.5265900644545372,
    "Negative High-Energy Emotions|Malevolence/Malice": -0.526637545537763,
    "Positive Low-Energy Emotions|Pride": -0.5534431236308246,
    "Extra Dimensions|Valence": -0.6129337107215158,
    "Negative Low-Energy Emotions|Shame": -0.6567496155186525,
    "Longing & Lust|Sexual Lust": -0.6796550242564617,
    "Longing & Lust|Infatuation": -1.613199123464552
  }
}