{
  "key": [
    "stance-detection-part-9",
    "emonet-m1",
    "flux_prompt_9-image_156.png"
  ],
  "value": {
    "Positive Low-Energy Emotions|Affection": 1.7870451334024688,
    "Positive Low-Energy Emotions|Contentment": 1.5372203397104045,
    "Cognitive States and Processes|Concentration": 1.45463302487255,
    "Positive High-Energy Emotions|Hope/Enthusiasm/Optimism": 1.0135469182493377,
    "Positive Low-Energy Emotions|Contemplation": 0.9343286975877079,
    "Physical and Exhaustive States|Fatigue/Exhaustion": 0.7547747077754675,
    "Extra Dimensions|Valence": 0.7049107397522696,
    "Negative Low-Energy Emotions|Sadness": 0.633001462098223,
    "Negative High-Energy Emotions|Anger": 0.5270012994825621,
    "Positive High-Energy Emotions|Interest": 0.5260364254697776,
    "Negative High-Energy Emotions|Impatience and Irritability": 0.4749317788092535,
    "Positive High-Energy Emotions|Pleasure/Ecstasy": 0.2914247649927638,
    "Negative Low-Energy Emotions|Helplessness": 0.22867552624271684,
    "Longing & Lust|Longing": 0.1464486489474992,
    "Negative Low-Energy Emotions|Emotional Numbness": 0.07873154693579942,
    "Positive Low-Energy Emotions|Relief": 0.0010790299187540577,
    "Negative Low-Energy Emotions|Jealousy & Envy": 0.0,
    "Physical and Exhaustive States|Sourness": -0.010266243285693965,
    "Physical and Exhaustive States|Intoxication/Altered States of Consciousness": -0.012963429168412538,
    "Physical and Exhaustive States|Pain": -0.020670116004905786,
    "Positive High-Energy Emotions|Awe": -0.02325983960931991,
    "Negative High-Energy Emotions|Disgust": -0.04141923239379575,
    "Positive High-Energy Emotions|Astonishment/Surprise": -0.04325439386588313,
    "Extra Dimensions|Dominance": -0.043653369553714655,
    "Positive High-Energy Emotions|Triumph": -0.07378175680529013,
    "Extra Dimensions|Emotional Vulnerability": -0.0899321725080302,
    "Positive Low-Energy Emotions|Pride": -0.09755854778701356,
    "Positive High-Energy Emotions|Teasing": -0.11584721383512457,
    "Negative Low-Energy Emotions|Embarrassment": -0.12191727599163195,
    "Negative High-Energy Emotions|Fear": -0.1318509333456556,
    "Positive High-Energy Emotions|Elation": -0.153172275576146,
    "Cognitive States and Processes|Confusion": -0.17942778845300605,
    "Negative High-Energy Emotions|Distress": -0.18691690119440518,
    "Positive High-Energy Emotions|Amusement": -0.30959431855724406,
    "Negative Low-Energy Emotions|Contempt": -0.37251531601893706,
    "Positive Low-Energy Emotions|Thankfulness/Gratitude": -0.4814405161797857,
    "Extra Dimensions|Arousal": -0.511536487511226,
    "Negative High-Energy Emotions|Malevolence/Malice": -0.5264819923160604,
    "Longing & Lust|Sexual Lust": -0.623086446370834,
    "Negative Low-Energy Emotions|Disappointment": -0.6438885037531401,
    "Negative Low-Energy Emotions|Shame": -0.6564600002749792,
    "Negative Low-Energy Emotions|Doubt": -0.8848561966790043,
    "Longing & Lust|Infatuation": -1.2230983463153515,
    "Negative Low-Energy Emotions|Bitterness": -1.8305882206664255
  }
}