{
  "key": [
    "stance-detection-part-9",
    "emonet-m1",
    "flux_prompt_9-image_068.png"
  ],
  "value": {
    "Positive High-Energy Emotions|Amusement": 3.268212005209464,
    "Positive High-Energy Emotions|Pleasure/Ecstasy": 2.526312871577313,
    "Positive Low-Energy Emotions|Contentment": 2.41324315541475,
    "Positive High-Energy Emotions|Elation": 2.340171202015988,
    "Positive Low-Energy Emotions|Affection": 1.7966431501413604,
    "Positive Low-Energy Emotions|Pride": 1.6049308282811017,
    "Extra Dimensions|Valence": 1.4433605516876944,
    "Cognitive States and Processes|Concentration": 1.3799803530585852,
    "Positive High-Energy Emotions|Hope/Enthusiasm/Optimism": 0.8562395318510222,
    "Extra Dimensions|Dominance": 0.5085539066713753,
    "Negative High-Energy Emotions|Anger": 0.3511110921919128,
    "Extra Dimensions|Arousal": 0.09771978003638138,
    "Extra Dimensions|Emotional Vulnerability": 0.09108522632619831,
    "Positive Low-Energy Emotions|Relief": 0.011970459998691039,
    "Negative Low-Energy Emotions|Jealousy & Envy": 0.0,
    "Physical and Exhaustive States|Sourness": -0.009540161854781947,
    "Physical and Exhaustive States|Intoxication/Altered States of Consciousness": -0.019189387634942386,
    "Physical and Exhaustive States|Pain": -0.020670116004905786,
    "Positive High-Energy Emotions|Awe": -0.02559969444578384,
    "Negative High-Energy Emotions|Disgust": -0.04374085565953901,
    "Positive High-Energy Emotions|Astonishment/Surprise": -0.04900238268595912,
    "Positive High-Energy Emotions|Triumph": -0.06863905129026308,
    "Physical and Exhaustive States|Fatigue/Exhaustion": -0.07226465322459352,
    "Negative High-Energy Emotions|Impatience and Irritability": -0.10557561884241884,
    "Positive High-Energy Emotions|Teasing": -0.10625266906679114,
    "Negative Low-Energy Emotions|Embarrassment": -0.1220600477423205,
    "Negative High-Energy Emotions|Fear": -0.12533084085832039,
    "Negative Low-Energy Emotions|Emotional Numbness": -0.13189994281792372,
    "Cognitive States and Processes|Confusion": -0.18695055027475288,
    "Negative Low-Energy Emotions|Helplessness": -0.20229952349139876,
    "Positive Low-Energy Emotions|Thankfulness/Gratitude": -0.27025152648834944,
    "Negative Low-Energy Emotions|Contempt": -0.3775084567164163,
    "Positive Low-Energy Emotions|Contemplation": -0.39711342010333217,
    "Positive High-Energy Emotions|Interest": -0.45323796665821314,
    "Negative High-Energy Emotions|Malevolence/Malice": -0.536074354064279,
    "Longing & Lust|Sexual Lust": -0.5568668632171093,
    "Negative Low-Energy Emotions|Shame": -0.6564169014601937,
    "Negative High-Energy Emotions|Distress": -0.6570970028870817,
    "Negative Low-Energy Emotions|Disappointment": -0.7424926426937128,
    "Longing & Lust|Longing": -0.8752226313173552,
    "Longing & Lust|Infatuation": -0.8925467816219006,
    "Negative Low-Energy Emotions|Doubt": -0.9264202589167438,
    "Negative Low-Energy Emotions|Sadness": -0.9830566351227343,
    "Negative Low-Energy Emotions|Bitterness": -1.830578485551553
  }
}