{
  "key": [
    "stance-detection-part-9",
    "emonet-m1",
    "flux_prompt_9-image_091.png"
  ],
  "value": {
    "Positive Low-Energy Emotions|Contemplation": 2.2478138431565555,
    "Positive Low-Energy Emotions|Pride": 1.8661603433567853,
    "Positive High-Energy Emotions|Hope/Enthusiasm/Optimism": 1.5404590114118744,
    "Positive Low-Energy Emotions|Contentment": 1.2880989121743938,
    "Positive High-Energy Emotions|Interest": 1.1709083756193137,
    "Cognitive States and Processes|Concentration": 0.7426679407966224,
    "Extra Dimensions|Valence": 0.46975682625434473,
    "Positive Low-Energy Emotions|Affection": 0.4504605653787872,
    "Physical and Exhaustive States|Fatigue/Exhaustion": 0.4154710950664221,
    "Negative High-Energy Emotions|Distress": 0.20267312375371493,
    "Negative High-Energy Emotions|Impatience and Irritability": 0.19692164888066466,
    "Extra Dimensions|Emotional Vulnerability": 0.17889455059072468,
    "Positive Low-Energy Emotions|Thankfulness/Gratitude": 0.0975815961226964,
    "Negative High-Energy Emotions|Anger": 0.0963200112402221,
    "Extra Dimensions|Dominance": 0.053087815038532354,
    "Positive High-Energy Emotions|Awe": 0.04369550327951218,
    "Positive Low-Energy Emotions|Relief": 0.005569472492778258,
    "Negative Low-Energy Emotions|Jealousy & Envy": 0.0,
    "Negative Low-Energy Emotions|Emotional Numbness": -0.005259026947257217,
    "Physical and Exhaustive States|Sourness": -0.010425790018596491,
    "Physical and Exhaustive States|Intoxication/Altered States of Consciousness": -0.01886482544297919,
    "Physical and Exhaustive States|Pain": -0.020670116004905786,
    "Negative High-Energy Emotions|Disgust": -0.0465114434614723,
    "Positive High-Energy Emotions|Astonishment/Surprise": -0.04880808644515254,
    "Positive High-Energy Emotions|Pleasure/Ecstasy": -0.053302279466668545,
    "Positive High-Energy Emotions|Triumph": -0.07610331674109831,
    "Negative Low-Energy Emotions|Sadness": -0.11257038963212374,
    "Positive High-Energy Emotions|Teasing": -0.11984078463972052,
    "Negative Low-Energy Emotions|Embarrassment": -0.12053049569983622,
    "Negative High-Energy Emotions|Fear": -0.12420187673221031,
    "Positive High-Energy Emotions|Elation": -0.1531720128304026,
    "Cognitive States and Processes|Confusion": -0.16587680657377174,
    "Negative Low-Energy Emotions|Helplessness": -0.18959147049857802,
    "Extra Dimensions|Arousal": -0.3106170977864946,
    "Negative Low-Energy Emotions|Contempt": -0.37829410553920073,
    "Positive High-Energy Emotions|Amusement": -0.38294939725444865,
    "Longing & Lust|Infatuation": -0.38402135046574215,
    "Negative High-Energy Emotions|Malevolence/Malice": -0.5326811510441831,
    "Negative Low-Energy Emotions|Shame": -0.6560318442790738,
    "Longing & Lust|Sexual Lust": -0.6752564994952618,
    "Negative Low-Energy Emotions|Disappointment": -0.7367791388859297,
    "Longing & Lust|Longing": -0.8369090115248938,
    "Negative Low-Energy Emotions|Doubt": -0.8961446607483707,
    "Negative Low-Energy Emotions|Bitterness": -1.829797779257672
  }
}