{
  "key": [
    "stance-detection-part-9",
    "emonet-m1",
    "flux_prompt_9-image_237.png"
  ],
  "value": {
    "Positive Low-Energy Emotions|Pride": 2.7433523637730453,
    "Positive High-Energy Emotions|Hope/Enthusiasm/Optimism": 1.5990901931287933,
    "Cognitive States and Processes|Concentration": 1.4623427664649573,
    "Extra Dimensions|Valence": 1.3440544451203116,
    "Positive High-Energy Emotions|Interest": 1.1651679714902854,
    "Positive Low-Energy Emotions|Contentment": 1.0276323365518352,
    "Physical and Exhaustive States|Fatigue/Exhaustion": 0.873374122600907,
    "Positive Low-Energy Emotions|Affection": 0.872954738428714,
    "Extra Dimensions|Dominance": 0.8536981785219613,
    "Positive Low-Energy Emotions|Contemplation": 0.6846355422990116,
    "Positive High-Energy Emotions|Amusement": 0.3273853507752602,
    "Negative Low-Energy Emotions|Emotional Numbness": 0.3060284953687218,
    "Extra Dimensions|Arousal": 0.16307055098669876,
    "Negative High-Energy Emotions|Anger": 0.10277894936201776,
    "Positive High-Energy Emotions|Awe": 0.05029400567704941,
    "Positive High-Energy Emotions|Pleasure/Ecstasy": 0.040995104910900415,
    "Positive Low-Energy Emotions|Thankfulness/Gratitude": 0.03768637870402575,
    "Positive Low-Energy Emotions|Relief": 0.0017787809978365467,
    "Negative Low-Energy Emotions|Jealousy & Envy": 0.0,
    "Positive High-Energy Emotions|Triumph": -0.007537628645111469,
    "Physical and Exhaustive States|Sourness": -0.017105198270835717,
    "Physical and Exhaustive States|Intoxication/Altered States of Consciousness": -0.020365670398423526,
    "Physical and Exhaustive States|Pain": -0.020670116004905786,
    "Negative High-Energy Emotions|Disgust": -0.04150314083247831,
    "Positive High-Energy Emotions|Astonishment/Surprise": -0.052264842917740126,
    "Negative High-Energy Emotions|Impatience and Irritability": -0.07139658699351137,
    "Negative Low-Energy Emotions|Embarrassment": -0.11702341800589701,
    "Negative High-Energy Emotions|Fear": -0.1275232114518682,
    "Positive High-Energy Emotions|Teasing": -0.13290059444368324,
    "Positive High-Energy Emotions|Elation": -0.1531708159412868,
    "Cognitive States and Processes|Confusion": -0.18437436302175453,
    "Negative Low-Energy Emotions|Helplessness": -0.18746871067954726,
    "Negative Low-Energy Emotions|Contempt": -0.378078813562272,
    "Extra Dimensions|Emotional Vulnerability": -0.5347660472104838,
    "Negative High-Energy Emotions|Malevolence/Malice": -0.5351730349777273,
    "Negative Low-Energy Emotions|Shame": -0.6561706523208848,
    "Negative High-Energy Emotions|Distress": -0.6699590742820021,
    "Longing & Lust|Sexual Lust": -0.7192260859868466,
    "Negative Low-Energy Emotions|Disappointment": -0.7397644971241499,
    "Longing & Lust|Longing": -0.8619132121622344,
    "Negative Low-Energy Emotions|Doubt": -0.9306636244056903,
    "Negative Low-Energy Emotions|Sadness": -0.9697060747928798,
    "Longing & Lust|Infatuation": -1.2328878727779065,
    "Negative Low-Energy Emotions|Bitterness": -1.830820703926759
  }
}