{
  "key": [
    "stance-detection-part-9",
    "emonet-m1",
    "flux_prompt_9-image_022.png"
  ],
  "value": {
    "Positive Low-Energy Emotions|Affection": 2.4970930936838407,
    "Positive Low-Energy Emotions|Contentment": 2.232912402088334,
    "Positive Low-Energy Emotions|Contemplation": 1.3493286594407352,
    "Cognitive States and Processes|Concentration": 1.3085541998756018,
    "Positive High-Energy Emotions|Pleasure/Ecstasy": 1.2934686380644345,
    "Negative Low-Energy Emotions|Sadness": 1.1102408324442923,
    "Extra Dimensions|Valence": 1.0131127680268057,
    "Longing & Lust|Longing": 0.8837885031879167,
    "Positive High-Energy Emotions|Hope/Enthusiasm/Optimism": 0.8187317594053435,
    "Physical and Exhaustive States|Fatigue/Exhaustion": 0.7828818740657507,
    "Negative High-Energy Emotions|Impatience and Irritability": 0.393460335632984,
    "Positive High-Energy Emotions|Interest": 0.30029289328899145,
    "Negative High-Energy Emotions|Distress": 0.24949114171330966,
    "Negative High-Energy Emotions|Anger": 0.17952660523054803,
    "Extra Dimensions|Emotional Vulnerability": 0.15834882953664753,
    "Positive Low-Energy Emotions|Pride": 0.15696234530991027,
    "Negative Low-Energy Emotions|Helplessness": 0.09850237951801591,
    "Negative Low-Energy Emotions|Emotional Numbness": 0.061074386176827256,
    "Positive High-Energy Emotions|Amusement": 0.05902062327815938,
    "Positive Low-Energy Emotions|Relief": 0.005150720060908751,
    "Negative Low-Energy Emotions|Jealousy & Envy": 0.0,
    "Physical and Exhaustive States|Sourness": -0.01013069487289413,
    "Positive High-Energy Emotions|Awe": -0.010804897740537868,
    "Physical and Exhaustive States|Pain": -0.020670116004905786,
    "Physical and Exhaustive States|Intoxication/Altered States of Consciousness": -0.021712154225060794,
    "Negative High-Energy Emotions|Disgust": -0.04247671564965894,
    "Positive High-Energy Emotions|Astonishment/Surprise": -0.04954097025614955,
    "Positive High-Energy Emotions|Triumph": -0.07514126610945597,
    "Negative Low-Energy Emotions|Embarrassment": -0.12106041079421183,
    "Positive High-Energy Emotions|Teasing": -0.12467249360740622,
    "Negative High-Energy Emotions|Fear": -0.1332166694725553,
    "Positive High-Energy Emotions|Elation": -0.15317121407577572,
    "Cognitive States and Processes|Confusion": -0.18190892119874885,
    "Extra Dimensions|Dominance": -0.23326750905099478,
    "Negative Low-Energy Emotions|Contempt": -0.37527953357446,
    "Positive Low-Energy Emotions|Thankfulness/Gratitude": -0.47976630832104444,
    "Negative High-Energy Emotions|Malevolence/Malice": -0.5290790486453107,
    "Negative Low-Energy Emotions|Shame": -0.6566572655721536,
    "Longing & Lust|Sexual Lust": -0.677842357601875,
    "Negative Low-Energy Emotions|Disappointment": -0.7086188983847643,
    "Extra Dimensions|Arousal": -0.9187592353139604,
    "Negative Low-Energy Emotions|Doubt": -0.9362413777036749,
    "Longing & Lust|Infatuation": -1.616259918831316,
    "Negative Low-Energy Emotions|Bitterness": -1.83150839065321
  }
}