{
  "key": [
    "stance-detection-part-9",
    "emonet-m1",
    "flux_prompt_9-image_106.png"
  ],
  "value": {
    "Negative High-Energy Emotions|Distress": 2.326573656476188,
    "Negative Low-Energy Emotions|Sadness": 2.232515231248003,
    "Cognitive States and Processes|Confusion": 1.9882449276281364,
    "Positive Low-Energy Emotions|Contemplation": 1.7580842002885135,
    "Negative Low-Energy Emotions|Disappointment": 1.4920695494184946,
    "Cognitive States and Processes|Concentration": 1.3893585478675452,
    "Negative Low-Energy Emotions|Doubt": 1.168170065991751,
    "Physical and Exhaustive States|Fatigue/Exhaustion": 0.9281224193385779,
    "Negative Low-Energy Emotions|Helplessness": 0.8189434228949385,
    "Positive High-Energy Emotions|Interest": 0.40019599997844457,
    "Negative High-Energy Emotions|Impatience and Irritability": 0.37512910594624693,
    "Positive High-Energy Emotions|Hope/Enthusiasm/Optimism": 0.33022627673169846,
    "Negative High-Energy Emotions|Anger": 0.11199987731573785,
    "Extra Dimensions|Emotional Vulnerability": 0.11174920299550983,
    "Negative High-Energy Emotions|Fear": 0.0733090735351046,
    "Negative Low-Energy Emotions|Jealousy & Envy": 0.0,
    "Positive Low-Energy Emotions|Relief": -0.002616957246220155,
    "Physical and Exhaustive States|Sourness": -0.005130617684879145,
    "Physical and Exhaustive States|Pain": -0.020670116004905786,
    "Physical and Exhaustive States|Intoxication/Altered States of Consciousness": -0.021546870545098636,
    "Negative Low-Energy Emotions|Emotional Numbness": -0.022195567550894912,
    "Positive High-Energy Emotions|Awe": -0.031164398983175502,
    "Positive High-Energy Emotions|Astonishment/Surprise": -0.04239230208617427,
    "Negative High-Energy Emotions|Disgust": -0.04442233791499784,
    "Positive High-Energy Emotions|Pleasure/Ecstasy": -0.05585866253574567,
    "Positive High-Energy Emotions|Triumph": -0.07478114322762623,
    "Negative Low-Energy Emotions|Embarrassment": -0.11800760990042826,
    "Positive High-Energy Emotions|Teasing": -0.1190234037941738,
    "Positive High-Energy Emotions|Elation": -0.15317448195117533,
    "Extra Dimensions|Dominance": -0.18644437626782026,
    "Positive Low-Energy Emotions|Affection": -0.23149918288934024,
    "Extra Dimensions|Arousal": -0.28740108864647995,
    "Negative Low-Energy Emotions|Contempt": -0.37915455819117827,
    "Positive Low-Energy Emotions|Thankfulness/Gratitude": -0.48150788339822054,
    "Positive High-Energy Emotions|Amusement": -0.5274593423192317,
    "Negative High-Energy Emotions|Malevolence/Malice": -0.531458212745004,
    "Longing & Lust|Infatuation": -0.6260579315051709,
    "Negative Low-Energy Emotions|Shame": -0.656354241146051,
    "Extra Dimensions|Valence": -0.676473632958912,
    "Longing & Lust|Sexual Lust": -0.6820228038690029,
    "Longing & Lust|Longing": -0.8444857677042266,
    "Positive Low-Energy Emotions|Pride": -1.0870382981818347,
    "Positive Low-Energy Emotions|Contentment": -1.13557298905165,
    "Negative Low-Energy Emotions|Bitterness": -1.828676449182706
  }
}