{
  "key": [
    "stance-detection-part-9",
    "emonet-m1",
    "flux_prompt_9-image_046.png"
  ],
  "value": {
    "Positive High-Energy Emotions|Amusement": 2.786696359228629,
    "Positive High-Energy Emotions|Pleasure/Ecstasy": 2.5210655170698666,
    "Positive High-Energy Emotions|Elation": 2.160513504338376,
    "Positive Low-Energy Emotions|Contentment": 2.063359122211625,
    "Extra Dimensions|Valence": 1.6512286509003409,
    "Positive Low-Energy Emotions|Affection": 1.5067850473428985,
    "Longing & Lust|Sexual Lust": 1.4083026261665883,
    "Longing & Lust|Infatuation": 0.7744972023144092,
    "Extra Dimensions|Emotional Vulnerability": 0.624055177955837,
    "Positive Low-Energy Emotions|Pride": 0.5693310005146832,
    "Extra Dimensions|Dominance": 0.555676861993641,
    "Positive High-Energy Emotions|Teasing": 0.5044006568485455,
    "Positive High-Energy Emotions|Hope/Enthusiasm/Optimism": 0.20152447066327805,
    "Cognitive States and Processes|Concentration": 0.13909414166332157,
    "Negative High-Energy Emotions|Anger": 0.0141986688196441,
    "Positive Low-Energy Emotions|Relief": 0.00406894791229959,
    "Negative Low-Energy Emotions|Jealousy & Envy": 0.0,
    "Extra Dimensions|Arousal": -0.002247461250850069,
    "Physical and Exhaustive States|Intoxication/Altered States of Consciousness": -0.00847971446866736,
    "Physical and Exhaustive States|Sourness": -0.01297485715822204,
    "Positive High-Energy Emotions|Awe": -0.019754773572141872,
    "Physical and Exhaustive States|Pain": -0.020670116004905786,
    "Negative High-Energy Emotions|Disgust": -0.04466301402002027,
    "Positive High-Energy Emotions|Triumph": -0.07281226863156691,
    "Positive High-Energy Emotions|Astonishment/Surprise": -0.07622935228568294,
    "Negative Low-Energy Emotions|Embarrassment": -0.12027093609829088,
    "Negative High-Energy Emotions|Fear": -0.12768199822554985,
    "Positive Low-Energy Emotions|Thankfulness/Gratitude": -0.16514727379231214,
    "Negative Low-Energy Emotions|Emotional Numbness": -0.18502735084557265,
    "Cognitive States and Processes|Confusion": -0.18506042738428047,
    "Negative Low-Energy Emotions|Helplessness": -0.18726916923000045,
    "Negative High-Energy Emotions|Impatience and Irritability": -0.33564176181870287,
    "Negative Low-Energy Emotions|Contempt": -0.3788558644150476,
    "Negative High-Energy Emotions|Malevolence/Malice": -0.5357301297901205,
    "Positive High-Energy Emotions|Interest": -0.6454046527162576,
    "Physical and Exhaustive States|Fatigue/Exhaustion": -0.6544591901489557,
    "Negative Low-Energy Emotions|Shame": -0.6565350332095257,
    "Negative High-Energy Emotions|Distress": -0.6996738970511671,
    "Negative Low-Energy Emotions|Disappointment": -0.7405975912441756,
    "Longing & Lust|Longing": -0.8873852571069976,
    "Negative Low-Energy Emotions|Doubt": -0.9496112471444689,
    "Negative Low-Energy Emotions|Sadness": -0.9818659257069111,
    "Positive Low-Energy Emotions|Contemplation": -1.463612742756149,
    "Negative Low-Energy Emotions|Bitterness": -1.8310181033343842
  }
}