{
  "key": [
    "stance-detection-part-9",
    "emonet-m1",
    "flux_prompt_9-image_175.png"
  ],
  "value": {
    "Positive High-Energy Emotions|Amusement": 3.8849543777222815,
    "Positive High-Energy Emotions|Pleasure/Ecstasy": 3.7608561950941586,
    "Positive Low-Energy Emotions|Contentment": 3.1237047719308633,
    "Positive High-Energy Emotions|Elation": 2.986016853642575,
    "Positive Low-Energy Emotions|Affection": 2.8573547723795194,
    "Extra Dimensions|Valence": 1.8887375439133414,
    "Cognitive States and Processes|Concentration": 1.0886457239997474,
    "Positive High-Energy Emotions|Hope/Enthusiasm/Optimism": 1.0856295569898773,
    "Extra Dimensions|Emotional Vulnerability": 0.8133621523668477,
    "Positive Low-Energy Emotions|Pride": 0.627326915927586,
    "Extra Dimensions|Dominance": 0.5254226171892586,
    "Negative High-Energy Emotions|Anger": 0.44052330456373895,
    "Negative High-Energy Emotions|Impatience and Irritability": 0.2858241223303717,
    "Positive High-Energy Emotions|Interest": 0.226221009133718,
    "Positive Low-Energy Emotions|Contemplation": 0.018042348291138044,
    "Extra Dimensions|Arousal": 0.011750331946781767,
    "Positive Low-Energy Emotions|Relief": 0.01143298256500955,
    "Negative Low-Energy Emotions|Jealousy & Envy": 0.0,
    "Positive High-Energy Emotions|Awe": -0.012599653199369655,
    "Physical and Exhaustive States|Sourness": -0.012916884190597376,
    "Physical and Exhaustive States|Intoxication/Altered States of Consciousness": -0.01405374713296637,
    "Physical and Exhaustive States|Pain": -0.020670116004905786,
    "Negative High-Energy Emotions|Disgust": -0.043589921797806526,
    "Positive High-Energy Emotions|Astonishment/Surprise": -0.04689559691172816,
    "Positive High-Energy Emotions|Triumph": -0.07535735250454083,
    "Negative High-Energy Emotions|Fear": -0.11944909176478782,
    "Negative Low-Energy Emotions|Embarrassment": -0.12345886072178026,
    "Positive High-Energy Emotions|Teasing": -0.14977051195562324,
    "Cognitive States and Processes|Confusion": -0.18440433670749595,
    "Physical and Exhaustive States|Fatigue/Exhaustion": -0.19529275276148927,
    "Negative Low-Energy Emotions|Helplessness": -0.19747531725837417,
    "Negative Low-Energy Emotions|Emotional Numbness": -0.23534577077889174,
    "Positive Low-Energy Emotions|Thankfulness/Gratitude": -0.26578691507725477,
    "Negative Low-Energy Emotions|Contempt": -0.3773348507379274,
    "Negative High-Energy Emotions|Malevolence/Malice": -0.5346961233137182,
    "Negative High-Energy Emotions|Distress": -0.607048539840531,
    "Negative Low-Energy Emotions|Shame": -0.6565182256310216,
    "Longing & Lust|Sexual Lust": -0.6808172999284207,
    "Negative Low-Energy Emotions|Disappointment": -0.7395531055261637,
    "Longing & Lust|Longing": -0.8750710343539496,
    "Negative Low-Energy Emotions|Doubt": -0.9316906329242669,
    "Negative Low-Energy Emotions|Sadness": -0.9798021670356274,
    "Longing & Lust|Infatuation": -1.631813497565714,
    "Negative Low-Energy Emotions|Bitterness": -1.8322706260264685
  }
}