{
  "key": [
    "stance-detection-part-6",
    "emonet-m1",
    "juggernaut-xl-v8-prompt-6-63_result.png"
  ],
  "value": {
    "Positive Low-Energy Emotions|Pride": 1.684864233203587,
    "Positive High-Energy Emotions|Interest": 1.2824024399503684,
    "Positive Low-Energy Emotions|Affection": 1.249508750727298,
    "Cognitive States and Processes|Concentration": 1.2326765334022132,
    "Positive Low-Energy Emotions|Contentment": 0.8179448651620647,
    "Positive High-Energy Emotions|Hope/Enthusiasm/Optimism": 0.6829720481397795,
    "Negative Low-Energy Emotions|Doubt": 0.4870423985646881,
    "Extra Dimensions|Dominance": 0.4229628884714547,
    "Extra Dimensions|Valence": 0.2912377561058767,
    "Physical and Exhaustive States|Fatigue/Exhaustion": 0.24990822694813597,
    "Positive Low-Energy Emotions|Contemplation": 0.24292518940136754,
    "Negative High-Energy Emotions|Impatience and Irritability": 0.20748967160863097,
    "Negative Low-Energy Emotions|Emotional Numbness": 0.16051722579932481,
    "Positive High-Energy Emotions|Pleasure/Ecstasy": 0.039401939811279596,
    "Extra Dimensions|Arousal": 0.023703924247196806,
    "Negative High-Energy Emotions|Anger": 0.014068522077777035,
    "Negative Low-Energy Emotions|Jealousy & Envy": 0.0,
    "Physical and Exhaustive States|Sourness": -0.00388716048673614,
    "Positive Low-Energy Emotions|Relief": -0.004170678972160859,
    "Physical and Exhaustive States|Intoxication/Altered States of Consciousness": -0.009998828247735353,
    "Positive High-Energy Emotions|Awe": -0.013377821639234767,
    "Physical and Exhaustive States|Pain": -0.020670116004905786,
    "Negative High-Energy Emotions|Disgust": -0.043424280489975715,
    "Positive High-Energy Emotions|Teasing": -0.044367066294555266,
    "Positive High-Energy Emotions|Triumph": -0.06820683752190008,
    "Positive High-Energy Emotions|Astonishment/Surprise": -0.07502147906047084,
    "Negative Low-Energy Emotions|Embarrassment": -0.12307055508752009,
    "Negative High-Energy Emotions|Fear": -0.1346943878258268,
    "Positive High-Energy Emotions|Elation": -0.15317217171185105,
    "Cognitive States and Processes|Confusion": -0.18365421225299766,
    "Negative Low-Energy Emotions|Helplessness": -0.23654580428077407,
    "Longing & Lust|Infatuation": -0.2922422376498852,
    "Extra Dimensions|Emotional Vulnerability": -0.338875262946873,
    "Negative Low-Energy Emotions|Contempt": -0.3765503791068773,
    "Positive Low-Energy Emotions|Thankfulness/Gratitude": -0.4761924627147472,
    "Longing & Lust|Sexual Lust": -0.49147798999761927,
    "Positive High-Energy Emotions|Amusement": -0.5131295288984592,
    "Negative High-Energy Emotions|Malevolence/Malice": -0.5351503554103902,
    "Negative Low-Energy Emotions|Shame": -0.6561656809209815,
    "Negative High-Energy Emotions|Distress": -0.7098001376026388,
    "Negative Low-Energy Emotions|Sadness": -0.7148488606251657,
    "Negative Low-Energy Emotions|Disappointment": -0.73024588494797,
    "Longing & Lust|Longing": -0.84229952893851,
    "Negative Low-Energy Emotions|Bitterness": -1.8267073017091324
  }
}