{
  "key": [
    "stance-detection-part-6",
    "emonet-m1",
    "juggernaut-xl-v8-prompt-6-251_result.png"
  ],
  "value": {
    "Negative High-Energy Emotions|Distress": 2.6429553493625404,
    "Cognitive States and Processes|Concentration": 2.242168930710563,
    "Physical and Exhaustive States|Fatigue/Exhaustion": 2.240405577640885,
    "Positive Low-Energy Emotions|Contemplation": 2.0521208271043094,
    "Negative Low-Energy Emotions|Sadness": 2.0026921187602102,
    "Negative High-Energy Emotions|Anger": 1.3783073803007384,
    "Positive High-Energy Emotions|Interest": 1.2014986714109397,
    "Positive Low-Energy Emotions|Affection": 0.9988528612161895,
    "Positive High-Energy Emotions|Hope/Enthusiasm/Optimism": 0.9356645091535735,
    "Negative Low-Energy Emotions|Helplessness": 0.8156649290137129,
    "Negative High-Energy Emotions|Impatience and Irritability": 0.49950784673375304,
    "Negative Low-Energy Emotions|Doubt": 0.20320078860985413,
    "Negative Low-Energy Emotions|Emotional Numbness": 0.18880952411628038,
    "Negative High-Energy Emotions|Fear": 0.023260617939134448,
    "Negative Low-Energy Emotions|Jealousy & Envy": 0.0,
    "Positive Low-Energy Emotions|Relief": -0.006214671253120942,
    "Physical and Exhaustive States|Sourness": -0.006848512954273066,
    "Positive High-Energy Emotions|Awe": -0.010261914327795253,
    "Physical and Exhaustive States|Intoxication/Altered States of Consciousness": -0.011294603422829957,
    "Physical and Exhaustive States|Pain": -0.020670116004905786,
    "Negative High-Energy Emotions|Disgust": -0.04381678452640226,
    "Positive High-Energy Emotions|Pleasure/Ecstasy": -0.048519063999781786,
    "Positive High-Energy Emotions|Astonishment/Surprise": -0.06450702600699641,
    "Positive High-Energy Emotions|Triumph": -0.07644087740223542,
    "Extra Dimensions|Dominance": -0.0792847281772193,
    "Negative Low-Energy Emotions|Disappointment": -0.084684662960961,
    "Cognitive States and Processes|Confusion": -0.11312548150291374,
    "Positive High-Energy Emotions|Teasing": -0.114980070561771,
    "Negative Low-Energy Emotions|Embarrassment": -0.11900996631045481,
    "Positive High-Energy Emotions|Elation": -0.1531732548618332,
    "Positive Low-Energy Emotions|Contentment": -0.2963166428259114,
    "Negative Low-Energy Emotions|Contempt": -0.37549075008380217,
    "Extra Dimensions|Valence": -0.3930160259280436,
    "Positive Low-Energy Emotions|Thankfulness/Gratitude": -0.48218265547452926,
    "Positive High-Energy Emotions|Amusement": -0.5214174429957683,
    "Negative High-Energy Emotions|Malevolence/Malice": -0.5323596808431676,
    "Extra Dimensions|Emotional Vulnerability": -0.5469771315763285,
    "Extra Dimensions|Arousal": -0.6155527915273393,
    "Negative Low-Energy Emotions|Shame": -0.6564861927910677,
    "Longing & Lust|Sexual Lust": -0.6636250553986965,
    "Longing & Lust|Longing": -0.8764033248245497,
    "Positive Low-Energy Emotions|Pride": -1.0979323434155612,
    "Longing & Lust|Infatuation": -1.6226520550474797,
    "Negative Low-Energy Emotions|Bitterness": -1.8296812102676203
  }
}