{
  "key": [
    "stance-detection-part-6",
    "emonet-m1",
    "juggernaut-xl-v8-prompt-6-168_result.png"
  ],
  "value": {
    "Cognitive States and Processes|Concentration": 2.167943981827506,
    "Positive Low-Energy Emotions|Contemplation": 1.7209674343125614,
    "Negative High-Energy Emotions|Anger": 1.7145828386366149,
    "Physical and Exhaustive States|Fatigue/Exhaustion": 1.5403526010326085,
    "Negative High-Energy Emotions|Distress": 1.116505788243461,
    "Negative Low-Energy Emotions|Sadness": 0.7968340073786795,
    "Negative High-Energy Emotions|Impatience and Irritability": 0.7277084611861151,
    "Positive High-Energy Emotions|Hope/Enthusiasm/Optimism": 0.6231960996153044,
    "Positive High-Energy Emotions|Interest": 0.5510472496732688,
    "Positive Low-Energy Emotions|Affection": 0.5399413230921051,
    "Negative Low-Energy Emotions|Helplessness": 0.05407325611637406,
    "Positive High-Energy Emotions|Astonishment/Surprise": 0.03843732572573445,
    "Negative Low-Energy Emotions|Emotional Numbness": 0.0318456988904503,
    "Positive Low-Energy Emotions|Contentment": 0.015338044101883996,
    "Negative Low-Energy Emotions|Jealousy & Envy": 0.0,
    "Physical and Exhaustive States|Sourness": -0.006562589473285517,
    "Positive Low-Energy Emotions|Relief": -0.00807172101632361,
    "Physical and Exhaustive States|Pain": -0.020670116004905786,
    "Physical and Exhaustive States|Intoxication/Altered States of Consciousness": -0.021586865261742923,
    "Positive High-Energy Emotions|Awe": -0.021667561128790126,
    "Negative High-Energy Emotions|Disgust": -0.04241933872848203,
    "Positive High-Energy Emotions|Pleasure/Ecstasy": -0.052784562602544605,
    "Cognitive States and Processes|Confusion": -0.05857949783077171,
    "Positive High-Energy Emotions|Triumph": -0.07622961246411934,
    "Extra Dimensions|Dominance": -0.0921987450200614,
    "Negative Low-Energy Emotions|Embarrassment": -0.11836900776286265,
    "Negative High-Energy Emotions|Fear": -0.12205715260157982,
    "Positive High-Energy Emotions|Teasing": -0.12228017178237875,
    "Positive High-Energy Emotions|Elation": -0.15317295659031727,
    "Extra Dimensions|Valence": -0.2742386912379496,
    "Negative Low-Energy Emotions|Doubt": -0.27646943796408996,
    "Negative Low-Energy Emotions|Contempt": -0.3580552291964273,
    "Negative Low-Energy Emotions|Disappointment": -0.4094053138722922,
    "Positive Low-Energy Emotions|Thankfulness/Gratitude": -0.48180334734766245,
    "Positive High-Energy Emotions|Amusement": -0.5225070047263916,
    "Negative High-Energy Emotions|Malevolence/Malice": -0.527916787874513,
    "Extra Dimensions|Emotional Vulnerability": -0.6480650593946269,
    "Negative Low-Energy Emotions|Shame": -0.6563079488261572,
    "Positive Low-Energy Emotions|Pride": -0.6673012869876056,
    "Longing & Lust|Sexual Lust": -0.6781840561292111,
    "Extra Dimensions|Arousal": -0.7092374648366655,
    "Longing & Lust|Longing": -0.8755800207674285,
    "Longing & Lust|Infatuation": -1.6321248945817624,
    "Negative Low-Energy Emotions|Bitterness": -1.8289876841486266
  }
}