{
  "key": [
    "stance-detection-part-6",
    "emonet-m1",
    "juggernaut-xl-v8-prompt-6-181_result.png"
  ],
  "value": {
    "Cognitive States and Processes|Concentration": 1.5155053412330237,
    "Positive Low-Energy Emotions|Affection": 1.4134980562235138,
    "Positive High-Energy Emotions|Hope/Enthusiasm/Optimism": 1.1298476203443695,
    "Positive Low-Energy Emotions|Contentment": 1.0641773747751018,
    "Physical and Exhaustive States|Fatigue/Exhaustion": 0.9957570018581091,
    "Positive High-Energy Emotions|Interest": 0.8418900212034202,
    "Negative High-Energy Emotions|Impatience and Irritability": 0.7786529087035101,
    "Extra Dimensions|Valence": 0.6782556022133597,
    "Negative High-Energy Emotions|Anger": 0.6496465583860656,
    "Positive High-Energy Emotions|Amusement": 0.6244305816407387,
    "Positive Low-Energy Emotions|Contemplation": 0.16762330379650914,
    "Negative Low-Energy Emotions|Sadness": 0.15383590805159209,
    "Extra Dimensions|Dominance": 0.07801626562294398,
    "Negative Low-Energy Emotions|Emotional Numbness": 0.05538917594886095,
    "Negative Low-Energy Emotions|Jealousy & Envy": 0.0,
    "Positive Low-Energy Emotions|Relief": -6.453734532598995e-05,
    "Physical and Exhaustive States|Intoxication/Altered States of Consciousness": -0.007088750675866456,
    "Physical and Exhaustive States|Sourness": -0.010225138432540736,
    "Physical and Exhaustive States|Pain": -0.020670116004905786,
    "Positive High-Energy Emotions|Awe": -0.022516778305227504,
    "Negative High-Energy Emotions|Disgust": -0.04324077268987348,
    "Positive High-Energy Emotions|Pleasure/Ecstasy": -0.04415983173800486,
    "Positive High-Energy Emotions|Astonishment/Surprise": -0.04876888149005153,
    "Positive High-Energy Emotions|Triumph": -0.07430405554365054,
    "Positive High-Energy Emotions|Teasing": -0.10083864507139166,
    "Negative Low-Energy Emotions|Embarrassment": -0.11951419925351282,
    "Negative Low-Energy Emotions|Disappointment": -0.12875699295897736,
    "Negative High-Energy Emotions|Fear": -0.13741241178164879,
    "Positive High-Energy Emotions|Elation": -0.15317096777187755,
    "Cognitive States and Processes|Confusion": -0.18638074477186134,
    "Negative Low-Energy Emotions|Helplessness": -0.18880933834983535,
    "Negative Low-Energy Emotions|Contempt": -0.3773383897637109,
    "Negative High-Energy Emotions|Distress": -0.38582058104212247,
    "Longing & Lust|Sexual Lust": -0.43851480766748774,
    "Positive Low-Energy Emotions|Thankfulness/Gratitude": -0.47842293650879025,
    "Extra Dimensions|Emotional Vulnerability": -0.5332622220228007,
    "Negative High-Energy Emotions|Malevolence/Malice": -0.5338097947953275,
    "Extra Dimensions|Arousal": -0.5779997195516313,
    "Negative Low-Energy Emotions|Shame": -0.6566653811170688,
    "Longing & Lust|Infatuation": -0.723770925126997,
    "Positive Low-Energy Emotions|Pride": -0.8020589845698505,
    "Longing & Lust|Longing": -0.836746752780654,
    "Negative Low-Energy Emotions|Doubt": -0.8422849537803017,
    "Negative Low-Energy Emotions|Bitterness": -1.8305105139047673
  }
}