{
  "key": [
    "stance-detection-part-6",
    "emonet-m1",
    "juggernaut-xl-v8-prompt-6-92_result.png"
  ],
  "value": {
    "Cognitive States and Processes|Concentration": 1.571256664932975,
    "Negative Low-Energy Emotions|Sadness": 1.362148657914263,
    "Physical and Exhaustive States|Fatigue/Exhaustion": 1.0470502557567296,
    "Positive Low-Energy Emotions|Contemplation": 1.0454842075364383,
    "Negative High-Energy Emotions|Distress": 1.0045688614017252,
    "Negative Low-Energy Emotions|Disappointment": 0.8990255068312143,
    "Negative High-Energy Emotions|Anger": 0.5087734838545104,
    "Negative High-Energy Emotions|Impatience and Irritability": 0.4431114815680426,
    "Positive High-Energy Emotions|Interest": 0.27674738967265844,
    "Positive High-Energy Emotions|Hope/Enthusiasm/Optimism": 0.1954440816404509,
    "Negative Low-Energy Emotions|Helplessness": 0.15318323360012345,
    "Positive Low-Energy Emotions|Affection": 0.03595830230963437,
    "Negative Low-Energy Emotions|Emotional Numbness": 0.013745675620796982,
    "Negative Low-Energy Emotions|Jealousy & Envy": 0.0,
    "Physical and Exhaustive States|Sourness": -0.0021904174156568857,
    "Positive Low-Energy Emotions|Relief": -0.004630096672928376,
    "Physical and Exhaustive States|Intoxication/Altered States of Consciousness": -0.009642943814942689,
    "Positive High-Energy Emotions|Awe": -0.01569446046655868,
    "Physical and Exhaustive States|Pain": -0.020670116004905786,
    "Negative High-Energy Emotions|Disgust": -0.04509102007299116,
    "Extra Dimensions|Dominance": -0.054232046611934565,
    "Positive High-Energy Emotions|Astonishment/Surprise": -0.05487253122550227,
    "Positive High-Energy Emotions|Pleasure/Ecstasy": -0.05585866253574567,
    "Positive High-Energy Emotions|Triumph": -0.07510897994976178,
    "Positive High-Energy Emotions|Teasing": -0.11347604420841177,
    "Negative Low-Energy Emotions|Embarrassment": -0.11980072623152872,
    "Extra Dimensions|Valence": -0.13265156237521097,
    "Negative High-Energy Emotions|Fear": -0.14238298467049995,
    "Cognitive States and Processes|Confusion": -0.15153911416401794,
    "Positive High-Energy Emotions|Elation": -0.15317472500544893,
    "Positive Low-Energy Emotions|Contentment": -0.3425260973623494,
    "Extra Dimensions|Emotional Vulnerability": -0.3781268288801005,
    "Negative Low-Energy Emotions|Doubt": -0.3786366866899811,
    "Negative Low-Energy Emotions|Contempt": -0.38003256441104216,
    "Positive Low-Energy Emotions|Thankfulness/Gratitude": -0.4813165319993949,
    "Negative High-Energy Emotions|Malevolence/Malice": -0.5266578111169866,
    "Positive High-Energy Emotions|Amusement": -0.5272182713334377,
    "Negative Low-Energy Emotions|Shame": -0.6559298402427665,
    "Longing & Lust|Sexual Lust": -0.6717272041699826,
    "Longing & Lust|Longing": -0.8882385870039244,
    "Extra Dimensions|Arousal": -1.0572842444692339,
    "Positive Low-Energy Emotions|Pride": -1.0838257717412143,
    "Longing & Lust|Infatuation": -1.631822922550169,
    "Negative Low-Energy Emotions|Bitterness": -1.8304986516491344
  }
}