{
  "key": [
    "stance-detection-part-6",
    "emonet-m1",
    "juggernaut-xl-v8-prompt-6-69_result.png"
  ],
  "value": {
    "Physical and Exhaustive States|Fatigue/Exhaustion": 1.4031293573192296,
    "Negative High-Energy Emotions|Distress": 1.2223192915088419,
    "Negative Low-Energy Emotions|Doubt": 1.1423107100652374,
    "Cognitive States and Processes|Concentration": 1.0707903181922522,
    "Negative High-Energy Emotions|Impatience and Irritability": 0.7485018991438788,
    "Negative Low-Energy Emotions|Sadness": 0.6277468358241141,
    "Negative High-Energy Emotions|Anger": 0.4898776193678161,
    "Positive Low-Energy Emotions|Contemplation": 0.37959816303418004,
    "Negative Low-Energy Emotions|Emotional Numbness": 0.33767045551276476,
    "Negative Low-Energy Emotions|Disappointment": 0.2692697714338754,
    "Positive Low-Energy Emotions|Affection": 0.20532299309027402,
    "Positive High-Energy Emotions|Hope/Enthusiasm/Optimism": 0.18734690985700364,
    "Negative Low-Energy Emotions|Helplessness": 0.12078188047931962,
    "Positive High-Energy Emotions|Awe": 0.04019255320722367,
    "Physical and Exhaustive States|Sourness": 0.004171134167156377,
    "Negative Low-Energy Emotions|Jealousy & Envy": 0.0,
    "Positive Low-Energy Emotions|Relief": -0.004210137247002168,
    "Physical and Exhaustive States|Intoxication/Altered States of Consciousness": -0.00627474494333014,
    "Physical and Exhaustive States|Pain": -0.020670116004905786,
    "Negative High-Energy Emotions|Disgust": -0.04174503138213804,
    "Positive High-Energy Emotions|Pleasure/Ecstasy": -0.05585866253574567,
    "Positive High-Energy Emotions|Astonishment/Surprise": -0.06982919924479701,
    "Positive High-Energy Emotions|Triumph": -0.0763130328897728,
    "Positive High-Energy Emotions|Teasing": -0.11635295179546316,
    "Negative Low-Energy Emotions|Embarrassment": -0.12131844302673479,
    "Negative High-Energy Emotions|Fear": -0.12594304761538902,
    "Extra Dimensions|Dominance": -0.1493326953131255,
    "Positive High-Energy Emotions|Elation": -0.1531736065261451,
    "Cognitive States and Processes|Confusion": -0.15900600780715873,
    "Extra Dimensions|Arousal": -0.18121565239770066,
    "Positive High-Energy Emotions|Interest": -0.2673428813234353,
    "Extra Dimensions|Emotional Vulnerability": -0.2917744805524638,
    "Negative Low-Energy Emotions|Contempt": -0.37751317293393416,
    "Extra Dimensions|Valence": -0.4343672846827738,
    "Positive Low-Energy Emotions|Thankfulness/Gratitude": -0.4814659049644923,
    "Positive High-Energy Emotions|Amusement": -0.5254055040960128,
    "Negative High-Energy Emotions|Malevolence/Malice": -0.5260419088719419,
    "Positive Low-Energy Emotions|Pride": -0.6459941762011676,
    "Negative Low-Energy Emotions|Shame": -0.6536914660393229,
    "Positive Low-Energy Emotions|Contentment": -0.7269873810461263,
    "Longing & Lust|Sexual Lust": -0.7393413124940335,
    "Longing & Lust|Longing": -0.8748664712130805,
    "Negative Low-Energy Emotions|Bitterness": -0.9998697080195715,
    "Longing & Lust|Infatuation": -1.6109967094883595
  }
}