{
  "key": [
    "stance-detection-part-6",
    "emonet-m1",
    "juggernaut-xl-v8-prompt-6-216_result.png"
  ],
  "value": {
    "Cognitive States and Processes|Concentration": 1.9698815619361487,
    "Negative High-Energy Emotions|Distress": 1.7310715183383707,
    "Physical and Exhaustive States|Fatigue/Exhaustion": 1.6202988805583654,
    "Negative Low-Energy Emotions|Sadness": 1.2154902373515188,
    "Positive High-Energy Emotions|Hope/Enthusiasm/Optimism": 1.0164575322630096,
    "Positive Low-Energy Emotions|Contemplation": 0.8861848339097294,
    "Negative Low-Energy Emotions|Disappointment": 0.8636906813154672,
    "Negative High-Energy Emotions|Impatience and Irritability": 0.757539274594013,
    "Negative Low-Energy Emotions|Helplessness": 0.6901866017393904,
    "Negative High-Energy Emotions|Anger": 0.5081882854521056,
    "Negative High-Energy Emotions|Fear": 0.36171592244257533,
    "Positive High-Energy Emotions|Interest": 0.20399944388713598,
    "Negative Low-Energy Emotions|Emotional Numbness": 0.18883908802008897,
    "Positive Low-Energy Emotions|Affection": 0.17758168010962216,
    "Negative Low-Energy Emotions|Jealousy & Envy": 0.0,
    "Positive Low-Energy Emotions|Relief": -0.0006288517703175976,
    "Physical and Exhaustive States|Intoxication/Altered States of Consciousness": -0.005537822917649598,
    "Physical and Exhaustive States|Sourness": -0.010332411891975245,
    "Positive High-Energy Emotions|Astonishment/Surprise": -0.01156501822692134,
    "Physical and Exhaustive States|Pain": -0.020670116004905786,
    "Positive High-Energy Emotions|Awe": -0.02565488834684585,
    "Negative High-Energy Emotions|Disgust": -0.036651486660534645,
    "Positive High-Energy Emotions|Pleasure/Ecstasy": -0.05585866253574567,
    "Positive High-Energy Emotions|Triumph": -0.07585492555986777,
    "Cognitive States and Processes|Confusion": -0.10671848882903984,
    "Negative Low-Energy Emotions|Embarrassment": -0.11170323407311579,
    "Positive High-Energy Emotions|Teasing": -0.11619768914640387,
    "Positive High-Energy Emotions|Elation": -0.15317244754294945,
    "Extra Dimensions|Dominance": -0.21005579144540396,
    "Positive Low-Energy Emotions|Contentment": -0.33064474589140214,
    "Negative Low-Energy Emotions|Contempt": -0.379904526183484,
    "Negative Low-Energy Emotions|Doubt": -0.39257016647590026,
    "Extra Dimensions|Valence": -0.44988386383392737,
    "Positive Low-Energy Emotions|Thankfulness/Gratitude": -0.4809937924057102,
    "Positive High-Energy Emotions|Amusement": -0.5203212726001556,
    "Negative High-Energy Emotions|Malevolence/Malice": -0.5342647644994787,
    "Extra Dimensions|Emotional Vulnerability": -0.5885975053022197,
    "Longing & Lust|Sexual Lust": -0.6597522138020931,
    "Negative Low-Energy Emotions|Shame": -0.6626595613344541,
    "Longing & Lust|Longing": -0.7755122040927191,
    "Extra Dimensions|Arousal": -0.8643640364919389,
    "Positive Low-Energy Emotions|Pride": -1.1036066683452754,
    "Longing & Lust|Infatuation": -1.6300128710493718,
    "Negative Low-Energy Emotions|Bitterness": -1.8298370866582563
  }
}