{
  "key": [
    "stance-detection-part-6",
    "emonet-m1",
    "juggernaut-xl-v8-prompt-6-174_result.png"
  ],
  "value": {
    "Negative Low-Energy Emotions|Contempt": 1.4219254377390165,
    "Negative High-Energy Emotions|Anger": 1.2878306289732238,
    "Cognitive States and Processes|Concentration": 1.2568850790870276,
    "Negative Low-Energy Emotions|Doubt": 1.232399792783133,
    "Negative High-Energy Emotions|Impatience and Irritability": 0.9752167486159247,
    "Negative High-Energy Emotions|Distress": 0.9288770422107462,
    "Negative Low-Energy Emotions|Bitterness": 0.8940044603764246,
    "Negative Low-Energy Emotions|Disappointment": 0.8857833813200449,
    "Positive High-Energy Emotions|Interest": 0.8351830681547141,
    "Extra Dimensions|Dominance": 0.5530643308084908,
    "Extra Dimensions|Arousal": 0.41276728255408157,
    "Positive Low-Energy Emotions|Contemplation": 0.37505581226513707,
    "Positive Low-Energy Emotions|Affection": 0.2301609638239166,
    "Positive Low-Energy Emotions|Contentment": 0.051983218128373254,
    "Negative Low-Energy Emotions|Jealousy & Envy": 0.0,
    "Positive Low-Energy Emotions|Relief": -0.005696170448219819,
    "Physical and Exhaustive States|Sourness": -0.008465408153095088,
    "Physical and Exhaustive States|Intoxication/Altered States of Consciousness": -0.015401378349015565,
    "Positive High-Energy Emotions|Awe": -0.016407913163358913,
    "Physical and Exhaustive States|Pain": -0.020670116004905786,
    "Positive Low-Energy Emotions|Pride": -0.028392483524623424,
    "Negative High-Energy Emotions|Disgust": -0.033716010059410835,
    "Positive High-Energy Emotions|Pleasure/Ecstasy": -0.05585866253574567,
    "Physical and Exhaustive States|Fatigue/Exhaustion": -0.057289939899093034,
    "Cognitive States and Processes|Confusion": -0.06081337560882499,
    "Positive High-Energy Emotions|Astonishment/Surprise": -0.06348392718058803,
    "Positive High-Energy Emotions|Triumph": -0.0765970285330309,
    "Negative Low-Energy Emotions|Emotional Numbness": -0.09361701196694105,
    "Positive High-Energy Emotions|Teasing": -0.11577941355169256,
    "Negative Low-Energy Emotions|Embarrassment": -0.12162683745880266,
    "Extra Dimensions|Valence": -0.13265156237521097,
    "Negative High-Energy Emotions|Fear": -0.13681138089547554,
    "Positive High-Energy Emotions|Elation": -0.15317342622063945,
    "Negative Low-Energy Emotions|Helplessness": -0.23447598828746505,
    "Positive High-Energy Emotions|Hope/Enthusiasm/Optimism": -0.2604386464593721,
    "Extra Dimensions|Emotional Vulnerability": -0.36372443935373333,
    "Longing & Lust|Sexual Lust": -0.38194511219477045,
    "Longing & Lust|Infatuation": -0.4707078424319897,
    "Positive Low-Energy Emotions|Thankfulness/Gratitude": -0.48163000772742987,
    "Negative High-Energy Emotions|Malevolence/Malice": -0.5206943887589506,
    "Positive High-Energy Emotions|Amusement": -0.5237299393002803,
    "Negative Low-Energy Emotions|Shame": -0.6563211289032331,
    "Negative Low-Energy Emotions|Sadness": -0.6807682956494272,
    "Longing & Lust|Longing": -0.8757219915807029
  }
}