{
  "key": [
    "stance-detection-part-6",
    "emonet-m1",
    "juggernaut-xl-v8-prompt-6-80_result.png"
  ],
  "value": {
    "Negative Low-Energy Emotions|Doubt": 0.8971097184346832,
    "Physical and Exhaustive States|Fatigue/Exhaustion": 0.8629911126903235,
    "Negative High-Energy Emotions|Distress": 0.5715810522205118,
    "Negative Low-Energy Emotions|Disappointment": 0.5119909714231943,
    "Cognitive States and Processes|Confusion": 0.5089113480878837,
    "Negative High-Energy Emotions|Impatience and Irritability": 0.5053386711089056,
    "Positive Low-Energy Emotions|Affection": 0.32476462154638974,
    "Negative Low-Energy Emotions|Emotional Numbness": 0.10960663372016222,
    "Positive High-Energy Emotions|Awe": 0.06784320007259156,
    "Negative High-Energy Emotions|Anger": 0.021793462854601986,
    "Positive Low-Energy Emotions|Relief": 0.010817251683318572,
    "Negative Low-Energy Emotions|Jealousy & Envy": 0.0,
    "Physical and Exhaustive States|Sourness": -0.010152912504234156,
    "Physical and Exhaustive States|Intoxication/Altered States of Consciousness": -0.010443881229112,
    "Positive Low-Energy Emotions|Pride": -0.010850717357936412,
    "Physical and Exhaustive States|Pain": -0.020670116004905786,
    "Negative Low-Energy Emotions|Sadness": -0.025604232672590044,
    "Negative High-Energy Emotions|Disgust": -0.033967564012104774,
    "Positive High-Energy Emotions|Astonishment/Surprise": -0.0351619904540179,
    "Positive High-Energy Emotions|Pleasure/Ecstasy": -0.055859022371412714,
    "Cognitive States and Processes|Concentration": -0.0641638959038171,
    "Positive High-Energy Emotions|Triumph": -0.07516262599270478,
    "Positive Low-Energy Emotions|Contemplation": -0.11024019870593227,
    "Negative Low-Energy Emotions|Embarrassment": -0.1149971655573382,
    "Positive High-Energy Emotions|Teasing": -0.12083054956853827,
    "Negative High-Energy Emotions|Fear": -0.13304418853173652,
    "Positive High-Energy Emotions|Elation": -0.15317293563010237,
    "Extra Dimensions|Emotional Vulnerability": -0.165310113639622,
    "Negative Low-Energy Emotions|Helplessness": -0.18892942680789657,
    "Extra Dimensions|Valence": -0.3102642004761927,
    "Extra Dimensions|Dominance": -0.32088894457402795,
    "Negative Low-Energy Emotions|Contempt": -0.3559533161019067,
    "Positive Low-Energy Emotions|Thankfulness/Gratitude": -0.4805899243712282,
    "Positive High-Energy Emotions|Amusement": -0.5206805805747325,
    "Negative High-Energy Emotions|Malevolence/Malice": -0.5299214783428243,
    "Positive Low-Energy Emotions|Contentment": -0.575073857372115,
    "Negative Low-Energy Emotions|Shame": -0.6564406427352658,
    "Positive High-Energy Emotions|Interest": -0.6583612719789529,
    "Positive High-Energy Emotions|Hope/Enthusiasm/Optimism": -0.7046799615857912,
    "Longing & Lust|Sexual Lust": -0.7056275694034039,
    "Extra Dimensions|Arousal": -0.7787071551595415,
    "Longing & Lust|Longing": -0.8702232470333358,
    "Longing & Lust|Infatuation": -1.6105420899614964,
    "Negative Low-Energy Emotions|Bitterness": -1.7732359208644202
  }
}