{
  "key": [
    "stance-detection-part-6",
    "emonet-m1",
    "juggernaut-xl-v8-prompt-6-175_result.png"
  ],
  "value": {
    "Cognitive States and Processes|Concentration": 1.308704641999015,
    "Physical and Exhaustive States|Fatigue/Exhaustion": 1.1210249843410192,
    "Negative High-Energy Emotions|Impatience and Irritability": 0.9046337627379339,
    "Negative Low-Energy Emotions|Doubt": 0.7937607480214752,
    "Negative Low-Energy Emotions|Disappointment": 0.6322718332777475,
    "Negative High-Energy Emotions|Anger": 0.6078993459760924,
    "Positive Low-Energy Emotions|Contemplation": 0.5689794048325809,
    "Positive High-Energy Emotions|Hope/Enthusiasm/Optimism": 0.4934627755644011,
    "Negative Low-Energy Emotions|Sadness": 0.2749349032603323,
    "Positive Low-Energy Emotions|Affection": 0.272467506220462,
    "Negative Low-Energy Emotions|Emotional Numbness": 0.2444224458310631,
    "Positive Low-Energy Emotions|Contentment": 0.1786000537225505,
    "Physical and Exhaustive States|Sourness": 0.00029309951587692777,
    "Negative Low-Energy Emotions|Jealousy & Envy": 0.0,
    "Positive Low-Energy Emotions|Relief": -0.0042498860944867566,
    "Physical and Exhaustive States|Intoxication/Altered States of Consciousness": -0.010172620490739198,
    "Negative Low-Energy Emotions|Contempt": -0.019482540795681902,
    "Physical and Exhaustive States|Pain": -0.020670116004905786,
    "Positive High-Energy Emotions|Awe": -0.02430761475866531,
    "Negative High-Energy Emotions|Disgust": -0.04422896554618528,
    "Positive High-Energy Emotions|Pleasure/Ecstasy": -0.05585866253574567,
    "Positive High-Energy Emotions|Astonishment/Surprise": -0.06980772667151668,
    "Positive High-Energy Emotions|Triumph": -0.0759590027202262,
    "Positive High-Energy Emotions|Teasing": -0.11378291127145727,
    "Negative Low-Energy Emotions|Embarrassment": -0.12135024583001276,
    "Extra Dimensions|Valence": -0.13265156237521097,
    "Cognitive States and Processes|Confusion": -0.1388470799194806,
    "Negative High-Energy Emotions|Fear": -0.14336266151318947,
    "Positive High-Energy Emotions|Elation": -0.15317352357204284,
    "Negative High-Energy Emotions|Distress": -0.20053250940973721,
    "Negative Low-Energy Emotions|Helplessness": -0.2114169032759828,
    "Negative High-Energy Emotions|Malevolence/Malice": -0.22152993710022484,
    "Extra Dimensions|Dominance": -0.24665893674674597,
    "Positive High-Energy Emotions|Interest": -0.2940705577150369,
    "Extra Dimensions|Emotional Vulnerability": -0.3624262501905253,
    "Positive Low-Energy Emotions|Pride": -0.3736004131358295,
    "Positive Low-Energy Emotions|Thankfulness/Gratitude": -0.48027422930149793,
    "Positive High-Energy Emotions|Amusement": -0.5271379987780864,
    "Extra Dimensions|Arousal": -0.6001256789479936,
    "Negative Low-Energy Emotions|Shame": -0.6597047299875847,
    "Longing & Lust|Sexual Lust": -0.7069303928277432,
    "Longing & Lust|Longing": -0.8639852484285613,
    "Negative Low-Energy Emotions|Bitterness": -1.4868752994120886,
    "Longing & Lust|Infatuation": -1.6306534794196759
  }
}