{
  "key": [
    "stance-detection-part-6",
    "emonet-m1",
    "juggernaut-xl-v8-prompt-6-37_result.png"
  ],
  "value": {
    "Positive Low-Energy Emotions|Contemplation": 1.564296387101868,
    "Negative High-Energy Emotions|Distress": 1.350647257245231,
    "Cognitive States and Processes|Concentration": 1.3015160834205237,
    "Physical and Exhaustive States|Fatigue/Exhaustion": 1.0685274781993566,
    "Positive Low-Energy Emotions|Contentment": 0.94975815289705,
    "Positive Low-Energy Emotions|Affection": 0.8916733387018463,
    "Positive High-Energy Emotions|Interest": 0.8204738339170432,
    "Negative Low-Energy Emotions|Disappointment": 0.5902118156919931,
    "Negative Low-Energy Emotions|Sadness": 0.5803854619227469,
    "Negative High-Energy Emotions|Anger": 0.543051995855548,
    "Negative High-Energy Emotions|Impatience and Irritability": 0.5268687628714483,
    "Negative Low-Energy Emotions|Doubt": 0.3179540349172272,
    "Extra Dimensions|Emotional Vulnerability": 0.034697086601466864,
    "Negative Low-Energy Emotions|Jealousy & Envy": 0.0,
    "Positive Low-Energy Emotions|Relief": -0.004085012196457429,
    "Physical and Exhaustive States|Intoxication/Altered States of Consciousness": -0.00617730625028357,
    "Physical and Exhaustive States|Sourness": -0.009235082931079707,
    "Positive High-Energy Emotions|Awe": -0.010706788495237575,
    "Physical and Exhaustive States|Pain": -0.020670116004905786,
    "Negative High-Energy Emotions|Disgust": -0.03693640431314161,
    "Positive High-Energy Emotions|Pleasure/Ecstasy": -0.04642045244378823,
    "Positive High-Energy Emotions|Astonishment/Surprise": -0.053515631487190504,
    "Positive High-Energy Emotions|Triumph": -0.07611010422002211,
    "Positive High-Energy Emotions|Teasing": -0.08796652656853636,
    "Extra Dimensions|Dominance": -0.10133570493045416,
    "Negative Low-Energy Emotions|Embarrassment": -0.11988251498003145,
    "Extra Dimensions|Valence": -0.12285643773266001,
    "Negative High-Energy Emotions|Fear": -0.1294989042604963,
    "Negative Low-Energy Emotions|Emotional Numbness": -0.135616113605735,
    "Positive High-Energy Emotions|Elation": -0.1531729945217033,
    "Cognitive States and Processes|Confusion": -0.16636367221345832,
    "Negative Low-Energy Emotions|Helplessness": -0.1846123219914598,
    "Positive High-Energy Emotions|Hope/Enthusiasm/Optimism": -0.1873863593576265,
    "Negative Low-Energy Emotions|Contempt": -0.37336349011409087,
    "Positive Low-Energy Emotions|Pride": -0.3772375481646686,
    "Positive Low-Energy Emotions|Thankfulness/Gratitude": -0.47993730566500187,
    "Positive High-Energy Emotions|Amusement": -0.5126577022557075,
    "Negative High-Energy Emotions|Malevolence/Malice": -0.5291167560337118,
    "Longing & Lust|Sexual Lust": -0.5632644756100117,
    "Extra Dimensions|Arousal": -0.5691779937062944,
    "Negative Low-Energy Emotions|Shame": -0.6562131392567387,
    "Longing & Lust|Longing": -0.8822288965403815,
    "Longing & Lust|Infatuation": -1.1294824567660962,
    "Negative Low-Energy Emotions|Bitterness": -1.8310974380479028
  }
}