{
  "key": [
    "stance-detection-part-6",
    "emonet-m1",
    "juggernaut-xl-v8-prompt-6-241_result.png"
  ],
  "value": {
    "Cognitive States and Processes|Concentration": 2.4490099226844397,
    "Positive Low-Energy Emotions|Contemplation": 2.244823835756043,
    "Physical and Exhaustive States|Fatigue/Exhaustion": 1.8348419847301183,
    "Negative High-Energy Emotions|Distress": 1.8145139679080728,
    "Negative Low-Energy Emotions|Disappointment": 1.5305832098494028,
    "Negative Low-Energy Emotions|Sadness": 1.3431922351084769,
    "Cognitive States and Processes|Confusion": 1.1811598903966911,
    "Positive High-Energy Emotions|Interest": 0.9467431744321799,
    "Positive Low-Energy Emotions|Affection": 0.8560433509851715,
    "Positive High-Energy Emotions|Hope/Enthusiasm/Optimism": 0.8359373553754973,
    "Positive Low-Energy Emotions|Pride": 0.6521008712727399,
    "Positive Low-Energy Emotions|Contentment": 0.5496927308389445,
    "Negative High-Energy Emotions|Impatience and Irritability": 0.43792844047230894,
    "Negative Low-Energy Emotions|Emotional Numbness": 0.3990066152188805,
    "Positive High-Energy Emotions|Astonishment/Surprise": 0.3952688241698148,
    "Negative Low-Energy Emotions|Helplessness": 0.28048680410908033,
    "Negative Low-Energy Emotions|Doubt": 0.08143100272881165,
    "Negative High-Energy Emotions|Anger": 0.07315538130400384,
    "Extra Dimensions|Dominance": 0.04608757733520899,
    "Positive High-Energy Emotions|Awe": 0.0016463933437516828,
    "Negative Low-Energy Emotions|Jealousy & Envy": 0.0,
    "Positive Low-Energy Emotions|Relief": -0.0026163164962888195,
    "Physical and Exhaustive States|Sourness": -0.008224173254527888,
    "Physical and Exhaustive States|Pain": -0.020670116004905786,
    "Physical and Exhaustive States|Intoxication/Altered States of Consciousness": -0.03099207587594733,
    "Negative High-Energy Emotions|Disgust": -0.04486482789664915,
    "Positive High-Energy Emotions|Pleasure/Ecstasy": -0.05585866253574567,
    "Positive High-Energy Emotions|Triumph": -0.07617053401659861,
    "Positive High-Energy Emotions|Teasing": -0.11950643238485296,
    "Negative High-Energy Emotions|Fear": -0.11976300707707802,
    "Negative Low-Energy Emotions|Embarrassment": -0.12191542079706331,
    "Positive High-Energy Emotions|Elation": -0.15317353596208916,
    "Negative Low-Energy Emotions|Contempt": -0.38067779214131636,
    "Positive Low-Energy Emotions|Thankfulness/Gratitude": -0.4813213525250411,
    "Negative High-Energy Emotions|Malevolence/Malice": -0.526327139448934,
    "Positive High-Energy Emotions|Amusement": -0.5271264652793224,
    "Longing & Lust|Longing": -0.6052101483165999,
    "Extra Dimensions|Emotional Vulnerability": -0.6182748963544658,
    "Negative Low-Energy Emotions|Shame": -0.6573030707224241,
    "Longing & Lust|Sexual Lust": -0.6803354559800564,
    "Extra Dimensions|Valence": -0.7586071645293466,
    "Extra Dimensions|Arousal": -0.80367887871606,
    "Negative Low-Energy Emotions|Bitterness": -1.3908622004569342,
    "Longing & Lust|Infatuation": -1.6348337468728695
  }
}