{
  "key": [
    "stance-detection-part-6",
    "emonet-m1",
    "juggernaut-xl-v8-prompt-6-167_result.png"
  ],
  "value": {
    "Cognitive States and Processes|Concentration": 2.5584759985816565,
    "Negative High-Energy Emotions|Anger": 1.9056593557417174,
    "Positive Low-Energy Emotions|Contemplation": 1.6961969360368045,
    "Positive High-Energy Emotions|Interest": 1.4669894417509055,
    "Physical and Exhaustive States|Fatigue/Exhaustion": 1.4604966821483312,
    "Negative High-Energy Emotions|Distress": 1.1245464548236612,
    "Positive High-Energy Emotions|Hope/Enthusiasm/Optimism": 0.979089830732553,
    "Negative High-Energy Emotions|Impatience and Irritability": 0.690033080479328,
    "Positive High-Energy Emotions|Pleasure/Ecstasy": 0.4691812235136531,
    "Negative Low-Energy Emotions|Sadness": 0.3214962636195242,
    "Extra Dimensions|Dominance": 0.25601805686172874,
    "Positive Low-Energy Emotions|Affection": 0.2541436079050323,
    "Positive Low-Energy Emotions|Pride": 0.13504333324020812,
    "Positive Low-Energy Emotions|Contentment": 0.07501099580018722,
    "Negative Low-Energy Emotions|Jealousy & Envy": 0.0,
    "Positive High-Energy Emotions|Awe": -0.0006223233491728167,
    "Positive Low-Energy Emotions|Relief": -0.007453523992455049,
    "Physical and Exhaustive States|Sourness": -0.008671334750213465,
    "Physical and Exhaustive States|Intoxication/Altered States of Consciousness": -0.01655299969072089,
    "Physical and Exhaustive States|Pain": -0.020670116004905786,
    "Negative High-Energy Emotions|Disgust": -0.04078138073831251,
    "Positive High-Energy Emotions|Astonishment/Surprise": -0.061661112835228224,
    "Negative Low-Energy Emotions|Emotional Numbness": -0.06966172641777724,
    "Positive High-Energy Emotions|Triumph": -0.0757092965115203,
    "Positive High-Energy Emotions|Teasing": -0.1122964533871456,
    "Extra Dimensions|Valence": -0.11296029253044053,
    "Negative Low-Energy Emotions|Embarrassment": -0.11927646985311648,
    "Negative High-Energy Emotions|Fear": -0.1266832851494352,
    "Positive High-Energy Emotions|Elation": -0.15317344151197387,
    "Negative Low-Energy Emotions|Helplessness": -0.18338620974494643,
    "Cognitive States and Processes|Confusion": -0.18345412691106727,
    "Negative Low-Energy Emotions|Contempt": -0.37333815068948073,
    "Negative Low-Energy Emotions|Doubt": -0.3926308440042816,
    "Positive Low-Energy Emotions|Thankfulness/Gratitude": -0.48077768738417387,
    "Positive High-Energy Emotions|Amusement": -0.5242417085056121,
    "Negative High-Energy Emotions|Malevolence/Malice": -0.5315875026701025,
    "Negative Low-Energy Emotions|Shame": -0.6565658776818744,
    "Longing & Lust|Sexual Lust": -0.6587214706799923,
    "Negative Low-Energy Emotions|Disappointment": -0.7331221555103804,
    "Extra Dimensions|Arousal": -0.7622736777578081,
    "Extra Dimensions|Emotional Vulnerability": -0.8229409148404887,
    "Longing & Lust|Longing": -0.8804545631229659,
    "Longing & Lust|Infatuation": -1.634899118267027,
    "Negative Low-Energy Emotions|Bitterness": -1.8297463711828759
  }
}