{
  "key": [
    "stance-detection-part-6",
    "emonet-m1",
    "juggernaut-xl-v8-prompt-6-55_result.png"
  ],
  "value": {
    "Cognitive States and Processes|Concentration": 2.124625233353385,
    "Negative High-Energy Emotions|Distress": 1.9564426406986002,
    "Physical and Exhaustive States|Fatigue/Exhaustion": 1.4358411016277013,
    "Negative Low-Energy Emotions|Sadness": 1.3324381266795218,
    "Negative Low-Energy Emotions|Disappointment": 1.179620928622291,
    "Positive Low-Energy Emotions|Contemplation": 0.9622427448289188,
    "Positive High-Energy Emotions|Hope/Enthusiasm/Optimism": 0.8482422574522185,
    "Negative High-Energy Emotions|Impatience and Irritability": 0.8385676168410223,
    "Negative Low-Energy Emotions|Helplessness": 0.576100331407054,
    "Cognitive States and Processes|Confusion": 0.5408546097112663,
    "Negative High-Energy Emotions|Fear": 0.4207139707480868,
    "Negative High-Energy Emotions|Anger": 0.3321550270139953,
    "Negative Low-Energy Emotions|Emotional Numbness": 0.11191297584510118,
    "Negative Low-Energy Emotions|Doubt": 0.06388661395775452,
    "Positive High-Energy Emotions|Astonishment/Surprise": 0.0550177062250974,
    "Negative Low-Energy Emotions|Embarrassment": 0.02821545833687643,
    "Positive High-Energy Emotions|Interest": 0.011152191995046135,
    "Positive Low-Energy Emotions|Relief": 0.0004163752804636524,
    "Negative Low-Energy Emotions|Jealousy & Envy": 0.0,
    "Physical and Exhaustive States|Intoxication/Altered States of Consciousness": -0.008141473010728211,
    "Physical and Exhaustive States|Sourness": -0.00832255072072967,
    "Positive Low-Energy Emotions|Affection": -0.016991960713742094,
    "Positive High-Energy Emotions|Awe": -0.0192724825889418,
    "Physical and Exhaustive States|Pain": -0.020670116004905786,
    "Negative High-Energy Emotions|Disgust": -0.02679058736115148,
    "Positive High-Energy Emotions|Pleasure/Ecstasy": -0.05585866253574567,
    "Positive High-Energy Emotions|Triumph": -0.07601552748124733,
    "Positive High-Energy Emotions|Teasing": -0.11720865842760046,
    "Positive High-Energy Emotions|Elation": -0.15317337137901843,
    "Extra Dimensions|Dominance": -0.30843698293748467,
    "Negative Low-Energy Emotions|Contempt": -0.3779008564447145,
    "Positive Low-Energy Emotions|Thankfulness/Gratitude": -0.48098875767587185,
    "Longing & Lust|Longing": -0.482451312762477,
    "Positive High-Energy Emotions|Amusement": -0.526906334150296,
    "Negative High-Energy Emotions|Malevolence/Malice": -0.5319167587278417,
    "Extra Dimensions|Valence": -0.5571781252894632,
    "Positive Low-Energy Emotions|Contentment": -0.5723947477987508,
    "Negative Low-Energy Emotions|Shame": -0.6640752312525144,
    "Longing & Lust|Sexual Lust": -0.6746473102233349,
    "Extra Dimensions|Emotional Vulnerability": -0.7251649787137797,
    "Extra Dimensions|Arousal": -0.8398002471242632,
    "Positive Low-Energy Emotions|Pride": -1.1073197173398166,
    "Longing & Lust|Infatuation": -1.6289802727327023,
    "Negative Low-Energy Emotions|Bitterness": -1.82776590068944
  }
}