{
  "key": [
    "stance-detection-part-6",
    "emonet-m1",
    "juggernaut-xl-v8-prompt-6-43_result.png"
  ],
  "value": {
    "Positive High-Energy Emotions|Amusement": 5.061505242895621,
    "Positive High-Energy Emotions|Elation": 4.492963417363278,
    "Positive High-Energy Emotions|Pleasure/Ecstasy": 3.5892060238142514,
    "Cognitive States and Processes|Concentration": 2.678998497666129,
    "Extra Dimensions|Valence": 1.0411377991165884,
    "Positive Low-Energy Emotions|Affection": 0.9214117649103424,
    "Negative High-Energy Emotions|Impatience and Irritability": 0.8747186683623236,
    "Positive High-Energy Emotions|Hope/Enthusiasm/Optimism": 0.7732619985105681,
    "Positive Low-Energy Emotions|Contentment": 0.7297009038278361,
    "Negative High-Energy Emotions|Anger": 0.7015930791914244,
    "Extra Dimensions|Dominance": 0.6656204903047982,
    "Physical and Exhaustive States|Fatigue/Exhaustion": 0.6264840545467077,
    "Extra Dimensions|Arousal": 0.1929212723459517,
    "Negative Low-Energy Emotions|Emotional Numbness": 0.05077100807166368,
    "Positive Low-Energy Emotions|Relief": 0.008525803268992858,
    "Negative Low-Energy Emotions|Jealousy & Envy": 0.0,
    "Positive High-Energy Emotions|Awe": -0.00796963889902328,
    "Physical and Exhaustive States|Sourness": -0.014727710551776728,
    "Physical and Exhaustive States|Pain": -0.020670116004905786,
    "Physical and Exhaustive States|Intoxication/Altered States of Consciousness": -0.023885652497956607,
    "Negative High-Energy Emotions|Disgust": -0.03658510943799665,
    "Positive High-Energy Emotions|Astonishment/Surprise": -0.06464518957358577,
    "Positive High-Energy Emotions|Triumph": -0.07981115126054421,
    "Negative Low-Energy Emotions|Embarrassment": -0.11916073625941416,
    "Negative High-Energy Emotions|Fear": -0.12561544558654228,
    "Negative Low-Energy Emotions|Helplessness": -0.1431684599704904,
    "Cognitive States and Processes|Confusion": -0.18810229082574775,
    "Positive High-Energy Emotions|Teasing": -0.21149538335264167,
    "Negative Low-Energy Emotions|Contempt": -0.3688683313225488,
    "Positive Low-Energy Emotions|Thankfulness/Gratitude": -0.4925494259133792,
    "Negative High-Energy Emotions|Malevolence/Malice": -0.5339623230813078,
    "Positive High-Energy Emotions|Interest": -0.5544392625108743,
    "Negative High-Energy Emotions|Distress": -0.6123202279442068,
    "Longing & Lust|Sexual Lust": -0.6401943205258785,
    "Negative Low-Energy Emotions|Shame": -0.6562435553207031,
    "Positive Low-Energy Emotions|Contemplation": -0.692202784155151,
    "Negative Low-Energy Emotions|Disappointment": -0.7331413519312884,
    "Extra Dimensions|Emotional Vulnerability": -0.7746281315992167,
    "Longing & Lust|Longing": -0.8792118956863662,
    "Negative Low-Energy Emotions|Doubt": -0.9361262252552591,
    "Negative Low-Energy Emotions|Sadness": -0.984765673281613,
    "Positive Low-Energy Emotions|Pride": -1.190663491420093,
    "Longing & Lust|Infatuation": -1.644894981108633,
    "Negative Low-Energy Emotions|Bitterness": -1.8301886618614962
  }
}