{
  "key": [
    "stance-detection-part-6",
    "emonet-m1",
    "juggernaut-xl-v8-prompt-6-86_result.png"
  ],
  "value": {
    "Positive Low-Energy Emotions|Affection": 1.571039569666507,
    "Positive Low-Energy Emotions|Contentment": 1.1793740796396037,
    "Positive High-Energy Emotions|Astonishment/Surprise": 0.9809343481757047,
    "Positive Low-Energy Emotions|Contemplation": 0.9459954723374637,
    "Cognitive States and Processes|Concentration": 0.9404049193275061,
    "Physical and Exhaustive States|Fatigue/Exhaustion": 0.9281454267314612,
    "Positive High-Energy Emotions|Interest": 0.7671572407468772,
    "Negative High-Energy Emotions|Anger": 0.5921888729154845,
    "Negative High-Energy Emotions|Impatience and Irritability": 0.5738456272093695,
    "Positive High-Energy Emotions|Hope/Enthusiasm/Optimism": 0.4962532266142058,
    "Positive High-Energy Emotions|Pleasure/Ecstasy": 0.41046862185197097,
    "Negative Low-Energy Emotions|Sadness": 0.3924741898737967,
    "Positive High-Energy Emotions|Awe": 0.331157007619684,
    "Extra Dimensions|Emotional Vulnerability": 0.2239888022234151,
    "Extra Dimensions|Valence": 0.10758306035659389,
    "Negative High-Energy Emotions|Distress": 0.07037292567555942,
    "Positive Low-Energy Emotions|Pride": 0.057637999721226185,
    "Negative Low-Energy Emotions|Emotional Numbness": 0.03313625865912706,
    "Negative Low-Energy Emotions|Jealousy & Envy": 0.0,
    "Positive Low-Energy Emotions|Relief": -0.0022121821035504773,
    "Physical and Exhaustive States|Sourness": -0.006923994786300501,
    "Physical and Exhaustive States|Pain": -0.020670116004905786,
    "Physical and Exhaustive States|Intoxication/Altered States of Consciousness": -0.02607704706544623,
    "Extra Dimensions|Dominance": -0.037224814899593256,
    "Negative High-Energy Emotions|Disgust": -0.04444817652850797,
    "Negative Low-Energy Emotions|Disappointment": -0.05218385949034943,
    "Positive High-Energy Emotions|Triumph": -0.07389810693453684,
    "Positive High-Energy Emotions|Teasing": -0.11532981571615179,
    "Negative Low-Energy Emotions|Embarrassment": -0.12000999813933512,
    "Negative High-Energy Emotions|Fear": -0.12383740177998939,
    "Cognitive States and Processes|Confusion": -0.13833102663030555,
    "Positive High-Energy Emotions|Elation": -0.15317173801384554,
    "Negative Low-Energy Emotions|Helplessness": -0.1976190836615724,
    "Extra Dimensions|Arousal": -0.21374739067895066,
    "Negative Low-Energy Emotions|Contempt": -0.36754294754016203,
    "Negative Low-Energy Emotions|Doubt": -0.45355716217292175,
    "Positive Low-Energy Emotions|Thankfulness/Gratitude": -0.4819437386378503,
    "Positive High-Energy Emotions|Amusement": -0.5130777995173748,
    "Negative High-Energy Emotions|Malevolence/Malice": -0.5275490346668295,
    "Negative Low-Energy Emotions|Shame": -0.6560746432079902,
    "Longing & Lust|Sexual Lust": -0.6817302046678005,
    "Longing & Lust|Longing": -0.7353418400108596,
    "Longing & Lust|Infatuation": -1.6266945240125332,
    "Negative Low-Energy Emotions|Bitterness": -1.831002729992645
  }
}