{
  "key": [
    "stance-detection-part-6",
    "emonet-m1",
    "juggernaut-xl-v8-prompt-6-234_result.png"
  ],
  "value": {
    "Cognitive States and Processes|Concentration": 1.9846239363563147,
    "Physical and Exhaustive States|Fatigue/Exhaustion": 1.5952708902171788,
    "Negative High-Energy Emotions|Distress": 1.2593679889804605,
    "Negative Low-Energy Emotions|Disappointment": 0.9541977118025278,
    "Positive High-Energy Emotions|Hope/Enthusiasm/Optimism": 0.844954703664987,
    "Negative High-Energy Emotions|Impatience and Irritability": 0.8099436782805365,
    "Negative High-Energy Emotions|Anger": 0.8071598192274352,
    "Negative Low-Energy Emotions|Sadness": 0.7811049376689017,
    "Negative High-Energy Emotions|Fear": 0.6361179448043307,
    "Negative Low-Energy Emotions|Helplessness": 0.49786923513935377,
    "Cognitive States and Processes|Confusion": 0.44754836629161904,
    "Positive High-Energy Emotions|Astonishment/Surprise": 0.3644455338217618,
    "Positive Low-Energy Emotions|Contemplation": 0.34303059425518834,
    "Positive High-Energy Emotions|Interest": 0.31075946891155004,
    "Negative Low-Energy Emotions|Emotional Numbness": 0.177596936759713,
    "Negative Low-Energy Emotions|Jealousy & Envy": 0.0,
    "Positive Low-Energy Emotions|Relief": -0.0025105853070378735,
    "Physical and Exhaustive States|Sourness": -0.008191800481834254,
    "Negative Low-Energy Emotions|Doubt": -0.010289995558389275,
    "Physical and Exhaustive States|Intoxication/Altered States of Consciousness": -0.012062504962632508,
    "Positive High-Energy Emotions|Awe": -0.014522946074659572,
    "Negative High-Energy Emotions|Disgust": -0.014852801467472816,
    "Physical and Exhaustive States|Pain": -0.020670116004905786,
    "Positive High-Energy Emotions|Pleasure/Ecstasy": -0.05585866253574567,
    "Positive High-Energy Emotions|Triumph": -0.07574372191916838,
    "Positive Low-Energy Emotions|Affection": -0.08372400970208438,
    "Negative Low-Energy Emotions|Embarrassment": -0.08413288956542155,
    "Extra Dimensions|Dominance": -0.11159618259254064,
    "Positive High-Energy Emotions|Teasing": -0.11693006631792029,
    "Positive High-Energy Emotions|Elation": -0.1531724057457562,
    "Negative High-Energy Emotions|Malevolence/Malice": -0.32647070915680443,
    "Negative Low-Energy Emotions|Contempt": -0.3544372496103029,
    "Extra Dimensions|Emotional Vulnerability": -0.3745398213575175,
    "Positive Low-Energy Emotions|Contentment": -0.4003538084676961,
    "Positive Low-Energy Emotions|Thankfulness/Gratitude": -0.4816946517586565,
    "Positive High-Energy Emotions|Amusement": -0.5186627957110221,
    "Extra Dimensions|Valence": -0.5446333741221658,
    "Extra Dimensions|Arousal": -0.5634189929280962,
    "Longing & Lust|Sexual Lust": -0.6535958586594998,
    "Negative Low-Energy Emotions|Shame": -0.6600244306757084,
    "Longing & Lust|Longing": -0.8666922529756804,
    "Positive Low-Energy Emotions|Pride": -1.0968186604302554,
    "Longing & Lust|Infatuation": -1.629415714465109,
    "Negative Low-Energy Emotions|Bitterness": -1.8281257991225293
  }
}