{
  "key": [
    "stance-detection-part-6",
    "emonet-m1",
    "juggernaut-xl-v8-prompt-6-207_result.png"
  ],
  "value": {
    "Physical and Exhaustive States|Fatigue/Exhaustion": 1.1656441869548497,
    "Positive High-Energy Emotions|Amusement": 0.8719478097672646,
    "Positive Low-Energy Emotions|Affection": 0.7718870761896393,
    "Positive High-Energy Emotions|Teasing": 0.6688942176395611,
    "Negative Low-Energy Emotions|Disappointment": 0.48159725175003754,
    "Positive Low-Energy Emotions|Contentment": 0.47709165089814864,
    "Negative High-Energy Emotions|Impatience and Irritability": 0.4673796915022772,
    "Negative Low-Energy Emotions|Sadness": 0.41472806083784697,
    "Negative High-Energy Emotions|Malevolence/Malice": 0.21961920826453651,
    "Negative High-Energy Emotions|Anger": 0.18854347668287957,
    "Negative Low-Energy Emotions|Emotional Numbness": 0.11967731529212267,
    "Positive High-Energy Emotions|Awe": 0.0897079942672899,
    "Positive Low-Energy Emotions|Relief": 0.008883066059195952,
    "Negative Low-Energy Emotions|Jealousy & Envy": 0.0,
    "Physical and Exhaustive States|Intoxication/Altered States of Consciousness": -0.006192505434701295,
    "Physical and Exhaustive States|Sourness": -0.010569452113666377,
    "Physical and Exhaustive States|Pain": -0.020670116004905786,
    "Extra Dimensions|Emotional Vulnerability": -0.02866241237619427,
    "Negative Low-Energy Emotions|Contempt": -0.03295029968964858,
    "Negative High-Energy Emotions|Disgust": -0.03328868200927427,
    "Extra Dimensions|Dominance": -0.043192819364696405,
    "Positive High-Energy Emotions|Astonishment/Surprise": -0.05368997507315852,
    "Positive High-Energy Emotions|Pleasure/Ecstasy": -0.05585866253574567,
    "Positive High-Energy Emotions|Triumph": -0.07478404616009131,
    "Positive High-Energy Emotions|Hope/Enthusiasm/Optimism": -0.08419897713640456,
    "Extra Dimensions|Valence": -0.10513426227607651,
    "Negative Low-Energy Emotions|Helplessness": -0.1091043309755487,
    "Negative Low-Energy Emotions|Embarrassment": -0.11732721542973658,
    "Negative High-Energy Emotions|Fear": -0.12499519965300956,
    "Positive High-Energy Emotions|Elation": -0.15315026267388232,
    "Cognitive States and Processes|Confusion": -0.16873117615451744,
    "Negative Low-Energy Emotions|Doubt": -0.24405792225135192,
    "Longing & Lust|Sexual Lust": -0.3144160895011364,
    "Positive Low-Energy Emotions|Contemplation": -0.42663142833544887,
    "Positive Low-Energy Emotions|Thankfulness/Gratitude": -0.47924230619369507,
    "Cognitive States and Processes|Concentration": -0.4986484969246301,
    "Negative High-Energy Emotions|Distress": -0.5699208960169073,
    "Negative Low-Energy Emotions|Shame": -0.6571508302151194,
    "Positive Low-Energy Emotions|Pride": -0.7173745530169635,
    "Extra Dimensions|Arousal": -0.7829755629811967,
    "Longing & Lust|Longing": -0.8794095670401831,
    "Longing & Lust|Infatuation": -1.2093190041408215,
    "Positive High-Energy Emotions|Interest": -1.3021471062913919,
    "Negative Low-Energy Emotions|Bitterness": -1.8316007284925153
  }
}