{
  "key": [
    "stance-detection-part-6",
    "emonet-m1",
    "juggernaut-xl-v8-prompt-6-88_result.png"
  ],
  "value": {
    "Cognitive States and Processes|Concentration": 1.8015642439735022,
    "Negative High-Energy Emotions|Anger": 1.1536710640013,
    "Negative Low-Energy Emotions|Sadness": 1.0285900984965384,
    "Positive Low-Energy Emotions|Affection": 0.9978267076517364,
    "Physical and Exhaustive States|Fatigue/Exhaustion": 0.8852716865352331,
    "Negative High-Energy Emotions|Impatience and Irritability": 0.8294967435805243,
    "Negative Low-Energy Emotions|Contempt": 0.7012438896204253,
    "Positive Low-Energy Emotions|Contentment": 0.42229805463044845,
    "Positive High-Energy Emotions|Teasing": 0.25952546420633354,
    "Positive High-Energy Emotions|Hope/Enthusiasm/Optimism": 0.1859127028944182,
    "Positive High-Energy Emotions|Amusement": 0.16451708943797994,
    "Positive High-Energy Emotions|Pleasure/Ecstasy": 0.09190957129197341,
    "Extra Dimensions|Dominance": 0.06300698160347376,
    "Negative Low-Energy Emotions|Emotional Numbness": 0.04665137344336778,
    "Positive High-Energy Emotions|Awe": 0.04597174505883957,
    "Negative Low-Energy Emotions|Helplessness": 0.040422838788493204,
    "Negative Low-Energy Emotions|Jealousy & Envy": 0.0,
    "Positive Low-Energy Emotions|Relief": -0.001580425022995515,
    "Physical and Exhaustive States|Intoxication/Altered States of Consciousness": -0.008638054207513185,
    "Physical and Exhaustive States|Sourness": -0.01053679621891006,
    "Physical and Exhaustive States|Pain": -0.020670116004905786,
    "Negative High-Energy Emotions|Disgust": -0.03941527953296354,
    "Positive High-Energy Emotions|Astonishment/Surprise": -0.07077104203921535,
    "Positive High-Energy Emotions|Triumph": -0.0738928067777647,
    "Extra Dimensions|Valence": -0.09763886271157189,
    "Negative Low-Energy Emotions|Embarrassment": -0.11596759995479723,
    "Negative High-Energy Emotions|Fear": -0.12943283251176277,
    "Positive High-Energy Emotions|Elation": -0.1531711387482413,
    "Negative Low-Energy Emotions|Disappointment": -0.15748970999617828,
    "Cognitive States and Processes|Confusion": -0.1875923432873719,
    "Positive High-Energy Emotions|Interest": -0.20397813713703394,
    "Negative High-Energy Emotions|Distress": -0.25522915872271024,
    "Positive Low-Energy Emotions|Contemplation": -0.30059025440051235,
    "Positive Low-Energy Emotions|Thankfulness/Gratitude": -0.4802357582285857,
    "Negative High-Energy Emotions|Malevolence/Malice": -0.514831623744779,
    "Negative Low-Energy Emotions|Shame": -0.6560758529960147,
    "Longing & Lust|Sexual Lust": -0.6695867864749371,
    "Extra Dimensions|Arousal": -0.8004940833364214,
    "Extra Dimensions|Emotional Vulnerability": -0.8593457629392436,
    "Longing & Lust|Longing": -0.8638098245084067,
    "Negative Low-Energy Emotions|Doubt": -0.9345273651180945,
    "Positive Low-Energy Emotions|Pride": -1.0748099284690051,
    "Longing & Lust|Infatuation": -1.6269829434380207,
    "Negative Low-Energy Emotions|Bitterness": -1.830958399969416
  }
}