{
  "key": [
    "stance-detection-part-6",
    "emonet-m1",
    "juggernaut-xl-v8-prompt-6-117_result.png"
  ],
  "value": {
    "Negative Low-Energy Emotions|Sadness": 1.9725877200327933,
    "Physical and Exhaustive States|Fatigue/Exhaustion": 1.7642228784373937,
    "Negative Low-Energy Emotions|Disappointment": 1.2595189283857797,
    "Cognitive States and Processes|Concentration": 0.7975960051429358,
    "Negative High-Energy Emotions|Impatience and Irritability": 0.6731728338210028,
    "Positive Low-Energy Emotions|Contemplation": 0.6491931900040897,
    "Negative Low-Energy Emotions|Helplessness": 0.5601054845862227,
    "Negative High-Energy Emotions|Anger": 0.47019998036024774,
    "Negative High-Energy Emotions|Distress": 0.4127635225421671,
    "Positive Low-Energy Emotions|Affection": 0.37621046333563535,
    "Negative Low-Energy Emotions|Emotional Numbness": 0.17589808517432481,
    "Positive High-Energy Emotions|Awe": 0.03840886931115891,
    "Positive Low-Energy Emotions|Relief": 0.006998158575141387,
    "Negative Low-Energy Emotions|Jealousy & Envy": 0.0,
    "Physical and Exhaustive States|Sourness": -0.004436484343566737,
    "Positive High-Energy Emotions|Hope/Enthusiasm/Optimism": -0.007197226667196799,
    "Physical and Exhaustive States|Intoxication/Altered States of Consciousness": -0.013990953639695497,
    "Physical and Exhaustive States|Pain": -0.020670116004905786,
    "Negative High-Energy Emotions|Disgust": -0.03890205373912504,
    "Positive High-Energy Emotions|Pleasure/Ecstasy": -0.05585866253574567,
    "Positive High-Energy Emotions|Astonishment/Surprise": -0.06064829581004359,
    "Positive High-Energy Emotions|Triumph": -0.0763185435254468,
    "Negative Low-Energy Emotions|Embarrassment": -0.10792118525166651,
    "Positive High-Energy Emotions|Teasing": -0.11492040631235083,
    "Negative High-Energy Emotions|Fear": -0.14329706660161415,
    "Positive High-Energy Emotions|Elation": -0.15317390640564765,
    "Cognitive States and Processes|Confusion": -0.15579994847049644,
    "Extra Dimensions|Dominance": -0.284927942462593,
    "Extra Dimensions|Emotional Vulnerability": -0.30664178630807903,
    "Negative Low-Energy Emotions|Contempt": -0.35986385018574996,
    "Positive Low-Energy Emotions|Thankfulness/Gratitude": -0.48078443202225923,
    "Positive Low-Energy Emotions|Contentment": -0.5250932169607381,
    "Positive High-Energy Emotions|Amusement": -0.525213688898545,
    "Negative High-Energy Emotions|Malevolence/Malice": -0.5262214157102636,
    "Extra Dimensions|Valence": -0.6215181504760019,
    "Negative Low-Energy Emotions|Doubt": -0.6377621578050934,
    "Negative Low-Energy Emotions|Shame": -0.6578127919494143,
    "Longing & Lust|Sexual Lust": -0.6851879297158657,
    "Longing & Lust|Longing": -0.8752551605522414,
    "Positive High-Energy Emotions|Interest": -0.9741197386995339,
    "Positive Low-Energy Emotions|Pride": -1.1101284968178897,
    "Extra Dimensions|Arousal": -1.2310146178518022,
    "Longing & Lust|Infatuation": -1.6304898423180256,
    "Negative Low-Energy Emotions|Bitterness": -1.8305406617478301
  }
}