{
  "key": [
    "stance-detection-part-6",
    "emonet-m1",
    "juggernaut-xl-v8-prompt-6-227_result.png"
  ],
  "value": {
    "Positive High-Energy Emotions|Amusement": 4.308257028173942,
    "Positive High-Energy Emotions|Elation": 3.412267072987668,
    "Positive High-Energy Emotions|Pleasure/Ecstasy": 3.3797293144484066,
    "Cognitive States and Processes|Concentration": 2.281497029007682,
    "Positive Low-Energy Emotions|Contentment": 1.903735499317338,
    "Extra Dimensions|Valence": 1.886912926527477,
    "Positive Low-Energy Emotions|Affection": 1.5052160146738311,
    "Negative High-Energy Emotions|Impatience and Irritability": 0.7960739158598822,
    "Extra Dimensions|Dominance": 0.7047246539514962,
    "Negative High-Energy Emotions|Anger": 0.6934453626692076,
    "Physical and Exhaustive States|Fatigue/Exhaustion": 0.42169167421376097,
    "Positive High-Energy Emotions|Teasing": 0.33275942626535454,
    "Extra Dimensions|Arousal": 0.15025173766272415,
    "Negative Low-Energy Emotions|Emotional Numbness": 0.03808928543067247,
    "Positive High-Energy Emotions|Hope/Enthusiasm/Optimism": 0.024724398470132303,
    "Positive High-Energy Emotions|Interest": 0.010333939431569572,
    "Positive Low-Energy Emotions|Relief": 0.0071926410804628894,
    "Negative Low-Energy Emotions|Jealousy & Envy": 0.0,
    "Physical and Exhaustive States|Sourness": -0.01361880338863357,
    "Positive High-Energy Emotions|Awe": -0.015815890029127345,
    "Physical and Exhaustive States|Intoxication/Altered States of Consciousness": -0.01872754104490027,
    "Physical and Exhaustive States|Pain": -0.020670116004905786,
    "Negative High-Energy Emotions|Disgust": -0.036028320099407936,
    "Positive High-Energy Emotions|Astonishment/Surprise": -0.06290096395236232,
    "Positive High-Energy Emotions|Triumph": -0.0765014217514886,
    "Negative Low-Energy Emotions|Embarrassment": -0.12143494775552889,
    "Negative High-Energy Emotions|Fear": -0.12413426271329323,
    "Negative Low-Energy Emotions|Helplessness": -0.18175493492557235,
    "Cognitive States and Processes|Confusion": -0.1842189290093415,
    "Positive Low-Energy Emotions|Thankfulness/Gratitude": -0.33240756298451185,
    "Negative Low-Energy Emotions|Contempt": -0.3617013123725633,
    "Negative High-Energy Emotions|Malevolence/Malice": -0.5345708790538839,
    "Negative High-Energy Emotions|Distress": -0.6269794538849112,
    "Extra Dimensions|Emotional Vulnerability": -0.6421737363050273,
    "Negative Low-Energy Emotions|Shame": -0.6565247076361409,
    "Longing & Lust|Sexual Lust": -0.6723740337750851,
    "Negative Low-Energy Emotions|Disappointment": -0.7355800126423384,
    "Positive Low-Energy Emotions|Pride": -0.7976829903643756,
    "Longing & Lust|Longing": -0.8751745080172797,
    "Negative Low-Energy Emotions|Doubt": -0.9357776293529354,
    "Negative Low-Energy Emotions|Sadness": -0.9835226423963785,
    "Positive Low-Energy Emotions|Contemplation": -1.0191756263716427,
    "Longing & Lust|Infatuation": -1.6338117134794865,
    "Negative Low-Energy Emotions|Bitterness": -1.8327183137194087
  }
}