{
  "key": [
    "stance-detection-part-6",
    "emonet-m1",
    "juggernaut-xl-v8-prompt-6-64_result.png"
  ],
  "value": {
    "Cognitive States and Processes|Concentration": 2.24894192570568,
    "Negative High-Energy Emotions|Distress": 1.782820747769523,
    "Physical and Exhaustive States|Fatigue/Exhaustion": 1.7510428609660802,
    "Negative High-Energy Emotions|Anger": 1.606346764188983,
    "Negative Low-Energy Emotions|Sadness": 1.3213478480540335,
    "Positive High-Energy Emotions|Hope/Enthusiasm/Optimism": 1.145985697126596,
    "Positive Low-Energy Emotions|Contemplation": 0.9082821830765995,
    "Negative High-Energy Emotions|Impatience and Irritability": 0.8763251327483099,
    "Positive High-Energy Emotions|Interest": 0.8367041786893821,
    "Negative Low-Energy Emotions|Helplessness": 0.7727171002440291,
    "Positive Low-Energy Emotions|Affection": 0.33936871319067685,
    "Negative Low-Energy Emotions|Emotional Numbness": 0.26784671359992296,
    "Negative Low-Energy Emotions|Doubt": 0.1674529029058136,
    "Extra Dimensions|Dominance": 0.06225566505607996,
    "Negative Low-Energy Emotions|Jealousy & Envy": 0.0,
    "Physical and Exhaustive States|Sourness": -0.0013657946057699533,
    "Positive Low-Energy Emotions|Relief": -0.0025927503098607495,
    "Physical and Exhaustive States|Intoxication/Altered States of Consciousness": -0.00980553038472876,
    "Positive High-Energy Emotions|Awe": -0.01710825283830856,
    "Physical and Exhaustive States|Pain": -0.020670116004905786,
    "Negative High-Energy Emotions|Disgust": -0.042023429776722694,
    "Positive High-Energy Emotions|Pleasure/Ecstasy": -0.05585866253574567,
    "Positive High-Energy Emotions|Astonishment/Surprise": -0.07271868341189601,
    "Positive High-Energy Emotions|Triumph": -0.07528074004690781,
    "Positive High-Energy Emotions|Teasing": -0.12059362855613669,
    "Negative Low-Energy Emotions|Embarrassment": -0.12103156959672114,
    "Negative High-Energy Emotions|Fear": -0.126137373658518,
    "Positive High-Energy Emotions|Elation": -0.15317350661087614,
    "Extra Dimensions|Arousal": -0.1654733504567827,
    "Cognitive States and Processes|Confusion": -0.18033342142572334,
    "Negative Low-Energy Emotions|Disappointment": -0.3101095487107779,
    "Negative Low-Energy Emotions|Contempt": -0.37814627111899657,
    "Extra Dimensions|Emotional Vulnerability": -0.38120004436471966,
    "Extra Dimensions|Valence": -0.4070477937731974,
    "Positive Low-Energy Emotions|Thankfulness/Gratitude": -0.48202901146410465,
    "Positive High-Energy Emotions|Amusement": -0.5249787273888404,
    "Negative High-Energy Emotions|Malevolence/Malice": -0.5331108632801107,
    "Negative Low-Energy Emotions|Shame": -0.5477570417134991,
    "Longing & Lust|Sexual Lust": -0.6486778794190823,
    "Positive Low-Energy Emotions|Contentment": -0.6991541577032307,
    "Longing & Lust|Longing": -0.8741583903848906,
    "Positive Low-Energy Emotions|Pride": -1.085073468319717,
    "Longing & Lust|Infatuation": -1.596512449257103,
    "Negative Low-Energy Emotions|Bitterness": -1.825275715488272
  }
}