{
  "key": [
    "stance-detection-part-6",
    "emonet-m1",
    "juggernaut-xl-v8-prompt-6-82_result.png"
  ],
  "value": {
    "Negative High-Energy Emotions|Distress": 2.5861056312686683,
    "Negative High-Energy Emotions|Anger": 2.3146392484724303,
    "Cognitive States and Processes|Confusion": 1.9338604576421745,
    "Negative Low-Energy Emotions|Disappointment": 1.6083360384474252,
    "Negative High-Energy Emotions|Impatience and Irritability": 1.3586473487822455,
    "Positive High-Energy Emotions|Astonishment/Surprise": 1.3347772026755216,
    "Negative Low-Energy Emotions|Sadness": 1.2619229708872854,
    "Cognitive States and Processes|Concentration": 1.2542348181617347,
    "Negative Low-Energy Emotions|Doubt": 1.1215980960057892,
    "Negative Low-Energy Emotions|Embarrassment": 0.9955103897486196,
    "Physical and Exhaustive States|Fatigue/Exhaustion": 0.8502377452663122,
    "Negative High-Energy Emotions|Fear": 0.5896507001792392,
    "Extra Dimensions|Arousal": 0.5457965050424849,
    "Positive Low-Energy Emotions|Contemplation": 0.5368885025040897,
    "Positive High-Energy Emotions|Interest": 0.4662248333677268,
    "Negative Low-Energy Emotions|Contempt": 0.410862040808322,
    "Negative Low-Energy Emotions|Helplessness": 0.3982438264899092,
    "Extra Dimensions|Emotional Vulnerability": 0.3708503554155538,
    "Negative Low-Energy Emotions|Jealousy & Envy": 0.0,
    "Physical and Exhaustive States|Sourness": -0.0015818465419195505,
    "Positive High-Energy Emotions|Awe": -0.006749457314665065,
    "Positive Low-Energy Emotions|Relief": -0.007726371704494996,
    "Physical and Exhaustive States|Pain": -0.020670116004905786,
    "Physical and Exhaustive States|Intoxication/Altered States of Consciousness": -0.026044532731721255,
    "Negative High-Energy Emotions|Disgust": -0.03275536945014646,
    "Negative Low-Energy Emotions|Emotional Numbness": -0.03650926536583632,
    "Positive High-Energy Emotions|Pleasure/Ecstasy": -0.05585866253574567,
    "Positive High-Energy Emotions|Triumph": -0.07629295357506409,
    "Positive High-Energy Emotions|Teasing": -0.11602247384250601,
    "Negative Low-Energy Emotions|Bitterness": -0.11660159011490845,
    "Extra Dimensions|Dominance": -0.12145485789361563,
    "Positive High-Energy Emotions|Elation": -0.15317373057849393,
    "Positive Low-Energy Emotions|Affection": -0.3723187324498871,
    "Positive Low-Energy Emotions|Thankfulness/Gratitude": -0.48207659739105463,
    "Positive High-Energy Emotions|Hope/Enthusiasm/Optimism": -0.5042698041436983,
    "Positive High-Energy Emotions|Amusement": -0.5240183810775096,
    "Negative High-Energy Emotions|Malevolence/Malice": -0.5269759658096365,
    "Negative Low-Energy Emotions|Shame": -0.6598582734151712,
    "Longing & Lust|Sexual Lust": -0.6857365904710232,
    "Positive Low-Energy Emotions|Contentment": -0.857825059955428,
    "Longing & Lust|Longing": -0.8698663642227431,
    "Positive Low-Energy Emotions|Pride": -1.0910758423131137,
    "Extra Dimensions|Valence": -1.3420013343367807,
    "Longing & Lust|Infatuation": -1.6322807756290112
  }
}