{
  "key": [
    "stance-detection-part-6",
    "emonet-m1",
    "juggernaut-xl-v8-prompt-6-172_result.png"
  ],
  "value": {
    "Positive High-Energy Emotions|Amusement": 3.8904074874634924,
    "Positive High-Energy Emotions|Pleasure/Ecstasy": 3.7740447956343197,
    "Positive High-Energy Emotions|Elation": 3.373714550328366,
    "Cognitive States and Processes|Concentration": 2.1880135809791175,
    "Positive Low-Energy Emotions|Affection": 1.4627043130899688,
    "Positive Low-Energy Emotions|Contentment": 1.2514778184243938,
    "Positive High-Energy Emotions|Hope/Enthusiasm/Optimism": 1.248649214124887,
    "Extra Dimensions|Valence": 1.1657074535813101,
    "Physical and Exhaustive States|Fatigue/Exhaustion": 0.9352185907176672,
    "Negative High-Energy Emotions|Impatience and Irritability": 0.8452788614241522,
    "Negative High-Energy Emotions|Anger": 0.5987545629560729,
    "Extra Dimensions|Dominance": 0.5973775231760445,
    "Positive High-Energy Emotions|Interest": 0.2944993218168235,
    "Negative Low-Energy Emotions|Emotional Numbness": 0.025861154136421982,
    "Positive Low-Energy Emotions|Relief": 0.0031702961336016224,
    "Negative Low-Energy Emotions|Jealousy & Envy": 0.0,
    "Positive High-Energy Emotions|Awe": -0.004333442643339382,
    "Physical and Exhaustive States|Intoxication/Altered States of Consciousness": -0.01025179036016211,
    "Physical and Exhaustive States|Sourness": -0.012657909459628901,
    "Physical and Exhaustive States|Pain": -0.020670116004905786,
    "Negative High-Energy Emotions|Disgust": -0.040698992218071724,
    "Positive High-Energy Emotions|Astonishment/Surprise": -0.05983163767081477,
    "Positive High-Energy Emotions|Triumph": -0.07010626991282835,
    "Positive Low-Energy Emotions|Thankfulness/Gratitude": -0.11437201405911207,
    "Negative High-Energy Emotions|Fear": -0.12041234752784172,
    "Negative Low-Energy Emotions|Embarrassment": -0.12083919560570856,
    "Positive High-Energy Emotions|Teasing": -0.14581247296989402,
    "Negative Low-Energy Emotions|Helplessness": -0.14832285358382888,
    "Extra Dimensions|Arousal": -0.18038047211510788,
    "Cognitive States and Processes|Confusion": -0.1852064140604966,
    "Positive Low-Energy Emotions|Contemplation": -0.3504984155638424,
    "Negative Low-Energy Emotions|Contempt": -0.3770155635570268,
    "Extra Dimensions|Emotional Vulnerability": -0.41845771572092083,
    "Negative High-Energy Emotions|Malevolence/Malice": -0.5363343122718862,
    "Negative High-Energy Emotions|Distress": -0.5595442638033148,
    "Longing & Lust|Sexual Lust": -0.6323472498319088,
    "Negative Low-Energy Emotions|Shame": -0.6562708579733005,
    "Negative Low-Energy Emotions|Disappointment": -0.7353026442905213,
    "Negative Low-Energy Emotions|Sadness": -0.7886113966740549,
    "Longing & Lust|Longing": -0.8889816483080168,
    "Negative Low-Energy Emotions|Doubt": -0.9361967524511896,
    "Positive Low-Energy Emotions|Pride": -1.1360413628142505,
    "Longing & Lust|Infatuation": -1.6416934070214901,
    "Negative Low-Energy Emotions|Bitterness": -1.8320481060550382
  }
}