{
  "key": [
    "stance-detection-part-6",
    "emonet-m1",
    "juggernaut-xl-v8-prompt-6-256_result.png"
  ],
  "value": {
    "Positive Low-Energy Emotions|Contemplation": 1.779914759065369,
    "Cognitive States and Processes|Concentration": 1.5644831931006995,
    "Physical and Exhaustive States|Fatigue/Exhaustion": 1.499824303608292,
    "Positive High-Energy Emotions|Hope/Enthusiasm/Optimism": 1.2505315288068939,
    "Negative High-Energy Emotions|Anger": 1.2034875532209655,
    "Positive Low-Energy Emotions|Affection": 1.1582068326975128,
    "Positive High-Energy Emotions|Interest": 1.1406501969083762,
    "Negative High-Energy Emotions|Distress": 1.0436187252170328,
    "Negative Low-Energy Emotions|Sadness": 0.7811724101267874,
    "Positive Low-Energy Emotions|Contentment": 0.772925238544633,
    "Negative High-Energy Emotions|Impatience and Irritability": 0.5700570367781561,
    "Positive Low-Energy Emotions|Pride": 0.18429739303177306,
    "Negative Low-Energy Emotions|Helplessness": 0.17067075954006486,
    "Positive High-Energy Emotions|Pleasure/Ecstasy": 0.134349881412556,
    "Negative Low-Energy Emotions|Emotional Numbness": 0.10699356609320909,
    "Extra Dimensions|Dominance": 0.05939818858322535,
    "Negative Low-Energy Emotions|Jealousy & Envy": 0.0,
    "Physical and Exhaustive States|Sourness": -0.0010233435697935434,
    "Positive Low-Energy Emotions|Relief": -0.005942203520691438,
    "Positive High-Energy Emotions|Awe": -0.007629922226125942,
    "Physical and Exhaustive States|Intoxication/Altered States of Consciousness": -0.017768383101174685,
    "Physical and Exhaustive States|Pain": -0.020670116004905786,
    "Negative High-Energy Emotions|Disgust": -0.044721761848027015,
    "Positive High-Energy Emotions|Astonishment/Surprise": -0.05260748021823146,
    "Positive High-Energy Emotions|Triumph": -0.07723357261161938,
    "Extra Dimensions|Valence": -0.0873016068164341,
    "Positive High-Energy Emotions|Teasing": -0.11244288337290724,
    "Negative Low-Energy Emotions|Embarrassment": -0.12218651762266299,
    "Negative High-Energy Emotions|Fear": -0.13130261531720558,
    "Extra Dimensions|Emotional Vulnerability": -0.13862892887094524,
    "Positive High-Energy Emotions|Elation": -0.15317230602420961,
    "Cognitive States and Processes|Confusion": -0.16303990115394523,
    "Negative Low-Energy Emotions|Doubt": -0.18786892164481506,
    "Positive High-Energy Emotions|Amusement": -0.3521319183592613,
    "Negative Low-Energy Emotions|Disappointment": -0.3726369370450522,
    "Negative Low-Energy Emotions|Contempt": -0.3841123831366281,
    "Extra Dimensions|Arousal": -0.43100107567650925,
    "Positive Low-Energy Emotions|Thankfulness/Gratitude": -0.4804783323690152,
    "Negative High-Energy Emotions|Malevolence/Malice": -0.528562186968141,
    "Negative Low-Energy Emotions|Shame": -0.6563817356510988,
    "Longing & Lust|Sexual Lust": -0.6711764274499356,
    "Longing & Lust|Longing": -0.8861016263782759,
    "Longing & Lust|Infatuation": -1.6309887182936345,
    "Negative Low-Energy Emotions|Bitterness": -1.829964600551205
  }
}