{
  "key": [
    "stance-detection-part-6",
    "emonet-m1",
    "juggernaut-xl-v8-prompt-6-224_result.png"
  ],
  "value": {
    "Positive Low-Energy Emotions|Contemplation": 2.245033644105652,
    "Physical and Exhaustive States|Fatigue/Exhaustion": 1.931361216526383,
    "Negative Low-Energy Emotions|Sadness": 1.8679908667765677,
    "Cognitive States and Processes|Concentration": 1.8461532866370765,
    "Negative High-Energy Emotions|Distress": 1.83351521340673,
    "Negative Low-Energy Emotions|Disappointment": 1.3666868875990366,
    "Negative High-Energy Emotions|Anger": 1.2785973926603575,
    "Positive Low-Energy Emotions|Affection": 1.1428698423410675,
    "Negative Low-Energy Emotions|Doubt": 0.8528866482900299,
    "Negative High-Energy Emotions|Impatience and Irritability": 0.7920333169905585,
    "Positive High-Energy Emotions|Hope/Enthusiasm/Optimism": 0.7482508166792082,
    "Negative Low-Energy Emotions|Helplessness": 0.5797828851752119,
    "Positive High-Energy Emotions|Interest": 0.411922856210134,
    "Negative Low-Energy Emotions|Emotional Numbness": 0.13882447296119005,
    "Positive High-Energy Emotions|Awe": 0.018031099244897618,
    "Physical and Exhaustive States|Sourness": 0.001579405003032842,
    "Negative Low-Energy Emotions|Jealousy & Envy": 0.0,
    "Positive Low-Energy Emotions|Relief": -0.006126597939884706,
    "Physical and Exhaustive States|Pain": -0.020670116004905786,
    "Physical and Exhaustive States|Intoxication/Altered States of Consciousness": -0.02295313783044562,
    "Negative High-Energy Emotions|Disgust": -0.046410063411289955,
    "Positive High-Energy Emotions|Pleasure/Ecstasy": -0.05585866253574567,
    "Positive High-Energy Emotions|Astonishment/Surprise": -0.06014140300971248,
    "Positive High-Energy Emotions|Triumph": -0.07620900322686568,
    "Negative Low-Energy Emotions|Embarrassment": -0.1194241515364184,
    "Negative High-Energy Emotions|Fear": -0.12019159427533546,
    "Positive High-Energy Emotions|Teasing": -0.12152895954311331,
    "Cognitive States and Processes|Confusion": -0.14205347080697944,
    "Positive Low-Energy Emotions|Contentment": -0.1444914532354573,
    "Positive High-Energy Emotions|Elation": -0.15317360387314904,
    "Extra Dimensions|Dominance": -0.1557942038852271,
    "Longing & Lust|Longing": -0.18422391317484577,
    "Negative Low-Energy Emotions|Contempt": -0.37102335960614485,
    "Positive Low-Energy Emotions|Thankfulness/Gratitude": -0.48181744291482925,
    "Negative High-Energy Emotions|Malevolence/Malice": -0.5240849542735151,
    "Positive High-Energy Emotions|Amusement": -0.5273568446819599,
    "Extra Dimensions|Emotional Vulnerability": -0.5393089940259745,
    "Extra Dimensions|Arousal": -0.5518373336110796,
    "Negative Low-Energy Emotions|Shame": -0.6529141655920974,
    "Longing & Lust|Sexual Lust": -0.6784772364757,
    "Extra Dimensions|Valence": -0.8130154167685739,
    "Positive Low-Energy Emotions|Pride": -1.0801386805694728,
    "Negative Low-Energy Emotions|Bitterness": -1.3459751941741278,
    "Longing & Lust|Infatuation": -1.6359200862273846
  }
}