{
  "key": [
    "stance-detection-part-6",
    "emonet-m1",
    "juggernaut-xl-v8-prompt-6-65_result.png"
  ],
  "value": {
    "Positive High-Energy Emotions|Amusement": 5.852317735266227,
    "Positive High-Energy Emotions|Elation": 5.411900623631588,
    "Positive High-Energy Emotions|Pleasure/Ecstasy": 4.5032158333082695,
    "Extra Dimensions|Valence": 2.4991696918930777,
    "Extra Dimensions|Arousal": 1.6585763607706343,
    "Extra Dimensions|Dominance": 0.8939667189043465,
    "Positive Low-Energy Emotions|Affection": 0.8326496007944366,
    "Extra Dimensions|Emotional Vulnerability": 0.6766507933427999,
    "Negative High-Energy Emotions|Anger": 0.6036980529844542,
    "Positive Low-Energy Emotions|Contentment": 0.5752185391732951,
    "Cognitive States and Processes|Concentration": 0.5327840124976722,
    "Negative High-Energy Emotions|Impatience and Irritability": 0.5086394571272772,
    "Physical and Exhaustive States|Fatigue/Exhaustion": 0.08655025384938109,
    "Positive High-Energy Emotions|Triumph": 0.031456855004619214,
    "Positive Low-Energy Emotions|Relief": 0.011764406741702513,
    "Negative Low-Energy Emotions|Jealousy & Envy": 0.0,
    "Positive High-Energy Emotions|Awe": -0.015438264802152858,
    "Physical and Exhaustive States|Sourness": -0.019706143803157647,
    "Physical and Exhaustive States|Pain": -0.020670116004905786,
    "Physical and Exhaustive States|Intoxication/Altered States of Consciousness": -0.024737045243928286,
    "Positive High-Energy Emotions|Astonishment/Surprise": -0.03435050301772334,
    "Negative High-Energy Emotions|Disgust": -0.04156451126485517,
    "Positive High-Energy Emotions|Hope/Enthusiasm/Optimism": -0.07850732960680251,
    "Negative Low-Energy Emotions|Emotional Numbness": -0.08911358303093642,
    "Negative High-Energy Emotions|Fear": -0.11890698752055565,
    "Negative Low-Energy Emotions|Embarrassment": -0.12300620442290446,
    "Cognitive States and Processes|Confusion": -0.18521466930379799,
    "Negative Low-Energy Emotions|Helplessness": -0.19446546151115127,
    "Positive High-Energy Emotions|Teasing": -0.2285003649896427,
    "Negative Low-Energy Emotions|Contempt": -0.37303581357943816,
    "Positive Low-Energy Emotions|Thankfulness/Gratitude": -0.49071420076339006,
    "Negative High-Energy Emotions|Malevolence/Malice": -0.5341557401536039,
    "Negative High-Energy Emotions|Distress": -0.6447447076671835,
    "Negative Low-Energy Emotions|Shame": -0.6561611397921077,
    "Longing & Lust|Sexual Lust": -0.6738594113252102,
    "Negative Low-Energy Emotions|Disappointment": -0.7339295861055399,
    "Positive Low-Energy Emotions|Pride": -0.8497244017642169,
    "Longing & Lust|Longing": -0.8641408091008445,
    "Negative Low-Energy Emotions|Doubt": -0.9361146079374634,
    "Negative Low-Energy Emotions|Sadness": -0.9836113050039739,
    "Positive High-Energy Emotions|Interest": -1.0162184993043923,
    "Positive Low-Energy Emotions|Contemplation": -1.0405053869230954,
    "Longing & Lust|Infatuation": -1.6364025262221966,
    "Negative Low-Energy Emotions|Bitterness": -1.832259842242377
  }
}