{
  "key": [
    "stance-detection-part-6",
    "emonet-m1",
    "juggernaut-xl-v8-prompt-6-149_result.png"
  ],
  "value": {
    "Cognitive States and Processes|Concentration": 2.3303218161475745,
    "Physical and Exhaustive States|Fatigue/Exhaustion": 1.336263674717301,
    "Negative High-Energy Emotions|Anger": 1.0703825136244078,
    "Negative High-Energy Emotions|Impatience and Irritability": 0.8710300945250433,
    "Positive Low-Energy Emotions|Affection": 0.7331557395960113,
    "Positive High-Energy Emotions|Interest": 0.5631958683713889,
    "Positive Low-Energy Emotions|Contemplation": 0.5208705886857303,
    "Positive High-Energy Emotions|Hope/Enthusiasm/Optimism": 0.49349949202558274,
    "Negative High-Energy Emotions|Distress": 0.3005891307956461,
    "Positive Low-Energy Emotions|Contentment": 0.19577155583589279,
    "Negative Low-Energy Emotions|Emotional Numbness": 0.1166085105512169,
    "Negative Low-Energy Emotions|Jealousy & Envy": 0.0,
    "Positive Low-Energy Emotions|Relief": -0.000572570084488435,
    "Physical and Exhaustive States|Sourness": -0.0052855301566503855,
    "Physical and Exhaustive States|Intoxication/Altered States of Consciousness": -0.009203881100365968,
    "Positive High-Energy Emotions|Awe": -0.014472952678854213,
    "Physical and Exhaustive States|Pain": -0.020670116004905786,
    "Positive High-Energy Emotions|Teasing": -0.025203837723140318,
    "Negative High-Energy Emotions|Disgust": -0.040858166421944404,
    "Extra Dimensions|Dominance": -0.04177205324950781,
    "Positive High-Energy Emotions|Astonishment/Surprise": -0.05178325228911616,
    "Positive High-Energy Emotions|Pleasure/Ecstasy": -0.05585866253574567,
    "Positive High-Energy Emotions|Triumph": -0.07497831818651095,
    "Positive High-Energy Emotions|Amusement": -0.09936945169017863,
    "Negative Low-Energy Emotions|Embarrassment": -0.1094836614098086,
    "Extra Dimensions|Valence": -0.1319701546255581,
    "Negative High-Energy Emotions|Fear": -0.13287450900922218,
    "Cognitive States and Processes|Confusion": -0.13484071274270942,
    "Positive High-Energy Emotions|Elation": -0.15317201250071077,
    "Negative Low-Energy Emotions|Helplessness": -0.168845895070569,
    "Negative Low-Energy Emotions|Sadness": -0.3077887738980234,
    "Negative Low-Energy Emotions|Contempt": -0.3650483590458612,
    "Longing & Lust|Sexual Lust": -0.4470763294360577,
    "Positive Low-Energy Emotions|Thankfulness/Gratitude": -0.4804629236370182,
    "Negative High-Energy Emotions|Malevolence/Malice": -0.5312744963286451,
    "Negative Low-Energy Emotions|Shame": -0.6565427855386368,
    "Negative Low-Energy Emotions|Disappointment": -0.7314168554474856,
    "Extra Dimensions|Arousal": -0.8367842520986284,
    "Longing & Lust|Longing": -0.8737759371816893,
    "Negative Low-Energy Emotions|Doubt": -0.8892903016878448,
    "Extra Dimensions|Emotional Vulnerability": -0.9394132783124736,
    "Positive Low-Energy Emotions|Pride": -1.0819679843705325,
    "Longing & Lust|Infatuation": -1.1790033665523205,
    "Negative Low-Energy Emotions|Bitterness": -1.8303321749449541
  }
}