{
  "key": [
    "stance-detection-part-6",
    "emonet-m1",
    "juggernaut-xl-v8-prompt-6-222_result.png"
  ],
  "value": {
    "Positive Low-Energy Emotions|Affection": 1.4288996580148956,
    "Negative Low-Energy Emotions|Disappointment": 1.355938739634559,
    "Positive Low-Energy Emotions|Contemplation": 1.3029259666459354,
    "Cognitive States and Processes|Concentration": 1.2414436613929358,
    "Negative High-Energy Emotions|Distress": 1.1098363861209635,
    "Physical and Exhaustive States|Fatigue/Exhaustion": 0.9729763450435339,
    "Negative Low-Energy Emotions|Doubt": 0.9574689580129303,
    "Negative High-Energy Emotions|Anger": 0.8475609203398009,
    "Negative Low-Energy Emotions|Bitterness": 0.7632297239720056,
    "Positive High-Energy Emotions|Interest": 0.6889611920103049,
    "Positive Low-Energy Emotions|Contentment": 0.5555804776498576,
    "Negative High-Energy Emotions|Impatience and Irritability": 0.3873614691702765,
    "Positive High-Energy Emotions|Hope/Enthusiasm/Optimism": 0.2857255681516814,
    "Positive Low-Energy Emotions|Pride": 0.24938244647568175,
    "Negative Low-Energy Emotions|Sadness": 0.22071863758192656,
    "Extra Dimensions|Dominance": 0.2164114558618966,
    "Negative Low-Energy Emotions|Contempt": 0.12598426370871263,
    "Extra Dimensions|Arousal": 0.057311407157353056,
    "Negative Low-Energy Emotions|Emotional Numbness": 0.0029330354306724704,
    "Negative Low-Energy Emotions|Jealousy & Envy": 0.0,
    "Positive High-Energy Emotions|Awe": -0.00387524683778976,
    "Positive Low-Energy Emotions|Relief": -0.00493170362607245,
    "Physical and Exhaustive States|Sourness": -0.006173982090511164,
    "Extra Dimensions|Emotional Vulnerability": -0.012046306342869073,
    "Physical and Exhaustive States|Intoxication/Altered States of Consciousness": -0.015595674589822145,
    "Physical and Exhaustive States|Pain": -0.020670116004905786,
    "Negative High-Energy Emotions|Disgust": -0.037863249088818336,
    "Positive High-Energy Emotions|Pleasure/Ecstasy": -0.05544570946637395,
    "Positive High-Energy Emotions|Astonishment/Surprise": -0.06560936920863368,
    "Positive High-Energy Emotions|Triumph": -0.07708728604953423,
    "Cognitive States and Processes|Confusion": -0.07910265107622078,
    "Negative Low-Energy Emotions|Embarrassment": -0.11983029013533732,
    "Positive High-Energy Emotions|Teasing": -0.12145082530439337,
    "Extra Dimensions|Valence": -0.1365552177105181,
    "Negative High-Energy Emotions|Fear": -0.1381726690257589,
    "Positive High-Energy Emotions|Elation": -0.15317390266034847,
    "Negative Low-Energy Emotions|Helplessness": -0.20566356493903823,
    "Positive Low-Energy Emotions|Thankfulness/Gratitude": -0.48124534356443643,
    "Positive High-Energy Emotions|Amusement": -0.5244943614189441,
    "Negative High-Energy Emotions|Malevolence/Malice": -0.5284933585045866,
    "Longing & Lust|Sexual Lust": -0.6555583564898907,
    "Negative Low-Energy Emotions|Shame": -0.6566634616612426,
    "Longing & Lust|Longing": -0.8779855971753379,
    "Longing & Lust|Infatuation": -1.6072967064604435
  }
}