{
  "key": [
    "stance-detection-part-6",
    "emonet-m1",
    "juggernaut-xl-v8-prompt-6-218_result.png"
  ],
  "value": {
    "Negative High-Energy Emotions|Distress": 3.5403717025882484,
    "Negative Low-Energy Emotions|Sadness": 2.8937615309916556,
    "Positive Low-Energy Emotions|Contemplation": 2.1498078331010135,
    "Negative High-Energy Emotions|Anger": 1.829965271574237,
    "Physical and Exhaustive States|Fatigue/Exhaustion": 1.766364592533463,
    "Cognitive States and Processes|Concentration": 1.7504711424720374,
    "Negative Low-Energy Emotions|Disappointment": 1.7232454489241098,
    "Negative Low-Energy Emotions|Doubt": 1.2622242880986847,
    "Negative Low-Energy Emotions|Helplessness": 0.9575858532004194,
    "Negative High-Energy Emotions|Impatience and Irritability": 0.8352596782652777,
    "Cognitive States and Processes|Confusion": 0.6829128033948906,
    "Negative High-Energy Emotions|Fear": 0.626261482325693,
    "Physical and Exhaustive States|Pain": 0.4579232292036316,
    "Positive High-Energy Emotions|Interest": 0.364233179925344,
    "Extra Dimensions|Emotional Vulnerability": 0.2672593901445577,
    "Positive Low-Energy Emotions|Affection": 0.17410315304053037,
    "Positive High-Energy Emotions|Awe": 0.01430327574903275,
    "Negative Low-Energy Emotions|Emotional Numbness": 0.012371430930855576,
    "Negative Low-Energy Emotions|Jealousy & Envy": 0.0,
    "Physical and Exhaustive States|Sourness": -0.0021380323834799143,
    "Positive Low-Energy Emotions|Relief": -0.008297823785698457,
    "Physical and Exhaustive States|Intoxication/Altered States of Consciousness": -0.011166587547013612,
    "Negative High-Energy Emotions|Disgust": -0.030426619704062248,
    "Extra Dimensions|Dominance": -0.03874237895789709,
    "Positive High-Energy Emotions|Pleasure/Ecstasy": -0.05585866253574567,
    "Positive High-Energy Emotions|Astonishment/Surprise": -0.06537817769271113,
    "Positive High-Energy Emotions|Triumph": -0.07636147377084627,
    "Negative Low-Energy Emotions|Embarrassment": -0.11423359280486246,
    "Positive High-Energy Emotions|Teasing": -0.11526680615604361,
    "Positive High-Energy Emotions|Elation": -0.153174927468974,
    "Positive High-Energy Emotions|Hope/Enthusiasm/Optimism": -0.2270829335687471,
    "Extra Dimensions|Arousal": -0.324139722755977,
    "Negative Low-Energy Emotions|Contempt": -0.37346206874596877,
    "Positive Low-Energy Emotions|Thankfulness/Gratitude": -0.4824277954086518,
    "Positive High-Energy Emotions|Amusement": -0.525223948348027,
    "Negative Low-Energy Emotions|Shame": -0.5269158231823674,
    "Negative High-Energy Emotions|Malevolence/Malice": -0.5316371533392004,
    "Positive Low-Energy Emotions|Contentment": -0.6475827885320882,
    "Longing & Lust|Sexual Lust": -0.6727369366548,
    "Longing & Lust|Longing": -0.8806749512970229,
    "Positive Low-Energy Emotions|Pride": -1.1055415915768771,
    "Negative Low-Energy Emotions|Bitterness": -1.1254128851474097,
    "Extra Dimensions|Valence": -1.4616531287703745,
    "Longing & Lust|Infatuation": -1.6320578617081318
  }
}