{
  "key": [
    "stance-detection-part-6",
    "emonet-m1",
    "juggernaut-xl-v8-prompt-6-20_result.png"
  ],
  "value": {
    "Negative High-Energy Emotions|Distress": 2.59794597474401,
    "Cognitive States and Processes|Concentration": 2.444524792374381,
    "Physical and Exhaustive States|Fatigue/Exhaustion": 1.9857475938609777,
    "Positive Low-Energy Emotions|Contemplation": 1.8991190418259891,
    "Negative Low-Energy Emotions|Sadness": 1.8370243464671194,
    "Negative Low-Energy Emotions|Disappointment": 1.4121585558424448,
    "Cognitive States and Processes|Confusion": 0.8872577316595085,
    "Positive High-Energy Emotions|Hope/Enthusiasm/Optimism": 0.8808096393110442,
    "Negative High-Energy Emotions|Impatience and Irritability": 0.7001467966048163,
    "Negative Low-Energy Emotions|Helplessness": 0.6771209655814009,
    "Positive High-Energy Emotions|Interest": 0.6768867214902854,
    "Positive Low-Energy Emotions|Affection": 0.6208118322397491,
    "Negative Low-Energy Emotions|Doubt": 0.4181928349660553,
    "Negative High-Energy Emotions|Anger": 0.360169448477008,
    "Negative Low-Energy Emotions|Emotional Numbness": 0.31805778556800157,
    "Negative High-Energy Emotions|Fear": 0.11252280542006096,
    "Positive High-Energy Emotions|Astonishment/Surprise": 0.09972929603832982,
    "Physical and Exhaustive States|Sourness": 0.0010488491587258963,
    "Negative Low-Energy Emotions|Jealousy & Envy": 0.0,
    "Positive High-Energy Emotions|Awe": -0.002825519636327968,
    "Positive Low-Energy Emotions|Relief": -0.011312485157406373,
    "Physical and Exhaustive States|Intoxication/Altered States of Consciousness": -0.01303218312616095,
    "Physical and Exhaustive States|Pain": -0.020670116004905786,
    "Negative High-Energy Emotions|Disgust": -0.045828173066670204,
    "Positive High-Energy Emotions|Pleasure/Ecstasy": -0.05585866253574567,
    "Positive High-Energy Emotions|Triumph": -0.07609549176882639,
    "Positive High-Energy Emotions|Teasing": -0.11307988193691214,
    "Negative Low-Energy Emotions|Embarrassment": -0.1203474237586989,
    "Positive High-Energy Emotions|Elation": -0.15317370416131082,
    "Extra Dimensions|Dominance": -0.173077099629074,
    "Positive Low-Energy Emotions|Contentment": -0.3732013893774251,
    "Negative Low-Energy Emotions|Contempt": -0.38804249734628005,
    "Extra Dimensions|Arousal": -0.481619724205562,
    "Positive Low-Energy Emotions|Thankfulness/Gratitude": -0.48193804918824196,
    "Extra Dimensions|Emotional Vulnerability": -0.5018284012983134,
    "Positive High-Energy Emotions|Amusement": -0.5268639887754734,
    "Negative High-Energy Emotions|Malevolence/Malice": -0.5270858767746023,
    "Negative Low-Energy Emotions|Shame": -0.6564328708483806,
    "Longing & Lust|Sexual Lust": -0.6879740743300854,
    "Extra Dimensions|Valence": -0.7409898196730844,
    "Longing & Lust|Longing": -0.8566720863401671,
    "Positive Low-Energy Emotions|Pride": -1.0992022278230815,
    "Longing & Lust|Infatuation": -1.628390812598196,
    "Negative Low-Energy Emotions|Bitterness": -1.8280305881530812
  }
}