{
  "key": [
    "stance-detection-part-6",
    "emonet-m1",
    "juggernaut-xl-v8-prompt-6-16_result.png"
  ],
  "value": {
    "Cognitive States and Processes|Concentration": 2.2583022391212073,
    "Positive High-Energy Emotions|Hope/Enthusiasm/Optimism": 1.03944382510206,
    "Positive Low-Energy Emotions|Affection": 1.034550082972171,
    "Positive Low-Energy Emotions|Contentment": 0.8460460709878703,
    "Positive High-Energy Emotions|Interest": 0.8190418919309592,
    "Negative High-Energy Emotions|Impatience and Irritability": 0.712389709850971,
    "Physical and Exhaustive States|Fatigue/Exhaustion": 0.648325818996781,
    "Negative High-Energy Emotions|Anger": 0.6396422763883849,
    "Extra Dimensions|Valence": 0.3363357330288656,
    "Positive High-Energy Emotions|Teasing": 0.13662599149286309,
    "Positive Low-Energy Emotions|Contemplation": 0.10005106773541295,
    "Negative Low-Energy Emotions|Sadness": 0.07598926174269316,
    "Positive High-Energy Emotions|Amusement": 0.06777356536342549,
    "Negative Low-Energy Emotions|Emotional Numbness": 0.05493761116004259,
    "Positive Low-Energy Emotions|Relief": 0.0015671621571421192,
    "Negative Low-Energy Emotions|Jealousy & Envy": 0.0,
    "Extra Dimensions|Dominance": -0.002467647798686884,
    "Physical and Exhaustive States|Intoxication/Altered States of Consciousness": -0.008275568560311647,
    "Physical and Exhaustive States|Sourness": -0.008284277088203272,
    "Physical and Exhaustive States|Pain": -0.020670116004905786,
    "Positive High-Energy Emotions|Awe": -0.02067173142736648,
    "Positive High-Energy Emotions|Pleasure/Ecstasy": -0.03320251524252671,
    "Positive High-Energy Emotions|Astonishment/Surprise": -0.037286210586845656,
    "Negative High-Energy Emotions|Disgust": -0.04253679713159254,
    "Positive High-Energy Emotions|Triumph": -0.0731654298771514,
    "Negative Low-Energy Emotions|Embarrassment": -0.11956508671898981,
    "Negative High-Energy Emotions|Fear": -0.13438066622863212,
    "Positive High-Energy Emotions|Elation": -0.15317172188941397,
    "Cognitive States and Processes|Confusion": -0.18618738730420997,
    "Negative Low-Energy Emotions|Helplessness": -0.18880930854751296,
    "Negative Low-Energy Emotions|Contempt": -0.368704686770318,
    "Positive Low-Energy Emotions|Thankfulness/Gratitude": -0.4798778844907737,
    "Negative High-Energy Emotions|Malevolence/Malice": -0.5282081800816587,
    "Negative High-Energy Emotions|Distress": -0.6059167519443747,
    "Negative Low-Energy Emotions|Shame": -0.6558937943338385,
    "Longing & Lust|Sexual Lust": -0.6699780909678875,
    "Negative Low-Energy Emotions|Disappointment": -0.7294729021122004,
    "Extra Dimensions|Arousal": -0.8465451087270464,
    "Longing & Lust|Longing": -0.877737664204814,
    "Extra Dimensions|Emotional Vulnerability": -0.9363499571988871,
    "Negative Low-Energy Emotions|Doubt": -0.9476630004121147,
    "Positive Low-Energy Emotions|Pride": -0.9878621595423847,
    "Longing & Lust|Infatuation": -1.6152599764094029,
    "Negative Low-Energy Emotions|Bitterness": -1.8316529868648221
  }
}