{
  "key": [
    "stance-detection-part-6",
    "emonet-m1",
    "juggernaut-xl-v8-prompt-6-163_result.png"
  ],
  "value": {
    "Physical and Exhaustive States|Fatigue/Exhaustion": 1.6750660123637853,
    "Negative High-Energy Emotions|Impatience and Irritability": 1.5068151973692816,
    "Positive Low-Energy Emotions|Affection": 1.1956843259836456,
    "Negative Low-Energy Emotions|Disappointment": 1.0888859699736093,
    "Positive Low-Energy Emotions|Contemplation": 1.066038034822205,
    "Positive High-Energy Emotions|Astonishment/Surprise": 1.0013179445959928,
    "Negative High-Energy Emotions|Distress": 0.9633750185138468,
    "Cognitive States and Processes|Concentration": 0.9370048319709388,
    "Negative Low-Energy Emotions|Sadness": 0.8515336667262137,
    "Cognitive States and Processes|Confusion": 0.7383843428922661,
    "Positive Low-Energy Emotions|Contentment": 0.4288230943033,
    "Negative Low-Energy Emotions|Doubt": 0.42159780990349427,
    "Negative High-Energy Emotions|Anger": 0.41420403919813836,
    "Negative High-Energy Emotions|Fear": 0.39121235379328334,
    "Negative Low-Energy Emotions|Emotional Numbness": 0.25171674304938585,
    "Positive High-Energy Emotions|Interest": 0.23226515853252172,
    "Negative Low-Energy Emotions|Helplessness": 0.15763742909954362,
    "Extra Dimensions|Emotional Vulnerability": 0.09476783969900104,
    "Positive High-Energy Emotions|Hope/Enthusiasm/Optimism": 0.09202602944394822,
    "Negative Low-Energy Emotions|Embarrassment": 0.06107688480954031,
    "Negative Low-Energy Emotions|Jealousy & Envy": 0.0,
    "Positive Low-Energy Emotions|Relief": -0.001962021409428163,
    "Physical and Exhaustive States|Sourness": -0.007084733612098536,
    "Physical and Exhaustive States|Intoxication/Altered States of Consciousness": -0.010196030214974732,
    "Physical and Exhaustive States|Pain": -0.020670116004905786,
    "Positive High-Energy Emotions|Awe": -0.03707272429769729,
    "Negative High-Energy Emotions|Disgust": -0.0374709760203903,
    "Positive High-Energy Emotions|Pleasure/Ecstasy": -0.051925588192323624,
    "Positive High-Energy Emotions|Triumph": -0.07652849902402296,
    "Positive High-Energy Emotions|Teasing": -0.09177905198991736,
    "Extra Dimensions|Arousal": -0.10301745789391648,
    "Positive High-Energy Emotions|Elation": -0.15317197441061792,
    "Extra Dimensions|Dominance": -0.3424492409903106,
    "Negative Low-Energy Emotions|Contempt": -0.35208379746424956,
    "Positive Low-Energy Emotions|Thankfulness/Gratitude": -0.4813861083149767,
    "Negative High-Energy Emotions|Malevolence/Malice": -0.4884137536702684,
    "Positive High-Energy Emotions|Amusement": -0.5074803943817432,
    "Negative Low-Energy Emotions|Shame": -0.655923500730001,
    "Longing & Lust|Sexual Lust": -0.665277802791351,
    "Positive Low-Energy Emotions|Pride": -0.7012882726710468,
    "Longing & Lust|Longing": -0.8689571400701781,
    "Negative Low-Energy Emotions|Bitterness": -0.9904373921931555,
    "Extra Dimensions|Valence": -1.0418832456145517,
    "Longing & Lust|Infatuation": -1.622846835576025
  }
}