{
  "key": [
    "stance-detection-part-6",
    "emonet-m1",
    "juggernaut-xl-v8-prompt-6-255_result.png"
  ],
  "value": {
    "Cognitive States and Processes|Concentration": 1.6991052901160804,
    "Positive Low-Energy Emotions|Affection": 1.2300428274179718,
    "Positive High-Energy Emotions|Interest": 1.1716620167478538,
    "Positive High-Energy Emotions|Hope/Enthusiasm/Optimism": 1.1040631278516937,
    "Positive Low-Energy Emotions|Contentment": 0.721768240863969,
    "Negative High-Energy Emotions|Impatience and Irritability": 0.6739207529036444,
    "Physical and Exhaustive States|Fatigue/Exhaustion": 0.6442514838985144,
    "Negative High-Energy Emotions|Anger": 0.6058930536329528,
    "Positive High-Energy Emotions|Astonishment/Surprise": 0.5295915270544889,
    "Extra Dimensions|Valence": 0.23536865362784937,
    "Positive High-Energy Emotions|Amusement": 0.1420577016587441,
    "Negative Low-Energy Emotions|Emotional Numbness": 0.03625834995246202,
    "Positive High-Energy Emotions|Awe": 0.03530680517846848,
    "Negative Low-Energy Emotions|Jealousy & Envy": 0.0,
    "Positive Low-Energy Emotions|Relief": -0.0004849214543462231,
    "Physical and Exhaustive States|Intoxication/Altered States of Consciousness": -0.007357120588967652,
    "Positive Low-Energy Emotions|Contemplation": -0.008284665678283343,
    "Physical and Exhaustive States|Sourness": -0.013332991666354975,
    "Physical and Exhaustive States|Pain": -0.020670116004905786,
    "Positive High-Energy Emotions|Pleasure/Ecstasy": -0.04445513829393166,
    "Extra Dimensions|Dominance": -0.04485432864013281,
    "Negative High-Energy Emotions|Disgust": -0.04554628780036619,
    "Positive High-Energy Emotions|Triumph": -0.07447978493760958,
    "Positive High-Energy Emotions|Teasing": -0.11488881585061987,
    "Negative Low-Energy Emotions|Embarrassment": -0.12077591037411829,
    "Negative High-Energy Emotions|Fear": -0.13426191142449775,
    "Positive High-Energy Emotions|Elation": -0.15317115012738425,
    "Cognitive States and Processes|Confusion": -0.17663298626413276,
    "Negative Low-Energy Emotions|Helplessness": -0.2024893195815248,
    "Longing & Lust|Sexual Lust": -0.25057927652811396,
    "Longing & Lust|Infatuation": -0.34014947088810543,
    "Negative Low-Energy Emotions|Contempt": -0.37578555465686125,
    "Positive Low-Energy Emotions|Thankfulness/Gratitude": -0.47899691107718706,
    "Negative Low-Energy Emotions|Sadness": -0.5331127489842356,
    "Negative High-Energy Emotions|Malevolence/Malice": -0.5354697245476774,
    "Negative High-Energy Emotions|Distress": -0.5925339743726965,
    "Extra Dimensions|Emotional Vulnerability": -0.5937151601026347,
    "Extra Dimensions|Arousal": -0.6172503318105425,
    "Negative Low-Energy Emotions|Shame": -0.6567381779461137,
    "Negative Low-Energy Emotions|Disappointment": -0.7300916318525816,
    "Longing & Lust|Longing": -0.8716746871888419,
    "Negative Low-Energy Emotions|Doubt": -0.9295385373754583,
    "Positive Low-Energy Emotions|Pride": -0.9338930296223789,
    "Negative Low-Energy Emotions|Bitterness": -1.8308902932808568
  }
}