{
  "key": [
    "stance-detection-part-2",
    "emonet-m1",
    "mj_data_76_U3.png"
  ],
  "value": {
    "Positive High-Energy Emotions|Pleasure/Ecstasy": 3.3420415359755062,
    "Positive Low-Energy Emotions|Affection": 3.127040517618777,
    "Positive Low-Energy Emotions|Contentment": 2.982363085682084,
    "Positive High-Energy Emotions|Amusement": 2.8234516826386633,
    "Extra Dimensions|Valence": 1.8613934362854727,
    "Physical and Exhaustive States|Fatigue/Exhaustion": 1.6173489274791417,
    "Positive High-Energy Emotions|Elation": 1.4797431071520966,
    "Negative High-Energy Emotions|Anger": 1.0851663728773375,
    "Positive High-Energy Emotions|Interest": 0.9753388603910422,
    "Extra Dimensions|Emotional Vulnerability": 0.942355901985378,
    "Positive Low-Energy Emotions|Contemplation": 0.9252966865556034,
    "Extra Dimensions|Dominance": 0.8449292623918954,
    "Positive High-Energy Emotions|Hope/Enthusiasm/Optimism": 0.8113964541914153,
    "Cognitive States and Processes|Concentration": 0.6062639033210364,
    "Negative High-Energy Emotions|Impatience and Irritability": 0.389021756550495,
    "Positive Low-Energy Emotions|Pride": 0.33973283595627257,
    "Extra Dimensions|Arousal": 0.3026825104440962,
    "Negative Low-Energy Emotions|Emotional Numbness": 0.209962020454171,
    "Negative Low-Energy Emotions|Helplessness": 0.20321272001789384,
    "Negative High-Energy Emotions|Distress": 0.1967721447116617,
    "Positive High-Energy Emotions|Awe": 0.016522565290277257,
    "Physical and Exhaustive States|Intoxication/Altered States of Consciousness": 0.00045511119013085834,
    "Negative Low-Energy Emotions|Jealousy & Envy": 0.0,
    "Positive Low-Energy Emotions|Relief": -0.0010294247855306103,
    "Physical and Exhaustive States|Sourness": -0.006337909764804682,
    "Physical and Exhaustive States|Pain": -0.020670116004905786,
    "Negative High-Energy Emotions|Disgust": -0.043710978831345344,
    "Positive High-Energy Emotions|Teasing": -0.045012808114890654,
    "Positive High-Energy Emotions|Astonishment/Surprise": -0.07455230109912135,
    "Positive High-Energy Emotions|Triumph": -0.07538502582352295,
    "Negative Low-Energy Emotions|Embarrassment": -0.12205081647296091,
    "Negative High-Energy Emotions|Fear": -0.12441152861962715,
    "Cognitive States and Processes|Confusion": -0.1845214374827378,
    "Negative Low-Energy Emotions|Sadness": -0.34975688112153414,
    "Negative Low-Energy Emotions|Contempt": -0.37438784808862013,
    "Positive Low-Energy Emotions|Thankfulness/Gratitude": -0.4811766864642358,
    "Negative High-Energy Emotions|Malevolence/Malice": -0.5316179159400991,
    "Longing & Lust|Sexual Lust": -0.5491298823020397,
    "Negative Low-Energy Emotions|Shame": -0.6564586908354393,
    "Negative Low-Energy Emotions|Disappointment": -0.7391508114268328,
    "Longing & Lust|Longing": -0.8810037603199263,
    "Negative Low-Energy Emotions|Doubt": -0.924507326073774,
    "Longing & Lust|Infatuation": -1.6276184332594548,
    "Negative Low-Energy Emotions|Bitterness": -1.82951002013989
  }
}