{
  "key": [
    "stance-detection-part-2",
    "emonet-m1",
    "mj_data_176_U1.png"
  ],
  "value": {
    "Positive Low-Energy Emotions|Contemplation": 2.845428608323792,
    "Physical and Exhaustive States|Fatigue/Exhaustion": 1.9662509145549474,
    "Negative High-Energy Emotions|Distress": 1.9038272365695719,
    "Negative Low-Energy Emotions|Sadness": 1.88598765480147,
    "Positive Low-Energy Emotions|Affection": 1.8478981378580353,
    "Cognitive States and Processes|Concentration": 1.724697140396842,
    "Negative Low-Energy Emotions|Disappointment": 1.3759504030714487,
    "Positive High-Energy Emotions|Hope/Enthusiasm/Optimism": 0.9048014625074553,
    "Positive High-Energy Emotions|Interest": 0.778762980340383,
    "Positive Low-Energy Emotions|Contentment": 0.7603140878030559,
    "Negative Low-Energy Emotions|Helplessness": 0.5914388118796187,
    "Extra Dimensions|Emotional Vulnerability": 0.3666305849840352,
    "Longing & Lust|Longing": 0.33126131393315594,
    "Cognitive States and Processes|Confusion": 0.2605282432867057,
    "Negative High-Energy Emotions|Impatience and Irritability": 0.24921226730031187,
    "Negative High-Energy Emotions|Anger": 0.0813233038007995,
    "Positive Low-Energy Emotions|Relief": 0.0023829932819246814,
    "Negative Low-Energy Emotions|Jealousy & Envy": 0.0,
    "Physical and Exhaustive States|Sourness": -0.008667818076171717,
    "Positive High-Energy Emotions|Awe": -0.017006969645673976,
    "Physical and Exhaustive States|Intoxication/Altered States of Consciousness": -0.01707164950723395,
    "Negative Low-Energy Emotions|Emotional Numbness": -0.018938173713919815,
    "Negative Low-Energy Emotions|Doubt": -0.0197770284487091,
    "Physical and Exhaustive States|Pain": -0.020670116004905786,
    "Negative High-Energy Emotions|Disgust": -0.04080806126743009,
    "Positive High-Energy Emotions|Astonishment/Surprise": -0.04219937675219752,
    "Positive High-Energy Emotions|Pleasure/Ecstasy": -0.05585866253574567,
    "Positive High-Energy Emotions|Triumph": -0.07529537019323244,
    "Extra Dimensions|Dominance": -0.08792908550086584,
    "Positive High-Energy Emotions|Teasing": -0.11775960651100119,
    "Negative Low-Energy Emotions|Embarrassment": -0.11827133065123697,
    "Negative High-Energy Emotions|Fear": -0.13570084205518165,
    "Positive High-Energy Emotions|Elation": -0.15317445583685396,
    "Negative Low-Energy Emotions|Contempt": -0.38042085886943144,
    "Positive Low-Energy Emotions|Thankfulness/Gratitude": -0.4804752804249382,
    "Positive High-Energy Emotions|Amusement": -0.5266103002314384,
    "Negative High-Energy Emotions|Malevolence/Malice": -0.5283185306308797,
    "Negative Low-Energy Emotions|Shame": -0.6580863176642886,
    "Positive Low-Energy Emotions|Pride": -0.6613140004199176,
    "Longing & Lust|Sexual Lust": -0.6668571917674481,
    "Extra Dimensions|Arousal": -0.8555637683187212,
    "Extra Dimensions|Valence": -0.9734666501555673,
    "Longing & Lust|Infatuation": -1.6292035070285473,
    "Negative Low-Energy Emotions|Bitterness": -1.8283401858539154
  }
}