{
  "key": [
    "stance-detection-part-2",
    "emonet-m1",
    "mj_data_309_U3.png"
  ],
  "value": {
    "Positive Low-Energy Emotions|Affection": 1.708004844477298,
    "Positive Low-Energy Emotions|Contentment": 1.693898539478471,
    "Extra Dimensions|Valence": 1.1699153030838736,
    "Positive High-Energy Emotions|Pleasure/Ecstasy": 1.0562586027403378,
    "Positive High-Energy Emotions|Amusement": 0.8917683807130043,
    "Positive High-Energy Emotions|Interest": 0.7333978852018332,
    "Positive High-Energy Emotions|Hope/Enthusiasm/Optimism": 0.5864709361555266,
    "Physical and Exhaustive States|Fatigue/Exhaustion": 0.5013842763713537,
    "Extra Dimensions|Emotional Vulnerability": 0.46889999607107136,
    "Negative Low-Energy Emotions|Emotional Numbness": 0.42692662292456895,
    "Extra Dimensions|Dominance": 0.2715855085771981,
    "Positive High-Energy Emotions|Teasing": 0.15939961495935479,
    "Physical and Exhaustive States|Intoxication/Altered States of Consciousness": 0.01261757306700006,
    "Negative Low-Energy Emotions|Jealousy & Envy": 0.0,
    "Positive Low-Energy Emotions|Relief": -0.00791777712002997,
    "Physical and Exhaustive States|Sourness": -0.008663802213229975,
    "Positive High-Energy Emotions|Awe": -0.014088905051405178,
    "Physical and Exhaustive States|Pain": -0.020670116004905786,
    "Cognitive States and Processes|Concentration": -0.0400700295555505,
    "Negative High-Energy Emotions|Disgust": -0.04205650290399244,
    "Positive High-Energy Emotions|Astonishment/Surprise": -0.04724544637423732,
    "Longing & Lust|Infatuation": -0.047289439760175744,
    "Positive High-Energy Emotions|Triumph": -0.07611515385102167,
    "Negative High-Energy Emotions|Fear": -0.11755541494737068,
    "Negative Low-Energy Emotions|Embarrassment": -0.11879076277871271,
    "Positive High-Energy Emotions|Elation": -0.14326267603326626,
    "Extra Dimensions|Arousal": -0.1506270255361284,
    "Positive Low-Energy Emotions|Contemplation": -0.1777869239790646,
    "Cognitive States and Processes|Confusion": -0.19333260585536888,
    "Negative Low-Energy Emotions|Helplessness": -0.2027709962315721,
    "Longing & Lust|Sexual Lust": -0.21386224910234797,
    "Negative High-Energy Emotions|Anger": -0.27798037924172675,
    "Negative High-Energy Emotions|Impatience and Irritability": -0.37878690431433504,
    "Negative Low-Energy Emotions|Contempt": -0.3806278061960916,
    "Positive Low-Energy Emotions|Pride": -0.39928977661544374,
    "Positive Low-Energy Emotions|Thankfulness/Gratitude": -0.4822842003688073,
    "Negative Low-Energy Emotions|Sadness": -0.5132278348244608,
    "Negative High-Energy Emotions|Malevolence/Malice": -0.5307481724141172,
    "Negative Low-Energy Emotions|Shame": -0.6565188598616949,
    "Negative High-Energy Emotions|Distress": -0.698541162931275,
    "Negative Low-Energy Emotions|Disappointment": -0.73853480859895,
    "Longing & Lust|Longing": -0.8349498962580939,
    "Negative Low-Energy Emotions|Doubt": -0.9400004731489502,
    "Negative Low-Energy Emotions|Bitterness": -1.8305231826857498
  }
}