{
  "key": [
    "stance-detection-part-2",
    "emonet-m1",
    "mj_data_247_U4.png"
  ],
  "value": {
    "Positive High-Energy Emotions|Amusement": 3.470992013525504,
    "Positive High-Energy Emotions|Pleasure/Ecstasy": 3.2237930732985043,
    "Positive Low-Energy Emotions|Contentment": 3.108844141895463,
    "Positive Low-Energy Emotions|Affection": 2.8274148824716825,
    "Positive High-Energy Emotions|Elation": 2.404140098881833,
    "Extra Dimensions|Valence": 1.900981291624523,
    "Cognitive States and Processes|Concentration": 1.5374329363715735,
    "Physical and Exhaustive States|Fatigue/Exhaustion": 1.3447089376262364,
    "Positive High-Energy Emotions|Interest": 1.1086117466672873,
    "Positive High-Energy Emotions|Hope/Enthusiasm/Optimism": 1.0621742948057342,
    "Positive Low-Energy Emotions|Contemplation": 0.8398679718034061,
    "Extra Dimensions|Dominance": 0.7713282549303475,
    "Negative High-Energy Emotions|Anger": 0.4792356868803283,
    "Extra Dimensions|Emotional Vulnerability": 0.39151933887502643,
    "Positive Low-Energy Emotions|Pride": 0.28912598914688536,
    "Negative High-Energy Emotions|Impatience and Irritability": 0.2520062946288031,
    "Positive Low-Energy Emotions|Relief": 0.004966862083518462,
    "Negative Low-Energy Emotions|Jealousy & Envy": 0.0,
    "Positive High-Energy Emotions|Awe": -0.002231797769720302,
    "Physical and Exhaustive States|Intoxication/Altered States of Consciousness": -0.0041435659682248546,
    "Physical and Exhaustive States|Sourness": -0.012939936286964259,
    "Positive High-Energy Emotions|Teasing": -0.01473453518808325,
    "Physical and Exhaustive States|Pain": -0.020670116004905786,
    "Negative High-Energy Emotions|Disgust": -0.04210724880843809,
    "Negative Low-Energy Emotions|Emotional Numbness": -0.05307846254372328,
    "Positive High-Energy Emotions|Astonishment/Surprise": -0.053885716726600905,
    "Positive High-Energy Emotions|Triumph": -0.07376498275439873,
    "Negative High-Energy Emotions|Fear": -0.11295613429198662,
    "Negative Low-Energy Emotions|Embarrassment": -0.12225363245268007,
    "Negative Low-Energy Emotions|Helplessness": -0.17596343471481032,
    "Cognitive States and Processes|Confusion": -0.18770045121183326,
    "Positive Low-Energy Emotions|Thankfulness/Gratitude": -0.1889447858467555,
    "Longing & Lust|Sexual Lust": -0.2705010561606823,
    "Extra Dimensions|Arousal": -0.27473414795739304,
    "Negative Low-Energy Emotions|Contempt": -0.36901115895259184,
    "Negative High-Energy Emotions|Malevolence/Malice": -0.5353271204350523,
    "Longing & Lust|Longing": -0.6123434533893843,
    "Negative High-Energy Emotions|Distress": -0.6386258289449926,
    "Negative Low-Energy Emotions|Shame": -0.6564354506119123,
    "Negative Low-Energy Emotions|Disappointment": -0.7404446457256819,
    "Negative Low-Energy Emotions|Sadness": -0.8496543164290369,
    "Negative Low-Energy Emotions|Doubt": -0.9284233940763555,
    "Longing & Lust|Infatuation": -1.6213501107916508,
    "Negative Low-Energy Emotions|Bitterness": -1.8304451546178033
  }
}