{
  "key": [
    "stance-detection-part-2",
    "emonet-m1",
    "mj_data_324_U4.png"
  ],
  "value": {
    "Positive High-Energy Emotions|Amusement": 5.172733708929557,
    "Positive High-Energy Emotions|Elation": 4.790732487034909,
    "Positive High-Energy Emotions|Pleasure/Ecstasy": 4.206757588984539,
    "Extra Dimensions|Valence": 2.633365734907604,
    "Cognitive States and Processes|Concentration": 1.2344303404700843,
    "Positive Low-Energy Emotions|Affection": 1.2207394960428497,
    "Positive Low-Energy Emotions|Contentment": 1.089131932193925,
    "Extra Dimensions|Arousal": 0.7600728188242232,
    "Extra Dimensions|Dominance": 0.7388476574343148,
    "Extra Dimensions|Emotional Vulnerability": 0.597859413414211,
    "Positive High-Energy Emotions|Hope/Enthusiasm/Optimism": 0.4953466399671721,
    "Negative High-Energy Emotions|Impatience and Irritability": 0.3024716400114935,
    "Positive High-Energy Emotions|Teasing": 0.21442137780725518,
    "Physical and Exhaustive States|Fatigue/Exhaustion": 0.1888334932140051,
    "Negative High-Energy Emotions|Anger": 0.1636442323744079,
    "Negative Low-Energy Emotions|Emotional Numbness": 0.11385263019538194,
    "Positive Low-Energy Emotions|Relief": 0.0035052816878199146,
    "Negative Low-Energy Emotions|Jealousy & Envy": 0.0,
    "Positive High-Energy Emotions|Awe": -0.011578282907659755,
    "Physical and Exhaustive States|Intoxication/Altered States of Consciousness": -0.01289422817582831,
    "Physical and Exhaustive States|Sourness": -0.014789766437568507,
    "Physical and Exhaustive States|Pain": -0.020670116004905786,
    "Negative High-Energy Emotions|Disgust": -0.03957390239387205,
    "Positive High-Energy Emotions|Astonishment/Surprise": -0.04735043995600917,
    "Positive High-Energy Emotions|Triumph": -0.07949703571390047,
    "Negative Low-Energy Emotions|Embarrassment": -0.11703877737779757,
    "Negative High-Energy Emotions|Fear": -0.1305003815020124,
    "Cognitive States and Processes|Confusion": -0.18750530560483863,
    "Negative Low-Energy Emotions|Helplessness": -0.21518303765727706,
    "Negative Low-Energy Emotions|Contempt": -0.36766333402144713,
    "Positive Low-Energy Emotions|Contemplation": -0.3814281002028195,
    "Positive Low-Energy Emotions|Thankfulness/Gratitude": -0.48816519509105444,
    "Negative High-Energy Emotions|Malevolence/Malice": -0.5369952383754781,
    "Negative Low-Energy Emotions|Shame": -0.6563601177914968,
    "Negative High-Energy Emotions|Distress": -0.6665398538344618,
    "Negative Low-Energy Emotions|Disappointment": -0.7405704748560931,
    "Longing & Lust|Sexual Lust": -0.8063978938720165,
    "Longing & Lust|Longing": -0.873519473296382,
    "Positive High-Energy Emotions|Interest": -0.9379626075044656,
    "Negative Low-Energy Emotions|Doubt": -0.9418066969139658,
    "Negative Low-Energy Emotions|Sadness": -0.983451225321728,
    "Positive Low-Energy Emotions|Pride": -1.2327789413254886,
    "Longing & Lust|Infatuation": -1.4922556665763531,
    "Negative Low-Energy Emotions|Bitterness": -1.8289250582934191
  }
}