{
  "key": [
    "stance-detection-part-2",
    "emonet-m1",
    "mj_data_229_U4.png"
  ],
  "value": {
    "Positive Low-Energy Emotions|Contemplation": 2.0333804115311893,
    "Positive Low-Energy Emotions|Affection": 1.6179486635233185,
    "Negative Low-Energy Emotions|Sadness": 1.5152660762034476,
    "Positive Low-Energy Emotions|Contentment": 1.4217215585061809,
    "Physical and Exhaustive States|Fatigue/Exhaustion": 1.3018157663158116,
    "Negative High-Energy Emotions|Distress": 0.8818098768359903,
    "Extra Dimensions|Emotional Vulnerability": 0.7762704203417012,
    "Negative Low-Energy Emotions|Disappointment": 0.6873529623518442,
    "Positive High-Energy Emotions|Interest": 0.6636583050474143,
    "Cognitive States and Processes|Concentration": 0.458133009613761,
    "Positive High-Energy Emotions|Hope/Enthusiasm/Optimism": 0.4195893748762297,
    "Negative High-Energy Emotions|Impatience and Irritability": 0.34482288589162047,
    "Negative Low-Energy Emotions|Helplessness": 0.22827396975086503,
    "Positive Low-Energy Emotions|Thankfulness/Gratitude": 0.13015458081813097,
    "Negative High-Energy Emotions|Anger": 0.07494262657759393,
    "Positive Low-Energy Emotions|Relief": 0.001376747668826537,
    "Negative Low-Energy Emotions|Jealousy & Envy": 0.0,
    "Physical and Exhaustive States|Sourness": -0.005297696954765162,
    "Physical and Exhaustive States|Intoxication/Altered States of Consciousness": -0.006052449420640321,
    "Positive High-Energy Emotions|Awe": -0.01903919000929092,
    "Physical and Exhaustive States|Pain": -0.020670116004905786,
    "Negative High-Energy Emotions|Disgust": -0.039775783325726295,
    "Positive High-Energy Emotions|Pleasure/Ecstasy": -0.05585866253574567,
    "Negative Low-Energy Emotions|Emotional Numbness": -0.05726920551323622,
    "Positive High-Energy Emotions|Astonishment/Surprise": -0.058276641895591993,
    "Positive High-Energy Emotions|Triumph": -0.07513141830455199,
    "Extra Dimensions|Dominance": -0.08518149019065466,
    "Extra Dimensions|Valence": -0.09375751255192681,
    "Positive High-Energy Emotions|Teasing": -0.10603898268998106,
    "Negative Low-Energy Emotions|Embarrassment": -0.11945168143172404,
    "Negative High-Energy Emotions|Fear": -0.14671502045045295,
    "Positive High-Energy Emotions|Elation": -0.15317351393776546,
    "Cognitive States and Processes|Confusion": -0.17472025831212928,
    "Negative Low-Energy Emotions|Contempt": -0.3812357437704782,
    "Positive Low-Energy Emotions|Pride": -0.45660441093856385,
    "Positive High-Energy Emotions|Amusement": -0.5149757753197963,
    "Negative High-Energy Emotions|Malevolence/Malice": -0.5329664337752393,
    "Extra Dimensions|Arousal": -0.6214104975972856,
    "Negative Low-Energy Emotions|Doubt": -0.6219452010465942,
    "Negative Low-Energy Emotions|Shame": -0.6568075586839548,
    "Longing & Lust|Sexual Lust": -0.6786010204217373,
    "Longing & Lust|Longing": -0.6839522054016371,
    "Longing & Lust|Infatuation": -1.6312464562282238,
    "Negative Low-Energy Emotions|Bitterness": -1.8304475490481427
  }
}