{
  "key": [
    "stance-detection-part-2",
    "emonet-m1",
    "mj_data_342_U3.png"
  ],
  "value": {
    "Positive Low-Energy Emotions|Contentment": 2.1723788785287637,
    "Positive High-Energy Emotions|Pleasure/Ecstasy": 2.0912905174513363,
    "Positive Low-Energy Emotions|Affection": 1.824859035303714,
    "Positive High-Energy Emotions|Amusement": 1.3101627078767006,
    "Positive High-Energy Emotions|Hope/Enthusiasm/Optimism": 1.0942147716047455,
    "Positive Low-Energy Emotions|Pride": 1.081604192920384,
    "Physical and Exhaustive States|Fatigue/Exhaustion": 0.9959887447169958,
    "Cognitive States and Processes|Concentration": 0.7746815955054847,
    "Positive High-Energy Emotions|Interest": 0.7529768189176536,
    "Positive Low-Energy Emotions|Contemplation": 0.6738931163804325,
    "Extra Dimensions|Valence": 0.48721329817435816,
    "Negative High-Energy Emotions|Impatience and Irritability": 0.3447098754851263,
    "Positive High-Energy Emotions|Astonishment/Surprise": 0.27007755286473056,
    "Negative High-Energy Emotions|Anger": 0.24851933918593133,
    "Negative Low-Energy Emotions|Emotional Numbness": 0.22639764362311632,
    "Extra Dimensions|Emotional Vulnerability": 0.2234974215318868,
    "Negative Low-Energy Emotions|Helplessness": 0.212289136510356,
    "Positive High-Energy Emotions|Elation": 0.12621585924636536,
    "Physical and Exhaustive States|Intoxication/Altered States of Consciousness": 0.006974443718245177,
    "Negative Low-Energy Emotions|Jealousy & Envy": 0.0,
    "Positive Low-Energy Emotions|Relief": -0.00205031078950171,
    "Physical and Exhaustive States|Sourness": -0.006682163841285548,
    "Negative Low-Energy Emotions|Sadness": -0.009696229819196489,
    "Positive High-Energy Emotions|Awe": -0.010696104362661586,
    "Physical and Exhaustive States|Pain": -0.020670116004905786,
    "Negative High-Energy Emotions|Fear": -0.033265506538252027,
    "Negative High-Energy Emotions|Disgust": -0.041375072802597786,
    "Positive High-Energy Emotions|Triumph": -0.07411739056002035,
    "Extra Dimensions|Dominance": -0.09908978701415624,
    "Positive High-Energy Emotions|Teasing": -0.1174582826799198,
    "Negative Low-Energy Emotions|Embarrassment": -0.12279146751423022,
    "Extra Dimensions|Arousal": -0.1663748111043657,
    "Longing & Lust|Longing": -0.1856094827472945,
    "Cognitive States and Processes|Confusion": -0.18979411651363304,
    "Negative High-Energy Emotions|Distress": -0.350381566607308,
    "Negative Low-Energy Emotions|Contempt": -0.37558524579751296,
    "Positive Low-Energy Emotions|Thankfulness/Gratitude": -0.48019380400924444,
    "Negative High-Energy Emotions|Malevolence/Malice": -0.5268960210798315,
    "Negative Low-Energy Emotions|Shame": -0.6566000935419432,
    "Longing & Lust|Sexual Lust": -0.6735762892625271,
    "Negative Low-Energy Emotions|Disappointment": -0.7331986319949175,
    "Negative Low-Energy Emotions|Doubt": -0.9232563288880669,
    "Longing & Lust|Infatuation": -1.6340926078185711,
    "Negative Low-Energy Emotions|Bitterness": -1.8306688797206452
  }
}