{
  "key": [
    "stance-detection-part-2",
    "emonet-m1",
    "mj_data_365_U1.png"
  ],
  "value": {
    "Positive Low-Energy Emotions|Affection": 1.7396146181131622,
    "Positive Low-Energy Emotions|Contentment": 1.6092399167367717,
    "Longing & Lust|Longing": 1.5929350028217057,
    "Positive Low-Energy Emotions|Contemplation": 1.573989294435242,
    "Positive High-Energy Emotions|Interest": 1.4114820202573752,
    "Positive High-Energy Emotions|Hope/Enthusiasm/Optimism": 0.947480772352426,
    "Physical and Exhaustive States|Fatigue/Exhaustion": 0.9346072854808508,
    "Extra Dimensions|Valence": 0.8740551317658194,
    "Cognitive States and Processes|Concentration": 0.8049516951453772,
    "Negative Low-Energy Emotions|Sadness": 0.6404156838618338,
    "Extra Dimensions|Emotional Vulnerability": 0.5556192705919454,
    "Positive High-Energy Emotions|Amusement": 0.5311195102448647,
    "Positive Low-Energy Emotions|Pride": 0.3392657739598126,
    "Negative High-Energy Emotions|Distress": 0.320744560635734,
    "Positive High-Energy Emotions|Pleasure/Ecstasy": 0.24950174868302566,
    "Negative Low-Energy Emotions|Emotional Numbness": 0.22224498802161485,
    "Extra Dimensions|Dominance": 0.16824911474403773,
    "Longing & Lust|Infatuation": 0.06750040379908939,
    "Negative Low-Energy Emotions|Helplessness": 0.02277421639488511,
    "Physical and Exhaustive States|Intoxication/Altered States of Consciousness": 0.0005227773631121205,
    "Negative Low-Energy Emotions|Jealousy & Envy": 0.0,
    "Positive Low-Energy Emotions|Relief": -0.0025112931121945813,
    "Extra Dimensions|Arousal": -0.004014858177729952,
    "Physical and Exhaustive States|Sourness": -0.006895406908550105,
    "Physical and Exhaustive States|Pain": -0.020670116004905786,
    "Positive High-Energy Emotions|Awe": -0.02181272824114059,
    "Negative High-Energy Emotions|Disgust": -0.04211659183650663,
    "Positive High-Energy Emotions|Astonishment/Surprise": -0.06598790340644099,
    "Positive High-Energy Emotions|Triumph": -0.06750263658355608,
    "Longing & Lust|Sexual Lust": -0.06792692228769648,
    "Negative High-Energy Emotions|Anger": -0.10951968230607306,
    "Positive High-Energy Emotions|Teasing": -0.11490890261590918,
    "Negative Low-Energy Emotions|Embarrassment": -0.11862205555696627,
    "Negative High-Energy Emotions|Fear": -0.12352729371438423,
    "Negative High-Energy Emotions|Impatience and Irritability": -0.12720525036173647,
    "Positive High-Energy Emotions|Elation": -0.15317177245277191,
    "Cognitive States and Processes|Confusion": -0.18780540754070213,
    "Negative Low-Energy Emotions|Doubt": -0.36061414945853576,
    "Negative Low-Energy Emotions|Contempt": -0.37841661543595595,
    "Positive Low-Energy Emotions|Thankfulness/Gratitude": -0.4809316135853386,
    "Negative High-Energy Emotions|Malevolence/Malice": -0.5262070360897115,
    "Negative Low-Energy Emotions|Shame": -0.6564458506911031,
    "Negative Low-Energy Emotions|Disappointment": -0.6960762594570662,
    "Negative Low-Energy Emotions|Bitterness": -1.827283510986047
  }
}