{
  "key": [
    "stance-detection-part-2",
    "emonet-m1",
    "mj_data_306_U3.png"
  ],
  "value": {
    "Positive Low-Energy Emotions|Contentment": 2.207350592548539,
    "Positive Low-Energy Emotions|Affection": 1.8117658021951935,
    "Positive High-Energy Emotions|Interest": 1.4126183232053733,
    "Positive Low-Energy Emotions|Pride": 1.3932415945011944,
    "Extra Dimensions|Valence": 1.3904957617249258,
    "Positive High-Energy Emotions|Hope/Enthusiasm/Optimism": 1.1886268599989105,
    "Positive High-Energy Emotions|Pleasure/Ecstasy": 1.0356862980146908,
    "Longing & Lust|Longing": 0.6518043646991472,
    "Positive High-Energy Emotions|Amusement": 0.5953386274094765,
    "Cognitive States and Processes|Concentration": 0.5468220984351722,
    "Extra Dimensions|Emotional Vulnerability": 0.38549116352102253,
    "Physical and Exhaustive States|Fatigue/Exhaustion": 0.3710787477306067,
    "Negative Low-Energy Emotions|Emotional Numbness": 0.32664705329871446,
    "Positive High-Energy Emotions|Triumph": 0.21812384284098013,
    "Longing & Lust|Infatuation": 0.1993830713405933,
    "Positive High-Energy Emotions|Awe": 0.17225662748510148,
    "Positive High-Energy Emotions|Astonishment/Surprise": 0.10171769208687566,
    "Extra Dimensions|Dominance": 0.0168132030886117,
    "Positive Low-Energy Emotions|Contemplation": 0.010993503000000349,
    "Positive Low-Energy Emotions|Relief": 0.0032382379780649707,
    "Negative Low-Energy Emotions|Jealousy & Envy": 0.0,
    "Physical and Exhaustive States|Intoxication/Altered States of Consciousness": -0.00777773566598639,
    "Physical and Exhaustive States|Sourness": -0.014637185997524104,
    "Physical and Exhaustive States|Pain": -0.020670116004905786,
    "Negative High-Energy Emotions|Disgust": -0.04229679157882383,
    "Longing & Lust|Sexual Lust": -0.07562003418421137,
    "Negative Low-Energy Emotions|Embarrassment": -0.12007903894443651,
    "Positive Low-Energy Emotions|Thankfulness/Gratitude": -0.12130892182736158,
    "Negative High-Energy Emotions|Fear": -0.12187374165902534,
    "Extra Dimensions|Arousal": -0.12220490830285202,
    "Positive High-Energy Emotions|Teasing": -0.13597292330921135,
    "Positive High-Energy Emotions|Elation": -0.1467833678006012,
    "Negative High-Energy Emotions|Anger": -0.17749985255601203,
    "Cognitive States and Processes|Confusion": -0.1873605557250016,
    "Negative Low-Energy Emotions|Helplessness": -0.19371979250384994,
    "Negative High-Energy Emotions|Impatience and Irritability": -0.3446630067618448,
    "Negative Low-Energy Emotions|Contempt": -0.3797919851635675,
    "Negative Low-Energy Emotions|Sadness": -0.46058647287263277,
    "Negative High-Energy Emotions|Malevolence/Malice": -0.5337246570108465,
    "Negative Low-Energy Emotions|Shame": -0.6562164808421365,
    "Negative High-Energy Emotions|Distress": -0.6956640094750639,
    "Negative Low-Energy Emotions|Disappointment": -0.7398203504015948,
    "Negative Low-Energy Emotions|Doubt": -0.9542572000993572,
    "Negative Low-Energy Emotions|Bitterness": -1.8305604197562506
  }
}