{
  "key": [
    "stance-detection-part-2",
    "emonet-m1",
    "mj_data_93_U4.png"
  ],
  "value": {
    "Positive Low-Energy Emotions|Contentment": 3.3969105290719765,
    "Positive Low-Energy Emotions|Affection": 3.1714459779764432,
    "Positive High-Energy Emotions|Pleasure/Ecstasy": 3.0869415241499447,
    "Positive High-Energy Emotions|Amusement": 2.6734811511750403,
    "Extra Dimensions|Valence": 2.1722372616257437,
    "Positive High-Energy Emotions|Elation": 1.3593810637713593,
    "Positive Low-Energy Emotions|Pride": 1.1706623537022443,
    "Positive High-Energy Emotions|Interest": 1.1309270104154563,
    "Extra Dimensions|Emotional Vulnerability": 1.058139354973049,
    "Extra Dimensions|Dominance": 0.7796211683672372,
    "Physical and Exhaustive States|Fatigue/Exhaustion": 0.7370343389323889,
    "Positive High-Energy Emotions|Hope/Enthusiasm/Optimism": 0.732046578741281,
    "Cognitive States and Processes|Concentration": 0.5911357676398841,
    "Positive High-Energy Emotions|Teasing": 0.19859002652704277,
    "Positive Low-Energy Emotions|Contemplation": 0.09506025161907994,
    "Negative High-Energy Emotions|Anger": 0.056747742515780575,
    "Extra Dimensions|Arousal": 0.04512297255652298,
    "Physical and Exhaustive States|Intoxication/Altered States of Consciousness": 0.03908728055601373,
    "Positive Low-Energy Emotions|Relief": 0.003698892475211577,
    "Negative Low-Energy Emotions|Jealousy & Envy": 0.0,
    "Positive High-Energy Emotions|Awe": -0.006993478730375514,
    "Physical and Exhaustive States|Sourness": -0.009519061810531458,
    "Physical and Exhaustive States|Pain": -0.020670116004905786,
    "Longing & Lust|Sexual Lust": -0.02190003677820551,
    "Negative High-Energy Emotions|Disgust": -0.03811690410524061,
    "Positive High-Energy Emotions|Astonishment/Surprise": -0.05418815069419124,
    "Positive High-Energy Emotions|Triumph": -0.0747372024972333,
    "Negative Low-Energy Emotions|Embarrassment": -0.1200935899283423,
    "Negative High-Energy Emotions|Fear": -0.12662858298669258,
    "Negative Low-Energy Emotions|Emotional Numbness": -0.1326386827852699,
    "Cognitive States and Processes|Confusion": -0.17858661045303276,
    "Negative High-Energy Emotions|Impatience and Irritability": -0.181751964190777,
    "Negative Low-Energy Emotions|Helplessness": -0.2126887471862001,
    "Negative Low-Energy Emotions|Contempt": -0.378359313020585,
    "Positive Low-Energy Emotions|Thankfulness/Gratitude": -0.4156788131132579,
    "Negative High-Energy Emotions|Malevolence/Malice": -0.537401876163297,
    "Negative High-Energy Emotions|Distress": -0.6388243273132559,
    "Negative Low-Energy Emotions|Shame": -0.6561329719408384,
    "Negative Low-Energy Emotions|Disappointment": -0.7364771519531752,
    "Longing & Lust|Longing": -0.8794157510220786,
    "Negative Low-Energy Emotions|Doubt": -0.9325994137672864,
    "Negative Low-Energy Emotions|Sadness": -0.9792005326524258,
    "Longing & Lust|Infatuation": -1.5885576543435727,
    "Negative Low-Energy Emotions|Bitterness": -1.8313104771555235
  }
}