{
  "key": [
    "stance-detection-part-2",
    "emonet-m1",
    "mj_data_124_U4.png"
  ],
  "value": {
    "Positive Low-Energy Emotions|Contentment": 3.1509479092904824,
    "Positive Low-Energy Emotions|Affection": 3.076589715769412,
    "Positive High-Energy Emotions|Amusement": 2.526981994223136,
    "Positive High-Energy Emotions|Pleasure/Ecstasy": 2.4169857937117123,
    "Positive Low-Energy Emotions|Contemplation": 2.0175839885728153,
    "Physical and Exhaustive States|Fatigue/Exhaustion": 1.5544934453777013,
    "Extra Dimensions|Valence": 1.5132484281983145,
    "Positive High-Energy Emotions|Interest": 0.930137081979177,
    "Positive High-Energy Emotions|Elation": 0.8775548775912445,
    "Extra Dimensions|Emotional Vulnerability": 0.6936271498491475,
    "Negative Low-Energy Emotions|Sadness": 0.5547259007655203,
    "Positive High-Energy Emotions|Hope/Enthusiasm/Optimism": 0.5076067193510222,
    "Positive Low-Energy Emotions|Pride": 0.3225360614735455,
    "Positive High-Energy Emotions|Teasing": 0.15974800410806694,
    "Extra Dimensions|Dominance": 0.14253191589531336,
    "Negative High-Energy Emotions|Impatience and Irritability": 0.08669466008824522,
    "Negative Low-Energy Emotions|Emotional Numbness": 0.034864078101876084,
    "Cognitive States and Processes|Concentration": 0.017809179962882116,
    "Positive Low-Energy Emotions|Relief": 0.004551119686210112,
    "Negative Low-Energy Emotions|Jealousy & Envy": 0.0,
    "Physical and Exhaustive States|Sourness": -0.0025126475758932443,
    "Physical and Exhaustive States|Intoxication/Altered States of Consciousness": -0.005223959759423585,
    "Positive High-Energy Emotions|Awe": -0.011110058620626674,
    "Negative High-Energy Emotions|Anger": -0.015029809850476139,
    "Physical and Exhaustive States|Pain": -0.020670116004905786,
    "Negative High-Energy Emotions|Disgust": -0.04400073191075971,
    "Positive High-Energy Emotions|Astonishment/Surprise": -0.05008037739020564,
    "Positive High-Energy Emotions|Triumph": -0.07487261400561467,
    "Negative Low-Energy Emotions|Embarrassment": -0.1171627140607371,
    "Negative High-Energy Emotions|Fear": -0.13151261738191047,
    "Negative Low-Energy Emotions|Helplessness": -0.1612123431153459,
    "Cognitive States and Processes|Confusion": -0.19396191169490745,
    "Positive Low-Energy Emotions|Thankfulness/Gratitude": -0.30393317247776747,
    "Negative Low-Energy Emotions|Disappointment": -0.31942426457305206,
    "Extra Dimensions|Arousal": -0.3695730056081499,
    "Negative Low-Energy Emotions|Contempt": -0.3727603805159311,
    "Negative High-Energy Emotions|Distress": -0.49107529076273404,
    "Negative High-Energy Emotions|Malevolence/Malice": -0.5254550042865804,
    "Negative Low-Energy Emotions|Shame": -0.6563210534661046,
    "Longing & Lust|Sexual Lust": -0.6685945777556835,
    "Longing & Lust|Longing": -0.8766007950126906,
    "Negative Low-Energy Emotions|Doubt": -0.8913240941239677,
    "Longing & Lust|Infatuation": -1.4523270216807995,
    "Negative Low-Energy Emotions|Bitterness": -1.8301077634573748
  }
}