{
  "key": [
    "stance-detection-part-2",
    "emonet-m1",
    "mj_data_113_U2.png"
  ],
  "value": {
    "Positive Low-Energy Emotions|Affection": 3.1970955255533475,
    "Positive Low-Energy Emotions|Contentment": 3.1343506383249062,
    "Positive High-Energy Emotions|Pleasure/Ecstasy": 2.5988316971083187,
    "Positive High-Energy Emotions|Amusement": 2.2608622756715,
    "Extra Dimensions|Valence": 1.9927271450485953,
    "Positive High-Energy Emotions|Elation": 1.6411399682284515,
    "Positive Low-Energy Emotions|Pride": 1.5839011175114484,
    "Positive Low-Energy Emotions|Contemplation": 1.5708207115189823,
    "Positive High-Energy Emotions|Interest": 1.30801026427593,
    "Positive High-Energy Emotions|Hope/Enthusiasm/Optimism": 1.1076410754682708,
    "Extra Dimensions|Dominance": 0.8615657532137337,
    "Physical and Exhaustive States|Fatigue/Exhaustion": 0.6180254401973425,
    "Negative High-Energy Emotions|Anger": 0.5171187301695128,
    "Extra Dimensions|Emotional Vulnerability": 0.48994281986257526,
    "Positive High-Energy Emotions|Triumph": 0.46317823684770926,
    "Cognitive States and Processes|Concentration": 0.44063332432628544,
    "Negative High-Energy Emotions|Impatience and Irritability": 0.40879363050145323,
    "Positive Low-Energy Emotions|Thankfulness/Gratitude": 0.3729083249434972,
    "Positive High-Energy Emotions|Teasing": 0.0521063518816189,
    "Positive Low-Energy Emotions|Relief": 0.0056068967591166065,
    "Negative Low-Energy Emotions|Jealousy & Envy": 0.0,
    "Physical and Exhaustive States|Intoxication/Altered States of Consciousness": -0.011623710468957276,
    "Physical and Exhaustive States|Sourness": -0.01283152288869842,
    "Positive High-Energy Emotions|Awe": -0.019054597809965358,
    "Physical and Exhaustive States|Pain": -0.020670116004905786,
    "Negative High-Energy Emotions|Disgust": -0.04261029710918119,
    "Positive High-Energy Emotions|Astonishment/Surprise": -0.0456675326130984,
    "Negative Low-Energy Emotions|Embarrassment": -0.12189980810542246,
    "Negative High-Energy Emotions|Fear": -0.13023937276254097,
    "Negative High-Energy Emotions|Distress": -0.15912254007990323,
    "Cognitive States and Processes|Confusion": -0.186877109901809,
    "Negative Low-Energy Emotions|Helplessness": -0.19520780755950637,
    "Negative Low-Energy Emotions|Emotional Numbness": -0.2674043673899147,
    "Extra Dimensions|Arousal": -0.27044595139367233,
    "Negative Low-Energy Emotions|Sadness": -0.34654383314027193,
    "Longing & Lust|Sexual Lust": -0.36635283514475214,
    "Negative Low-Energy Emotions|Contempt": -0.37086927414881987,
    "Negative High-Energy Emotions|Malevolence/Malice": -0.5360100108502439,
    "Negative Low-Energy Emotions|Shame": -0.6560095409660569,
    "Longing & Lust|Infatuation": -0.6840332237109814,
    "Negative Low-Energy Emotions|Disappointment": -0.7367976200511004,
    "Longing & Lust|Longing": -0.8544014473974486,
    "Negative Low-Energy Emotions|Doubt": -0.9247128317130886,
    "Negative Low-Energy Emotions|Bitterness": -1.830256994861441
  }
}