{
  "key": [
    "stance-detection-part-2",
    "emonet-m1",
    "mj_data_113_U1.png"
  ],
  "value": {
    "Positive Low-Energy Emotions|Affection": 2.1724444749857206,
    "Negative High-Energy Emotions|Anger": 1.7027246137678405,
    "Positive High-Energy Emotions|Interest": 1.49398438536968,
    "Positive Low-Energy Emotions|Contemplation": 1.4770142063157352,
    "Positive Low-Energy Emotions|Contentment": 1.4147344636270305,
    "Physical and Exhaustive States|Fatigue/Exhaustion": 1.3362083616069493,
    "Positive High-Energy Emotions|Hope/Enthusiasm/Optimism": 1.3037913783552337,
    "Cognitive States and Processes|Concentration": 1.2063291346442786,
    "Positive Low-Energy Emotions|Pride": 1.2049924833256573,
    "Extra Dimensions|Dominance": 0.9407462322634164,
    "Positive High-Energy Emotions|Pleasure/Ecstasy": 0.9381221967955135,
    "Negative High-Energy Emotions|Impatience and Irritability": 0.6139454864470404,
    "Negative High-Energy Emotions|Distress": 0.49146334973638095,
    "Extra Dimensions|Valence": 0.23024593243262842,
    "Negative Low-Energy Emotions|Sadness": 0.12910975563154814,
    "Positive Low-Energy Emotions|Relief": 0.0013630236993670032,
    "Negative Low-Energy Emotions|Jealousy & Envy": 0.0,
    "Negative Low-Energy Emotions|Emotional Numbness": -0.0052206415560218655,
    "Positive High-Energy Emotions|Awe": -0.007277777984792934,
    "Physical and Exhaustive States|Sourness": -0.009194365508117518,
    "Physical and Exhaustive States|Intoxication/Altered States of Consciousness": -0.013368591741273255,
    "Physical and Exhaustive States|Pain": -0.020670116004905786,
    "Negative High-Energy Emotions|Disgust": -0.04007842590957334,
    "Positive High-Energy Emotions|Triumph": -0.04930267774503365,
    "Positive High-Energy Emotions|Astonishment/Surprise": -0.04956220441085078,
    "Positive High-Energy Emotions|Amusement": -0.0943232330565269,
    "Positive High-Energy Emotions|Teasing": -0.11754348006904562,
    "Negative Low-Energy Emotions|Embarrassment": -0.12001965781707903,
    "Negative High-Energy Emotions|Fear": -0.13408635339389244,
    "Positive High-Energy Emotions|Elation": -0.15317162528015826,
    "Cognitive States and Processes|Confusion": -0.182632782356643,
    "Negative Low-Energy Emotions|Helplessness": -0.18482098295165725,
    "Negative Low-Energy Emotions|Contempt": -0.3737170052622537,
    "Positive Low-Energy Emotions|Thankfulness/Gratitude": -0.4796662963837242,
    "Extra Dimensions|Emotional Vulnerability": -0.5040273358533671,
    "Negative High-Energy Emotions|Malevolence/Malice": -0.5315958026168874,
    "Negative Low-Energy Emotions|Doubt": -0.5681144582105957,
    "Extra Dimensions|Arousal": -0.5924109305654253,
    "Negative Low-Energy Emotions|Shame": -0.6559715308978191,
    "Longing & Lust|Sexual Lust": -0.6800740747115551,
    "Negative Low-Energy Emotions|Disappointment": -0.7303968486120249,
    "Longing & Lust|Longing": -0.8729090546786566,
    "Longing & Lust|Infatuation": -1.630102017246214,
    "Negative Low-Energy Emotions|Bitterness": -1.8292346653074791
  }
}