{
  "key": [
    "stance-detection-part-2",
    "emonet-m1",
    "mj_data_225_U1.png"
  ],
  "value": {
    "Positive High-Energy Emotions|Amusement": 6.1656645980591955,
    "Positive High-Energy Emotions|Elation": 5.467683895421139,
    "Positive High-Energy Emotions|Pleasure/Ecstasy": 4.5273952919264335,
    "Extra Dimensions|Valence": 2.9034992302384146,
    "Extra Dimensions|Arousal": 1.9523080502237593,
    "Extra Dimensions|Emotional Vulnerability": 1.940315754204006,
    "Positive Low-Energy Emotions|Contentment": 1.2915118741342326,
    "Positive Low-Energy Emotions|Affection": 1.097599160959842,
    "Extra Dimensions|Dominance": 0.9095683538835946,
    "Physical and Exhaustive States|Fatigue/Exhaustion": 0.5906752528957068,
    "Negative High-Energy Emotions|Anger": 0.3507429143011352,
    "Negative High-Energy Emotions|Impatience and Irritability": 0.13832551469487364,
    "Positive Low-Energy Emotions|Relief": 0.013671345592582183,
    "Negative Low-Energy Emotions|Jealousy & Envy": 0.0,
    "Positive High-Energy Emotions|Awe": -0.006301751926595912,
    "Physical and Exhaustive States|Intoxication/Altered States of Consciousness": -0.008962273672768922,
    "Positive High-Energy Emotions|Hope/Enthusiasm/Optimism": -0.0090781704423738,
    "Physical and Exhaustive States|Sourness": -0.012688911325492701,
    "Physical and Exhaustive States|Pain": -0.020670116004905786,
    "Negative High-Energy Emotions|Disgust": -0.04098301580100706,
    "Positive High-Energy Emotions|Teasing": -0.04717935499608954,
    "Positive High-Energy Emotions|Astonishment/Surprise": -0.05749644689780452,
    "Positive High-Energy Emotions|Triumph": -0.0893386640865697,
    "Negative High-Energy Emotions|Fear": -0.11424127748856941,
    "Negative Low-Energy Emotions|Embarrassment": -0.11570153972168108,
    "Negative Low-Energy Emotions|Helplessness": -0.17287603332473464,
    "Cognitive States and Processes|Confusion": -0.1870306440161698,
    "Negative Low-Energy Emotions|Emotional Numbness": -0.33308969921135634,
    "Negative Low-Energy Emotions|Contempt": -0.37355594606149,
    "Positive Low-Energy Emotions|Thankfulness/Gratitude": -0.451000371007607,
    "Negative High-Energy Emotions|Malevolence/Malice": -0.5367912414787344,
    "Longing & Lust|Sexual Lust": -0.6064765615723072,
    "Negative Low-Energy Emotions|Shame": -0.656521644516193,
    "Negative High-Energy Emotions|Distress": -0.6807463377946135,
    "Negative Low-Energy Emotions|Disappointment": -0.7389569175173785,
    "Positive Low-Energy Emotions|Contemplation": -0.830277062986633,
    "Longing & Lust|Longing": -0.8722928097069045,
    "Negative Low-Energy Emotions|Doubt": -0.9348519915713154,
    "Positive Low-Energy Emotions|Pride": -0.9791752892058521,
    "Negative Low-Energy Emotions|Sadness": -0.9833823419101417,
    "Cognitive States and Processes|Concentration": -1.2261271203148278,
    "Positive High-Energy Emotions|Interest": -1.5706816474214578,
    "Longing & Lust|Infatuation": -1.639510468862978,
    "Negative Low-Energy Emotions|Bitterness": -1.8319019778177907
  }
}