{
  "key": [
    "stance-detection-part-2",
    "emonet-m1",
    "mj_data_114_U2.png"
  ],
  "value": {
    "Positive Low-Energy Emotions|Affection": 2.237927091410281,
    "Positive Low-Energy Emotions|Contentment": 1.9627917813607951,
    "Positive Low-Energy Emotions|Contemplation": 1.751317642595032,
    "Negative High-Energy Emotions|Anger": 1.339696921926715,
    "Positive High-Energy Emotions|Pleasure/Ecstasy": 1.2782273727674984,
    "Positive Low-Energy Emotions|Pride": 1.2485835058171124,
    "Positive High-Energy Emotions|Interest": 1.0813018521055198,
    "Negative High-Energy Emotions|Distress": 0.9933311208850626,
    "Physical and Exhaustive States|Fatigue/Exhaustion": 0.9710945071986853,
    "Extra Dimensions|Valence": 0.9229487026657828,
    "Positive High-Energy Emotions|Amusement": 0.8794423785920327,
    "Extra Dimensions|Dominance": 0.863878651849598,
    "Positive High-Energy Emotions|Hope/Enthusiasm/Optimism": 0.7911544784071135,
    "Cognitive States and Processes|Concentration": 0.7857010638129798,
    "Negative High-Energy Emotions|Impatience and Irritability": 0.6021710657088202,
    "Extra Dimensions|Emotional Vulnerability": 0.2548289606859395,
    "Negative Low-Energy Emotions|Sadness": 0.2519401465617239,
    "Positive High-Energy Emotions|Elation": 0.030779286217800905,
    "Positive High-Energy Emotions|Triumph": 0.01578371680338249,
    "Positive Low-Energy Emotions|Thankfulness/Gratitude": 0.01253610943408251,
    "Negative Low-Energy Emotions|Jealousy & Envy": 0.0,
    "Positive Low-Energy Emotions|Relief": -0.0012218956340909436,
    "Physical and Exhaustive States|Intoxication/Altered States of Consciousness": -0.0058137179171536876,
    "Physical and Exhaustive States|Sourness": -0.008470236129321894,
    "Positive High-Energy Emotions|Awe": -0.015558114841634975,
    "Physical and Exhaustive States|Pain": -0.020670116004905786,
    "Negative High-Energy Emotions|Disgust": -0.04076095869689634,
    "Positive High-Energy Emotions|Astonishment/Surprise": -0.054544020225822706,
    "Positive High-Energy Emotions|Teasing": -0.11368679133117636,
    "Negative Low-Energy Emotions|Emotional Numbness": -0.11689465230965346,
    "Negative Low-Energy Emotions|Embarrassment": -0.1184703654613032,
    "Negative High-Energy Emotions|Fear": -0.13434476933131614,
    "Cognitive States and Processes|Confusion": -0.18564897854795387,
    "Negative Low-Energy Emotions|Helplessness": -0.19053845419360824,
    "Negative Low-Energy Emotions|Contempt": -0.37170736015784545,
    "Extra Dimensions|Arousal": -0.40457285302025925,
    "Negative High-Energy Emotions|Malevolence/Malice": -0.5326237890241674,
    "Negative Low-Energy Emotions|Shame": -0.6559702689557305,
    "Longing & Lust|Sexual Lust": -0.6648472784421383,
    "Negative Low-Energy Emotions|Doubt": -0.674130468256601,
    "Negative Low-Energy Emotions|Disappointment": -0.7317925975402142,
    "Longing & Lust|Longing": -0.8719030176818152,
    "Longing & Lust|Infatuation": -1.6281005454287205,
    "Negative Low-Energy Emotions|Bitterness": -1.8278958891064694
  }
}