{
  "key": [
    "stance-detection-part-2",
    "emonet-m1",
    "mj_data_78_U3.png"
  ],
  "value": {
    "Positive Low-Energy Emotions|Contentment": 2.616341929371049,
    "Positive High-Energy Emotions|Amusement": 2.5089456287141028,
    "Positive Low-Energy Emotions|Affection": 2.4363554838205594,
    "Positive High-Energy Emotions|Pleasure/Ecstasy": 1.9742296177168392,
    "Extra Dimensions|Valence": 1.5517672146286734,
    "Positive High-Energy Emotions|Elation": 1.1685890992404144,
    "Positive High-Energy Emotions|Hope/Enthusiasm/Optimism": 1.0778628333570648,
    "Extra Dimensions|Emotional Vulnerability": 0.8190641711046407,
    "Physical and Exhaustive States|Fatigue/Exhaustion": 0.6347639741710364,
    "Positive Low-Energy Emotions|Pride": 0.6246220571476788,
    "Extra Dimensions|Dominance": 0.3731978976648751,
    "Extra Dimensions|Arousal": 0.3392549668039595,
    "Positive Low-Energy Emotions|Contemplation": 0.2998340353028568,
    "Positive High-Energy Emotions|Interest": 0.21828190886821508,
    "Positive Low-Energy Emotions|Thankfulness/Gratitude": 0.2019955227241063,
    "Positive High-Energy Emotions|Teasing": 0.17873250070154229,
    "Cognitive States and Processes|Concentration": 0.0709691321265784,
    "Positive Low-Energy Emotions|Relief": 0.006499379457080321,
    "Negative Low-Energy Emotions|Jealousy & Envy": 0.0,
    "Physical and Exhaustive States|Intoxication/Altered States of Consciousness": -0.007642075494477601,
    "Physical and Exhaustive States|Sourness": -0.009498788780727229,
    "Positive High-Energy Emotions|Awe": -0.01774153728788589,
    "Physical and Exhaustive States|Pain": -0.020670116004905786,
    "Negative High-Energy Emotions|Disgust": -0.043107675518090034,
    "Positive High-Energy Emotions|Astonishment/Surprise": -0.06088351063948848,
    "Positive High-Energy Emotions|Triumph": -0.07501422067176237,
    "Negative Low-Energy Emotions|Embarrassment": -0.12030785372514864,
    "Negative High-Energy Emotions|Anger": -0.12313014962079322,
    "Negative High-Energy Emotions|Fear": -0.12579542181144157,
    "Negative Low-Energy Emotions|Emotional Numbness": -0.12907742446922987,
    "Cognitive States and Processes|Confusion": -0.16736117829551628,
    "Negative Low-Energy Emotions|Helplessness": -0.18238950087501235,
    "Negative High-Energy Emotions|Impatience and Irritability": -0.19777348409014528,
    "Negative Low-Energy Emotions|Contempt": -0.3751900521014909,
    "Negative High-Energy Emotions|Malevolence/Malice": -0.5342800232885412,
    "Longing & Lust|Sexual Lust": -0.544080206598991,
    "Negative High-Energy Emotions|Distress": -0.5467044994467016,
    "Negative Low-Energy Emotions|Shame": -0.6560857278092733,
    "Negative Low-Energy Emotions|Disappointment": -0.73888129784961,
    "Longing & Lust|Longing": -0.8821968143403311,
    "Negative Low-Energy Emotions|Doubt": -0.9010499851776443,
    "Negative Low-Energy Emotions|Sadness": -0.9577887910343588,
    "Longing & Lust|Infatuation": -1.1900963869914685,
    "Negative Low-Energy Emotions|Bitterness": -1.8302011536911895
  }
}