{
  "key": [
    "stance-detection-part-2",
    "emonet-m1",
    "mj_data_82_U1.png"
  ],
  "value": {
    "Negative High-Energy Emotions|Distress": 2.6029110416538,
    "Negative High-Energy Emotions|Anger": 2.2745603700697203,
    "Positive Low-Energy Emotions|Contemplation": 2.183744095231751,
    "Physical and Exhaustive States|Fatigue/Exhaustion": 1.8126113595775304,
    "Cognitive States and Processes|Concentration": 1.3651073252570716,
    "Negative High-Energy Emotions|Impatience and Irritability": 1.3107539438216131,
    "Negative Low-Energy Emotions|Sadness": 1.1435288344584524,
    "Negative Low-Energy Emotions|Doubt": 1.0792404128240265,
    "Negative Low-Energy Emotions|Bitterness": 0.9264088831364343,
    "Negative Low-Energy Emotions|Helplessness": 0.7650170146040755,
    "Negative Low-Energy Emotions|Disappointment": 0.7574891518125986,
    "Positive High-Energy Emotions|Interest": 0.6684736450895286,
    "Extra Dimensions|Emotional Vulnerability": 0.2825830290605733,
    "Cognitive States and Processes|Confusion": 0.26115322778949807,
    "Negative Low-Energy Emotions|Emotional Numbness": 0.17328179889655382,
    "Positive High-Energy Emotions|Hope/Enthusiasm/Optimism": 0.13585433802625413,
    "Extra Dimensions|Arousal": 0.036467901297978056,
    "Negative High-Energy Emotions|Fear": 0.008172208753724902,
    "Negative Low-Energy Emotions|Jealousy & Envy": 0.0,
    "Physical and Exhaustive States|Sourness": -0.006122200555362544,
    "Physical and Exhaustive States|Intoxication/Altered States of Consciousness": -0.006603911594102235,
    "Positive Low-Energy Emotions|Relief": -0.006724186657822175,
    "Positive High-Energy Emotions|Awe": -0.0202948214561293,
    "Physical and Exhaustive States|Pain": -0.020670116004905786,
    "Negative High-Energy Emotions|Disgust": -0.0352303554668968,
    "Positive High-Energy Emotions|Pleasure/Ecstasy": -0.05585866253574567,
    "Positive High-Energy Emotions|Astonishment/Surprise": -0.05615359895449855,
    "Positive High-Energy Emotions|Triumph": -0.07528591168116465,
    "Negative Low-Energy Emotions|Embarrassment": -0.11948974644799372,
    "Positive High-Energy Emotions|Teasing": -0.1219843390291973,
    "Positive High-Energy Emotions|Elation": -0.15317489615961888,
    "Extra Dimensions|Dominance": -0.2079332849461135,
    "Positive Low-Energy Emotions|Affection": -0.2690186378453949,
    "Negative Low-Energy Emotions|Contempt": -0.3547982674931268,
    "Negative High-Energy Emotions|Malevolence/Malice": -0.40650231273155724,
    "Positive Low-Energy Emotions|Thankfulness/Gratitude": -0.48206648136524916,
    "Positive High-Energy Emotions|Amusement": -0.5263905677084739,
    "Negative Low-Energy Emotions|Shame": -0.658584027624034,
    "Longing & Lust|Sexual Lust": -0.6985233364961086,
    "Longing & Lust|Longing": -0.8871706505834838,
    "Positive Low-Energy Emotions|Pride": -1.1067365454953342,
    "Positive Low-Energy Emotions|Contentment": -1.1715311003378133,
    "Extra Dimensions|Valence": -1.564710036424183,
    "Longing & Lust|Infatuation": -1.6380936813578282
  }
}