{
  "key": [
    "stance-detection-part-2",
    "emonet-m1",
    "mj_data_344_U2.png"
  ],
  "value": {
    "Positive Low-Energy Emotions|Affection": 2.2150212648416776,
    "Positive Low-Energy Emotions|Contentment": 1.9858521031686565,
    "Positive Low-Energy Emotions|Contemplation": 1.9205800518052372,
    "Cognitive States and Processes|Concentration": 1.516473082245597,
    "Physical and Exhaustive States|Fatigue/Exhaustion": 1.4100651922038732,
    "Positive High-Energy Emotions|Pleasure/Ecstasy": 1.3487699466963314,
    "Extra Dimensions|Valence": 1.3079534615006216,
    "Negative Low-Energy Emotions|Sadness": 1.2956143771372854,
    "Positive High-Energy Emotions|Hope/Enthusiasm/Optimism": 1.294669721937387,
    "Positive High-Energy Emotions|Interest": 1.0923577984556174,
    "Longing & Lust|Longing": 0.9230093131244401,
    "Extra Dimensions|Emotional Vulnerability": 0.7624769518663594,
    "Negative Low-Energy Emotions|Helplessness": 0.5840863405279951,
    "Negative High-Energy Emotions|Distress": 0.4925153717166666,
    "Positive Low-Energy Emotions|Pride": 0.39221222228592345,
    "Negative High-Energy Emotions|Impatience and Irritability": 0.28593635787648375,
    "Negative High-Energy Emotions|Anger": 0.26560715637800897,
    "Negative Low-Energy Emotions|Emotional Numbness": 0.08078480773902208,
    "Positive High-Energy Emotions|Awe": 0.010848545834367528,
    "Positive High-Energy Emotions|Amusement": 0.0027750578637306678,
    "Positive Low-Energy Emotions|Relief": 0.0012652795325159595,
    "Negative Low-Energy Emotions|Jealousy & Envy": 0.0,
    "Extra Dimensions|Dominance": -0.00820474386993017,
    "Physical and Exhaustive States|Sourness": -0.011042712993182978,
    "Physical and Exhaustive States|Intoxication/Altered States of Consciousness": -0.016863852814385745,
    "Physical and Exhaustive States|Pain": -0.020670116004905786,
    "Positive High-Energy Emotions|Astonishment/Surprise": -0.03752553813678004,
    "Negative High-Energy Emotions|Disgust": -0.04072503199725797,
    "Positive High-Energy Emotions|Triumph": -0.0747189606819643,
    "Negative Low-Energy Emotions|Embarrassment": -0.11998066892881533,
    "Negative High-Energy Emotions|Fear": -0.12197384765992561,
    "Positive High-Energy Emotions|Teasing": -0.12218095240056952,
    "Positive High-Energy Emotions|Elation": -0.15317138216040105,
    "Cognitive States and Processes|Confusion": -0.18022918780317237,
    "Negative Low-Energy Emotions|Contempt": -0.379324692199109,
    "Extra Dimensions|Arousal": -0.44133366005761276,
    "Positive Low-Energy Emotions|Thankfulness/Gratitude": -0.4810584196731305,
    "Negative High-Energy Emotions|Malevolence/Malice": -0.5302291053650907,
    "Negative Low-Energy Emotions|Shame": -0.6572734900548092,
    "Longing & Lust|Sexual Lust": -0.6679354844949185,
    "Negative Low-Energy Emotions|Disappointment": -0.7283187531610276,
    "Negative Low-Energy Emotions|Doubt": -0.8870270015670143,
    "Longing & Lust|Infatuation": -1.6273640778884564,
    "Negative Low-Energy Emotions|Bitterness": -1.8306859033659866
  }
}