{
  "key": [
    "stance-detection-part-2",
    "emonet-m1",
    "mj_data_77_U2.png"
  ],
  "value": {
    "Positive Low-Energy Emotions|Contemplation": 2.5742598995225223,
    "Positive Low-Energy Emotions|Affection": 2.1560379388834257,
    "Physical and Exhaustive States|Fatigue/Exhaustion": 2.0734784784129796,
    "Negative High-Energy Emotions|Distress": 1.6518688663608316,
    "Positive High-Energy Emotions|Interest": 1.4512700279935813,
    "Cognitive States and Processes|Concentration": 1.410872725189933,
    "Negative High-Energy Emotions|Anger": 1.2753837486326476,
    "Positive Low-Energy Emotions|Contentment": 1.2017994927713176,
    "Positive High-Energy Emotions|Pleasure/Ecstasy": 1.1776435810347103,
    "Negative Low-Energy Emotions|Sadness": 0.9101557885371268,
    "Extra Dimensions|Dominance": 0.8240746700685921,
    "Negative High-Energy Emotions|Impatience and Irritability": 0.7776392721144598,
    "Positive Low-Energy Emotions|Pride": 0.7252808315235943,
    "Negative Low-Energy Emotions|Disappointment": 0.4523673723707651,
    "Negative Low-Energy Emotions|Helplessness": 0.4474378644041853,
    "Negative Low-Energy Emotions|Doubt": 0.34386667739617005,
    "Extra Dimensions|Emotional Vulnerability": 0.2803960154344747,
    "Negative Low-Energy Emotions|Emotional Numbness": 0.2673810821149376,
    "Positive High-Energy Emotions|Hope/Enthusiasm/Optimism": 0.1281690343382048,
    "Extra Dimensions|Arousal": 0.03332530600684036,
    "Positive High-Energy Emotions|Awe": 0.008119025632684483,
    "Negative Low-Energy Emotions|Jealousy & Envy": 0.0,
    "Physical and Exhaustive States|Intoxication/Altered States of Consciousness": -0.0003098995244000865,
    "Positive Low-Energy Emotions|Relief": -0.006374516009247346,
    "Physical and Exhaustive States|Sourness": -0.006592287487544856,
    "Physical and Exhaustive States|Pain": -0.020670116004905786,
    "Negative High-Energy Emotions|Disgust": -0.043074080850178505,
    "Positive High-Energy Emotions|Astonishment/Surprise": -0.07211883716803767,
    "Positive High-Energy Emotions|Triumph": -0.07540644717406168,
    "Positive High-Energy Emotions|Teasing": -0.11668741580903967,
    "Negative Low-Energy Emotions|Embarrassment": -0.11997866099734446,
    "Negative High-Energy Emotions|Fear": -0.13280001810441414,
    "Positive High-Energy Emotions|Elation": -0.15317225634579001,
    "Cognitive States and Processes|Confusion": -0.16111631770601204,
    "Negative Low-Energy Emotions|Contempt": -0.3769141611551027,
    "Positive High-Energy Emotions|Amusement": -0.46076313434885097,
    "Positive Low-Energy Emotions|Thankfulness/Gratitude": -0.4818304944693899,
    "Negative High-Energy Emotions|Malevolence/Malice": -0.5289403039334348,
    "Longing & Lust|Sexual Lust": -0.6544925658366619,
    "Negative Low-Energy Emotions|Shame": -0.6562858047693005,
    "Longing & Lust|Longing": -0.8733322998106261,
    "Extra Dimensions|Valence": -1.1483767186675302,
    "Longing & Lust|Infatuation": -1.636065327845541,
    "Negative Low-Energy Emotions|Bitterness": -1.8278744463355114
  }
}