{
  "key": [
    "stance-detection-part-2",
    "emonet-m1",
    "mj_data_252_U3.png"
  ],
  "value": {
    "Positive Low-Energy Emotions|Contemplation": 2.2100514396683963,
    "Positive Low-Energy Emotions|Contentment": 2.059148173267533,
    "Positive Low-Energy Emotions|Affection": 1.7899009111429474,
    "Physical and Exhaustive States|Fatigue/Exhaustion": 1.3078396501353917,
    "Positive High-Energy Emotions|Hope/Enthusiasm/Optimism": 0.9230055554868865,
    "Positive High-Energy Emotions|Pleasure/Ecstasy": 0.8185761410017512,
    "Positive High-Energy Emotions|Interest": 0.7944485386594748,
    "Extra Dimensions|Emotional Vulnerability": 0.7800460169603536,
    "Cognitive States and Processes|Concentration": 0.6849320208442298,
    "Negative Low-Energy Emotions|Sadness": 0.6068313275538504,
    "Extra Dimensions|Valence": 0.43373368630073145,
    "Negative High-Energy Emotions|Impatience and Irritability": 0.3513736151663702,
    "Negative High-Energy Emotions|Distress": 0.33694557992284335,
    "Negative High-Energy Emotions|Anger": 0.3038391252577087,
    "Positive Low-Energy Emotions|Pride": 0.21734089679306456,
    "Positive High-Energy Emotions|Awe": 0.1842124251573732,
    "Negative Low-Energy Emotions|Jealousy & Envy": 0.0,
    "Positive Low-Energy Emotions|Relief": -0.0020152409066319897,
    "Physical and Exhaustive States|Sourness": -0.005834406978645167,
    "Physical and Exhaustive States|Intoxication/Altered States of Consciousness": -0.017333433107087466,
    "Physical and Exhaustive States|Pain": -0.020670116004905786,
    "Negative Low-Energy Emotions|Disappointment": -0.03761791481871857,
    "Positive High-Energy Emotions|Astonishment/Surprise": -0.04046045594435908,
    "Negative High-Energy Emotions|Disgust": -0.04217695644050291,
    "Positive High-Energy Emotions|Triumph": -0.07492808450948134,
    "Negative Low-Energy Emotions|Emotional Numbness": -0.09102587884926527,
    "Negative Low-Energy Emotions|Embarrassment": -0.11931464290280482,
    "Positive High-Energy Emotions|Teasing": -0.12342014786661108,
    "Cognitive States and Processes|Confusion": -0.127451159851455,
    "Negative High-Energy Emotions|Fear": -0.13202947905908027,
    "Extra Dimensions|Dominance": -0.1364690518456992,
    "Positive High-Energy Emotions|Elation": -0.15317274397137437,
    "Negative Low-Energy Emotions|Helplessness": -0.17099115564300246,
    "Negative Low-Energy Emotions|Doubt": -0.3201698349787079,
    "Longing & Lust|Longing": -0.32337173126337726,
    "Negative Low-Energy Emotions|Contempt": -0.3700830590819101,
    "Positive High-Energy Emotions|Amusement": -0.42440199880645824,
    "Positive Low-Energy Emotions|Thankfulness/Gratitude": -0.4803697420194602,
    "Extra Dimensions|Arousal": -0.5112129534993852,
    "Negative High-Energy Emotions|Malevolence/Malice": -0.5265971857426694,
    "Negative Low-Energy Emotions|Shame": -0.657884052096211,
    "Longing & Lust|Sexual Lust": -0.6734820543191372,
    "Longing & Lust|Infatuation": -1.6302307707295094,
    "Negative Low-Energy Emotions|Bitterness": -1.8304368742287924
  }
}