{
  "key": [
    "stance-detection-part-2",
    "emonet-m1",
    "mj_data_365_U3.png"
  ],
  "value": {
    "Longing & Lust|Longing": 2.0396010050952653,
    "Positive Low-Energy Emotions|Contemplation": 1.8735476955430301,
    "Cognitive States and Processes|Concentration": 1.78572752827526,
    "Physical and Exhaustive States|Fatigue/Exhaustion": 1.5376932802013097,
    "Positive Low-Energy Emotions|Affection": 1.483292234232547,
    "Positive High-Energy Emotions|Hope/Enthusiasm/Optimism": 1.429642055845468,
    "Negative Low-Energy Emotions|Sadness": 1.419721261139971,
    "Negative High-Energy Emotions|Distress": 1.360985563672233,
    "Positive High-Energy Emotions|Interest": 1.2876884182676291,
    "Positive Low-Energy Emotions|Contentment": 0.9441975163766643,
    "Negative High-Energy Emotions|Fear": 0.9422674871360263,
    "Negative Low-Energy Emotions|Helplessness": 0.6923817215971785,
    "Negative High-Energy Emotions|Impatience and Irritability": 0.5094534777609747,
    "Negative High-Energy Emotions|Anger": 0.32892368040678704,
    "Positive High-Energy Emotions|Pleasure/Ecstasy": 0.2546806472559474,
    "Extra Dimensions|Emotional Vulnerability": 0.2524133036424825,
    "Negative Low-Energy Emotions|Emotional Numbness": 0.2147588830564049,
    "Positive High-Energy Emotions|Astonishment/Surprise": 0.14376504368561527,
    "Positive High-Energy Emotions|Awe": 0.0062647549360444685,
    "Negative Low-Energy Emotions|Jealousy & Envy": 0.0,
    "Positive Low-Energy Emotions|Relief": -0.00456229638949637,
    "Physical and Exhaustive States|Intoxication/Altered States of Consciousness": -0.009013041928956361,
    "Physical and Exhaustive States|Sourness": -0.010641514129199824,
    "Extra Dimensions|Valence": -0.016549826172374923,
    "Physical and Exhaustive States|Pain": -0.020670116004905786,
    "Negative High-Energy Emotions|Disgust": -0.03872088542133024,
    "Positive High-Energy Emotions|Triumph": -0.0717073549796237,
    "Positive High-Energy Emotions|Teasing": -0.11868861195505102,
    "Negative Low-Energy Emotions|Embarrassment": -0.11914576059241434,
    "Positive High-Energy Emotions|Elation": -0.15317272391656145,
    "Cognitive States and Processes|Confusion": -0.1787863158153527,
    "Extra Dimensions|Dominance": -0.19716645092549887,
    "Positive Low-Energy Emotions|Pride": -0.21282618217879823,
    "Extra Dimensions|Arousal": -0.26312554734093796,
    "Negative Low-Energy Emotions|Disappointment": -0.35158961310286774,
    "Negative Low-Energy Emotions|Contempt": -0.37311138481843276,
    "Positive Low-Energy Emotions|Thankfulness/Gratitude": -0.4812969723626828,
    "Negative Low-Energy Emotions|Doubt": -0.49969580639136657,
    "Positive High-Energy Emotions|Amusement": -0.5192855673913772,
    "Negative High-Energy Emotions|Malevolence/Malice": -0.5309571239469579,
    "Negative Low-Energy Emotions|Shame": -0.6561408509298197,
    "Longing & Lust|Sexual Lust": -0.6814684806725918,
    "Longing & Lust|Infatuation": -1.5947614063546334,
    "Negative Low-Energy Emotions|Bitterness": -1.8294433970481923
  }
}