{
  "key": [
    "stance-detection-part-2",
    "emonet-m1",
    "mj_data_64_U4.png"
  ],
  "value": {
    "Negative High-Energy Emotions|Anger": 3.219602503401019,
    "Positive High-Energy Emotions|Astonishment/Surprise": 3.0205783510901334,
    "Negative High-Energy Emotions|Fear": 2.8213477826987705,
    "Extra Dimensions|Arousal": 2.1645296726908003,
    "Cognitive States and Processes|Concentration": 2.0007438933265296,
    "Positive High-Energy Emotions|Interest": 1.9353892048582053,
    "Extra Dimensions|Dominance": 1.5083835565966073,
    "Negative High-Energy Emotions|Distress": 1.4155848487979654,
    "Negative High-Energy Emotions|Impatience and Irritability": 0.9533652090041083,
    "Negative High-Energy Emotions|Malevolence/Malice": 0.8791845378162333,
    "Physical and Exhaustive States|Fatigue/Exhaustion": 0.6207577171138464,
    "Longing & Lust|Sexual Lust": 0.5590105862953724,
    "Positive High-Energy Emotions|Pleasure/Ecstasy": 0.32202659428315383,
    "Positive High-Energy Emotions|Teasing": 0.2649260026508526,
    "Positive Low-Energy Emotions|Contemplation": 0.2565816864030155,
    "Positive High-Energy Emotions|Awe": 0.20616801957780626,
    "Negative Low-Energy Emotions|Contempt": 0.20607234268439012,
    "Physical and Exhaustive States|Intoxication/Altered States of Consciousness": 0.07751256219988123,
    "Negative Low-Energy Emotions|Jealousy & Envy": 0.0,
    "Positive Low-Energy Emotions|Relief": -0.0015132729400754406,
    "Cognitive States and Processes|Confusion": -0.012005367176436688,
    "Physical and Exhaustive States|Sourness": -0.019233322507896264,
    "Physical and Exhaustive States|Pain": -0.020670116004905786,
    "Negative Low-Energy Emotions|Emotional Numbness": -0.051920284691092666,
    "Negative High-Energy Emotions|Disgust": -0.059711078311497474,
    "Positive High-Energy Emotions|Triumph": -0.075687375040759,
    "Negative Low-Energy Emotions|Embarrassment": -0.12091499408741137,
    "Positive High-Energy Emotions|Elation": -0.15317186785149017,
    "Positive High-Energy Emotions|Hope/Enthusiasm/Optimism": -0.16176840224245315,
    "Negative Low-Energy Emotions|Helplessness": -0.1634319008774919,
    "Positive High-Energy Emotions|Amusement": -0.33327601878688884,
    "Positive Low-Energy Emotions|Thankfulness/Gratitude": -0.4806396970435834,
    "Extra Dimensions|Emotional Vulnerability": -0.5441543748090556,
    "Negative Low-Energy Emotions|Shame": -0.655912072470688,
    "Negative Low-Energy Emotions|Disappointment": -0.7420749482442881,
    "Positive Low-Energy Emotions|Contentment": -0.8549169493368367,
    "Longing & Lust|Longing": -0.8685358320891639,
    "Negative Low-Energy Emotions|Doubt": -0.9351336831225239,
    "Negative Low-Energy Emotions|Sadness": -0.9846404672060043,
    "Positive Low-Energy Emotions|Affection": -1.0505956885312775,
    "Positive Low-Energy Emotions|Pride": -1.102735121778789,
    "Longing & Lust|Infatuation": -1.6271983695254002,
    "Negative Low-Energy Emotions|Bitterness": -1.8299613418535163,
    "Extra Dimensions|Valence": -1.9786225711379282
  }
}