{
  "key": [
    "stance-detection-part-2",
    "emonet-m1",
    "mj_data_137_U3.png"
  ],
  "value": {
    "Positive Low-Energy Emotions|Contemplation": 2.7594410404221805,
    "Physical and Exhaustive States|Pain": 2.227879221902301,
    "Negative High-Energy Emotions|Distress": 1.9607913955814127,
    "Physical and Exhaustive States|Fatigue/Exhaustion": 1.8330958070567784,
    "Negative Low-Energy Emotions|Sadness": 1.8256746684275686,
    "Cognitive States and Processes|Concentration": 1.8129120146644202,
    "Positive Low-Energy Emotions|Pride": 1.402247856326756,
    "Negative Low-Energy Emotions|Disappointment": 1.240780539370582,
    "Negative High-Energy Emotions|Anger": 0.9396843095838805,
    "Positive High-Energy Emotions|Interest": 0.764309330819509,
    "Negative Low-Energy Emotions|Helplessness": 0.6911014734320479,
    "Negative Low-Energy Emotions|Emotional Numbness": 0.5587437253568199,
    "Positive Low-Energy Emotions|Affection": 0.3988417509104034,
    "Positive High-Energy Emotions|Hope/Enthusiasm/Optimism": 0.37100312552472825,
    "Extra Dimensions|Dominance": 0.36427889703926475,
    "Longing & Lust|Longing": 0.3399957785785417,
    "Positive Low-Energy Emotions|Contentment": 0.31499562733857833,
    "Negative High-Energy Emotions|Impatience and Irritability": 0.206853570839588,
    "Positive Low-Energy Emotions|Relief": 0.0003929655562281177,
    "Positive High-Energy Emotions|Awe": 0.0003506926744630476,
    "Negative Low-Energy Emotions|Jealousy & Envy": 0.0,
    "Physical and Exhaustive States|Sourness": -0.012967890865363917,
    "Physical and Exhaustive States|Intoxication/Altered States of Consciousness": -0.01847901947850928,
    "Negative High-Energy Emotions|Disgust": -0.03912887921481779,
    "Positive High-Energy Emotions|Astonishment/Surprise": -0.052178401281654616,
    "Positive High-Energy Emotions|Pleasure/Ecstasy": -0.05585866253574567,
    "Positive High-Energy Emotions|Triumph": -0.07530878682624235,
    "Positive High-Energy Emotions|Teasing": -0.11843627569139441,
    "Negative Low-Energy Emotions|Embarrassment": -0.11904323315282007,
    "Negative High-Energy Emotions|Fear": -0.13021851113686958,
    "Positive High-Energy Emotions|Elation": -0.15317416669939332,
    "Cognitive States and Processes|Confusion": -0.18952913661470344,
    "Extra Dimensions|Emotional Vulnerability": -0.26930305263498333,
    "Extra Dimensions|Arousal": -0.36436427491051804,
    "Negative Low-Energy Emotions|Contempt": -0.3779250931833963,
    "Positive Low-Energy Emotions|Thankfulness/Gratitude": -0.48088207840023994,
    "Positive High-Energy Emotions|Amusement": -0.5261230061833675,
    "Negative High-Energy Emotions|Malevolence/Malice": -0.5301219362137846,
    "Negative Low-Energy Emotions|Bitterness": -0.5560470857203772,
    "Negative Low-Energy Emotions|Shame": -0.6570033171012035,
    "Longing & Lust|Sexual Lust": -0.6710897771975933,
    "Negative Low-Energy Emotions|Doubt": -0.906072313524612,
    "Extra Dimensions|Valence": -1.4648322021041147,
    "Longing & Lust|Infatuation": -1.6311940637454663
  }
}