{
  "key": [
    "stance-detection-part-2",
    "emonet-m1",
    "mj_data_1_U2.png"
  ],
  "value": {
    "Positive Low-Energy Emotions|Contentment": 1.5846284436532756,
    "Positive High-Energy Emotions|Amusement": 1.4015317407365029,
    "Cognitive States and Processes|Confusion": 1.2648475534749992,
    "Extra Dimensions|Valence": 0.95854090103767,
    "Positive Low-Energy Emotions|Affection": 0.9281977537180206,
    "Positive Low-Energy Emotions|Thankfulness/Gratitude": 0.8829521844253088,
    "Extra Dimensions|Emotional Vulnerability": 0.8108334849168966,
    "Negative Low-Energy Emotions|Embarrassment": 0.7672362231646047,
    "Positive High-Energy Emotions|Teasing": 0.7156903010898785,
    "Positive Low-Energy Emotions|Pride": 0.5838279230076642,
    "Positive High-Energy Emotions|Astonishment/Surprise": 0.3771977687575223,
    "Extra Dimensions|Arousal": 0.34313999755041946,
    "Physical and Exhaustive States|Fatigue/Exhaustion": 0.3026563110164343,
    "Positive High-Energy Emotions|Pleasure/Ecstasy": 0.2954198855181239,
    "Longing & Lust|Infatuation": 0.11693601933864017,
    "Physical and Exhaustive States|Intoxication/Altered States of Consciousness": 0.01559824489002481,
    "Positive High-Energy Emotions|Awe": 0.013831192061250462,
    "Positive Low-Energy Emotions|Relief": 0.0008725221763491199,
    "Negative Low-Energy Emotions|Jealousy & Envy": 0.0,
    "Physical and Exhaustive States|Sourness": -0.006958304709949336,
    "Physical and Exhaustive States|Pain": -0.020670116004905786,
    "Negative High-Energy Emotions|Disgust": -0.04276741495280912,
    "Positive High-Energy Emotions|Triumph": -0.07067985099743739,
    "Positive High-Energy Emotions|Interest": -0.07310755646381617,
    "Negative High-Energy Emotions|Fear": -0.1285501547778646,
    "Positive High-Energy Emotions|Elation": -0.14571351052735038,
    "Positive High-Energy Emotions|Hope/Enthusiasm/Optimism": -0.14734705843904738,
    "Negative Low-Energy Emotions|Helplessness": -0.23231193735076613,
    "Extra Dimensions|Dominance": -0.2738873592096862,
    "Longing & Lust|Sexual Lust": -0.3149654059073864,
    "Negative Low-Energy Emotions|Contempt": -0.37123989583003325,
    "Negative High-Energy Emotions|Impatience and Irritability": -0.4410248822959024,
    "Negative High-Energy Emotions|Malevolence/Malice": -0.5374501633761457,
    "Negative Low-Energy Emotions|Shame": -0.6563102706133357,
    "Negative Low-Energy Emotions|Disappointment": -0.7377743986179377,
    "Negative High-Energy Emotions|Distress": -0.7401416585081335,
    "Negative Low-Energy Emotions|Emotional Numbness": -0.7491547960665199,
    "Negative High-Energy Emotions|Anger": -0.7754287640035371,
    "Longing & Lust|Longing": -0.8765935903012534,
    "Negative Low-Energy Emotions|Doubt": -0.9339165208859526,
    "Negative Low-Energy Emotions|Sadness": -0.9831400294713557,
    "Cognitive States and Processes|Concentration": -1.4302223051178369,
    "Positive Low-Energy Emotions|Contemplation": -1.5680788234217373,
    "Negative Low-Energy Emotions|Bitterness": -1.831380553591328
  }
}