{
  "key": [
    "stance-detection-part-2",
    "emonet-m1",
    "mj_data_65_U1.png"
  ],
  "value": {
    "Positive High-Energy Emotions|Amusement": 3.6370200362916174,
    "Positive High-Energy Emotions|Elation": 2.370252235722653,
    "Positive High-Energy Emotions|Pleasure/Ecstasy": 2.3360515075941586,
    "Positive High-Energy Emotions|Astonishment/Surprise": 2.1949414873816373,
    "Cognitive States and Processes|Confusion": 2.191342747910119,
    "Extra Dimensions|Valence": 1.5799341047730215,
    "Positive High-Energy Emotions|Teasing": 1.4695259195858197,
    "Positive High-Energy Emotions|Interest": 1.2641209801420188,
    "Positive Low-Energy Emotions|Contentment": 1.2184804486581584,
    "Negative Low-Energy Emotions|Embarrassment": 1.1685166859064564,
    "Extra Dimensions|Arousal": 0.9747174893106734,
    "Extra Dimensions|Emotional Vulnerability": 0.9139809916307637,
    "Positive Low-Energy Emotions|Thankfulness/Gratitude": 0.9033835837707067,
    "Positive High-Energy Emotions|Awe": 0.7655859080999544,
    "Positive High-Energy Emotions|Hope/Enthusiasm/Optimism": 0.7040600522520232,
    "Positive Low-Energy Emotions|Affection": 0.469452631762149,
    "Physical and Exhaustive States|Intoxication/Altered States of Consciousness": 0.07088080041055933,
    "Positive Low-Energy Emotions|Relief": 0.0035692821751474903,
    "Negative Low-Energy Emotions|Jealousy & Envy": 0.0,
    "Longing & Lust|Sexual Lust": -0.003691473450416205,
    "Physical and Exhaustive States|Sourness": -0.007254971928157649,
    "Physical and Exhaustive States|Pain": -0.020670116004905786,
    "Physical and Exhaustive States|Fatigue/Exhaustion": -0.022234779376632097,
    "Negative High-Energy Emotions|Disgust": -0.04415789445787122,
    "Positive High-Energy Emotions|Triumph": -0.07617560786198511,
    "Negative High-Energy Emotions|Fear": -0.12001523903260627,
    "Negative Low-Energy Emotions|Helplessness": -0.20389163805915542,
    "Extra Dimensions|Dominance": -0.34230064661088555,
    "Negative Low-Energy Emotions|Contempt": -0.37892284513461394,
    "Negative High-Energy Emotions|Impatience and Irritability": -0.4421768910677988,
    "Negative High-Energy Emotions|Malevolence/Malice": -0.5323235082743696,
    "Positive Low-Energy Emotions|Pride": -0.6229463117640643,
    "Negative Low-Energy Emotions|Shame": -0.6559478753044239,
    "Negative High-Energy Emotions|Distress": -0.6715637803309675,
    "Negative Low-Energy Emotions|Disappointment": -0.7386708860029723,
    "Negative High-Energy Emotions|Anger": -0.7949008861959199,
    "Negative Low-Energy Emotions|Emotional Numbness": -0.8558859277393791,
    "Negative Low-Energy Emotions|Doubt": -0.8788218224419437,
    "Longing & Lust|Longing": -0.880049385648944,
    "Longing & Lust|Infatuation": -0.8982600656375561,
    "Negative Low-Energy Emotions|Sadness": -0.9831399074680984,
    "Positive Low-Energy Emotions|Contemplation": -1.0191112533552853,
    "Cognitive States and Processes|Concentration": -1.641489657222024,
    "Negative Low-Energy Emotions|Bitterness": -1.8309238981933167
  }
}