{
  "key": [
    "stance-detection-part-2",
    "emonet-m1",
    "mj_data_75_U1.png"
  ],
  "value": {
    "Positive Low-Energy Emotions|Affection": 3.0649711015726346,
    "Positive High-Energy Emotions|Amusement": 3.035468026709098,
    "Positive Low-Energy Emotions|Contentment": 2.865272383625199,
    "Positive High-Energy Emotions|Pleasure/Ecstasy": 2.3992157417555355,
    "Extra Dimensions|Valence": 2.0166300381150015,
    "Positive High-Energy Emotions|Elation": 1.8881174166918915,
    "Extra Dimensions|Emotional Vulnerability": 1.291497976570339,
    "Extra Dimensions|Dominance": 0.6929047548693124,
    "Positive High-Energy Emotions|Hope/Enthusiasm/Optimism": 0.6220420344831633,
    "Positive High-Energy Emotions|Interest": 0.5847808560117698,
    "Positive Low-Energy Emotions|Pride": 0.49612338370865294,
    "Positive High-Energy Emotions|Teasing": 0.3996775609546856,
    "Physical and Exhaustive States|Fatigue/Exhaustion": 0.35686196706807005,
    "Negative High-Energy Emotions|Anger": 0.21327749691603387,
    "Extra Dimensions|Arousal": 0.20941506964819778,
    "Physical and Exhaustive States|Intoxication/Altered States of Consciousness": 0.013136580511381774,
    "Positive High-Energy Emotions|Awe": 0.00750018040830399,
    "Positive Low-Energy Emotions|Relief": 0.005376614214026885,
    "Negative Low-Energy Emotions|Jealousy & Envy": 0.0,
    "Physical and Exhaustive States|Sourness": -0.006078182525195918,
    "Physical and Exhaustive States|Pain": -0.020670116004905786,
    "Negative High-Energy Emotions|Disgust": -0.0403262918248718,
    "Negative High-Energy Emotions|Impatience and Irritability": -0.05565005312281435,
    "Positive High-Energy Emotions|Astonishment/Surprise": -0.06097402029257991,
    "Positive High-Energy Emotions|Triumph": -0.07524691441099778,
    "Negative Low-Energy Emotions|Embarrassment": -0.11281556850333353,
    "Negative High-Energy Emotions|Fear": -0.12928826889644066,
    "Cognitive States and Processes|Confusion": -0.17599424798955848,
    "Negative Low-Energy Emotions|Helplessness": -0.21586318625880904,
    "Positive Low-Energy Emotions|Contemplation": -0.22533605251147426,
    "Negative Low-Energy Emotions|Emotional Numbness": -0.27334277814888686,
    "Negative Low-Energy Emotions|Contempt": -0.374468627283452,
    "Positive Low-Energy Emotions|Thankfulness/Gratitude": -0.4752762643530822,
    "Negative High-Energy Emotions|Malevolence/Malice": -0.5365346434829763,
    "Longing & Lust|Sexual Lust": -0.617203706350082,
    "Negative High-Energy Emotions|Distress": -0.6280240252845999,
    "Cognitive States and Processes|Concentration": -0.6301605427849206,
    "Negative Low-Energy Emotions|Shame": -0.6563344840689531,
    "Negative Low-Energy Emotions|Disappointment": -0.7375655737449671,
    "Longing & Lust|Longing": -0.8785480787575026,
    "Negative Low-Energy Emotions|Doubt": -0.9211206013335071,
    "Negative Low-Energy Emotions|Sadness": -0.9834621953703344,
    "Longing & Lust|Infatuation": -1.627058596633402,
    "Negative Low-Energy Emotions|Bitterness": -1.8307151310623457
  }
}