{
  "key": [
    "stance-detection-part-2",
    "emonet-m1",
    "mj_data_296_U4.png"
  ],
  "value": {
    "Longing & Lust|Sexual Lust": 2.336531958136803,
    "Positive High-Energy Emotions|Astonishment/Surprise": 1.665607776711166,
    "Positive High-Energy Emotions|Interest": 1.6423289021238303,
    "Extra Dimensions|Valence": 0.9905177200760611,
    "Longing & Lust|Infatuation": 0.8988918575420703,
    "Extra Dimensions|Emotional Vulnerability": 0.7980842898180196,
    "Positive High-Energy Emotions|Pleasure/Ecstasy": 0.5083027917166255,
    "Extra Dimensions|Arousal": 0.48695241553442825,
    "Positive High-Energy Emotions|Awe": 0.48436088244611525,
    "Positive Low-Energy Emotions|Contentment": 0.43677912228791915,
    "Extra Dimensions|Dominance": 0.24384401678261194,
    "Positive Low-Energy Emotions|Affection": 0.1752222898508331,
    "Cognitive States and Processes|Concentration": 0.15663411969066532,
    "Physical and Exhaustive States|Intoxication/Altered States of Consciousness": 0.14585757248049036,
    "Negative Low-Energy Emotions|Emotional Numbness": 0.12662936264014513,
    "Negative High-Energy Emotions|Anger": 0.12001792393324578,
    "Negative Low-Energy Emotions|Jealousy & Envy": 0.0,
    "Physical and Exhaustive States|Sourness": -0.0107159305282019,
    "Positive Low-Energy Emotions|Relief": -0.011535302220737977,
    "Physical and Exhaustive States|Pain": -0.020670116004905786,
    "Negative High-Energy Emotions|Disgust": -0.04134948750882795,
    "Positive High-Energy Emotions|Triumph": -0.06935620878826514,
    "Physical and Exhaustive States|Fatigue/Exhaustion": -0.09149209835017336,
    "Negative High-Energy Emotions|Impatience and Irritability": -0.10418048272448366,
    "Negative High-Energy Emotions|Fear": -0.1154070251310865,
    "Negative Low-Energy Emotions|Embarrassment": -0.11958792647380968,
    "Positive High-Energy Emotions|Teasing": -0.1236882197564884,
    "Cognitive States and Processes|Confusion": -0.14758834321966102,
    "Positive High-Energy Emotions|Elation": -0.15317216041319837,
    "Negative Low-Energy Emotions|Helplessness": -0.2283686877675218,
    "Positive Low-Energy Emotions|Contemplation": -0.2543003335936276,
    "Negative Low-Energy Emotions|Sadness": -0.25942330015077,
    "Negative Low-Energy Emotions|Contempt": -0.37675029308545394,
    "Positive Low-Energy Emotions|Thankfulness/Gratitude": -0.4806297905653572,
    "Positive High-Energy Emotions|Amusement": -0.5221673886363323,
    "Negative High-Energy Emotions|Malevolence/Malice": -0.5294558617590002,
    "Negative Low-Energy Emotions|Shame": -0.6564204181342355,
    "Positive Low-Energy Emotions|Pride": -0.6914846199076801,
    "Negative High-Energy Emotions|Distress": -0.6961306169861075,
    "Negative Low-Energy Emotions|Disappointment": -0.742855024032786,
    "Longing & Lust|Longing": -0.8397177090465804,
    "Positive High-Energy Emotions|Hope/Enthusiasm/Optimism": -0.8629270897147966,
    "Negative Low-Energy Emotions|Doubt": -0.9765792625023209,
    "Negative Low-Energy Emotions|Bitterness": -1.8308246238634756
  }
}