{
  "key": [
    "stance-detection-part-2",
    "emonet-m1",
    "mj_data_154_U1.png"
  ],
  "value": {
    "Negative High-Energy Emotions|Fear": 2.368986914244791,
    "Positive High-Energy Emotions|Astonishment/Surprise": 2.3407053614355924,
    "Negative High-Energy Emotions|Distress": 2.3275304302341224,
    "Negative High-Energy Emotions|Anger": 1.6712636133253356,
    "Positive High-Energy Emotions|Pleasure/Ecstasy": 1.6644281584044003,
    "Positive High-Energy Emotions|Interest": 1.6123074730619407,
    "Extra Dimensions|Emotional Vulnerability": 1.4675813029100606,
    "Positive High-Energy Emotions|Amusement": 1.4329845157380288,
    "Positive High-Energy Emotions|Awe": 1.1646578399389436,
    "Physical and Exhaustive States|Fatigue/Exhaustion": 1.0709010543636022,
    "Extra Dimensions|Dominance": 0.8939778053682748,
    "Cognitive States and Processes|Concentration": 0.6412956988227454,
    "Negative High-Energy Emotions|Impatience and Irritability": 0.6368123315779608,
    "Positive Low-Energy Emotions|Contemplation": 0.5981422885911258,
    "Cognitive States and Processes|Confusion": 0.553523994190789,
    "Extra Dimensions|Arousal": 0.5521794472421919,
    "Extra Dimensions|Valence": 0.5397031749214896,
    "Positive High-Energy Emotions|Hope/Enthusiasm/Optimism": 0.5172888978483366,
    "Positive High-Energy Emotions|Elation": 0.2820120592833679,
    "Positive Low-Energy Emotions|Affection": 0.16230024128210752,
    "Negative Low-Energy Emotions|Helplessness": 0.1323955474905806,
    "Negative High-Energy Emotions|Disgust": 0.06248070845455477,
    "Positive Low-Energy Emotions|Relief": 0.0004534270177721546,
    "Negative Low-Energy Emotions|Jealousy & Envy": 0.0,
    "Negative Low-Energy Emotions|Sadness": -0.004455849055188921,
    "Physical and Exhaustive States|Intoxication/Altered States of Consciousness": -0.01262635000104651,
    "Physical and Exhaustive States|Sourness": -0.012775740391769251,
    "Physical and Exhaustive States|Pain": -0.020670116004905786,
    "Positive High-Energy Emotions|Triumph": -0.07458344952206745,
    "Positive High-Energy Emotions|Teasing": -0.09632527706087073,
    "Negative Low-Energy Emotions|Embarrassment": -0.11480501508374354,
    "Positive Low-Energy Emotions|Contentment": -0.1986354780843953,
    "Negative Low-Energy Emotions|Emotional Numbness": -0.3122542995836708,
    "Negative Low-Energy Emotions|Contempt": -0.37448833406913085,
    "Longing & Lust|Sexual Lust": -0.4231882779262005,
    "Positive Low-Energy Emotions|Thankfulness/Gratitude": -0.4819559324443197,
    "Negative High-Energy Emotions|Malevolence/Malice": -0.5268346655486158,
    "Positive Low-Energy Emotions|Pride": -0.6209987299960285,
    "Negative Low-Energy Emotions|Shame": -0.6590415053798786,
    "Negative Low-Energy Emotions|Disappointment": -0.7349090152164246,
    "Longing & Lust|Longing": -0.872103632014968,
    "Negative Low-Energy Emotions|Doubt": -0.9004849331451736,
    "Longing & Lust|Infatuation": -1.6298835662231121,
    "Negative Low-Energy Emotions|Bitterness": -1.8278362118185332
  }
}