{
  "key": [
    "stance-detection-part-3",
    "emonet-m1",
    "mj_data_150_U4.png"
  ],
  "value": {
    "Cognitive States and Processes|Confusion": 3.1817645199132927,
    "Negative High-Energy Emotions|Disgust": 2.945487698410457,
    "Negative High-Energy Emotions|Anger": 2.828018822294452,
    "Physical and Exhaustive States|Pain": 2.5026604490141175,
    "Negative High-Energy Emotions|Distress": 2.3762605651981117,
    "Negative Low-Energy Emotions|Embarrassment": 1.962822725716637,
    "Negative Low-Energy Emotions|Contempt": 1.8712641122843046,
    "Negative High-Energy Emotions|Impatience and Irritability": 1.7828403734175604,
    "Negative Low-Energy Emotions|Sadness": 1.736907139893633,
    "Negative Low-Energy Emotions|Disappointment": 1.5089412401686166,
    "Physical and Exhaustive States|Fatigue/Exhaustion": 1.1122695388606725,
    "Extra Dimensions|Dominance": 0.7727424347322884,
    "Negative High-Energy Emotions|Fear": 0.686412165251871,
    "Negative Low-Energy Emotions|Helplessness": 0.6620485006384688,
    "Positive High-Energy Emotions|Astonishment/Surprise": 0.659276869366348,
    "Negative Low-Energy Emotions|Doubt": 0.49006602298485413,
    "Extra Dimensions|Arousal": 0.38774191481726517,
    "Extra Dimensions|Emotional Vulnerability": 0.24196675518056843,
    "Negative Low-Energy Emotions|Bitterness": 0.18751632789961792,
    "Positive Low-Energy Emotions|Contemplation": 0.15203168239758336,
    "Negative Low-Energy Emotions|Jealousy & Envy": 0.0,
    "Physical and Exhaustive States|Sourness": -0.0008478227920912119,
    "Physical and Exhaustive States|Intoxication/Altered States of Consciousness": -0.005126178339669557,
    "Positive Low-Energy Emotions|Relief": -0.006238200186646028,
    "Positive High-Energy Emotions|Awe": -0.011408126547987209,
    "Positive High-Energy Emotions|Pleasure/Ecstasy": -0.05586008205756843,
    "Positive High-Energy Emotions|Triumph": -0.07433853124271765,
    "Negative Low-Energy Emotions|Emotional Numbness": -0.10424755996727675,
    "Positive High-Energy Emotions|Teasing": -0.11622770008504828,
    "Positive High-Energy Emotions|Elation": -0.1531747832713175,
    "Cognitive States and Processes|Concentration": -0.2209624970543298,
    "Negative High-Energy Emotions|Malevolence/Malice": -0.41066410274487053,
    "Positive Low-Energy Emotions|Thankfulness/Gratitude": -0.4803660483941293,
    "Positive High-Energy Emotions|Amusement": -0.5300122725848968,
    "Negative Low-Energy Emotions|Shame": -0.6568966471387974,
    "Longing & Lust|Sexual Lust": -0.6805950789115368,
    "Longing & Lust|Longing": -0.8811128144681235,
    "Positive High-Energy Emotions|Interest": -0.9064681092515969,
    "Positive Low-Energy Emotions|Contentment": -0.9771936131170491,
    "Positive High-Energy Emotions|Hope/Enthusiasm/Optimism": -0.9773993597266984,
    "Positive Low-Energy Emotions|Affection": -1.0619231489394882,
    "Positive Low-Energy Emotions|Pride": -1.1070166128199725,
    "Longing & Lust|Infatuation": -1.638042168043581,
    "Extra Dimensions|Valence": -1.6945545827422372
  }
}