{
  "key": [
    "stance-detection-part-3",
    "emonet-m1",
    "mj_data_167_U1.png"
  ],
  "value": {
    "Positive Low-Energy Emotions|Contemplation": 2.7055098041550907,
    "Physical and Exhaustive States|Fatigue/Exhaustion": 1.8723409356883702,
    "Negative Low-Energy Emotions|Sadness": 1.3687645350657522,
    "Positive Low-Energy Emotions|Affection": 1.363933456232669,
    "Positive Low-Energy Emotions|Contentment": 1.191928963596513,
    "Negative High-Energy Emotions|Distress": 0.8531040414935831,
    "Positive High-Energy Emotions|Interest": 0.8448266228422141,
    "Cognitive States and Processes|Concentration": 0.6522312437903968,
    "Longing & Lust|Longing": 0.5796531806171159,
    "Positive High-Energy Emotions|Hope/Enthusiasm/Optimism": 0.5619606717588591,
    "Negative Low-Energy Emotions|Helplessness": 0.5261015711836653,
    "Extra Dimensions|Emotional Vulnerability": 0.44376590946218464,
    "Negative High-Energy Emotions|Impatience and Irritability": 0.32150268783253844,
    "Negative Low-Energy Emotions|Disappointment": 0.2770932386885141,
    "Negative Low-Energy Emotions|Emotional Numbness": 0.1873341899487999,
    "Negative Low-Energy Emotions|Doubt": 0.0827508879827179,
    "Physical and Exhaustive States|Intoxication/Altered States of Consciousness": 0.01366481177454248,
    "Negative High-Energy Emotions|Anger": 0.0016191085397979088,
    "Negative Low-Energy Emotions|Jealousy & Envy": 0.0,
    "Physical and Exhaustive States|Sourness": -0.004279984898128352,
    "Positive Low-Energy Emotions|Relief": -0.005658775984203859,
    "Positive High-Energy Emotions|Awe": -0.017468726828748928,
    "Physical and Exhaustive States|Pain": -0.020670116004905786,
    "Negative High-Energy Emotions|Disgust": -0.041694106663758064,
    "Positive High-Energy Emotions|Astonishment/Surprise": -0.04735195987445094,
    "Positive High-Energy Emotions|Pleasure/Ecstasy": -0.05585866253574567,
    "Positive High-Energy Emotions|Triumph": -0.07474460651170149,
    "Negative High-Energy Emotions|Fear": -0.1150594704474012,
    "Positive High-Energy Emotions|Teasing": -0.11598150309980353,
    "Negative Low-Energy Emotions|Embarrassment": -0.1188980995680823,
    "Positive High-Energy Emotions|Elation": -0.15317389598283837,
    "Cognitive States and Processes|Confusion": -0.1668548889922135,
    "Extra Dimensions|Valence": -0.20922274192907736,
    "Negative Low-Energy Emotions|Contempt": -0.3726483833883981,
    "Extra Dimensions|Dominance": -0.3767089104730186,
    "Positive Low-Energy Emotions|Thankfulness/Gratitude": -0.48144369944034576,
    "Extra Dimensions|Arousal": -0.5180569972310747,
    "Positive High-Energy Emotions|Amusement": -0.522143420118552,
    "Negative High-Energy Emotions|Malevolence/Malice": -0.5238986748574308,
    "Negative Low-Energy Emotions|Shame": -0.6570700752346745,
    "Longing & Lust|Sexual Lust": -0.6785616515538632,
    "Positive Low-Energy Emotions|Pride": -0.8212284343760639,
    "Negative Low-Energy Emotions|Bitterness": -1.250789348083811,
    "Longing & Lust|Infatuation": -1.6213691991791401
  }
}