{
  "key": [
    "stance-detection-part-3",
    "emonet-m1",
    "mj_data_192_U4.png"
  ],
  "value": {
    "Positive High-Energy Emotions|Amusement": 3.2898594585175696,
    "Negative High-Energy Emotions|Anger": 2.075735249143817,
    "Positive High-Energy Emotions|Elation": 1.7424163659335297,
    "Extra Dimensions|Valence": 1.4717359388794669,
    "Positive High-Energy Emotions|Teasing": 1.0592570168071942,
    "Negative High-Energy Emotions|Impatience and Irritability": 1.0173658155409735,
    "Positive Low-Energy Emotions|Contentment": 1.0008171605417033,
    "Extra Dimensions|Dominance": 0.9702853405397835,
    "Extra Dimensions|Arousal": 0.9635628376688277,
    "Positive High-Energy Emotions|Pleasure/Ecstasy": 0.9627122122068904,
    "Positive Low-Energy Emotions|Affection": 0.8330972316766998,
    "Negative Low-Energy Emotions|Contempt": 0.8280947330499907,
    "Positive Low-Energy Emotions|Thankfulness/Gratitude": 0.6707212636336828,
    "Cognitive States and Processes|Concentration": 0.5124318873298255,
    "Negative High-Energy Emotions|Disgust": 0.36476566443294833,
    "Positive High-Energy Emotions|Hope/Enthusiasm/Optimism": 0.2753017886640715,
    "Physical and Exhaustive States|Fatigue/Exhaustion": 0.2632787408641516,
    "Negative High-Energy Emotions|Malevolence/Malice": 0.19894855587501015,
    "Physical and Exhaustive States|Intoxication/Altered States of Consciousness": 0.0237413718545939,
    "Positive Low-Energy Emotions|Relief": 0.00824244278773065,
    "Negative Low-Energy Emotions|Jealousy & Envy": 0.0,
    "Positive High-Energy Emotions|Awe": -0.005165955618078456,
    "Physical and Exhaustive States|Sourness": -0.006023413307227931,
    "Physical and Exhaustive States|Pain": -0.020670116004905786,
    "Positive High-Energy Emotions|Astonishment/Surprise": -0.06939816825610377,
    "Positive High-Energy Emotions|Triumph": -0.07608453289609089,
    "Extra Dimensions|Emotional Vulnerability": -0.09162208339670208,
    "Negative Low-Energy Emotions|Embarrassment": -0.11652481025118967,
    "Negative High-Energy Emotions|Fear": -0.13584608367333809,
    "Positive Low-Energy Emotions|Pride": -0.1786761181872516,
    "Cognitive States and Processes|Confusion": -0.19403949459066322,
    "Negative Low-Energy Emotions|Helplessness": -0.2108159990496797,
    "Longing & Lust|Sexual Lust": -0.22139159723734247,
    "Positive High-Energy Emotions|Interest": -0.3126169005647683,
    "Negative Low-Energy Emotions|Emotional Numbness": -0.44437318033241957,
    "Negative High-Energy Emotions|Distress": -0.5920415207975622,
    "Negative Low-Energy Emotions|Shame": -0.656168320289158,
    "Positive Low-Energy Emotions|Contemplation": -0.7130145803435055,
    "Negative Low-Energy Emotions|Disappointment": -0.7419280861248518,
    "Longing & Lust|Longing": -0.8771702279865523,
    "Negative Low-Energy Emotions|Doubt": -0.9290290070695959,
    "Negative Low-Energy Emotions|Sadness": -0.9850587770268202,
    "Longing & Lust|Infatuation": -1.6196100723967228,
    "Negative Low-Energy Emotions|Bitterness": -1.828618558171468
  }
}