{
  "key": [
    "stance-detection-part-3",
    "emonet-m1",
    "mj_data_52_U1.png"
  ],
  "value": {
    "Positive High-Energy Emotions|Astonishment/Surprise": 3.279201712677658,
    "Negative High-Energy Emotions|Distress": 3.0695705875522377,
    "Cognitive States and Processes|Concentration": 2.753670242966422,
    "Negative High-Energy Emotions|Fear": 2.6804931856070957,
    "Negative High-Energy Emotions|Anger": 2.408498921018817,
    "Physical and Exhaustive States|Fatigue/Exhaustion": 2.0201196851543126,
    "Positive High-Energy Emotions|Interest": 1.460899039147756,
    "Cognitive States and Processes|Confusion": 1.1767379410100944,
    "Extra Dimensions|Arousal": 0.8096190605844771,
    "Negative High-Energy Emotions|Impatience and Irritability": 0.6963125490157049,
    "Positive High-Energy Emotions|Awe": 0.6930840698927095,
    "Positive Low-Energy Emotions|Contemplation": 0.6550201400773319,
    "Negative Low-Energy Emotions|Helplessness": 0.49826435432956984,
    "Extra Dimensions|Dominance": 0.40449576019462974,
    "Negative Low-Energy Emotions|Emotional Numbness": 0.3649673562619713,
    "Negative High-Energy Emotions|Disgust": 0.2194514478191788,
    "Positive Low-Energy Emotions|Relief": 0.0031547244201540516,
    "Negative Low-Energy Emotions|Jealousy & Envy": 0.0,
    "Physical and Exhaustive States|Intoxication/Altered States of Consciousness": -0.019001796916673037,
    "Physical and Exhaustive States|Pain": -0.020670116004905786,
    "Positive High-Energy Emotions|Hope/Enthusiasm/Optimism": -0.02670791306474929,
    "Physical and Exhaustive States|Sourness": -0.028445373094835122,
    "Positive High-Energy Emotions|Pleasure/Ecstasy": -0.05585866253574567,
    "Positive High-Energy Emotions|Triumph": -0.07696051907729044,
    "Positive High-Energy Emotions|Teasing": -0.11464276042640646,
    "Negative Low-Energy Emotions|Embarrassment": -0.11861492907662531,
    "Positive High-Energy Emotions|Elation": -0.15317179072042775,
    "Negative Low-Energy Emotions|Sadness": -0.15532164228333833,
    "Positive Low-Energy Emotions|Contentment": -0.28787960535795487,
    "Negative Low-Energy Emotions|Contempt": -0.35782161624181075,
    "Positive Low-Energy Emotions|Thankfulness/Gratitude": -0.4816776132121539,
    "Positive High-Energy Emotions|Amusement": -0.522798855144244,
    "Negative High-Energy Emotions|Malevolence/Malice": -0.5259989115713171,
    "Positive Low-Energy Emotions|Pride": -0.5631594555895953,
    "Negative Low-Energy Emotions|Shame": -0.6561598191766969,
    "Longing & Lust|Sexual Lust": -0.6821960894725262,
    "Negative Low-Energy Emotions|Disappointment": -0.7302263774653222,
    "Longing & Lust|Longing": -0.8733810862123748,
    "Negative Low-Energy Emotions|Doubt": -0.9197507897390209,
    "Positive Low-Energy Emotions|Affection": -1.0386936169956902,
    "Extra Dimensions|Emotional Vulnerability": -1.1541360308835795,
    "Negative Low-Energy Emotions|Bitterness": -1.3134102263034155,
    "Longing & Lust|Infatuation": -1.6295080867633496,
    "Extra Dimensions|Valence": -1.767659917977833
  }
}