{
  "key": [
    "stance-detection-part-3",
    "emonet-m1",
    "mj_data_334_U2.png"
  ],
  "value": {
    "Positive High-Energy Emotions|Amusement": 6.368983193945426,
    "Positive High-Energy Emotions|Elation": 5.75900708038818,
    "Positive High-Energy Emotions|Pleasure/Ecstasy": 4.3729644256849785,
    "Extra Dimensions|Valence": 2.828919991346813,
    "Extra Dimensions|Arousal": 2.6669028912271773,
    "Extra Dimensions|Emotional Vulnerability": 1.5942502329637716,
    "Extra Dimensions|Dominance": 0.7497848713320199,
    "Positive Low-Energy Emotions|Affection": 0.25049115448248593,
    "Positive High-Energy Emotions|Hope/Enthusiasm/Optimism": 0.07228139481565232,
    "Negative High-Energy Emotions|Anger": 0.026124097925402767,
    "Positive Low-Energy Emotions|Relief": 0.016685939909064727,
    "Physical and Exhaustive States|Intoxication/Altered States of Consciousness": 0.012027211412241607,
    "Negative Low-Energy Emotions|Jealousy & Envy": 0.0,
    "Positive High-Energy Emotions|Awe": -0.003970122531110988,
    "Physical and Exhaustive States|Fatigue/Exhaustion": -0.010512929935103776,
    "Physical and Exhaustive States|Sourness": -0.013774244851627192,
    "Physical and Exhaustive States|Pain": -0.020670116004905786,
    "Negative High-Energy Emotions|Disgust": -0.04057917943149259,
    "Positive High-Energy Emotions|Triumph": -0.04154656746428147,
    "Positive High-Energy Emotions|Astonishment/Surprise": -0.057493064334213514,
    "Positive Low-Energy Emotions|Contentment": -0.10781325823576249,
    "Negative Low-Energy Emotions|Embarrassment": -0.11545319324393412,
    "Positive High-Energy Emotions|Teasing": -0.11665274080694159,
    "Negative High-Energy Emotions|Fear": -0.1298580818499128,
    "Negative Low-Energy Emotions|Helplessness": -0.1788667918629808,
    "Cognitive States and Processes|Confusion": -0.19245740105380943,
    "Negative High-Energy Emotions|Impatience and Irritability": -0.27993583450632875,
    "Negative Low-Energy Emotions|Contempt": -0.37140923262584014,
    "Longing & Lust|Sexual Lust": -0.3770502595565258,
    "Negative Low-Energy Emotions|Emotional Numbness": -0.3983347315218422,
    "Positive Low-Energy Emotions|Thankfulness/Gratitude": -0.4872739752665019,
    "Negative High-Energy Emotions|Malevolence/Malice": -0.5346762600658468,
    "Cognitive States and Processes|Concentration": -0.6207884276497277,
    "Negative Low-Energy Emotions|Shame": -0.6564393630980483,
    "Negative High-Energy Emotions|Distress": -0.6836906284325834,
    "Negative Low-Energy Emotions|Disappointment": -0.7379916240205313,
    "Longing & Lust|Longing": -0.8747644206106444,
    "Negative Low-Energy Emotions|Doubt": -0.9387707529587828,
    "Negative Low-Energy Emotions|Sadness": -0.9845223976224542,
    "Positive Low-Energy Emotions|Pride": -1.2288462417643695,
    "Positive Low-Energy Emotions|Contemplation": -1.371505238149902,
    "Longing & Lust|Infatuation": -1.6419862818941746,
    "Negative Low-Energy Emotions|Bitterness": -1.828792240518408,
    "Positive High-Energy Emotions|Interest": -1.9310255805269265
  }
}