{
  "key": [
    "stance-detection-part-3",
    "emonet-m1",
    "mj_data_221_U2.png"
  ],
  "value": {
    "Negative High-Energy Emotions|Distress": 2.4006464943057777,
    "Positive Low-Energy Emotions|Contemplation": 2.3629442676560672,
    "Physical and Exhaustive States|Fatigue/Exhaustion": 2.193972128849381,
    "Negative Low-Energy Emotions|Sadness": 1.9816159163676321,
    "Negative Low-Energy Emotions|Disappointment": 1.463158912516639,
    "Cognitive States and Processes|Concentration": 0.9123654639136878,
    "Extra Dimensions|Dominance": 0.9073923075121346,
    "Positive High-Energy Emotions|Astonishment/Surprise": 0.7411792541243436,
    "Negative Low-Energy Emotions|Helplessness": 0.6928103385977583,
    "Positive Low-Energy Emotions|Pride": 0.5946100456196637,
    "Positive High-Energy Emotions|Interest": 0.5237178047880149,
    "Negative Low-Energy Emotions|Emotional Numbness": 0.5138421159360436,
    "Negative High-Energy Emotions|Impatience and Irritability": 0.3967991494147223,
    "Positive High-Energy Emotions|Awe": 0.11522131542856004,
    "Negative High-Energy Emotions|Anger": 0.0658671041548034,
    "Positive High-Energy Emotions|Hope/Enthusiasm/Optimism": 0.013359461641519021,
    "Positive Low-Energy Emotions|Relief": 0.0003183256398081348,
    "Negative Low-Energy Emotions|Jealousy & Envy": 0.0,
    "Physical and Exhaustive States|Intoxication/Altered States of Consciousness": -0.019940003827760074,
    "Physical and Exhaustive States|Pain": -0.020670116004905786,
    "Cognitive States and Processes|Confusion": -0.02087170709838798,
    "Physical and Exhaustive States|Sourness": -0.02422903365568145,
    "Negative High-Energy Emotions|Disgust": -0.038363354410225654,
    "Positive High-Energy Emotions|Pleasure/Ecstasy": -0.05585866253574567,
    "Positive High-Energy Emotions|Triumph": -0.07574185461740628,
    "Negative High-Energy Emotions|Fear": -0.10872492721925178,
    "Negative Low-Energy Emotions|Embarrassment": -0.1189695506360068,
    "Positive High-Energy Emotions|Teasing": -0.12434656795919379,
    "Positive High-Energy Emotions|Elation": -0.15317233147914733,
    "Extra Dimensions|Arousal": -0.37199653046471726,
    "Negative Low-Energy Emotions|Contempt": -0.37362125785100264,
    "Positive Low-Energy Emotions|Contentment": -0.44586481577665604,
    "Extra Dimensions|Emotional Vulnerability": -0.4756753136823466,
    "Positive Low-Energy Emotions|Thankfulness/Gratitude": -0.4821285279378152,
    "Positive High-Energy Emotions|Amusement": -0.5214481282119567,
    "Negative High-Energy Emotions|Malevolence/Malice": -0.5231816533325246,
    "Negative Low-Energy Emotions|Shame": -0.6598835709302655,
    "Longing & Lust|Sexual Lust": -0.6724039851090847,
    "Positive Low-Energy Emotions|Affection": -0.7423744079564789,
    "Longing & Lust|Longing": -0.8830478643595954,
    "Negative Low-Energy Emotions|Doubt": -0.8843017207456909,
    "Negative Low-Energy Emotions|Bitterness": -1.2135243453563025,
    "Extra Dimensions|Valence": -1.4104409371886484,
    "Longing & Lust|Infatuation": -1.6331638556942616
  }
}