{
  "key": [
    "stance-detection-part-3",
    "emonet-m1",
    "mj_data_308_U1.png"
  ],
  "value": {
    "Positive Low-Energy Emotions|Affection": 2.633683336069705,
    "Positive High-Energy Emotions|Pleasure/Ecstasy": 2.452754302622845,
    "Positive Low-Energy Emotions|Contentment": 2.367068152362992,
    "Positive High-Energy Emotions|Interest": 1.8760215481504416,
    "Extra Dimensions|Valence": 1.5923664415802725,
    "Cognitive States and Processes|Concentration": 1.452501324356803,
    "Positive High-Energy Emotions|Hope/Enthusiasm/Optimism": 1.231838796949594,
    "Positive High-Energy Emotions|Amusement": 1.2210864272828286,
    "Longing & Lust|Longing": 0.9333888659656266,
    "Physical and Exhaustive States|Fatigue/Exhaustion": 0.8800453128627478,
    "Positive Low-Energy Emotions|Contemplation": 0.7288764938370975,
    "Extra Dimensions|Emotional Vulnerability": 0.5774143050005147,
    "Positive High-Energy Emotions|Astonishment/Surprise": 0.5463088417746427,
    "Negative Low-Energy Emotions|Sadness": 0.4438034449778616,
    "Positive High-Energy Emotions|Awe": 0.3424297360628297,
    "Positive High-Energy Emotions|Elation": 0.2555425306082886,
    "Negative Low-Energy Emotions|Emotional Numbness": 0.15260566287970811,
    "Longing & Lust|Infatuation": 0.10130565492061039,
    "Positive Low-Energy Emotions|Relief": 0.0004697810421824024,
    "Negative Low-Energy Emotions|Jealousy & Envy": 0.0,
    "Physical and Exhaustive States|Intoxication/Altered States of Consciousness": -0.010988369659135194,
    "Physical and Exhaustive States|Sourness": -0.0165564108558081,
    "Physical and Exhaustive States|Pain": -0.020670116004905786,
    "Negative High-Energy Emotions|Disgust": -0.04212951859384229,
    "Negative High-Energy Emotions|Anger": -0.0640610078752259,
    "Positive High-Energy Emotions|Triumph": -0.07389917329888478,
    "Negative High-Energy Emotions|Fear": -0.11975558629880348,
    "Negative Low-Energy Emotions|Embarrassment": -0.12111234879155298,
    "Negative Low-Energy Emotions|Helplessness": -0.12529906942321486,
    "Extra Dimensions|Dominance": -0.12833407581630316,
    "Positive High-Energy Emotions|Teasing": -0.13778941211164436,
    "Cognitive States and Processes|Confusion": -0.18199523617496421,
    "Extra Dimensions|Arousal": -0.20637358086449753,
    "Negative High-Energy Emotions|Impatience and Irritability": -0.2917403853924829,
    "Longing & Lust|Sexual Lust": -0.3568540005347668,
    "Positive Low-Energy Emotions|Pride": -0.3635693090479999,
    "Negative Low-Energy Emotions|Contempt": -0.37752845407473845,
    "Positive Low-Energy Emotions|Thankfulness/Gratitude": -0.481013766480968,
    "Negative High-Energy Emotions|Malevolence/Malice": -0.5291288334248594,
    "Negative Low-Energy Emotions|Shame": -0.6563310074417821,
    "Negative High-Energy Emotions|Distress": -0.6845868513220068,
    "Negative Low-Energy Emotions|Disappointment": -0.7369471904565836,
    "Negative Low-Energy Emotions|Doubt": -0.9318485656751476,
    "Negative Low-Energy Emotions|Bitterness": -1.8313662540645173
  }
}