{
  "key": [
    "stance-detection-part-3",
    "emonet-m1",
    "mj_data_68_U4.png"
  ],
  "value": {
    "Positive Low-Energy Emotions|Contemplation": 2.515815876390198,
    "Negative High-Energy Emotions|Distress": 1.9111679062015299,
    "Physical and Exhaustive States|Fatigue/Exhaustion": 1.771742600422257,
    "Negative High-Energy Emotions|Anger": 1.6939951559126158,
    "Cognitive States and Processes|Concentration": 1.4957723891151038,
    "Positive High-Energy Emotions|Interest": 1.339053793786428,
    "Positive High-Energy Emotions|Hope/Enthusiasm/Optimism": 0.9660163863660979,
    "Negative Low-Energy Emotions|Sadness": 0.8833201085291922,
    "Negative Low-Energy Emotions|Helplessness": 0.5428485690169172,
    "Negative High-Energy Emotions|Impatience and Irritability": 0.5163409732787054,
    "Extra Dimensions|Emotional Vulnerability": 0.4335205862810323,
    "Positive Low-Energy Emotions|Affection": 0.37293733387243955,
    "Negative Low-Energy Emotions|Emotional Numbness": 0.0670324664685753,
    "Positive Low-Energy Emotions|Contentment": 0.02701626294343673,
    "Extra Dimensions|Dominance": 0.024004712097019293,
    "Negative Low-Energy Emotions|Jealousy & Envy": 0.0,
    "Physical and Exhaustive States|Intoxication/Altered States of Consciousness": -0.0004934594785664988,
    "Physical and Exhaustive States|Sourness": -0.004478647179164729,
    "Positive Low-Energy Emotions|Relief": -0.006707132278835817,
    "Positive High-Energy Emotions|Awe": -0.01909705121820663,
    "Physical and Exhaustive States|Pain": -0.020670116004905786,
    "Negative High-Energy Emotions|Disgust": -0.03526722839027097,
    "Positive High-Energy Emotions|Pleasure/Ecstasy": -0.05585866253574567,
    "Positive High-Energy Emotions|Astonishment/Surprise": -0.05624197774153926,
    "Negative Low-Energy Emotions|Doubt": -0.07191666830314025,
    "Positive High-Energy Emotions|Triumph": -0.07635949471037522,
    "Positive High-Energy Emotions|Teasing": -0.11864057061136206,
    "Negative Low-Energy Emotions|Embarrassment": -0.12037452897091051,
    "Negative High-Energy Emotions|Fear": -0.13161826661477485,
    "Positive High-Energy Emotions|Elation": -0.1531739637984013,
    "Cognitive States and Processes|Confusion": -0.18083179821243217,
    "Extra Dimensions|Arousal": -0.2478865470205034,
    "Negative High-Energy Emotions|Malevolence/Malice": -0.3577383968351415,
    "Negative Low-Energy Emotions|Contempt": -0.3740522217844705,
    "Negative Low-Energy Emotions|Disappointment": -0.39902117147345795,
    "Positive Low-Energy Emotions|Thankfulness/Gratitude": -0.4808079330161071,
    "Positive High-Energy Emotions|Amusement": -0.5257965105657394,
    "Negative Low-Energy Emotions|Shame": -0.6560526416434875,
    "Longing & Lust|Sexual Lust": -0.6753446696660458,
    "Positive Low-Energy Emotions|Pride": -0.7940667169612079,
    "Extra Dimensions|Valence": -0.8271937524352304,
    "Longing & Lust|Longing": -0.8765215506374617,
    "Negative Low-Energy Emotions|Bitterness": -1.263479355770426,
    "Longing & Lust|Infatuation": -1.6311798480376873
  }
}