{
  "key": [
    "stance-detection-part-3",
    "emonet-m1",
    "mj_data_108_U4.png"
  ],
  "value": {
    "Negative High-Energy Emotions|Anger": 1.6383498092710753,
    "Positive Low-Energy Emotions|Affection": 1.599881303599002,
    "Positive Low-Energy Emotions|Contemplation": 1.497084759141663,
    "Negative High-Energy Emotions|Distress": 1.4244356617099527,
    "Physical and Exhaustive States|Fatigue/Exhaustion": 1.1712991180232701,
    "Cognitive States and Processes|Concentration": 1.1702716624152747,
    "Positive High-Energy Emotions|Amusement": 1.1382201162095253,
    "Negative Low-Energy Emotions|Sadness": 1.1381188784800589,
    "Positive Low-Energy Emotions|Contentment": 1.1379278706857463,
    "Positive High-Energy Emotions|Pleasure/Ecstasy": 1.0376798349638485,
    "Positive High-Energy Emotions|Hope/Enthusiasm/Optimism": 0.7947549565794158,
    "Physical and Exhaustive States|Pain": 0.739042814240863,
    "Negative Low-Energy Emotions|Helplessness": 0.7135386882834273,
    "Negative High-Energy Emotions|Impatience and Irritability": 0.5762966894118231,
    "Extra Dimensions|Dominance": 0.5688750588816109,
    "Extra Dimensions|Emotional Vulnerability": 0.5467419932176778,
    "Positive High-Energy Emotions|Interest": 0.40870730483379125,
    "Positive Low-Energy Emotions|Relief": 0.0013969014893412159,
    "Negative Low-Energy Emotions|Jealousy & Envy": 0.0,
    "Physical and Exhaustive States|Sourness": -0.006730391449489436,
    "Physical and Exhaustive States|Intoxication/Altered States of Consciousness": -0.007508337572762818,
    "Positive High-Energy Emotions|Awe": -0.019835448458845363,
    "Negative Low-Energy Emotions|Emotional Numbness": -0.03577362484001845,
    "Negative High-Energy Emotions|Disgust": -0.04346903612762144,
    "Positive High-Energy Emotions|Astonishment/Surprise": -0.0510158573887942,
    "Positive High-Energy Emotions|Triumph": -0.07469292369674578,
    "Extra Dimensions|Arousal": -0.0943240012441362,
    "Negative High-Energy Emotions|Fear": -0.1172785215700666,
    "Negative Low-Energy Emotions|Embarrassment": -0.11798801487345835,
    "Positive High-Energy Emotions|Teasing": -0.12344033894002875,
    "Positive High-Energy Emotions|Elation": -0.15317159211816245,
    "Cognitive States and Processes|Confusion": -0.18267774661054542,
    "Longing & Lust|Sexual Lust": -0.2572353868148266,
    "Longing & Lust|Longing": -0.3554300894558211,
    "Negative Low-Energy Emotions|Contempt": -0.3754124146794061,
    "Positive Low-Energy Emotions|Pride": -0.48051153593474916,
    "Positive Low-Energy Emotions|Thankfulness/Gratitude": -0.48115236963181257,
    "Extra Dimensions|Valence": -0.4945787345443003,
    "Negative High-Energy Emotions|Malevolence/Malice": -0.5311898800848058,
    "Negative Low-Energy Emotions|Shame": -0.6561683696492544,
    "Negative Low-Energy Emotions|Disappointment": -0.7375309099187399,
    "Negative Low-Energy Emotions|Doubt": -0.9302518913520657,
    "Longing & Lust|Infatuation": -1.6240218219384823,
    "Negative Low-Energy Emotions|Bitterness": -1.8300052229792645
  }
}