{
  "key": [
    "stance-detection-part-3",
    "emonet-m1",
    "mj_data_250_U4.png"
  ],
  "value": {
    "Positive Low-Energy Emotions|Contemplation": 2.6442138179795536,
    "Positive Low-Energy Emotions|Affection": 1.6783896806741974,
    "Physical and Exhaustive States|Fatigue/Exhaustion": 1.5963554563335118,
    "Positive Low-Energy Emotions|Contentment": 1.584336142475297,
    "Positive High-Energy Emotions|Interest": 1.1964906891569114,
    "Negative Low-Energy Emotions|Sadness": 0.9815932666026175,
    "Positive High-Energy Emotions|Pleasure/Ecstasy": 0.8579018551130794,
    "Cognitive States and Processes|Concentration": 0.8466973578345862,
    "Extra Dimensions|Emotional Vulnerability": 0.7652635882188985,
    "Positive High-Energy Emotions|Astonishment/Surprise": 0.5416054392554166,
    "Positive High-Energy Emotions|Hope/Enthusiasm/Optimism": 0.5325703366758513,
    "Negative High-Energy Emotions|Distress": 0.5113306507236246,
    "Negative High-Energy Emotions|Anger": 0.36229340038893426,
    "Negative High-Energy Emotions|Impatience and Irritability": 0.3243389152495306,
    "Cognitive States and Processes|Confusion": 0.2943441040349967,
    "Negative Low-Energy Emotions|Helplessness": 0.1593120513968306,
    "Negative Low-Energy Emotions|Doubt": 0.15082296859490052,
    "Positive High-Energy Emotions|Awe": 0.14886910597974565,
    "Negative Low-Energy Emotions|Emotional Numbness": 0.025716791686775986,
    "Negative Low-Energy Emotions|Jealousy & Envy": 0.0,
    "Positive Low-Energy Emotions|Relief": -0.0026596490730405285,
    "Physical and Exhaustive States|Sourness": -0.008347092933215937,
    "Physical and Exhaustive States|Intoxication/Altered States of Consciousness": -0.011601448134133668,
    "Physical and Exhaustive States|Pain": -0.020670116004905786,
    "Negative Low-Energy Emotions|Disappointment": -0.027465813301994935,
    "Negative High-Energy Emotions|Disgust": -0.04476379802375486,
    "Positive High-Energy Emotions|Triumph": -0.07649014902304545,
    "Extra Dimensions|Valence": -0.08581228045859261,
    "Negative High-Energy Emotions|Fear": -0.11739223233113685,
    "Negative Low-Energy Emotions|Embarrassment": -0.11869244119186541,
    "Positive High-Energy Emotions|Teasing": -0.11993376043498953,
    "Positive High-Energy Emotions|Elation": -0.1531730753039322,
    "Longing & Lust|Longing": -0.22183390758631427,
    "Extra Dimensions|Dominance": -0.24018486649575796,
    "Negative Low-Energy Emotions|Contempt": -0.3676488277410249,
    "Positive Low-Energy Emotions|Thankfulness/Gratitude": -0.48188580851106405,
    "Positive High-Energy Emotions|Amusement": -0.5150990861539657,
    "Negative High-Energy Emotions|Malevolence/Malice": -0.5267071265099577,
    "Extra Dimensions|Arousal": -0.5747538890157426,
    "Positive Low-Energy Emotions|Pride": -0.5942495959323078,
    "Negative Low-Energy Emotions|Shame": -0.6584052816762558,
    "Longing & Lust|Sexual Lust": -0.6744741736314236,
    "Longing & Lust|Infatuation": -1.6266459462270413,
    "Negative Low-Energy Emotions|Bitterness": -1.7198720984638503
  }
}