{
  "key": [
    "stance-detection-part-3",
    "emonet-m1",
    "mj_data_72_U1.png"
  ],
  "value": {
    "Physical and Exhaustive States|Fatigue/Exhaustion": 2.0524375619701085,
    "Positive Low-Energy Emotions|Contemplation": 1.8551551326768192,
    "Negative High-Energy Emotions|Distress": 1.6618972286350016,
    "Cognitive States and Processes|Concentration": 1.6369018828284827,
    "Positive Low-Energy Emotions|Affection": 1.4282745245004913,
    "Positive Low-Energy Emotions|Contentment": 1.4004975365945598,
    "Negative Low-Energy Emotions|Sadness": 1.3460170184336722,
    "Positive High-Energy Emotions|Interest": 0.8830119808896995,
    "Extra Dimensions|Emotional Vulnerability": 0.8693211386491964,
    "Physical and Exhaustive States|Pain": 0.749395187364032,
    "Negative Low-Energy Emotions|Helplessness": 0.6682262836508589,
    "Positive High-Energy Emotions|Pleasure/Ecstasy": 0.5445874768515132,
    "Positive High-Energy Emotions|Hope/Enthusiasm/Optimism": 0.47511968455335374,
    "Negative High-Energy Emotions|Impatience and Irritability": 0.40799772967976744,
    "Positive High-Energy Emotions|Amusement": 0.2755995240922158,
    "Negative High-Energy Emotions|Anger": 0.22038761578200067,
    "Positive High-Energy Emotions|Teasing": 0.08344720426141779,
    "Negative Low-Energy Emotions|Emotional Numbness": 0.036178241309883896,
    "Physical and Exhaustive States|Intoxication/Altered States of Consciousness": 0.03426434092169061,
    "Positive High-Energy Emotions|Awe": 0.0189580557792833,
    "Negative Low-Energy Emotions|Jealousy & Envy": 0.0,
    "Physical and Exhaustive States|Sourness": -0.0009291384287260385,
    "Positive Low-Energy Emotions|Relief": -0.001256384371674104,
    "Negative High-Energy Emotions|Disgust": -0.043883422519261146,
    "Positive High-Energy Emotions|Astonishment/Surprise": -0.06449675910693385,
    "Positive High-Energy Emotions|Triumph": -0.0749752783496274,
    "Extra Dimensions|Valence": -0.0780200516257517,
    "Negative Low-Energy Emotions|Embarrassment": -0.1145829877819552,
    "Negative High-Energy Emotions|Fear": -0.13759220919261375,
    "Positive High-Energy Emotions|Elation": -0.15317134813029254,
    "Cognitive States and Processes|Confusion": -0.18314690967073372,
    "Negative Low-Energy Emotions|Contempt": -0.37640224666344924,
    "Extra Dimensions|Arousal": -0.4621256675039018,
    "Positive Low-Energy Emotions|Thankfulness/Gratitude": -0.4813759075388169,
    "Longing & Lust|Sexual Lust": -0.4852072982451855,
    "Negative High-Energy Emotions|Malevolence/Malice": -0.5364911097405485,
    "Extra Dimensions|Dominance": -0.6200162327367362,
    "Positive Low-Energy Emotions|Pride": -0.6364816325228839,
    "Negative Low-Energy Emotions|Disappointment": -0.6433445294131781,
    "Negative Low-Energy Emotions|Shame": -0.6562393960340849,
    "Longing & Lust|Longing": -0.8791741882979651,
    "Negative Low-Energy Emotions|Doubt": -0.896706337667831,
    "Longing & Lust|Infatuation": -1.6226098773107205,
    "Negative Low-Energy Emotions|Bitterness": -1.8304700851918032
  }
}