{
  "key": [
    "stance-detection-part-3",
    "emonet-m1",
    "mj_data_366_U3.png"
  ],
  "value": {
    "Positive Low-Energy Emotions|Affection": 2.4881304624582548,
    "Positive Low-Energy Emotions|Contentment": 2.477170329029252,
    "Positive High-Energy Emotions|Pleasure/Ecstasy": 1.409687681796124,
    "Positive High-Energy Emotions|Hope/Enthusiasm/Optimism": 1.3510578616621185,
    "Positive High-Energy Emotions|Amusement": 1.2525080886597817,
    "Extra Dimensions|Valence": 1.1721551264252432,
    "Cognitive States and Processes|Concentration": 1.0665285860908118,
    "Positive High-Energy Emotions|Interest": 0.8075637062772727,
    "Positive High-Energy Emotions|Elation": 0.5853224833727997,
    "Extra Dimensions|Dominance": 0.5710499131601754,
    "Positive Low-Energy Emotions|Contemplation": 0.5263332351701053,
    "Positive Low-Energy Emotions|Thankfulness/Gratitude": 0.4792186925277257,
    "Negative High-Energy Emotions|Impatience and Irritability": 0.4266567253081244,
    "Negative High-Energy Emotions|Anger": 0.2893437524854919,
    "Physical and Exhaustive States|Fatigue/Exhaustion": 0.2137327375224768,
    "Extra Dimensions|Emotional Vulnerability": 0.19660046794912311,
    "Positive High-Energy Emotions|Awe": 0.001028203770463719,
    "Negative Low-Energy Emotions|Jealousy & Envy": 0.0,
    "Positive Low-Energy Emotions|Relief": -0.002167411564743562,
    "Physical and Exhaustive States|Intoxication/Altered States of Consciousness": -0.008085638359734864,
    "Physical and Exhaustive States|Sourness": -0.012647404140987238,
    "Positive Low-Energy Emotions|Pride": -0.017088820270839244,
    "Physical and Exhaustive States|Pain": -0.020670116004905786,
    "Positive High-Energy Emotions|Astonishment/Surprise": -0.039364505340873976,
    "Negative High-Energy Emotions|Disgust": -0.04154331436305692,
    "Positive High-Energy Emotions|Triumph": -0.05115983181636467,
    "Negative Low-Energy Emotions|Emotional Numbness": -0.0942693848040077,
    "Positive High-Energy Emotions|Teasing": -0.11023719114125212,
    "Negative Low-Energy Emotions|Embarrassment": -0.12177743976969858,
    "Negative High-Energy Emotions|Fear": -0.13620409152160087,
    "Extra Dimensions|Arousal": -0.17923391716820847,
    "Cognitive States and Processes|Confusion": -0.18227731515636375,
    "Negative Low-Energy Emotions|Helplessness": -0.22702938630057998,
    "Negative Low-Energy Emotions|Contempt": -0.37203870237815184,
    "Negative High-Energy Emotions|Malevolence/Malice": -0.5341827336071066,
    "Negative High-Energy Emotions|Distress": -0.6433470979564901,
    "Longing & Lust|Sexual Lust": -0.6515088616273342,
    "Negative Low-Energy Emotions|Shame": -0.6562970449014536,
    "Negative Low-Energy Emotions|Disappointment": -0.7351570878853346,
    "Negative Low-Energy Emotions|Sadness": -0.7924718107022226,
    "Longing & Lust|Longing": -0.8597014179050704,
    "Negative Low-Energy Emotions|Doubt": -0.9656211124731384,
    "Longing & Lust|Infatuation": -1.412715160571066,
    "Negative Low-Energy Emotions|Bitterness": -1.8315562624961903
  }
}