{
  "key": [
    "stance-detection-part-3",
    "emonet-m1",
    "mj_data_182_U1.png"
  ],
  "value": {
    "Positive Low-Energy Emotions|Affection": 3.2577310922647733,
    "Positive Low-Energy Emotions|Contentment": 2.8824480580636758,
    "Positive High-Energy Emotions|Pleasure/Ecstasy": 1.6988776165266537,
    "Positive High-Energy Emotions|Amusement": 1.6131180968995278,
    "Physical and Exhaustive States|Fatigue/Exhaustion": 1.5398619355968175,
    "Extra Dimensions|Valence": 1.5286367977585562,
    "Positive Low-Energy Emotions|Contemplation": 1.118547342683533,
    "Positive High-Energy Emotions|Hope/Enthusiasm/Optimism": 0.9751623614790129,
    "Cognitive States and Processes|Concentration": 0.9515474116218177,
    "Positive High-Energy Emotions|Interest": 0.6556772431119895,
    "Extra Dimensions|Emotional Vulnerability": 0.5473177740862081,
    "Positive Low-Energy Emotions|Pride": 0.40917367763107726,
    "Extra Dimensions|Dominance": 0.35297988294777305,
    "Negative High-Energy Emotions|Impatience and Irritability": 0.27571606864613707,
    "Negative Low-Energy Emotions|Sadness": 0.27077986347303984,
    "Positive High-Energy Emotions|Elation": 0.2673876722575348,
    "Negative High-Energy Emotions|Anger": 0.17176798782942498,
    "Negative Low-Energy Emotions|Helplessness": 0.09291545734928422,
    "Negative Low-Energy Emotions|Emotional Numbness": 0.014779696998360459,
    "Positive Low-Energy Emotions|Relief": 0.008645914078795867,
    "Negative Low-Energy Emotions|Jealousy & Envy": 0.0,
    "Physical and Exhaustive States|Sourness": -0.008231690890350184,
    "Physical and Exhaustive States|Intoxication/Altered States of Consciousness": -0.013295754865357728,
    "Positive High-Energy Emotions|Awe": -0.015017813637907253,
    "Physical and Exhaustive States|Pain": -0.020670116004905786,
    "Negative High-Energy Emotions|Disgust": -0.03922485759406736,
    "Positive High-Energy Emotions|Astonishment/Surprise": -0.05404757313948848,
    "Positive High-Energy Emotions|Teasing": -0.07440033432901343,
    "Positive High-Energy Emotions|Triumph": -0.0748271850217475,
    "Negative Low-Energy Emotions|Embarrassment": -0.11675255587358614,
    "Negative High-Energy Emotions|Fear": -0.13042732855925956,
    "Cognitive States and Processes|Confusion": -0.17373649855127266,
    "Negative High-Energy Emotions|Distress": -0.26078812631304227,
    "Negative Low-Energy Emotions|Contempt": -0.38058817655789656,
    "Positive Low-Energy Emotions|Thankfulness/Gratitude": -0.47999488561450004,
    "Longing & Lust|Longing": -0.4924136032879134,
    "Negative High-Energy Emotions|Malevolence/Malice": -0.5353473040578893,
    "Extra Dimensions|Arousal": -0.544234880379268,
    "Negative Low-Energy Emotions|Shame": -0.656775976604127,
    "Longing & Lust|Sexual Lust": -0.6567958532235562,
    "Negative Low-Energy Emotions|Disappointment": -0.7317367424001242,
    "Negative Low-Energy Emotions|Doubt": -0.928886063024231,
    "Longing & Lust|Infatuation": -1.6163940367326413,
    "Negative Low-Energy Emotions|Bitterness": -1.8306409959227612
  }
}