{
  "key": [
    "stance-detection-part-3",
    "emonet-m1",
    "mj_data_150_U3.png"
  ],
  "value": {
    "Positive High-Energy Emotions|Astonishment/Surprise": 5.267114129135788,
    "Negative High-Energy Emotions|Fear": 2.849058458892008,
    "Cognitive States and Processes|Confusion": 2.361037410004235,
    "Negative High-Energy Emotions|Distress": 2.0535114273196937,
    "Positive High-Energy Emotions|Awe": 1.838059910938089,
    "Positive High-Energy Emotions|Interest": 1.4255787571653342,
    "Cognitive States and Processes|Concentration": 1.283342150391349,
    "Extra Dimensions|Arousal": 1.0596765194620406,
    "Extra Dimensions|Emotional Vulnerability": 0.8961167643358419,
    "Physical and Exhaustive States|Fatigue/Exhaustion": 0.8330018701366125,
    "Negative Low-Energy Emotions|Helplessness": 0.45894561396168043,
    "Positive Low-Energy Emotions|Contemplation": 0.35122063007519566,
    "Negative Low-Energy Emotions|Emotional Numbness": 0.20637298637366563,
    "Negative High-Energy Emotions|Impatience and Irritability": 0.13908428182286436,
    "Negative Low-Energy Emotions|Sadness": 0.10878302204237578,
    "Physical and Exhaustive States|Intoxication/Altered States of Consciousness": 0.07258275143747583,
    "Negative Low-Energy Emotions|Jealousy & Envy": 0.0,
    "Physical and Exhaustive States|Sourness": -0.01444999761060699,
    "Positive Low-Energy Emotions|Relief": -0.01604829025164847,
    "Physical and Exhaustive States|Pain": -0.020670116004905786,
    "Negative High-Energy Emotions|Disgust": -0.04914670636802366,
    "Positive High-Energy Emotions|Pleasure/Ecstasy": -0.049556193200776755,
    "Positive High-Energy Emotions|Hope/Enthusiasm/Optimism": -0.06895234742143874,
    "Positive High-Energy Emotions|Triumph": -0.07479671307842865,
    "Extra Dimensions|Valence": -0.11476344106831475,
    "Negative Low-Energy Emotions|Embarrassment": -0.12004868527908465,
    "Positive High-Energy Emotions|Teasing": -0.12468714144885977,
    "Positive High-Energy Emotions|Elation": -0.15317250145279315,
    "Negative High-Energy Emotions|Anger": -0.36007537640931403,
    "Negative Low-Energy Emotions|Contempt": -0.38282155514704985,
    "Positive Low-Energy Emotions|Thankfulness/Gratitude": -0.4807321997269845,
    "Positive High-Energy Emotions|Amusement": -0.5210480990891273,
    "Negative Low-Energy Emotions|Doubt": -0.5269073234869324,
    "Negative High-Energy Emotions|Malevolence/Malice": -0.5375420364854864,
    "Positive Low-Energy Emotions|Contentment": -0.6544354153326253,
    "Negative Low-Energy Emotions|Shame": -0.6561483536644808,
    "Longing & Lust|Sexual Lust": -0.6756598888299404,
    "Negative Low-Energy Emotions|Disappointment": -0.7314424742688681,
    "Longing & Lust|Longing": -0.8688337882578154,
    "Extra Dimensions|Dominance": -1.016962960966259,
    "Positive Low-Energy Emotions|Affection": -1.0641428184603432,
    "Positive Low-Energy Emotions|Pride": -1.1156700822036891,
    "Longing & Lust|Infatuation": -1.6300163653716717,
    "Negative Low-Energy Emotions|Bitterness": -1.8314428832859566
  }
}