{
  "key": [
    "stance-detection-part-3",
    "emonet-m1",
    "mj_data_47_U4.png"
  ],
  "value": {
    "Negative High-Energy Emotions|Distress": 2.4111958011752845,
    "Physical and Exhaustive States|Fatigue/Exhaustion": 2.337540883045548,
    "Negative Low-Energy Emotions|Sadness": 1.8868903075419485,
    "Positive Low-Energy Emotions|Contemplation": 1.8242553695695194,
    "Physical and Exhaustive States|Pain": 1.6396011667112609,
    "Negative High-Energy Emotions|Anger": 1.5749447723448058,
    "Cognitive States and Processes|Concentration": 1.3393404757392493,
    "Positive Low-Energy Emotions|Affection": 1.1505283239389679,
    "Positive High-Energy Emotions|Interest": 0.9776109894498801,
    "Negative Low-Energy Emotions|Helplessness": 0.8372403799109297,
    "Negative Low-Energy Emotions|Disappointment": 0.79141635403733,
    "Negative High-Energy Emotions|Impatience and Irritability": 0.6440869592635077,
    "Extra Dimensions|Emotional Vulnerability": 0.5295338938524434,
    "Extra Dimensions|Dominance": 0.4652957761209908,
    "Negative Low-Energy Emotions|Doubt": 0.2300674630330719,
    "Positive High-Energy Emotions|Pleasure/Ecstasy": 0.17437276125149948,
    "Negative Low-Energy Emotions|Emotional Numbness": 0.057894478378060166,
    "Positive High-Energy Emotions|Awe": 0.048699164196794285,
    "Physical and Exhaustive States|Sourness": 0.003305235140762487,
    "Negative Low-Energy Emotions|Jealousy & Envy": 0.0,
    "Positive Low-Energy Emotions|Relief": -0.004832975982582612,
    "Physical and Exhaustive States|Intoxication/Altered States of Consciousness": -0.007925316766450257,
    "Negative High-Energy Emotions|Disgust": -0.04036610027700117,
    "Positive High-Energy Emotions|Astonishment/Surprise": -0.06341699116450526,
    "Positive High-Energy Emotions|Hope/Enthusiasm/Optimism": -0.06534859099367385,
    "Extra Dimensions|Arousal": -0.07151497261864792,
    "Positive High-Energy Emotions|Triumph": -0.07563149568628207,
    "Negative Low-Energy Emotions|Embarrassment": -0.11798469563980242,
    "Positive High-Energy Emotions|Teasing": -0.1180875363653942,
    "Negative High-Energy Emotions|Fear": -0.12607746353993812,
    "Positive High-Energy Emotions|Elation": -0.15317239925059978,
    "Cognitive States and Processes|Confusion": -0.15836456124653747,
    "Positive Low-Energy Emotions|Contentment": -0.1604865980795125,
    "Negative Low-Energy Emotions|Contempt": -0.38581107080924315,
    "Positive High-Energy Emotions|Amusement": -0.4284162971262748,
    "Positive Low-Energy Emotions|Thankfulness/Gratitude": -0.4823126206084943,
    "Negative High-Energy Emotions|Malevolence/Malice": -0.529326974165254,
    "Negative Low-Energy Emotions|Shame": -0.6565919444694153,
    "Longing & Lust|Sexual Lust": -0.6758504001758038,
    "Longing & Lust|Longing": -0.8660424729406615,
    "Positive Low-Energy Emotions|Pride": -0.9958116161149173,
    "Extra Dimensions|Valence": -1.4606616651091806,
    "Longing & Lust|Infatuation": -1.6314240184650097,
    "Negative Low-Energy Emotions|Bitterness": -1.8276880048692992
  }
}