{
  "key": [
    "stance-detection-part-3",
    "emonet-m1",
    "mj_data_384_U4.png"
  ],
  "value": {
    "Positive High-Energy Emotions|Amusement": 6.230484887671012,
    "Positive High-Energy Emotions|Elation": 5.440420730900875,
    "Positive High-Energy Emotions|Pleasure/Ecstasy": 4.184826894404461,
    "Extra Dimensions|Valence": 3.0510920132126578,
    "Extra Dimensions|Arousal": 2.3921087895120894,
    "Extra Dimensions|Emotional Vulnerability": 1.9698605845262716,
    "Positive Low-Energy Emotions|Contentment": 1.242398362095048,
    "Positive Low-Energy Emotions|Affection": 1.055797469904544,
    "Extra Dimensions|Dominance": 0.8991427862566415,
    "Physical and Exhaustive States|Fatigue/Exhaustion": 0.19248904607807982,
    "Positive High-Energy Emotions|Hope/Enthusiasm/Optimism": 0.1115420802595305,
    "Positive High-Energy Emotions|Teasing": 0.034688041835422914,
    "Physical and Exhaustive States|Intoxication/Altered States of Consciousness": 0.031722187920859006,
    "Positive Low-Energy Emotions|Relief": 0.0070796679268717334,
    "Negative Low-Energy Emotions|Jealousy & Envy": 0.0,
    "Positive High-Energy Emotions|Awe": -0.00251798947160934,
    "Physical and Exhaustive States|Sourness": -0.01125582194999679,
    "Physical and Exhaustive States|Pain": -0.020670116004905786,
    "Negative High-Energy Emotions|Disgust": -0.04298293044715574,
    "Negative High-Energy Emotions|Anger": -0.047693632024548405,
    "Positive High-Energy Emotions|Astonishment/Surprise": -0.058162797024071,
    "Positive High-Energy Emotions|Triumph": -0.08584399812858239,
    "Negative Low-Energy Emotions|Embarrassment": -0.12010471737046381,
    "Negative High-Energy Emotions|Fear": -0.1300554775322477,
    "Negative Low-Energy Emotions|Helplessness": -0.1873503954596681,
    "Cognitive States and Processes|Confusion": -0.18838356514444282,
    "Positive Low-Energy Emotions|Pride": -0.2725542681735187,
    "Negative High-Energy Emotions|Impatience and Irritability": -0.3519302583726007,
    "Negative Low-Energy Emotions|Contempt": -0.3762601640914659,
    "Positive Low-Energy Emotions|Thankfulness/Gratitude": -0.40796063746361494,
    "Longing & Lust|Sexual Lust": -0.5040908990762173,
    "Negative High-Energy Emotions|Malevolence/Malice": -0.5315658140299848,
    "Negative Low-Energy Emotions|Shame": -0.656556849440836,
    "Negative Low-Energy Emotions|Emotional Numbness": -0.6751206416513893,
    "Negative High-Energy Emotions|Distress": -0.6943484232061621,
    "Negative Low-Energy Emotions|Disappointment": -0.7380040776659991,
    "Longing & Lust|Longing": -0.8757736166536589,
    "Cognitive States and Processes|Concentration": -0.9293665612327966,
    "Negative Low-Energy Emotions|Doubt": -0.9346176736055098,
    "Negative Low-Energy Emotions|Sadness": -0.983671033980313,
    "Positive Low-Energy Emotions|Contemplation": -1.1746695116503445,
    "Longing & Lust|Infatuation": -1.6427307811603222,
    "Positive High-Energy Emotions|Interest": -1.6823104182497048,
    "Negative Low-Energy Emotions|Bitterness": -1.8325364441157153
  }
}