{
  "key": [
    "stance-detection-part-3",
    "emonet-m1",
    "mj_data_355_U2.png"
  ],
  "value": {
    "Positive High-Energy Emotions|Astonishment/Surprise": 4.631028618881881,
    "Positive High-Energy Emotions|Amusement": 3.4575511661286535,
    "Negative Low-Energy Emotions|Embarrassment": 2.208515217248009,
    "Positive High-Energy Emotions|Elation": 1.9479504664660614,
    "Extra Dimensions|Arousal": 1.892910829612187,
    "Cognitive States and Processes|Confusion": 1.8146590359045036,
    "Positive High-Energy Emotions|Teasing": 1.6645011765056805,
    "Extra Dimensions|Emotional Vulnerability": 1.5887217829515645,
    "Extra Dimensions|Valence": 1.495106800886608,
    "Positive High-Energy Emotions|Interest": 1.124886437295339,
    "Positive High-Energy Emotions|Pleasure/Ecstasy": 0.9349953967352412,
    "Positive Low-Energy Emotions|Thankfulness/Gratitude": 0.42631855701060534,
    "Negative High-Energy Emotions|Fear": 0.27634365328898036,
    "Positive High-Energy Emotions|Hope/Enthusiasm/Optimism": 0.24060127577802415,
    "Positive High-Energy Emotions|Awe": 0.1783160356729677,
    "Positive Low-Energy Emotions|Affection": 0.050224435618045016,
    "Physical and Exhaustive States|Intoxication/Altered States of Consciousness": 0.02198828004246011,
    "Positive Low-Energy Emotions|Relief": 0.0024597566138147876,
    "Negative Low-Energy Emotions|Jealousy & Envy": 0.0,
    "Physical and Exhaustive States|Sourness": -0.007752514249839625,
    "Physical and Exhaustive States|Pain": -0.020670116004905786,
    "Positive Low-Energy Emotions|Contentment": -0.02329041487486161,
    "Negative High-Energy Emotions|Disgust": -0.050780059899384285,
    "Physical and Exhaustive States|Fatigue/Exhaustion": -0.06683049776042116,
    "Positive High-Energy Emotions|Triumph": -0.07274344389330283,
    "Negative Low-Energy Emotions|Helplessness": -0.22932231738044448,
    "Negative Low-Energy Emotions|Contempt": -0.37743135810839934,
    "Negative High-Energy Emotions|Impatience and Irritability": -0.4097497589381296,
    "Negative High-Energy Emotions|Anger": -0.44720061816575324,
    "Extra Dimensions|Dominance": -0.52932827235046,
    "Negative High-Energy Emotions|Malevolence/Malice": -0.5368781972048811,
    "Longing & Lust|Sexual Lust": -0.5537322847506939,
    "Negative High-Energy Emotions|Distress": -0.5812658354871985,
    "Negative Low-Energy Emotions|Shame": -0.6560885813816419,
    "Negative Low-Energy Emotions|Disappointment": -0.735457787730291,
    "Negative Low-Energy Emotions|Doubt": -0.8287812830878578,
    "Negative Low-Energy Emotions|Emotional Numbness": -0.8304452646400902,
    "Longing & Lust|Longing": -0.8768965458094855,
    "Negative Low-Energy Emotions|Sadness": -0.9838258998859555,
    "Positive Low-Energy Emotions|Pride": -1.0156297581713825,
    "Positive Low-Energy Emotions|Contemplation": -1.283835776184341,
    "Longing & Lust|Infatuation": -1.6195374962911282,
    "Negative Low-Energy Emotions|Bitterness": -1.831230487722235,
    "Cognitive States and Processes|Concentration": -1.928692134677163
  }
}