{
  "key": [
    "stance-detection-part-3",
    "emonet-m1",
    "mj_data_181_U1.png"
  ],
  "value": {
    "Positive High-Energy Emotions|Pleasure/Ecstasy": 2.4695704418440365,
    "Positive Low-Energy Emotions|Contentment": 2.235339980060746,
    "Positive Low-Energy Emotions|Affection": 2.0524610403085966,
    "Positive High-Energy Emotions|Amusement": 2.034797116827506,
    "Cognitive States and Processes|Concentration": 1.9630399023902503,
    "Positive Low-Energy Emotions|Contemplation": 1.5443426593797,
    "Extra Dimensions|Valence": 1.5397807205643423,
    "Physical and Exhaustive States|Fatigue/Exhaustion": 1.5168564500621495,
    "Positive High-Energy Emotions|Interest": 1.1782538136228538,
    "Positive High-Energy Emotions|Elation": 0.9872201522113007,
    "Positive High-Energy Emotions|Hope/Enthusiasm/Optimism": 0.8508892997266936,
    "Negative High-Energy Emotions|Distress": 0.792497204220939,
    "Extra Dimensions|Emotional Vulnerability": 0.5485065291216085,
    "Physical and Exhaustive States|Pain": 0.5074505166868469,
    "Negative Low-Energy Emotions|Sadness": 0.38919116603956816,
    "Negative High-Energy Emotions|Impatience and Irritability": 0.3355312370268744,
    "Negative High-Energy Emotions|Anger": 0.3086363454878112,
    "Negative Low-Energy Emotions|Helplessness": 0.26702926741169264,
    "Extra Dimensions|Dominance": 0.13350932239708338,
    "Positive High-Energy Emotions|Teasing": 0.13309009495317498,
    "Positive High-Energy Emotions|Astonishment/Surprise": 0.09788466639298223,
    "Negative Low-Energy Emotions|Emotional Numbness": 0.03930188232398302,
    "Physical and Exhaustive States|Intoxication/Altered States of Consciousness": 0.010891064926436095,
    "Positive Low-Energy Emotions|Relief": 0.008901714862430053,
    "Negative Low-Energy Emotions|Jealousy & Envy": 0.0,
    "Physical and Exhaustive States|Sourness": -0.012104636795081935,
    "Positive High-Energy Emotions|Awe": -0.016397154524976955,
    "Negative High-Energy Emotions|Disgust": -0.0379478727832382,
    "Positive High-Energy Emotions|Triumph": -0.07656620920639172,
    "Extra Dimensions|Arousal": -0.08552826302392136,
    "Negative High-Energy Emotions|Fear": -0.11772882721076408,
    "Negative Low-Energy Emotions|Embarrassment": -0.1184614061381354,
    "Cognitive States and Processes|Confusion": -0.17257580240240028,
    "Positive Low-Energy Emotions|Thankfulness/Gratitude": -0.2848271718159175,
    "Longing & Lust|Sexual Lust": -0.36925581976389277,
    "Negative Low-Energy Emotions|Contempt": -0.37091093779551787,
    "Negative High-Energy Emotions|Malevolence/Malice": -0.5337363618729642,
    "Positive Low-Energy Emotions|Pride": -0.6340556638758807,
    "Negative Low-Energy Emotions|Shame": -0.6560103204830519,
    "Negative Low-Energy Emotions|Disappointment": -0.7320160758425738,
    "Longing & Lust|Longing": -0.8715720330893775,
    "Negative Low-Energy Emotions|Doubt": -0.9270843049509607,
    "Longing & Lust|Infatuation": -1.1572926727161084,
    "Negative Low-Energy Emotions|Bitterness": -1.830988650257962
  }
}