{
  "key": [
    "stance-detection-part-3",
    "emonet-m1",
    "mj_data_231_U3.png"
  ],
  "value": {
    "Positive Low-Energy Emotions|Contentment": 3.1012471722909707,
    "Positive Low-Energy Emotions|Affection": 2.788411748697879,
    "Positive High-Energy Emotions|Pleasure/Ecstasy": 2.5501079994459652,
    "Positive High-Energy Emotions|Amusement": 1.9955407825226967,
    "Extra Dimensions|Valence": 1.8522488916840323,
    "Extra Dimensions|Emotional Vulnerability": 1.1692996332933614,
    "Positive High-Energy Emotions|Elation": 0.9400609572650116,
    "Negative Low-Energy Emotions|Sadness": 0.9278676663600027,
    "Physical and Exhaustive States|Fatigue/Exhaustion": 0.8811881723216711,
    "Positive Low-Energy Emotions|Contemplation": 0.7795399650590213,
    "Positive High-Energy Emotions|Hope/Enthusiasm/Optimism": 0.7135233624937224,
    "Positive Low-Energy Emotions|Pride": 0.7053257924992413,
    "Cognitive States and Processes|Concentration": 0.49038222187877567,
    "Positive High-Energy Emotions|Interest": 0.3732186993345237,
    "Longing & Lust|Longing": 0.30855909683110516,
    "Negative Low-Energy Emotions|Helplessness": 0.2399504004530745,
    "Extra Dimensions|Dominance": 0.18748603700813685,
    "Negative High-Energy Emotions|Anger": 0.08717528782484735,
    "Positive Low-Energy Emotions|Thankfulness/Gratitude": 0.06924697850795031,
    "Negative High-Energy Emotions|Impatience and Irritability": 0.033777954479877303,
    "Positive Low-Energy Emotions|Relief": 0.011507369161689238,
    "Negative Low-Energy Emotions|Jealousy & Envy": 0.0,
    "Physical and Exhaustive States|Intoxication/Altered States of Consciousness": -0.009682163671204896,
    "Physical and Exhaustive States|Sourness": -0.01101756728366836,
    "Physical and Exhaustive States|Pain": -0.020670116004905786,
    "Positive High-Energy Emotions|Awe": -0.022885388329679714,
    "Negative High-Energy Emotions|Disgust": -0.040173338855797554,
    "Positive High-Energy Emotions|Astonishment/Surprise": -0.04567887239676692,
    "Positive High-Energy Emotions|Triumph": -0.07256020803939238,
    "Positive High-Energy Emotions|Teasing": -0.0928799870318218,
    "Negative Low-Energy Emotions|Embarrassment": -0.12164072906632563,
    "Negative High-Energy Emotions|Fear": -0.13283031216512123,
    "Cognitive States and Processes|Confusion": -0.18408052702417305,
    "Negative Low-Energy Emotions|Emotional Numbness": -0.19341622776055067,
    "Negative Low-Energy Emotions|Contempt": -0.3826441717241983,
    "Negative High-Energy Emotions|Distress": -0.462170375906777,
    "Negative High-Energy Emotions|Malevolence/Malice": -0.535564630043321,
    "Extra Dimensions|Arousal": -0.6530894126210893,
    "Negative Low-Energy Emotions|Shame": -0.6570363883658281,
    "Longing & Lust|Sexual Lust": -0.6638383804223477,
    "Negative Low-Energy Emotions|Disappointment": -0.7280777287413622,
    "Negative Low-Energy Emotions|Doubt": -0.9276150777934276,
    "Longing & Lust|Infatuation": -1.6248182890042935,
    "Negative Low-Energy Emotions|Bitterness": -1.8319435045600703
  }
}