{
  "key": [
    "stance-detection-part-3",
    "emonet-m1",
    "mj_data_172_U2.png"
  ],
  "value": {
    "Physical and Exhaustive States|Pain": 3.076642687783649,
    "Positive Low-Energy Emotions|Contemplation": 2.668234966661194,
    "Physical and Exhaustive States|Fatigue/Exhaustion": 2.597909945469254,
    "Negative High-Energy Emotions|Distress": 2.5669756397372963,
    "Negative Low-Energy Emotions|Sadness": 2.5613893424235403,
    "Cognitive States and Processes|Concentration": 1.688810375870475,
    "Positive Low-Energy Emotions|Affection": 0.9549120786691925,
    "Negative High-Energy Emotions|Fear": 0.8622278071319064,
    "Negative Low-Energy Emotions|Helplessness": 0.8580500303320723,
    "Negative Low-Energy Emotions|Disappointment": 0.8567749928007578,
    "Positive Low-Energy Emotions|Contentment": 0.7579747247049113,
    "Extra Dimensions|Emotional Vulnerability": 0.6857259581377217,
    "Positive High-Energy Emotions|Hope/Enthusiasm/Optimism": 0.6386366828443694,
    "Negative High-Energy Emotions|Anger": 0.6152025838911315,
    "Positive High-Energy Emotions|Interest": 0.4246300896390891,
    "Negative High-Energy Emotions|Impatience and Irritability": 0.3665123604742926,
    "Longing & Lust|Longing": 0.16654340125920575,
    "Negative Low-Energy Emotions|Emotional Numbness": 0.16415668540931017,
    "Positive Low-Energy Emotions|Relief": 0.0009969170699953601,
    "Negative Low-Energy Emotions|Jealousy & Envy": 0.0,
    "Physical and Exhaustive States|Intoxication/Altered States of Consciousness": -0.0006239787494634105,
    "Physical and Exhaustive States|Sourness": -0.007697625822582087,
    "Positive High-Energy Emotions|Awe": -0.01648322363203262,
    "Positive High-Energy Emotions|Pleasure/Ecstasy": -0.020597075370977103,
    "Positive High-Energy Emotions|Astonishment/Surprise": -0.038395527531921644,
    "Negative High-Energy Emotions|Disgust": -0.03970754345803907,
    "Positive High-Energy Emotions|Triumph": -0.07449889474551812,
    "Positive High-Energy Emotions|Teasing": -0.11372613039672812,
    "Negative Low-Energy Emotions|Embarrassment": -0.11396181797642847,
    "Cognitive States and Processes|Confusion": -0.15233933259715965,
    "Positive High-Energy Emotions|Elation": -0.15317362929079748,
    "Negative Low-Energy Emotions|Contempt": -0.37903611631142897,
    "Positive Low-Energy Emotions|Thankfulness/Gratitude": -0.4824660997748232,
    "Positive High-Energy Emotions|Amusement": -0.5242523516599948,
    "Negative High-Energy Emotions|Malevolence/Malice": -0.5256573248026899,
    "Negative Low-Energy Emotions|Doubt": -0.563487647659906,
    "Longing & Lust|Sexual Lust": -0.6352257071397244,
    "Negative Low-Energy Emotions|Shame": -0.6487543145923844,
    "Extra Dimensions|Arousal": -0.6784666861806596,
    "Positive Low-Energy Emotions|Pride": -1.0365940081399112,
    "Extra Dimensions|Dominance": -1.1395659005719718,
    "Extra Dimensions|Valence": -1.5021265899214975,
    "Longing & Lust|Infatuation": -1.6324466628060017,
    "Negative Low-Energy Emotions|Bitterness": -1.8272624705464413
  }
}