{
  "key": [
    "stance-detection-part-3",
    "emonet-m1",
    "mj_data_265_U1.png"
  ],
  "value": {
    "Positive Low-Energy Emotions|Affection": 3.025402677347781,
    "Positive Low-Energy Emotions|Contentment": 2.723496298725297,
    "Physical and Exhaustive States|Fatigue/Exhaustion": 1.6242177667430577,
    "Extra Dimensions|Valence": 1.4953805054154166,
    "Positive Low-Energy Emotions|Contemplation": 1.4361316188828739,
    "Positive High-Energy Emotions|Amusement": 1.392952844213981,
    "Positive High-Energy Emotions|Pleasure/Ecstasy": 1.3837939935942196,
    "Cognitive States and Processes|Concentration": 1.177293566406974,
    "Negative Low-Energy Emotions|Sadness": 0.7083597336970389,
    "Positive High-Energy Emotions|Hope/Enthusiasm/Optimism": 0.6865969642164397,
    "Extra Dimensions|Emotional Vulnerability": 0.5078316042711446,
    "Negative High-Energy Emotions|Distress": 0.43013613072698154,
    "Positive High-Energy Emotions|Interest": 0.29681341254558324,
    "Negative Low-Energy Emotions|Helplessness": 0.28740040646122267,
    "Negative High-Energy Emotions|Impatience and Irritability": 0.1265722536055487,
    "Negative Low-Energy Emotions|Emotional Numbness": 0.08247936778998644,
    "Positive Low-Energy Emotions|Relief": 0.004109702588164763,
    "Negative Low-Energy Emotions|Jealousy & Envy": 0.0,
    "Physical and Exhaustive States|Intoxication/Altered States of Consciousness": -0.005328327492425294,
    "Physical and Exhaustive States|Sourness": -0.009966193503894648,
    "Positive High-Energy Emotions|Awe": -0.011025315716917262,
    "Physical and Exhaustive States|Pain": -0.020670116004905786,
    "Positive High-Energy Emotions|Elation": -0.03857782583225555,
    "Negative High-Energy Emotions|Disgust": -0.04368441751151731,
    "Negative High-Energy Emotions|Anger": -0.04468192853333747,
    "Positive High-Energy Emotions|Astonishment/Surprise": -0.059743407895386,
    "Positive High-Energy Emotions|Triumph": -0.07529930223714247,
    "Positive High-Energy Emotions|Teasing": -0.11238406848967512,
    "Negative Low-Energy Emotions|Embarrassment": -0.11841995483298441,
    "Negative High-Energy Emotions|Fear": -0.13368498316655555,
    "Cognitive States and Processes|Confusion": -0.15967402686347892,
    "Positive Low-Energy Emotions|Thankfulness/Gratitude": -0.1998010566368556,
    "Extra Dimensions|Dominance": -0.24028324396195974,
    "Positive Low-Energy Emotions|Pride": -0.25606029205733827,
    "Negative Low-Energy Emotions|Contempt": -0.37907494128691954,
    "Negative High-Energy Emotions|Malevolence/Malice": -0.5307160380600027,
    "Negative Low-Energy Emotions|Shame": -0.6560043395294777,
    "Longing & Lust|Sexual Lust": -0.6607197312972485,
    "Negative Low-Energy Emotions|Disappointment": -0.681370690905049,
    "Extra Dimensions|Arousal": -0.7365754927907671,
    "Longing & Lust|Longing": -0.8328399812400122,
    "Negative Low-Energy Emotions|Doubt": -0.9203892020506941,
    "Longing & Lust|Infatuation": -1.6330971878990803,
    "Negative Low-Energy Emotions|Bitterness": -1.8304298418120315
  }
}