{
  "key": [
    "stance-detection-part-3",
    "emonet-m1",
    "mj_data_312_U1.png"
  ],
  "value": {
    "Positive High-Energy Emotions|Amusement": 4.536292478155631,
    "Positive High-Energy Emotions|Pleasure/Ecstasy": 3.831446691157391,
    "Positive High-Energy Emotions|Elation": 3.2227099974871796,
    "Positive High-Energy Emotions|Astonishment/Surprise": 2.5547816420294645,
    "Extra Dimensions|Valence": 2.2977207745041617,
    "Positive Low-Energy Emotions|Affection": 2.015946519663455,
    "Positive Low-Energy Emotions|Contentment": 1.9116550492593547,
    "Positive High-Energy Emotions|Teasing": 1.3424783808284955,
    "Cognitive States and Processes|Confusion": 1.1981848842931755,
    "Physical and Exhaustive States|Fatigue/Exhaustion": 1.049803632717484,
    "Extra Dimensions|Emotional Vulnerability": 1.0492842505266378,
    "Extra Dimensions|Arousal": 0.8836778317178999,
    "Negative Low-Energy Emotions|Embarrassment": 0.8373216294680105,
    "Positive High-Energy Emotions|Interest": 0.5971764763578391,
    "Negative High-Energy Emotions|Impatience and Irritability": 0.40254038800877745,
    "Positive High-Energy Emotions|Hope/Enthusiasm/Optimism": 0.32648382029554124,
    "Extra Dimensions|Dominance": 0.19788844823059473,
    "Positive High-Energy Emotions|Awe": 0.03043789546186234,
    "Physical and Exhaustive States|Intoxication/Altered States of Consciousness": 0.02761431775932565,
    "Positive Low-Energy Emotions|Relief": 0.008603974760615783,
    "Negative Low-Energy Emotions|Jealousy & Envy": 0.0,
    "Physical and Exhaustive States|Sourness": -0.006373218066253504,
    "Physical and Exhaustive States|Pain": -0.020670116004905786,
    "Negative High-Energy Emotions|Disgust": -0.04390891840606382,
    "Positive High-Energy Emotions|Triumph": -0.07737220463346377,
    "Negative High-Energy Emotions|Anger": -0.08654617466332709,
    "Negative High-Energy Emotions|Fear": -0.1199972607816259,
    "Negative Low-Energy Emotions|Helplessness": -0.23258872641994185,
    "Negative Low-Energy Emotions|Contempt": -0.3759697479103784,
    "Positive Low-Energy Emotions|Thankfulness/Gratitude": -0.4147295346394038,
    "Negative High-Energy Emotions|Malevolence/Malice": -0.5321738261101774,
    "Negative Low-Energy Emotions|Emotional Numbness": -0.5626351136591408,
    "Positive Low-Energy Emotions|Contemplation": -0.5707590356810299,
    "Positive Low-Energy Emotions|Pride": -0.5852131741564899,
    "Negative High-Energy Emotions|Distress": -0.6510783195727583,
    "Longing & Lust|Sexual Lust": -0.6541970460078655,
    "Negative Low-Energy Emotions|Shame": -0.656435902303361,
    "Negative Low-Energy Emotions|Disappointment": -0.7359991599549796,
    "Negative Low-Energy Emotions|Doubt": -0.8673045324159943,
    "Longing & Lust|Longing": -0.8807908227264662,
    "Negative Low-Energy Emotions|Sadness": -0.9124326999224603,
    "Longing & Lust|Infatuation": -1.6335316834077511,
    "Cognitive States and Processes|Concentration": -1.6547552669632348,
    "Negative Low-Energy Emotions|Bitterness": -1.830869949470537
  }
}