{
  "key": [
    "stance-detection-part-3",
    "emonet-m1",
    "mj_data_292_U3.png"
  ],
  "value": {
    "Positive High-Energy Emotions|Amusement": 4.2677668777222815,
    "Positive High-Energy Emotions|Pleasure/Ecstasy": 3.4531877475996517,
    "Positive High-Energy Emotions|Elation": 3.1769329150439423,
    "Positive Low-Energy Emotions|Contentment": 3.1421221303293008,
    "Positive Low-Energy Emotions|Affection": 2.271934879114749,
    "Extra Dimensions|Valence": 2.2111211861099966,
    "Extra Dimensions|Emotional Vulnerability": 1.0759156058122823,
    "Physical and Exhaustive States|Fatigue/Exhaustion": 0.806268352489823,
    "Extra Dimensions|Dominance": 0.6240130507868233,
    "Positive High-Energy Emotions|Hope/Enthusiasm/Optimism": 0.6142160638334441,
    "Positive Low-Energy Emotions|Pride": 0.6079306108433575,
    "Positive Low-Energy Emotions|Thankfulness/Gratitude": 0.2044931361541295,
    "Negative High-Energy Emotions|Anger": 0.11131624184248651,
    "Positive Low-Energy Emotions|Contemplation": 0.044563911821106306,
    "Positive Low-Energy Emotions|Relief": 0.014168016196334319,
    "Positive High-Energy Emotions|Awe": 0.0019632516353776594,
    "Negative Low-Energy Emotions|Jealousy & Envy": 0.0,
    "Physical and Exhaustive States|Sourness": -0.007695033020534358,
    "Physical and Exhaustive States|Intoxication/Altered States of Consciousness": -0.01035162814016089,
    "Extra Dimensions|Arousal": -0.012331851891108858,
    "Physical and Exhaustive States|Pain": -0.020670116004905786,
    "Negative Low-Energy Emotions|Emotional Numbness": -0.02669202274346083,
    "Negative High-Energy Emotions|Disgust": -0.042258555199200416,
    "Positive High-Energy Emotions|Astonishment/Surprise": -0.0521471982501147,
    "Positive High-Energy Emotions|Triumph": -0.0787017323356463,
    "Positive High-Energy Emotions|Teasing": -0.08791176107585867,
    "Negative Low-Energy Emotions|Embarrassment": -0.11868066554923197,
    "Negative High-Energy Emotions|Fear": -0.12831213107953468,
    "Cognitive States and Processes|Concentration": -0.12989184504627316,
    "Negative High-Energy Emotions|Impatience and Irritability": -0.13825174937563722,
    "Negative Low-Energy Emotions|Helplessness": -0.18403715207053847,
    "Cognitive States and Processes|Confusion": -0.18874852438440254,
    "Negative Low-Energy Emotions|Contempt": -0.3776532662008981,
    "Negative High-Energy Emotions|Malevolence/Malice": -0.5355124089239172,
    "Negative Low-Energy Emotions|Shame": -0.6564196218534342,
    "Positive High-Energy Emotions|Interest": -0.6605191985384011,
    "Longing & Lust|Sexual Lust": -0.6779461739919125,
    "Negative High-Energy Emotions|Distress": -0.6835043415659185,
    "Negative Low-Energy Emotions|Disappointment": -0.740600530498221,
    "Longing & Lust|Longing": -0.8786933874308844,
    "Negative Low-Energy Emotions|Sadness": -0.9284267718829096,
    "Negative Low-Energy Emotions|Doubt": -0.9320709636433206,
    "Longing & Lust|Infatuation": -1.6362875339612637,
    "Negative Low-Energy Emotions|Bitterness": -1.832124684053736
  }
}