{
  "key": [
    "stance-detection-part-3",
    "emonet-m1",
    "mj_data_116_U1.png"
  ],
  "value": {
    "Positive Low-Energy Emotions|Contemplation": 2.46240963783429,
    "Negative Low-Energy Emotions|Sadness": 2.204072610016924,
    "Negative High-Energy Emotions|Distress": 2.1941833957797767,
    "Physical and Exhaustive States|Fatigue/Exhaustion": 2.112370032291764,
    "Positive Low-Energy Emotions|Affection": 1.305337322046878,
    "Cognitive States and Processes|Concentration": 1.1181829249274817,
    "Negative High-Energy Emotions|Anger": 1.0133566042005797,
    "Positive High-Energy Emotions|Hope/Enthusiasm/Optimism": 0.9390954717161345,
    "Extra Dimensions|Emotional Vulnerability": 0.902643234520168,
    "Negative Low-Energy Emotions|Helplessness": 0.8589892803244429,
    "Positive High-Energy Emotions|Interest": 0.6210040291532493,
    "Positive Low-Energy Emotions|Contentment": 0.40589604848115646,
    "Negative High-Energy Emotions|Impatience and Irritability": 0.38902402152699644,
    "Positive High-Energy Emotions|Pleasure/Ecstasy": 0.33802212655740005,
    "Negative High-Energy Emotions|Fear": 0.2683942414199313,
    "Longing & Lust|Longing": 0.060860670584462095,
    "Negative Low-Energy Emotions|Jealousy & Envy": 0.0,
    "Positive Low-Energy Emotions|Relief": -0.00013867807284597897,
    "Physical and Exhaustive States|Sourness": -0.004468603796520075,
    "Positive High-Energy Emotions|Awe": -0.008647269204313503,
    "Physical and Exhaustive States|Intoxication/Altered States of Consciousness": -0.012828126624772401,
    "Physical and Exhaustive States|Pain": -0.013453860416004965,
    "Negative High-Energy Emotions|Disgust": -0.03828124156146696,
    "Positive High-Energy Emotions|Astonishment/Surprise": -0.044629443218529005,
    "Negative Low-Energy Emotions|Emotional Numbness": -0.05596320814156264,
    "Negative Low-Energy Emotions|Doubt": -0.07056227195990905,
    "Positive High-Energy Emotions|Triumph": -0.0774354507495059,
    "Extra Dimensions|Dominance": -0.08221918404880132,
    "Positive High-Energy Emotions|Teasing": -0.11274131265342673,
    "Negative Low-Energy Emotions|Embarrassment": -0.11542896395583292,
    "Cognitive States and Processes|Confusion": -0.13400845681300094,
    "Positive High-Energy Emotions|Elation": -0.15317302890787898,
    "Negative Low-Energy Emotions|Contempt": -0.3837438029144983,
    "Negative Low-Energy Emotions|Disappointment": -0.41745664968390717,
    "Extra Dimensions|Arousal": -0.4230009402547563,
    "Positive Low-Energy Emotions|Thankfulness/Gratitude": -0.48188354074059486,
    "Positive High-Energy Emotions|Amusement": -0.5189900661890323,
    "Negative High-Energy Emotions|Malevolence/Malice": -0.5300213906286291,
    "Negative Low-Energy Emotions|Shame": -0.6582030170395008,
    "Longing & Lust|Sexual Lust": -0.6733750192782818,
    "Positive Low-Energy Emotions|Pride": -1.0818485962670474,
    "Extra Dimensions|Valence": -1.14448644271233,
    "Negative Low-Energy Emotions|Bitterness": -1.498995188671427,
    "Longing & Lust|Infatuation": -1.6262459096536312
  }
}