{
  "key": [
    "stance-detection-part-3",
    "emonet-m1",
    "mj_data_219_U2.png"
  ],
  "value": {
    "Positive Low-Energy Emotions|Affection": 2.138648164560916,
    "Positive Low-Energy Emotions|Contemplation": 2.0148095115678104,
    "Negative Low-Energy Emotions|Sadness": 1.7970365439616263,
    "Physical and Exhaustive States|Fatigue/Exhaustion": 1.6761777581981359,
    "Positive Low-Energy Emotions|Contentment": 1.5143574284860393,
    "Negative High-Energy Emotions|Distress": 1.4928844436771158,
    "Cognitive States and Processes|Concentration": 1.3707063471686927,
    "Extra Dimensions|Emotional Vulnerability": 0.6289930651476094,
    "Positive High-Energy Emotions|Interest": 0.6083988388761497,
    "Negative Low-Energy Emotions|Helplessness": 0.6000214038901167,
    "Positive High-Energy Emotions|Pleasure/Ecstasy": 0.48142592489915115,
    "Negative High-Energy Emotions|Anger": 0.4584813495695373,
    "Extra Dimensions|Dominance": 0.454049333326191,
    "Negative Low-Energy Emotions|Disappointment": 0.4158653687010263,
    "Positive High-Energy Emotions|Hope/Enthusiasm/Optimism": 0.3985569222929167,
    "Negative High-Energy Emotions|Impatience and Irritability": 0.35083663692158873,
    "Physical and Exhaustive States|Pain": 0.34873577521841737,
    "Negative Low-Energy Emotions|Emotional Numbness": 0.02978993469214708,
    "Positive Low-Energy Emotions|Relief": 0.005947731019103484,
    "Negative Low-Energy Emotions|Jealousy & Envy": 0.0,
    "Positive High-Energy Emotions|Awe": -0.008352941468412624,
    "Physical and Exhaustive States|Sourness": -0.009412347144641718,
    "Physical and Exhaustive States|Intoxication/Altered States of Consciousness": -0.01400850720758185,
    "Negative High-Energy Emotions|Disgust": -0.034618267919117714,
    "Positive High-Energy Emotions|Astonishment/Surprise": -0.059200767209350844,
    "Positive High-Energy Emotions|Triumph": -0.07415553194474116,
    "Positive High-Energy Emotions|Teasing": -0.11303512629926642,
    "Negative Low-Energy Emotions|Embarrassment": -0.1154614633883967,
    "Negative High-Energy Emotions|Fear": -0.13035206279406944,
    "Positive High-Energy Emotions|Elation": -0.15317284648416019,
    "Positive Low-Energy Emotions|Pride": -0.15352856092864564,
    "Cognitive States and Processes|Confusion": -0.17506714989414146,
    "Negative Low-Energy Emotions|Contempt": -0.36774976820695204,
    "Longing & Lust|Longing": -0.4562516739189406,
    "Positive Low-Energy Emotions|Thankfulness/Gratitude": -0.481168607240901,
    "Positive High-Energy Emotions|Amusement": -0.4823450225477035,
    "Negative High-Energy Emotions|Malevolence/Malice": -0.53186081976872,
    "Negative Low-Energy Emotions|Shame": -0.65789701983174,
    "Longing & Lust|Sexual Lust": -0.6602801321408688,
    "Extra Dimensions|Arousal": -0.756726392677852,
    "Negative Low-Energy Emotions|Doubt": -0.9162325715644442,
    "Extra Dimensions|Valence": -1.0619695340667001,
    "Negative Low-Energy Emotions|Bitterness": -1.264783386188822,
    "Longing & Lust|Infatuation": -1.6304267582521115
  }
}