{
  "key": [
    "stance-detection-part-3",
    "emonet-m1",
    "mj_data_385_U2.png"
  ],
  "value": {
    "Positive Low-Energy Emotions|Affection": 2.6311048391367216,
    "Positive Low-Energy Emotions|Contentment": 2.48547158711641,
    "Cognitive States and Processes|Concentration": 2.1735859190833655,
    "Positive High-Energy Emotions|Pleasure/Ecstasy": 2.0174780327101254,
    "Positive High-Energy Emotions|Amusement": 1.7409931865449135,
    "Extra Dimensions|Valence": 1.517284020277477,
    "Positive Low-Energy Emotions|Contemplation": 1.4055983051316532,
    "Positive High-Energy Emotions|Hope/Enthusiasm/Optimism": 1.2451003535749603,
    "Positive High-Energy Emotions|Interest": 1.0807899674161887,
    "Positive High-Energy Emotions|Elation": 0.9209335883380096,
    "Physical and Exhaustive States|Fatigue/Exhaustion": 0.8748055877498327,
    "Extra Dimensions|Emotional Vulnerability": 0.5059557268907735,
    "Positive Low-Energy Emotions|Pride": 0.46374029941147277,
    "Negative High-Energy Emotions|Impatience and Irritability": 0.17872768869084532,
    "Negative Low-Energy Emotions|Emotional Numbness": 0.1640710931394127,
    "Extra Dimensions|Dominance": 0.14531655549225245,
    "Positive High-Energy Emotions|Teasing": 0.10164822760164301,
    "Longing & Lust|Longing": 0.08565948106648724,
    "Negative High-Energy Emotions|Anger": 0.08020592532751764,
    "Positive Low-Energy Emotions|Relief": 0.0024035196314692066,
    "Negative Low-Energy Emotions|Jealousy & Envy": 0.0,
    "Physical and Exhaustive States|Intoxication/Altered States of Consciousness": -0.0008405447756741954,
    "Physical and Exhaustive States|Sourness": -0.010414502388992152,
    "Physical and Exhaustive States|Pain": -0.020670116004905786,
    "Positive High-Energy Emotions|Awe": -0.03045648951833938,
    "Negative High-Energy Emotions|Disgust": -0.04441213807016065,
    "Positive High-Energy Emotions|Astonishment/Surprise": -0.06145176642161586,
    "Positive Low-Energy Emotions|Thankfulness/Gratitude": -0.06641581560520887,
    "Positive High-Energy Emotions|Triumph": -0.06658922334205046,
    "Longing & Lust|Infatuation": -0.07508392008396725,
    "Negative Low-Energy Emotions|Embarrassment": -0.12135350173373362,
    "Negative High-Energy Emotions|Fear": -0.14408536783109108,
    "Extra Dimensions|Arousal": -0.1708782996450151,
    "Negative Low-Energy Emotions|Helplessness": -0.17712357952071853,
    "Cognitive States and Processes|Confusion": -0.1919512607621186,
    "Negative Low-Energy Emotions|Sadness": -0.2414181078709543,
    "Negative Low-Energy Emotions|Contempt": -0.3758304742072801,
    "Longing & Lust|Sexual Lust": -0.42467070504640925,
    "Negative High-Energy Emotions|Distress": -0.482376469694924,
    "Negative High-Energy Emotions|Malevolence/Malice": -0.5336276951549581,
    "Negative Low-Energy Emotions|Shame": -0.6561914981140724,
    "Negative Low-Energy Emotions|Disappointment": -0.7382888798346068,
    "Negative Low-Energy Emotions|Doubt": -0.950153800286182,
    "Negative Low-Energy Emotions|Bitterness": -1.830465201336222
  }
}