{
  "key": [
    "stance-detection-part-3",
    "emonet-m1",
    "mj_data_284_U1.png"
  ],
  "value": {
    "Positive Low-Energy Emotions|Affection": 2.715184581568362,
    "Positive Low-Energy Emotions|Contemplation": 2.440538547898987,
    "Positive Low-Energy Emotions|Contentment": 2.183558564121415,
    "Physical and Exhaustive States|Fatigue/Exhaustion": 1.8955998601726232,
    "Physical and Exhaustive States|Pain": 1.6287156896452208,
    "Positive High-Energy Emotions|Interest": 1.2415496548398948,
    "Positive High-Energy Emotions|Pleasure/Ecstasy": 1.0925697523375058,
    "Extra Dimensions|Emotional Vulnerability": 1.0327928374101827,
    "Positive High-Energy Emotions|Hope/Enthusiasm/Optimism": 0.9286869510175871,
    "Positive High-Energy Emotions|Amusement": 0.8618692603821938,
    "Negative Low-Energy Emotions|Sadness": 0.8342987452708304,
    "Negative High-Energy Emotions|Distress": 0.7832918628818277,
    "Extra Dimensions|Valence": 0.6350344265427359,
    "Cognitive States and Processes|Concentration": 0.5454070841682044,
    "Negative High-Energy Emotions|Impatience and Irritability": 0.3594792508093756,
    "Negative High-Energy Emotions|Anger": 0.314373173338153,
    "Positive Low-Energy Emotions|Pride": 0.16261465377396056,
    "Negative Low-Energy Emotions|Helplessness": 0.11584613905475907,
    "Extra Dimensions|Dominance": 0.08637864827331934,
    "Positive Low-Energy Emotions|Relief": 0.006210162819468932,
    "Negative Low-Energy Emotions|Jealousy & Envy": 0.0,
    "Physical and Exhaustive States|Sourness": -0.003800465530910334,
    "Positive High-Energy Emotions|Awe": -0.009516111210043178,
    "Physical and Exhaustive States|Intoxication/Altered States of Consciousness": -0.011687576845834107,
    "Negative High-Energy Emotions|Disgust": -0.04159539392142942,
    "Positive High-Energy Emotions|Astonishment/Surprise": -0.04462954752665736,
    "Positive High-Energy Emotions|Triumph": -0.07424676709811821,
    "Positive High-Energy Emotions|Teasing": -0.10179853689730604,
    "Negative Low-Energy Emotions|Embarrassment": -0.10885735070366999,
    "Negative High-Energy Emotions|Fear": -0.12800292453418174,
    "Cognitive States and Processes|Confusion": -0.14722730671038559,
    "Positive High-Energy Emotions|Elation": -0.15138777119580693,
    "Longing & Lust|Longing": -0.15602018736002643,
    "Negative Low-Energy Emotions|Emotional Numbness": -0.23413078969979018,
    "Negative Low-Energy Emotions|Contempt": -0.3808881369327287,
    "Extra Dimensions|Arousal": -0.4227575148854936,
    "Positive Low-Energy Emotions|Thankfulness/Gratitude": -0.48118609468488455,
    "Negative High-Energy Emotions|Malevolence/Malice": -0.5284084069846204,
    "Negative Low-Energy Emotions|Doubt": -0.6209817813707672,
    "Negative Low-Energy Emotions|Shame": -0.6565253390728465,
    "Longing & Lust|Sexual Lust": -0.6727726249358593,
    "Negative Low-Energy Emotions|Disappointment": -0.7290147826751019,
    "Longing & Lust|Infatuation": -1.622174673996893,
    "Negative Low-Energy Emotions|Bitterness": -1.8300787788362076
  }
}