{
  "key": [
    "stance-detection-part-3",
    "emonet-m1",
    "mj_data_147_U2.png"
  ],
  "value": {
    "Positive Low-Energy Emotions|Contemplation": 2.5035711750047,
    "Cognitive States and Processes|Confusion": 2.2335385448766716,
    "Negative High-Energy Emotions|Distress": 2.0817044242984535,
    "Positive High-Energy Emotions|Interest": 1.8502198895200705,
    "Cognitive States and Processes|Concentration": 1.5040624415290442,
    "Positive High-Energy Emotions|Astonishment/Surprise": 1.4219450617529752,
    "Negative Low-Energy Emotions|Sadness": 1.2203930770121634,
    "Physical and Exhaustive States|Fatigue/Exhaustion": 1.199400800686234,
    "Positive High-Energy Emotions|Awe": 0.9713762490003756,
    "Extra Dimensions|Emotional Vulnerability": 0.9594476530840108,
    "Negative Low-Energy Emotions|Doubt": 0.6040206862615265,
    "Positive Low-Energy Emotions|Affection": 0.5551357391382477,
    "Negative Low-Energy Emotions|Helplessness": 0.39740638123081495,
    "Negative High-Energy Emotions|Impatience and Irritability": 0.37608605851811583,
    "Positive High-Energy Emotions|Hope/Enthusiasm/Optimism": 0.3715702041151213,
    "Negative High-Energy Emotions|Fear": 0.35229874619593227,
    "Positive Low-Energy Emotions|Contentment": 0.17689452641694747,
    "Extra Dimensions|Valence": 0.11137483963630275,
    "Extra Dimensions|Arousal": 0.08180986983435501,
    "Negative High-Energy Emotions|Anger": 0.05582255921957696,
    "Positive High-Energy Emotions|Pleasure/Ecstasy": 0.04477064937548858,
    "Physical and Exhaustive States|Intoxication/Altered States of Consciousness": 0.021836124285509732,
    "Negative Low-Energy Emotions|Jealousy & Envy": 0.0,
    "Positive Low-Energy Emotions|Relief": -0.0010226224054456189,
    "Physical and Exhaustive States|Sourness": -0.012886217600860438,
    "Physical and Exhaustive States|Pain": -0.020670116004905786,
    "Negative High-Energy Emotions|Disgust": -0.04012767424731901,
    "Negative Low-Energy Emotions|Emotional Numbness": -0.043955196800467666,
    "Negative Low-Energy Emotions|Disappointment": -0.06903588070769562,
    "Positive High-Energy Emotions|Triumph": -0.07811437978412643,
    "Positive High-Energy Emotions|Teasing": -0.11412656930149039,
    "Negative Low-Energy Emotions|Embarrassment": -0.11812444990534922,
    "Positive High-Energy Emotions|Elation": -0.15317301892526514,
    "Negative Low-Energy Emotions|Contempt": -0.37829163194644255,
    "Positive Low-Energy Emotions|Thankfulness/Gratitude": -0.4801078596994138,
    "Positive High-Energy Emotions|Amusement": -0.5127042236809547,
    "Negative High-Energy Emotions|Malevolence/Malice": -0.5329111579177908,
    "Extra Dimensions|Dominance": -0.6320923125821647,
    "Negative Low-Energy Emotions|Shame": -0.6563141663356653,
    "Longing & Lust|Sexual Lust": -0.6708013056180416,
    "Longing & Lust|Longing": -0.8523438727080603,
    "Positive Low-Energy Emotions|Pride": -1.0607813494723468,
    "Longing & Lust|Infatuation": -1.624262140415636,
    "Negative Low-Energy Emotions|Bitterness": -1.8306405842781832
  }
}