{
  "key": [
    "stance-detection-part-3",
    "emonet-m1",
    "mj_data_51_U2.png"
  ],
  "value": {
    "Positive High-Energy Emotions|Amusement": 5.499771997046012,
    "Positive High-Energy Emotions|Elation": 4.163735493016354,
    "Positive High-Energy Emotions|Pleasure/Ecstasy": 3.665646834971478,
    "Extra Dimensions|Valence": 2.6937535847153433,
    "Positive Low-Energy Emotions|Contentment": 1.919620852405717,
    "Positive Low-Energy Emotions|Affection": 1.7048541429544708,
    "Extra Dimensions|Emotional Vulnerability": 1.4740546057512471,
    "Extra Dimensions|Arousal": 1.2343286190714156,
    "Extra Dimensions|Dominance": 0.8318925344866219,
    "Positive Low-Energy Emotions|Pride": 0.7452201349217267,
    "Positive Low-Energy Emotions|Thankfulness/Gratitude": 0.2733584949836278,
    "Positive High-Energy Emotions|Teasing": 0.14558304968416252,
    "Positive High-Energy Emotions|Triumph": 0.09556542790491447,
    "Physical and Exhaustive States|Intoxication/Altered States of Consciousness": 0.05085192613249078,
    "Positive High-Energy Emotions|Hope/Enthusiasm/Optimism": 0.03263679585477586,
    "Physical and Exhaustive States|Fatigue/Exhaustion": 0.01701189897572386,
    "Positive Low-Energy Emotions|Relief": 0.007452457727038817,
    "Negative Low-Energy Emotions|Jealousy & Envy": 0.0,
    "Physical and Exhaustive States|Sourness": -0.01007053143457397,
    "Physical and Exhaustive States|Pain": -0.020670116004905786,
    "Positive High-Energy Emotions|Awe": -0.021405837133581386,
    "Negative High-Energy Emotions|Disgust": -0.04033628305345228,
    "Positive High-Energy Emotions|Astonishment/Surprise": -0.06847106271010615,
    "Negative Low-Energy Emotions|Embarrassment": -0.1191613546576037,
    "Negative High-Energy Emotions|Fear": -0.1282631286109487,
    "Cognitive States and Processes|Confusion": -0.19063186724653175,
    "Negative Low-Energy Emotions|Helplessness": -0.2177728147692842,
    "Longing & Lust|Sexual Lust": -0.31806016847109186,
    "Negative Low-Energy Emotions|Contempt": -0.38113174856650633,
    "Negative High-Energy Emotions|Impatience and Irritability": -0.4184867865832407,
    "Negative High-Energy Emotions|Anger": -0.4275895277440766,
    "Negative High-Energy Emotions|Malevolence/Malice": -0.536968975078874,
    "Negative Low-Energy Emotions|Emotional Numbness": -0.6335384148981544,
    "Negative Low-Energy Emotions|Shame": -0.6563690799086324,
    "Negative High-Energy Emotions|Distress": -0.731560333096337,
    "Negative Low-Energy Emotions|Disappointment": -0.7385467816819693,
    "Longing & Lust|Longing": -0.8817750965773841,
    "Cognitive States and Processes|Concentration": -0.9133400643455896,
    "Negative Low-Energy Emotions|Doubt": -0.9350805232299648,
    "Negative Low-Energy Emotions|Sadness": -0.9834035457968593,
    "Positive Low-Energy Emotions|Contemplation": -1.0063874498350827,
    "Positive High-Energy Emotions|Interest": -1.5492206970468545,
    "Longing & Lust|Infatuation": -1.6244974148497258,
    "Negative Low-Energy Emotions|Bitterness": -1.8308089916140606
  }
}