{
  "key": [
    "stance-detection-part-3",
    "emonet-m1",
    "mj_data_186_U4.png"
  ],
  "value": {
    "Positive Low-Energy Emotions|Contemplation": 2.0030395015733036,
    "Positive Low-Energy Emotions|Contentment": 1.9996148156472942,
    "Positive Low-Energy Emotions|Affection": 1.8948584917093536,
    "Physical and Exhaustive States|Fatigue/Exhaustion": 1.5807998361400304,
    "Negative High-Energy Emotions|Anger": 1.1947052856504699,
    "Positive Low-Energy Emotions|Pride": 1.085090349384007,
    "Positive High-Energy Emotions|Pleasure/Ecstasy": 1.0145636039991879,
    "Cognitive States and Processes|Concentration": 0.9195413863074866,
    "Positive High-Energy Emotions|Interest": 0.8780590733274436,
    "Negative High-Energy Emotions|Distress": 0.8230200275546793,
    "Extra Dimensions|Emotional Vulnerability": 0.7464855025102803,
    "Negative Low-Energy Emotions|Sadness": 0.5680433665476858,
    "Positive High-Energy Emotions|Hope/Enthusiasm/Optimism": 0.49350581011792893,
    "Negative High-Energy Emotions|Impatience and Irritability": 0.4722573780028265,
    "Negative Low-Energy Emotions|Helplessness": 0.12083111391590409,
    "Extra Dimensions|Dominance": 0.08137316941437159,
    "Negative Low-Energy Emotions|Jealousy & Envy": 0.0,
    "Positive Low-Energy Emotions|Relief": -0.0025473539222836926,
    "Physical and Exhaustive States|Sourness": -0.006308278805770716,
    "Physical and Exhaustive States|Intoxication/Altered States of Consciousness": -0.006923377588937135,
    "Positive High-Energy Emotions|Awe": -0.01286700983350967,
    "Negative Low-Energy Emotions|Emotional Numbness": -0.015976657333609756,
    "Physical and Exhaustive States|Pain": -0.020670116004905786,
    "Negative High-Energy Emotions|Disgust": -0.04152954569011381,
    "Positive High-Energy Emotions|Astonishment/Surprise": -0.052067059805214186,
    "Positive High-Energy Emotions|Amusement": -0.07120533316181255,
    "Positive High-Energy Emotions|Triumph": -0.07453957119028702,
    "Extra Dimensions|Valence": -0.10275149768330975,
    "Positive High-Energy Emotions|Teasing": -0.1133861082500263,
    "Negative Low-Energy Emotions|Embarrassment": -0.11581686725874087,
    "Negative High-Energy Emotions|Fear": -0.13088492086778084,
    "Positive High-Energy Emotions|Elation": -0.15317236622184494,
    "Cognitive States and Processes|Confusion": -0.15781528581848075,
    "Negative Low-Energy Emotions|Contempt": -0.3302559134458284,
    "Extra Dimensions|Arousal": -0.4017094458852495,
    "Negative Low-Energy Emotions|Disappointment": -0.42934667363066925,
    "Positive Low-Energy Emotions|Thankfulness/Gratitude": -0.480927093876884,
    "Negative High-Energy Emotions|Malevolence/Malice": -0.5278256523726514,
    "Negative Low-Energy Emotions|Shame": -0.6563445637731782,
    "Longing & Lust|Sexual Lust": -0.6658416180274426,
    "Negative Low-Energy Emotions|Doubt": -0.7136476324869476,
    "Longing & Lust|Longing": -0.8730778028785964,
    "Longing & Lust|Infatuation": -1.6347299453839932,
    "Negative Low-Energy Emotions|Bitterness": -1.828995017382579
  }
}