{
  "key": [
    "stance-detection-part-3",
    "emonet-m1",
    "mj_data_292_U1.png"
  ],
  "value": {
    "Positive Low-Energy Emotions|Contentment": 3.6939819859811562,
    "Positive Low-Energy Emotions|Affection": 3.3804727914835233,
    "Positive High-Energy Emotions|Pleasure/Ecstasy": 2.6264920669813656,
    "Positive High-Energy Emotions|Amusement": 2.2230633941407385,
    "Extra Dimensions|Valence": 1.8934398735489615,
    "Positive Low-Energy Emotions|Contemplation": 1.7113195880906376,
    "Physical and Exhaustive States|Fatigue/Exhaustion": 1.2972324075511632,
    "Positive Low-Energy Emotions|Pride": 1.0621959669072003,
    "Extra Dimensions|Emotional Vulnerability": 0.9320411989977071,
    "Positive High-Energy Emotions|Elation": 0.8402357538462799,
    "Positive High-Energy Emotions|Interest": 0.6233543595060325,
    "Positive High-Energy Emotions|Hope/Enthusiasm/Optimism": 0.5909325822355437,
    "Negative Low-Energy Emotions|Emotional Numbness": 0.028477440414192978,
    "Negative High-Energy Emotions|Anger": 0.010376193147875912,
    "Cognitive States and Processes|Concentration": 0.008794573487052038,
    "Positive Low-Energy Emotions|Relief": 0.004576690078818755,
    "Negative Low-Energy Emotions|Jealousy & Envy": 0.0,
    "Physical and Exhaustive States|Intoxication/Altered States of Consciousness": -0.0003729165350888682,
    "Physical and Exhaustive States|Sourness": -0.010056233770408473,
    "Positive Low-Energy Emotions|Thankfulness/Gratitude": -0.012511371625945567,
    "Positive High-Energy Emotions|Awe": -0.013684040501768337,
    "Physical and Exhaustive States|Pain": -0.020670116004905786,
    "Extra Dimensions|Dominance": -0.035836458810001276,
    "Negative High-Energy Emotions|Disgust": -0.04246722360997846,
    "Positive High-Energy Emotions|Astonishment/Surprise": -0.04511495285254695,
    "Negative High-Energy Emotions|Impatience and Irritability": -0.07391363153773134,
    "Positive High-Energy Emotions|Triumph": -0.07456690830181971,
    "Positive High-Energy Emotions|Teasing": -0.09992178034842451,
    "Negative Low-Energy Emotions|Embarrassment": -0.11768188914318224,
    "Negative High-Energy Emotions|Fear": -0.13086592933783928,
    "Negative Low-Energy Emotions|Helplessness": -0.1859127314276857,
    "Cognitive States and Processes|Confusion": -0.1894715883301728,
    "Longing & Lust|Longing": -0.25260969303248126,
    "Negative Low-Energy Emotions|Sadness": -0.2551807607449472,
    "Extra Dimensions|Arousal": -0.32364142792565476,
    "Negative Low-Energy Emotions|Contempt": -0.37529342145669264,
    "Negative High-Energy Emotions|Malevolence/Malice": -0.5319464865444234,
    "Negative Low-Energy Emotions|Shame": -0.6563735064848295,
    "Negative High-Energy Emotions|Distress": -0.6633720830314871,
    "Longing & Lust|Sexual Lust": -0.6884322254321514,
    "Negative Low-Energy Emotions|Disappointment": -0.7309689302672888,
    "Negative Low-Energy Emotions|Doubt": -0.933132711425253,
    "Longing & Lust|Infatuation": -1.6252627459392224,
    "Negative Low-Energy Emotions|Bitterness": -1.83104616501488
  }
}