{
  "key": [
    "stance-detection-part-3",
    "emonet-m1",
    "mj_data_109_U4.png"
  ],
  "value": {
    "Positive High-Energy Emotions|Astonishment/Surprise": 5.203312840531051,
    "Cognitive States and Processes|Confusion": 1.9839674599004753,
    "Positive High-Energy Emotions|Awe": 1.6251942006796052,
    "Extra Dimensions|Arousal": 1.3776420269693648,
    "Positive High-Energy Emotions|Interest": 1.2490529259428,
    "Extra Dimensions|Emotional Vulnerability": 1.105498344688625,
    "Negative High-Energy Emotions|Fear": 0.9393512702857455,
    "Negative High-Energy Emotions|Distress": 0.7751481994754557,
    "Positive High-Energy Emotions|Teasing": 0.370625780254002,
    "Positive High-Energy Emotions|Amusement": 0.3362608400101845,
    "Positive High-Energy Emotions|Hope/Enthusiasm/Optimism": 0.22411963782331223,
    "Negative Low-Energy Emotions|Embarrassment": 0.16573887104134422,
    "Extra Dimensions|Valence": 0.03433388421199397,
    "Positive High-Energy Emotions|Pleasure/Ecstasy": 0.028524434866478265,
    "Physical and Exhaustive States|Fatigue/Exhaustion": 0.021634596805924056,
    "Physical and Exhaustive States|Intoxication/Altered States of Consciousness": 0.014160707517912536,
    "Negative High-Energy Emotions|Impatience and Irritability": 0.009459855457965682,
    "Negative Low-Energy Emotions|Jealousy & Envy": 0.0,
    "Positive Low-Energy Emotions|Relief": -0.0026672635664105847,
    "Physical and Exhaustive States|Sourness": -0.010418421394386134,
    "Physical and Exhaustive States|Pain": -0.020670116004905786,
    "Negative High-Energy Emotions|Disgust": -0.05930754741578748,
    "Positive High-Energy Emotions|Triumph": -0.07525494334291354,
    "Positive High-Energy Emotions|Elation": -0.1490058238385994,
    "Negative Low-Energy Emotions|Helplessness": -0.2010177107043428,
    "Negative High-Energy Emotions|Anger": -0.2469727317273835,
    "Cognitive States and Processes|Concentration": -0.3769960129845056,
    "Negative Low-Energy Emotions|Contempt": -0.38069991291510863,
    "Positive Low-Energy Emotions|Thankfulness/Gratitude": -0.43617220501451254,
    "Positive Low-Energy Emotions|Contentment": -0.4412269783666829,
    "Negative Low-Energy Emotions|Emotional Numbness": -0.46235655731224745,
    "Negative High-Energy Emotions|Malevolence/Malice": -0.538219122898393,
    "Negative Low-Energy Emotions|Shame": -0.6559997769801846,
    "Longing & Lust|Sexual Lust": -0.6756204901597439,
    "Negative Low-Energy Emotions|Disappointment": -0.7383780930866743,
    "Positive Low-Energy Emotions|Contemplation": -0.7456685081465451,
    "Longing & Lust|Longing": -0.875083633285739,
    "Negative Low-Energy Emotions|Doubt": -0.9009394446386181,
    "Negative Low-Energy Emotions|Sadness": -0.9777417424991608,
    "Extra Dimensions|Dominance": -1.0339990413266715,
    "Positive Low-Energy Emotions|Affection": -1.0445724380110482,
    "Positive Low-Energy Emotions|Pride": -1.0843140827935367,
    "Longing & Lust|Infatuation": -1.629954421244589,
    "Negative Low-Energy Emotions|Bitterness": -1.830795521895664
  }
}