{
  "key": [
    "stance-detection-part-3",
    "emonet-m1",
    "mj_data_342_U2.png"
  ],
  "value": {
    "Positive High-Energy Emotions|Amusement": 2.585787459921378,
    "Positive Low-Energy Emotions|Contentment": 2.2369774388620156,
    "Positive Low-Energy Emotions|Affection": 2.192558419993045,
    "Extra Dimensions|Valence": 1.7945872391190298,
    "Positive High-Energy Emotions|Pleasure/Ecstasy": 1.5541456180830502,
    "Positive High-Energy Emotions|Elation": 1.3114263852358978,
    "Extra Dimensions|Emotional Vulnerability": 0.7909198115160176,
    "Positive Low-Energy Emotions|Thankfulness/Gratitude": 0.6878971764907384,
    "Positive High-Energy Emotions|Hope/Enthusiasm/Optimism": 0.6047326072218108,
    "Longing & Lust|Infatuation": 0.4031435760631885,
    "Positive High-Energy Emotions|Teasing": 0.3812677127414898,
    "Positive High-Energy Emotions|Interest": 0.2901426991209006,
    "Positive Low-Energy Emotions|Pride": 0.25905866450851867,
    "Physical and Exhaustive States|Fatigue/Exhaustion": 0.22142030618702757,
    "Extra Dimensions|Arousal": 0.1769322071756636,
    "Extra Dimensions|Dominance": 0.14046017765221033,
    "Positive Low-Energy Emotions|Relief": 0.0022163982997774646,
    "Physical and Exhaustive States|Intoxication/Altered States of Consciousness": 0.00040455900078073016,
    "Negative Low-Energy Emotions|Jealousy & Envy": 0.0,
    "Physical and Exhaustive States|Sourness": -7.989890054686984e-05,
    "Positive High-Energy Emotions|Awe": -0.016165799096281276,
    "Physical and Exhaustive States|Pain": -0.020670116004905786,
    "Negative High-Energy Emotions|Disgust": -0.04294634809642484,
    "Positive High-Energy Emotions|Triumph": -0.07543833100240364,
    "Positive High-Energy Emotions|Astonishment/Surprise": -0.0797847395442126,
    "Negative Low-Energy Emotions|Embarrassment": -0.12248647799749514,
    "Negative High-Energy Emotions|Fear": -0.1326203622544805,
    "Negative Low-Energy Emotions|Emotional Numbness": -0.13910495227837294,
    "Longing & Lust|Sexual Lust": -0.15671465679621088,
    "Cognitive States and Processes|Confusion": -0.18353726048936775,
    "Negative Low-Energy Emotions|Helplessness": -0.2045490474887056,
    "Negative Low-Energy Emotions|Contempt": -0.37404940546500487,
    "Negative High-Energy Emotions|Impatience and Irritability": -0.4260342545302469,
    "Negative High-Energy Emotions|Anger": -0.4578668991506318,
    "Negative High-Energy Emotions|Malevolence/Malice": -0.5315032366035513,
    "Negative Low-Energy Emotions|Shame": -0.6564763151838413,
    "Negative High-Energy Emotions|Distress": -0.7380124315851446,
    "Negative Low-Energy Emotions|Disappointment": -0.7405351926316763,
    "Cognitive States and Processes|Concentration": -0.7823878253090295,
    "Longing & Lust|Longing": -0.8732820456444998,
    "Negative Low-Energy Emotions|Doubt": -0.927979378588327,
    "Negative Low-Energy Emotions|Sadness": -0.9338647792972505,
    "Positive Low-Energy Emotions|Contemplation": -1.049982406233093,
    "Negative Low-Energy Emotions|Bitterness": -1.8305128403485587
  }
}