{
  "key": [
    "stance-detection-part-3",
    "emonet-m1",
    "mj_data_37_U2.png"
  ],
  "value": {
    "Positive High-Energy Emotions|Amusement": 6.986582204412955,
    "Positive High-Energy Emotions|Elation": 5.98430119354736,
    "Positive High-Energy Emotions|Pleasure/Ecstasy": 4.838411374690105,
    "Extra Dimensions|Valence": 3.3818038547959097,
    "Extra Dimensions|Arousal": 2.967514864036015,
    "Extra Dimensions|Emotional Vulnerability": 2.9135537455370137,
    "Positive High-Energy Emotions|Astonishment/Surprise": 1.75225278384465,
    "Positive High-Energy Emotions|Teasing": 1.001040683417912,
    "Extra Dimensions|Dominance": 0.9806524956148568,
    "Negative High-Energy Emotions|Fear": 0.7301766968642672,
    "Positive High-Energy Emotions|Triumph": 0.5998581842239605,
    "Positive Low-Energy Emotions|Affection": 0.4223541143442413,
    "Longing & Lust|Sexual Lust": 0.4166919799187244,
    "Physical and Exhaustive States|Intoxication/Altered States of Consciousness": 0.1575951426470782,
    "Positive High-Energy Emotions|Awe": 0.07980701456958558,
    "Positive Low-Energy Emotions|Relief": 0.006696857095801787,
    "Negative Low-Energy Emotions|Jealousy & Envy": 0.0,
    "Physical and Exhaustive States|Sourness": -0.01301792151407226,
    "Physical and Exhaustive States|Pain": -0.020670116004905786,
    "Positive High-Energy Emotions|Hope/Enthusiasm/Optimism": -0.03294482388475661,
    "Negative High-Energy Emotions|Disgust": -0.046429196502262855,
    "Negative Low-Energy Emotions|Embarrassment": -0.11319871461053034,
    "Cognitive States and Processes|Confusion": -0.13488430236449173,
    "Positive Low-Energy Emotions|Contentment": -0.1592384768179158,
    "Positive Low-Energy Emotions|Thankfulness/Gratitude": -0.17804771567730665,
    "Negative Low-Energy Emotions|Helplessness": -0.20624018027259536,
    "Physical and Exhaustive States|Fatigue/Exhaustion": -0.29922161676371706,
    "Negative High-Energy Emotions|Anger": -0.33075036801698005,
    "Negative Low-Energy Emotions|Contempt": -0.378740514526246,
    "Negative High-Energy Emotions|Malevolence/Malice": -0.5235334101436666,
    "Negative High-Energy Emotions|Impatience and Irritability": -0.5248266882689554,
    "Positive Low-Energy Emotions|Pride": -0.6171668665927081,
    "Negative Low-Energy Emotions|Shame": -0.6568268230914107,
    "Negative Low-Energy Emotions|Disappointment": -0.7375671495427634,
    "Negative High-Energy Emotions|Distress": -0.7721138879888769,
    "Positive High-Energy Emotions|Interest": -0.7973885098711038,
    "Longing & Lust|Longing": -0.8834912856638213,
    "Negative Low-Energy Emotions|Emotional Numbness": -0.9031488496687385,
    "Negative Low-Energy Emotions|Doubt": -0.9352214286102138,
    "Negative Low-Energy Emotions|Sadness": -0.9851593128330887,
    "Positive Low-Energy Emotions|Contemplation": -1.5818510428412167,
    "Longing & Lust|Infatuation": -1.629488670550314,
    "Negative Low-Energy Emotions|Bitterness": -1.8319578031555583,
    "Cognitive States and Processes|Concentration": -2.5599876964676294
  }
}