{
  "key": [
    "stance-detection-part-3",
    "emonet-m1",
    "mj_data_57_U2.png"
  ],
  "value": {
    "Positive Low-Energy Emotions|Affection": 2.996363294413211,
    "Positive Low-Energy Emotions|Contentment": 2.7744687604257363,
    "Positive High-Energy Emotions|Amusement": 2.1825827804322424,
    "Positive High-Energy Emotions|Pleasure/Ecstasy": 2.1725166279097103,
    "Positive High-Energy Emotions|Hope/Enthusiasm/Optimism": 1.7256937964918304,
    "Positive Low-Energy Emotions|Contemplation": 1.422750852967957,
    "Extra Dimensions|Valence": 1.4143659914459952,
    "Physical and Exhaustive States|Fatigue/Exhaustion": 1.3960545244029698,
    "Extra Dimensions|Emotional Vulnerability": 1.131574423103542,
    "Cognitive States and Processes|Concentration": 0.8798277651679602,
    "Positive High-Energy Emotions|Interest": 0.8101414879545188,
    "Positive High-Energy Emotions|Elation": 0.6588274081469696,
    "Positive Low-Energy Emotions|Pride": 0.5426779491383404,
    "Negative Low-Energy Emotions|Sadness": 0.4471873198710501,
    "Negative High-Energy Emotions|Distress": 0.42457609025304355,
    "Longing & Lust|Longing": 0.33968798019292157,
    "Positive Low-Energy Emotions|Thankfulness/Gratitude": 0.20009055827708483,
    "Extra Dimensions|Dominance": 0.046962692729801275,
    "Negative Low-Energy Emotions|Helplessness": 0.036902171235545206,
    "Positive Low-Energy Emotions|Relief": 0.008543498397910552,
    "Negative Low-Energy Emotions|Emotional Numbness": 0.0003391604993370212,
    "Negative Low-Energy Emotions|Jealousy & Envy": 0.0,
    "Physical and Exhaustive States|Sourness": -0.00419272369817718,
    "Physical and Exhaustive States|Intoxication/Altered States of Consciousness": -0.004540279582688661,
    "Physical and Exhaustive States|Pain": -0.020670116004905786,
    "Positive High-Energy Emotions|Awe": -0.024704596594030605,
    "Negative High-Energy Emotions|Disgust": -0.0436592494502609,
    "Positive High-Energy Emotions|Astonishment/Surprise": -0.05108057313185908,
    "Positive High-Energy Emotions|Triumph": -0.07354285207580462,
    "Extra Dimensions|Arousal": -0.11453188317162644,
    "Negative Low-Energy Emotions|Embarrassment": -0.12118680244345804,
    "Negative High-Energy Emotions|Fear": -0.12450304410109916,
    "Negative High-Energy Emotions|Anger": -0.12502870656850135,
    "Positive High-Energy Emotions|Teasing": -0.12772597250402412,
    "Cognitive States and Processes|Confusion": -0.1752390273379319,
    "Longing & Lust|Sexual Lust": -0.27324224397158015,
    "Negative High-Energy Emotions|Impatience and Irritability": -0.35397292445021455,
    "Negative Low-Energy Emotions|Contempt": -0.3821190026496629,
    "Longing & Lust|Infatuation": -0.5307479587421093,
    "Negative High-Energy Emotions|Malevolence/Malice": -0.5394206556795171,
    "Negative Low-Energy Emotions|Shame": -0.6566193458422056,
    "Negative Low-Energy Emotions|Disappointment": -0.7393006537785078,
    "Negative Low-Energy Emotions|Doubt": -0.9017056250943027,
    "Negative Low-Energy Emotions|Bitterness": -1.8301609810919335
  }
}