{
  "key": [
    "stance-detection-part-4",
    "emonet-m1",
    "mj_data_380_U4.png"
  ],
  "value": {
    "Positive Low-Energy Emotions|Contentment": 2.144684176380326,
    "Positive Low-Energy Emotions|Affection": 1.9399894598032257,
    "Positive High-Energy Emotions|Amusement": 1.3228198734040444,
    "Physical and Exhaustive States|Fatigue/Exhaustion": 1.0495745124629674,
    "Extra Dimensions|Valence": 0.9226742828812369,
    "Positive Low-Energy Emotions|Contemplation": 0.8009981140153202,
    "Positive High-Energy Emotions|Pleasure/Ecstasy": 0.7750085431356929,
    "Cognitive States and Processes|Concentration": 0.7609281813514319,
    "Positive High-Energy Emotions|Hope/Enthusiasm/Optimism": 0.6160933717252898,
    "Negative High-Energy Emotions|Impatience and Irritability": 0.5968728088347357,
    "Negative Low-Energy Emotions|Sadness": 0.3907389794550955,
    "Extra Dimensions|Emotional Vulnerability": 0.31661918857595417,
    "Negative Low-Energy Emotions|Emotional Numbness": 0.2409061294171837,
    "Negative High-Energy Emotions|Anger": 0.13419345818159784,
    "Positive High-Energy Emotions|Teasing": 0.0038144153648571183,
    "Positive Low-Energy Emotions|Relief": 0.0017744596610903308,
    "Negative Low-Energy Emotions|Jealousy & Envy": 0.0,
    "Physical and Exhaustive States|Sourness": -0.0014953751035116526,
    "Physical and Exhaustive States|Intoxication/Altered States of Consciousness": -0.01095640666837439,
    "Positive High-Energy Emotions|Awe": -0.01792699714010452,
    "Physical and Exhaustive States|Pain": -0.020670116004905786,
    "Negative High-Energy Emotions|Disgust": -0.04435231735854795,
    "Negative High-Energy Emotions|Distress": -0.0479732290142294,
    "Positive High-Energy Emotions|Astonishment/Surprise": -0.0641776656411288,
    "Positive High-Energy Emotions|Triumph": -0.07503422920595541,
    "Positive High-Energy Emotions|Elation": -0.08122953872669525,
    "Negative Low-Energy Emotions|Embarrassment": -0.12214504396577021,
    "Negative High-Energy Emotions|Fear": -0.13275330296407142,
    "Extra Dimensions|Dominance": -0.14118485958161917,
    "Negative Low-Energy Emotions|Helplessness": -0.15643704994394012,
    "Positive High-Energy Emotions|Interest": -0.1643141070619607,
    "Longing & Lust|Longing": -0.16513087652323444,
    "Cognitive States and Processes|Confusion": -0.19461374809017112,
    "Extra Dimensions|Arousal": -0.1991974200521196,
    "Negative Low-Energy Emotions|Contempt": -0.3815566030238847,
    "Negative Low-Energy Emotions|Disappointment": -0.4340995778073813,
    "Positive Low-Energy Emotions|Thankfulness/Gratitude": -0.4802323616951561,
    "Negative High-Energy Emotions|Malevolence/Malice": -0.5319237846253446,
    "Positive Low-Energy Emotions|Pride": -0.5870284932177692,
    "Negative Low-Energy Emotions|Shame": -0.6563973194717398,
    "Longing & Lust|Sexual Lust": -0.6857817558906018,
    "Negative Low-Energy Emotions|Doubt": -0.934507769159802,
    "Longing & Lust|Infatuation": -1.1018090930804882,
    "Negative Low-Energy Emotions|Bitterness": -1.8301016930968335
  }
}