{
  "key": [
    "stance-detection-part-4",
    "emonet-m1",
    "mj_data_196_U1.png"
  ],
  "value": {
    "Positive High-Energy Emotions|Amusement": 5.148841306280631,
    "Positive High-Energy Emotions|Elation": 4.528767212224118,
    "Positive High-Energy Emotions|Pleasure/Ecstasy": 4.199511094691326,
    "Positive Low-Energy Emotions|Contentment": 3.1856301831552285,
    "Extra Dimensions|Valence": 3.0287202442612418,
    "Positive Low-Energy Emotions|Affection": 2.983034265329959,
    "Extra Dimensions|Emotional Vulnerability": 2.09360316494009,
    "Extra Dimensions|Dominance": 0.8015760624330941,
    "Extra Dimensions|Arousal": 0.6642500076975142,
    "Positive High-Energy Emotions|Teasing": 0.33973102393686333,
    "Physical and Exhaustive States|Fatigue/Exhaustion": 0.17562236211811888,
    "Physical and Exhaustive States|Intoxication/Altered States of Consciousness": 0.08451075844412104,
    "Longing & Lust|Sexual Lust": 0.05461206153417242,
    "Positive Low-Energy Emotions|Relief": 0.010616942823970275,
    "Negative Low-Energy Emotions|Jealousy & Envy": 0.0,
    "Positive High-Energy Emotions|Awe": -0.002453929379636989,
    "Physical and Exhaustive States|Sourness": -0.01054297275022491,
    "Physical and Exhaustive States|Pain": -0.020670116004905786,
    "Negative High-Energy Emotions|Disgust": -0.04064113100915601,
    "Positive High-Energy Emotions|Astonishment/Surprise": -0.05759446673613765,
    "Negative High-Energy Emotions|Anger": -0.08011674084069526,
    "Positive High-Energy Emotions|Triumph": -0.08031061490069762,
    "Positive Low-Energy Emotions|Thankfulness/Gratitude": -0.08544456864742994,
    "Negative Low-Energy Emotions|Embarrassment": -0.10499261906404635,
    "Positive High-Energy Emotions|Hope/Enthusiasm/Optimism": -0.11536696114519362,
    "Negative High-Energy Emotions|Fear": -0.13124125233540931,
    "Positive High-Energy Emotions|Interest": -0.16478450691852808,
    "Cognitive States and Processes|Confusion": -0.18627709974517753,
    "Negative Low-Energy Emotions|Helplessness": -0.19924134327842422,
    "Positive Low-Energy Emotions|Pride": -0.2599223750155597,
    "Negative High-Energy Emotions|Impatience and Irritability": -0.31539697716551607,
    "Negative Low-Energy Emotions|Contempt": -0.37600115210759444,
    "Negative High-Energy Emotions|Malevolence/Malice": -0.5384301233408979,
    "Negative Low-Energy Emotions|Emotional Numbness": -0.6008641619112465,
    "Negative Low-Energy Emotions|Shame": -0.6564651039226881,
    "Cognitive States and Processes|Concentration": -0.6814808571922693,
    "Negative High-Energy Emotions|Distress": -0.6943698585265394,
    "Negative Low-Energy Emotions|Disappointment": -0.7368410941888834,
    "Longing & Lust|Longing": -0.8794880142032881,
    "Negative Low-Energy Emotions|Doubt": -0.9335251623762928,
    "Positive Low-Energy Emotions|Contemplation": -0.9426132217390744,
    "Negative Low-Energy Emotions|Sadness": -0.9843607859145731,
    "Longing & Lust|Infatuation": -1.6390658778175984,
    "Negative Low-Energy Emotions|Bitterness": -1.8322918732196858
  }
}