{
  "key": [
    "stance-detection-part-4",
    "emonet-m1",
    "mj_data_146_U4.png"
  ],
  "value": {
    "Positive Low-Energy Emotions|Contemplation": 2.5439521297471317,
    "Negative High-Energy Emotions|Distress": 2.451400087750602,
    "Negative Low-Energy Emotions|Sadness": 2.303728953477007,
    "Physical and Exhaustive States|Fatigue/Exhaustion": 2.0865299882701573,
    "Negative High-Energy Emotions|Anger": 1.7134358068525573,
    "Cognitive States and Processes|Concentration": 1.3126571452033606,
    "Negative Low-Energy Emotions|Disappointment": 1.1556024025450204,
    "Negative Low-Energy Emotions|Helplessness": 0.8852578817419844,
    "Negative High-Energy Emotions|Impatience and Irritability": 0.600762250324909,
    "Positive High-Energy Emotions|Interest": 0.5540694435819602,
    "Negative High-Energy Emotions|Fear": 0.2514729596053561,
    "Physical and Exhaustive States|Pain": 0.2337351994375488,
    "Negative Low-Energy Emotions|Emotional Numbness": 0.20389319473243028,
    "Extra Dimensions|Emotional Vulnerability": 0.19677427509328815,
    "Negative Low-Energy Emotions|Bitterness": 0.1418499908863733,
    "Negative Low-Energy Emotions|Doubt": 0.13657912742363587,
    "Positive High-Energy Emotions|Hope/Enthusiasm/Optimism": 0.13184163413068528,
    "Positive High-Energy Emotions|Awe": 0.012450480267350926,
    "Negative Low-Energy Emotions|Jealousy & Envy": 0.0,
    "Physical and Exhaustive States|Intoxication/Altered States of Consciousness": -0.002629362121770234,
    "Physical and Exhaustive States|Sourness": -0.006557143098869166,
    "Positive Low-Energy Emotions|Affection": -0.006850826451657133,
    "Positive Low-Energy Emotions|Relief": -0.00750416558877234,
    "Negative High-Energy Emotions|Disgust": -0.03252140631824186,
    "Positive High-Energy Emotions|Pleasure/Ecstasy": -0.05585866253574567,
    "Positive High-Energy Emotions|Astonishment/Surprise": -0.06489837520343043,
    "Positive High-Energy Emotions|Triumph": -0.0776943807769908,
    "Negative Low-Energy Emotions|Embarrassment": -0.11968101775307795,
    "Positive High-Energy Emotions|Teasing": -0.12089401361406286,
    "Positive High-Energy Emotions|Elation": -0.15317559286166427,
    "Cognitive States and Processes|Confusion": -0.17684574504365852,
    "Extra Dimensions|Dominance": -0.3528932264524993,
    "Negative Low-Energy Emotions|Contempt": -0.36437339604842467,
    "Negative High-Energy Emotions|Malevolence/Malice": -0.4792991492269567,
    "Positive Low-Energy Emotions|Thankfulness/Gratitude": -0.48255318588613033,
    "Positive High-Energy Emotions|Amusement": -0.5263825620596225,
    "Positive Low-Energy Emotions|Contentment": -0.6101594162634114,
    "Negative Low-Energy Emotions|Shame": -0.647247002532982,
    "Extra Dimensions|Arousal": -0.6489802684102739,
    "Longing & Lust|Sexual Lust": -0.6815050630233227,
    "Longing & Lust|Longing": -0.8127500420033713,
    "Positive Low-Energy Emotions|Pride": -1.0938848751109271,
    "Extra Dimensions|Valence": -1.3487835084471933,
    "Longing & Lust|Infatuation": -1.635354087971178
  }
}