{
  "key": [
    "stance-detection-part-4",
    "emonet-m1",
    "mj_data_14_U4.png"
  ],
  "value": {
    "Positive High-Energy Emotions|Interest": 2.016816302178762,
    "Physical and Exhaustive States|Fatigue/Exhaustion": 1.8540466012767491,
    "Cognitive States and Processes|Concentration": 1.425793913544425,
    "Positive Low-Energy Emotions|Contemplation": 1.102905891801575,
    "Negative High-Energy Emotions|Impatience and Irritability": 0.9336104415862005,
    "Positive Low-Energy Emotions|Affection": 0.8941412094141266,
    "Negative High-Energy Emotions|Anger": 0.7804247518598815,
    "Positive High-Energy Emotions|Hope/Enthusiasm/Optimism": 0.7337561591627287,
    "Extra Dimensions|Dominance": 0.562383815042347,
    "Positive Low-Energy Emotions|Contentment": 0.3365319775888225,
    "Negative Low-Energy Emotions|Emotional Numbness": 0.3031002383801964,
    "Negative High-Energy Emotions|Fear": 0.29490364560236537,
    "Negative Low-Energy Emotions|Helplessness": 0.28076700554416945,
    "Negative Low-Energy Emotions|Sadness": 0.26918520080671904,
    "Negative High-Energy Emotions|Distress": 0.26101546136205234,
    "Extra Dimensions|Emotional Vulnerability": 0.23391488292715046,
    "Extra Dimensions|Arousal": 0.20628224951880325,
    "Positive Low-Energy Emotions|Pride": 0.19938916987961242,
    "Longing & Lust|Sexual Lust": 0.1971023292877735,
    "Positive High-Energy Emotions|Pleasure/Ecstasy": 0.14889217794137222,
    "Positive High-Energy Emotions|Teasing": 0.08943633857309381,
    "Negative Low-Energy Emotions|Doubt": 0.048374624364248664,
    "Physical and Exhaustive States|Intoxication/Altered States of Consciousness": 0.025121897383978513,
    "Negative Low-Energy Emotions|Jealousy & Envy": 0.0,
    "Physical and Exhaustive States|Sourness": -0.002009353405990443,
    "Positive High-Energy Emotions|Awe": -0.0044353665859053,
    "Positive Low-Energy Emotions|Relief": -0.007112920700466676,
    "Physical and Exhaustive States|Pain": -0.020670116004905786,
    "Negative High-Energy Emotions|Disgust": -0.03780455341487577,
    "Positive High-Energy Emotions|Astonishment/Surprise": -0.0639591997168658,
    "Positive High-Energy Emotions|Triumph": -0.07586535264741316,
    "Extra Dimensions|Valence": -0.10261372713484689,
    "Negative Low-Energy Emotions|Embarrassment": -0.12045081174035212,
    "Positive High-Energy Emotions|Elation": -0.15317234601560115,
    "Cognitive States and Processes|Confusion": -0.1851131551431649,
    "Longing & Lust|Infatuation": -0.24493820341679196,
    "Negative High-Energy Emotions|Malevolence/Malice": -0.3211393419025472,
    "Positive High-Energy Emotions|Amusement": -0.3371516319994743,
    "Negative Low-Energy Emotions|Contempt": -0.3652133149002771,
    "Positive Low-Energy Emotions|Thankfulness/Gratitude": -0.4825471145942664,
    "Longing & Lust|Longing": -0.5304031600773116,
    "Negative Low-Energy Emotions|Shame": -0.6562215518935552,
    "Negative Low-Energy Emotions|Disappointment": -0.732195314459994,
    "Negative Low-Energy Emotions|Bitterness": -1.0022878684581091
  }
}