{
  "key": [
    "stance-detection-part-4",
    "emonet-m1",
    "mj_data_381_U3.png"
  ],
  "value": {
    "Positive Low-Energy Emotions|Contentment": 2.690445761615922,
    "Positive Low-Energy Emotions|Affection": 2.482499492457034,
    "Positive High-Energy Emotions|Pleasure/Ecstasy": 2.264242215754559,
    "Positive High-Energy Emotions|Amusement": 1.8225683418030922,
    "Extra Dimensions|Valence": 1.4574047172989615,
    "Physical and Exhaustive States|Fatigue/Exhaustion": 1.1367809953502355,
    "Positive High-Energy Emotions|Elation": 0.9977892478228729,
    "Positive High-Energy Emotions|Hope/Enthusiasm/Optimism": 0.9101445420744109,
    "Extra Dimensions|Emotional Vulnerability": 0.5762358019640157,
    "Cognitive States and Processes|Concentration": 0.5125022208106604,
    "Positive High-Energy Emotions|Interest": 0.3833080967649436,
    "Negative High-Energy Emotions|Impatience and Irritability": 0.29431390990895445,
    "Positive High-Energy Emotions|Astonishment/Surprise": 0.26459920055645725,
    "Negative Low-Energy Emotions|Emotional Numbness": 0.24962104373908311,
    "Negative Low-Energy Emotions|Sadness": 0.2325525437556326,
    "Positive Low-Energy Emotions|Contemplation": 0.13135053959057652,
    "Negative High-Energy Emotions|Anger": 0.08214322529432977,
    "Positive High-Energy Emotions|Awe": 0.04468386749917771,
    "Positive High-Energy Emotions|Teasing": 0.02808167162477533,
    "Extra Dimensions|Dominance": 0.014116122714847662,
    "Positive Low-Energy Emotions|Relief": 0.0016009952436327503,
    "Negative Low-Energy Emotions|Jealousy & Envy": 0.0,
    "Physical and Exhaustive States|Intoxication/Altered States of Consciousness": -0.010317057446191163,
    "Physical and Exhaustive States|Sourness": -0.010422526664295039,
    "Physical and Exhaustive States|Pain": -0.020670116004905786,
    "Positive Low-Energy Emotions|Pride": -0.022204925350490123,
    "Negative High-Energy Emotions|Disgust": -0.043430337812001014,
    "Positive High-Energy Emotions|Triumph": -0.07432919752787485,
    "Negative Low-Energy Emotions|Embarrassment": -0.12083681141991755,
    "Negative High-Energy Emotions|Fear": -0.12922844818482795,
    "Negative Low-Energy Emotions|Helplessness": -0.17422727062179275,
    "Cognitive States and Processes|Confusion": -0.184908994333648,
    "Negative Low-Energy Emotions|Contempt": -0.3820218694304208,
    "Positive Low-Energy Emotions|Thankfulness/Gratitude": -0.4801379879847026,
    "Extra Dimensions|Arousal": -0.505618223122188,
    "Negative High-Energy Emotions|Malevolence/Malice": -0.5319401461003355,
    "Negative High-Energy Emotions|Distress": -0.6127693787449118,
    "Negative Low-Energy Emotions|Shame": -0.6560019618629447,
    "Longing & Lust|Sexual Lust": -0.6861508576533734,
    "Negative Low-Energy Emotions|Disappointment": -0.7362625174899842,
    "Longing & Lust|Longing": -0.8801790406524916,
    "Negative Low-Energy Emotions|Doubt": -0.9670952918006264,
    "Longing & Lust|Infatuation": -1.6223914486393605,
    "Negative Low-Energy Emotions|Bitterness": -1.8319560988352468
  }
}