{
  "key": [
    "stance-detection-part-4",
    "emonet-m1",
    "mj_data_12_U3.png"
  ],
  "value": {
    "Positive Low-Energy Emotions|Contemplation": 3.5346480831162723,
    "Physical and Exhaustive States|Fatigue/Exhaustion": 2.4059555711558995,
    "Negative High-Energy Emotions|Distress": 2.058572815335441,
    "Cognitive States and Processes|Concentration": 1.9946804320228186,
    "Positive High-Energy Emotions|Interest": 1.6856996258481955,
    "Positive Low-Energy Emotions|Pride": 1.591250370212254,
    "Negative Low-Energy Emotions|Sadness": 1.5786811267100394,
    "Negative High-Energy Emotions|Anger": 1.4890052457868834,
    "Extra Dimensions|Dominance": 1.0277605497759286,
    "Positive Low-Energy Emotions|Affection": 0.9979845407511017,
    "Positive High-Energy Emotions|Hope/Enthusiasm/Optimism": 0.86680981955549,
    "Negative Low-Energy Emotions|Emotional Numbness": 0.5247018437955406,
    "Positive Low-Energy Emotions|Contentment": 0.4964948701211711,
    "Negative Low-Energy Emotions|Helplessness": 0.48148183212803175,
    "Negative Low-Energy Emotions|Disappointment": 0.47326571450333343,
    "Longing & Lust|Longing": 0.4406916270435075,
    "Negative High-Energy Emotions|Impatience and Irritability": 0.36345315208119566,
    "Negative Low-Energy Emotions|Jealousy & Envy": 0.0,
    "Positive High-Energy Emotions|Awe": -0.0022651763707945208,
    "Positive Low-Energy Emotions|Relief": -0.007151820181763215,
    "Physical and Exhaustive States|Sourness": -0.01622740066722854,
    "Physical and Exhaustive States|Pain": -0.020670116004905786,
    "Physical and Exhaustive States|Intoxication/Altered States of Consciousness": -0.026478394941041324,
    "Negative High-Energy Emotions|Disgust": -0.0407164936318939,
    "Positive High-Energy Emotions|Astonishment/Surprise": -0.04268814974051692,
    "Positive High-Energy Emotions|Pleasure/Ecstasy": -0.05585866253574567,
    "Positive High-Energy Emotions|Triumph": -0.07617333636622563,
    "Extra Dimensions|Arousal": -0.11204970734460007,
    "Positive High-Energy Emotions|Teasing": -0.11395251628816565,
    "Negative High-Energy Emotions|Fear": -0.11602391085277,
    "Negative Low-Energy Emotions|Embarrassment": -0.11683074226637026,
    "Positive High-Energy Emotions|Elation": -0.15317394571491816,
    "Cognitive States and Processes|Confusion": -0.18210801561345985,
    "Negative Low-Energy Emotions|Contempt": -0.3749110427592973,
    "Positive Low-Energy Emotions|Thankfulness/Gratitude": -0.48151472861914396,
    "Positive High-Energy Emotions|Amusement": -0.524846729177695,
    "Negative High-Energy Emotions|Malevolence/Malice": -0.5280624541757635,
    "Extra Dimensions|Emotional Vulnerability": -0.598587005347996,
    "Negative Low-Energy Emotions|Shame": -0.6561550619809857,
    "Negative Low-Energy Emotions|Doubt": -0.6763271080328308,
    "Longing & Lust|Sexual Lust": -0.6802456019780575,
    "Negative Low-Energy Emotions|Bitterness": -1.2184041776240637,
    "Longing & Lust|Infatuation": -1.6313835022077237,
    "Extra Dimensions|Valence": -1.806816593316578
  }
}