{
  "key": [
    "stance-detection-part-4",
    "emonet-m1",
    "mj_data_345_U3.png"
  ],
  "value": {
    "Positive High-Energy Emotions|Amusement": 2.040003224920768,
    "Positive High-Energy Emotions|Astonishment/Surprise": 1.4882000351645353,
    "Positive Low-Energy Emotions|Affection": 1.1372853639627716,
    "Positive Low-Energy Emotions|Contentment": 1.127138237888505,
    "Positive High-Energy Emotions|Teasing": 1.0685026508861737,
    "Positive High-Energy Emotions|Pleasure/Ecstasy": 1.050833030345013,
    "Extra Dimensions|Dominance": 0.901782556764454,
    "Negative High-Energy Emotions|Impatience and Irritability": 0.8982248329131048,
    "Positive High-Energy Emotions|Interest": 0.8684453209623313,
    "Physical and Exhaustive States|Fatigue/Exhaustion": 0.6343480529597937,
    "Positive High-Energy Emotions|Hope/Enthusiasm/Optimism": 0.5704983218671965,
    "Extra Dimensions|Arousal": 0.4922050152506148,
    "Cognitive States and Processes|Concentration": 0.45916083210826786,
    "Positive Low-Energy Emotions|Pride": 0.4146481258351178,
    "Positive High-Energy Emotions|Elation": 0.41225783426772766,
    "Negative High-Energy Emotions|Anger": 0.3318239828169128,
    "Extra Dimensions|Valence": 0.25571037778518274,
    "Physical and Exhaustive States|Intoxication/Altered States of Consciousness": 0.025374129339506772,
    "Positive Low-Energy Emotions|Relief": 0.007973812104308562,
    "Extra Dimensions|Emotional Vulnerability": 0.0073097060014912785,
    "Negative Low-Energy Emotions|Jealousy & Envy": 0.0,
    "Physical and Exhaustive States|Sourness": -0.008117048806705317,
    "Positive High-Energy Emotions|Awe": -0.013067609265501247,
    "Physical and Exhaustive States|Pain": -0.020670116004905786,
    "Negative High-Energy Emotions|Disgust": -0.034376645590359474,
    "Negative Low-Energy Emotions|Emotional Numbness": -0.044806231918570694,
    "Positive High-Energy Emotions|Triumph": -0.07530939684252873,
    "Negative Low-Energy Emotions|Embarrassment": -0.11335675632615229,
    "Negative High-Energy Emotions|Fear": -0.1283101790274183,
    "Cognitive States and Processes|Confusion": -0.1350085892247193,
    "Negative Low-Energy Emotions|Helplessness": -0.20961076332999892,
    "Negative Low-Energy Emotions|Contempt": -0.352684381315587,
    "Negative High-Energy Emotions|Malevolence/Malice": -0.4114467266319326,
    "Negative High-Energy Emotions|Distress": -0.4238463774555441,
    "Longing & Lust|Sexual Lust": -0.4586792378089367,
    "Positive Low-Energy Emotions|Thankfulness/Gratitude": -0.47892854222132325,
    "Positive Low-Energy Emotions|Contemplation": -0.570917703245422,
    "Negative Low-Energy Emotions|Shame": -0.6564163286968103,
    "Negative Low-Energy Emotions|Doubt": -0.706742464192041,
    "Negative Low-Energy Emotions|Disappointment": -0.7315976214339281,
    "Longing & Lust|Longing": -0.8749134918272277,
    "Negative Low-Energy Emotions|Sadness": -0.9843629589229703,
    "Longing & Lust|Infatuation": -1.4035660562143002,
    "Negative Low-Energy Emotions|Bitterness": -1.8292561378807595
  }
}