{
  "key": [
    "stance-detection-part-4",
    "emonet-m1",
    "mj_data_341_U4.png"
  ],
  "value": {
    "Positive High-Energy Emotions|Amusement": 2.3315061774964514,
    "Positive Low-Energy Emotions|Affection": 2.2651735666300077,
    "Positive Low-Energy Emotions|Contentment": 2.039980750019242,
    "Positive High-Energy Emotions|Pleasure/Ecstasy": 1.9923668342848324,
    "Extra Dimensions|Valence": 1.758455976339794,
    "Positive High-Energy Emotions|Elation": 1.5307533581973236,
    "Positive Low-Energy Emotions|Pride": 1.119455526538548,
    "Positive High-Energy Emotions|Hope/Enthusiasm/Optimism": 0.6981413110258269,
    "Extra Dimensions|Emotional Vulnerability": 0.5906019518663594,
    "Positive High-Energy Emotions|Teasing": 0.5471609098011212,
    "Positive High-Energy Emotions|Interest": 0.4543368061765647,
    "Positive High-Energy Emotions|Astonishment/Surprise": 0.33187812216061374,
    "Extra Dimensions|Arousal": 0.21418153388159622,
    "Positive High-Energy Emotions|Awe": 0.12250707428151872,
    "Extra Dimensions|Dominance": 0.10690130232986841,
    "Negative Low-Energy Emotions|Emotional Numbness": 0.03904915863013536,
    "Positive Low-Energy Emotions|Relief": 0.0025223936448931263,
    "Negative Low-Energy Emotions|Jealousy & Envy": 0.0,
    "Physical and Exhaustive States|Intoxication/Altered States of Consciousness": -0.000532567576119752,
    "Physical and Exhaustive States|Sourness": -0.009590348965682826,
    "Physical and Exhaustive States|Pain": -0.020670116004905786,
    "Negative High-Energy Emotions|Disgust": -0.042111443485314155,
    "Negative Low-Energy Emotions|Sadness": -0.07187251699342134,
    "Positive High-Energy Emotions|Triumph": -0.07283511397432223,
    "Negative Low-Energy Emotions|Embarrassment": -0.11882940148968836,
    "Negative High-Energy Emotions|Fear": -0.1265764289225141,
    "Negative High-Energy Emotions|Anger": -0.16869867541196143,
    "Cognitive States and Processes|Confusion": -0.17623838861455848,
    "Negative Low-Energy Emotions|Helplessness": -0.17797240926696486,
    "Positive Low-Energy Emotions|Contemplation": -0.18241164836718715,
    "Negative High-Energy Emotions|Impatience and Irritability": -0.20817452440577333,
    "Physical and Exhaustive States|Fatigue/Exhaustion": -0.32824743964160097,
    "Negative Low-Energy Emotions|Contempt": -0.3674643662666063,
    "Longing & Lust|Sexual Lust": -0.37422029062723505,
    "Positive Low-Energy Emotions|Thankfulness/Gratitude": -0.4798576747909045,
    "Longing & Lust|Infatuation": -0.48548240336033444,
    "Negative High-Energy Emotions|Malevolence/Malice": -0.5274051416037611,
    "Negative Low-Energy Emotions|Shame": -0.6565472726508013,
    "Negative High-Energy Emotions|Distress": -0.6567788481944319,
    "Negative Low-Energy Emotions|Disappointment": -0.72798146724005,
    "Longing & Lust|Longing": -0.7769838800251265,
    "Cognitive States and Processes|Concentration": -0.7770955288994226,
    "Negative Low-Energy Emotions|Doubt": -0.8905057223512016,
    "Negative Low-Energy Emotions|Bitterness": -1.831244790974336
  }
}