{
  "key": [
    "stance-detection-part-4",
    "emonet-m1",
    "mj_data_375_U3.png"
  ],
  "value": {
    "Positive Low-Energy Emotions|Contentment": 3.3882735776254433,
    "Positive Low-Energy Emotions|Affection": 3.1819301965738553,
    "Positive High-Energy Emotions|Pleasure/Ecstasy": 2.7196641403456234,
    "Positive High-Energy Emotions|Amusement": 1.9296261516328042,
    "Extra Dimensions|Valence": 1.6618885839905508,
    "Positive High-Energy Emotions|Elation": 1.3305429061175507,
    "Positive High-Energy Emotions|Interest": 1.0962156494840598,
    "Positive High-Energy Emotions|Hope/Enthusiasm/Optimism": 1.0305042012693573,
    "Positive Low-Energy Emotions|Pride": 0.7469499809223981,
    "Extra Dimensions|Dominance": 0.6487580382746163,
    "Extra Dimensions|Emotional Vulnerability": 0.6390800783922383,
    "Longing & Lust|Longing": 0.5292483935535173,
    "Cognitive States and Processes|Concentration": 0.4248962675941077,
    "Physical and Exhaustive States|Fatigue/Exhaustion": 0.41879250429188597,
    "Positive Low-Energy Emotions|Thankfulness/Gratitude": 0.3166927406653905,
    "Positive Low-Energy Emotions|Contemplation": 0.27001454677746617,
    "Negative Low-Energy Emotions|Emotional Numbness": 0.0932780604932335,
    "Longing & Lust|Infatuation": 0.06322460500148197,
    "Negative High-Energy Emotions|Anger": 0.03144756756422723,
    "Positive High-Energy Emotions|Awe": 0.002242663308923497,
    "Positive Low-Energy Emotions|Relief": 0.002021513463103728,
    "Negative Low-Energy Emotions|Jealousy & Envy": 0.0,
    "Physical and Exhaustive States|Intoxication/Altered States of Consciousness": -0.011172548011491151,
    "Physical and Exhaustive States|Sourness": -0.013985848791160426,
    "Physical and Exhaustive States|Pain": -0.020670116004905786,
    "Negative High-Energy Emotions|Disgust": -0.04516311934142759,
    "Positive High-Energy Emotions|Astonishment/Surprise": -0.06155340724211909,
    "Positive High-Energy Emotions|Triumph": -0.07543197845112219,
    "Longing & Lust|Sexual Lust": -0.08296004816507685,
    "Negative High-Energy Emotions|Impatience and Irritability": -0.11717593441325014,
    "Negative Low-Energy Emotions|Embarrassment": -0.12252181982655665,
    "Positive High-Energy Emotions|Teasing": -0.12862851348579368,
    "Negative High-Energy Emotions|Fear": -0.1349232249582807,
    "Cognitive States and Processes|Confusion": -0.1823682643937104,
    "Negative Low-Energy Emotions|Helplessness": -0.20598972155524917,
    "Extra Dimensions|Arousal": -0.21330703156335007,
    "Negative Low-Energy Emotions|Contempt": -0.37720026345002455,
    "Negative High-Energy Emotions|Malevolence/Malice": -0.5373407814024023,
    "Negative Low-Energy Emotions|Shame": -0.6567476876809231,
    "Negative High-Energy Emotions|Distress": -0.6853852108352896,
    "Negative Low-Energy Emotions|Disappointment": -0.7368043479253794,
    "Negative Low-Energy Emotions|Sadness": -0.7576717729605615,
    "Negative Low-Energy Emotions|Doubt": -0.9471550310028873,
    "Negative Low-Energy Emotions|Bitterness": -1.8307542801380923
  }
}