{
  "key": [
    "stance-detection-part-4",
    "emonet-m1",
    "mj_data_378_U3.png"
  ],
  "value": {
    "Positive Low-Energy Emotions|Affection": 1.450966966440799,
    "Positive Low-Energy Emotions|Contentment": 1.2048669862100383,
    "Positive Low-Energy Emotions|Thankfulness/Gratitude": 1.0060269543990636,
    "Physical and Exhaustive States|Fatigue/Exhaustion": 0.8275973977855383,
    "Positive High-Energy Emotions|Interest": 0.8035895069822288,
    "Extra Dimensions|Emotional Vulnerability": 0.6728940317918966,
    "Positive Low-Energy Emotions|Pride": 0.46797067946976134,
    "Extra Dimensions|Valence": 0.38919691691062525,
    "Negative Low-Energy Emotions|Disappointment": 0.3534603785047983,
    "Positive Low-Energy Emotions|Contemplation": 0.31906285133526646,
    "Positive High-Energy Emotions|Amusement": 0.2715677467103188,
    "Positive High-Energy Emotions|Astonishment/Surprise": 0.2592822874285581,
    "Negative Low-Energy Emotions|Doubt": 0.23836490642296448,
    "Longing & Lust|Infatuation": 0.17032759515193363,
    "Positive High-Energy Emotions|Pleasure/Ecstasy": 0.16013832271294814,
    "Physical and Exhaustive States|Intoxication/Altered States of Consciousness": 0.12752664081697718,
    "Positive High-Energy Emotions|Teasing": 0.09704847755968134,
    "Negative Low-Energy Emotions|Emotional Numbness": 0.04725373798346788,
    "Positive Low-Energy Emotions|Relief": 0.0019574086676477954,
    "Negative Low-Energy Emotions|Jealousy & Envy": 0.0,
    "Physical and Exhaustive States|Sourness": -0.0015441242523573252,
    "Positive High-Energy Emotions|Awe": -0.01095656175916885,
    "Physical and Exhaustive States|Pain": -0.020670116004905786,
    "Positive High-Energy Emotions|Hope/Enthusiasm/Optimism": -0.028421367788107443,
    "Negative High-Energy Emotions|Disgust": -0.04520797183662107,
    "Cognitive States and Processes|Confusion": -0.05028724004497459,
    "Positive High-Energy Emotions|Triumph": -0.07588993770073786,
    "Extra Dimensions|Arousal": -0.08542312043053757,
    "Negative Low-Energy Emotions|Embarrassment": -0.10603476902504107,
    "Negative Low-Energy Emotions|Sadness": -0.11868254793061617,
    "Negative High-Energy Emotions|Fear": -0.14258669844518104,
    "Positive High-Energy Emotions|Elation": -0.1531722299477063,
    "Extra Dimensions|Dominance": -0.18402038574996557,
    "Negative Low-Energy Emotions|Helplessness": -0.2400632233805818,
    "Longing & Lust|Sexual Lust": -0.3584846644065319,
    "Negative Low-Energy Emotions|Contempt": -0.3770565715526323,
    "Longing & Lust|Longing": -0.393427692872264,
    "Negative High-Energy Emotions|Impatience and Irritability": -0.42869518468695467,
    "Negative High-Energy Emotions|Malevolence/Malice": -0.5298833015678457,
    "Negative Low-Energy Emotions|Shame": -0.602385052552723,
    "Negative High-Energy Emotions|Distress": -0.6893258676164862,
    "Negative High-Energy Emotions|Anger": -0.7007459918439607,
    "Cognitive States and Processes|Concentration": -0.7393779481041345,
    "Negative Low-Energy Emotions|Bitterness": -1.8282794878364375
  }
}