{
  "key": [
    "stance-detection-part-4",
    "emonet-m1",
    "mj_data_318_U2.png"
  ],
  "value": {
    "Positive High-Energy Emotions|Amusement": 6.737625524115104,
    "Positive High-Energy Emotions|Elation": 6.025710686040036,
    "Positive High-Energy Emotions|Pleasure/Ecstasy": 4.822557969691326,
    "Extra Dimensions|Arousal": 3.2163985882486616,
    "Extra Dimensions|Valence": 3.0030263508286246,
    "Extra Dimensions|Emotional Vulnerability": 2.040823967247219,
    "Extra Dimensions|Dominance": 0.9239763462465707,
    "Positive High-Energy Emotions|Triumph": 0.7228838399704205,
    "Positive Low-Energy Emotions|Affection": 0.11192442207586972,
    "Positive Low-Energy Emotions|Contentment": 0.08943698876588546,
    "Physical and Exhaustive States|Intoxication/Altered States of Consciousness": 0.039101242944052365,
    "Positive Low-Energy Emotions|Relief": 0.015061460019195037,
    "Negative Low-Energy Emotions|Jealousy & Envy": 0.0,
    "Positive High-Energy Emotions|Awe": -0.013718924120123134,
    "Physical and Exhaustive States|Sourness": -0.015047847098865351,
    "Physical and Exhaustive States|Pain": -0.020670116004905786,
    "Negative High-Energy Emotions|Disgust": -0.044763835276657844,
    "Positive High-Energy Emotions|Astonishment/Surprise": -0.06547467761260249,
    "Positive High-Energy Emotions|Hope/Enthusiasm/Optimism": -0.10871085085848098,
    "Negative Low-Energy Emotions|Embarrassment": -0.12346648266573092,
    "Negative High-Energy Emotions|Fear": -0.14007750681291023,
    "Cognitive States and Processes|Confusion": -0.1890319891737931,
    "Negative High-Energy Emotions|Anger": -0.20341580309273993,
    "Negative Low-Energy Emotions|Helplessness": -0.2047224374003572,
    "Positive High-Energy Emotions|Teasing": -0.23494502779901466,
    "Negative Low-Energy Emotions|Contempt": -0.3720157918428163,
    "Positive Low-Energy Emotions|Thankfulness/Gratitude": -0.3743493100538707,
    "Negative High-Energy Emotions|Impatience and Irritability": -0.3850070066245157,
    "Longing & Lust|Sexual Lust": -0.39954988047098505,
    "Physical and Exhaustive States|Fatigue/Exhaustion": -0.4377364037224115,
    "Negative Low-Energy Emotions|Emotional Numbness": -0.47446768468880385,
    "Negative High-Energy Emotions|Malevolence/Malice": -0.5339123222349218,
    "Negative Low-Energy Emotions|Shame": -0.6564523690178028,
    "Negative High-Energy Emotions|Distress": -0.7106956377857443,
    "Negative Low-Energy Emotions|Disappointment": -0.7382323858072306,
    "Longing & Lust|Longing": -0.8755923440277358,
    "Negative Low-Energy Emotions|Doubt": -0.9405437676234327,
    "Negative Low-Energy Emotions|Sadness": -0.9843383221812427,
    "Positive Low-Energy Emotions|Pride": -1.253784527115169,
    "Positive Low-Energy Emotions|Contemplation": -1.4531436488373486,
    "Cognitive States and Processes|Concentration": -1.5234799111473474,
    "Longing & Lust|Infatuation": -1.6477798906192456,
    "Negative Low-Energy Emotions|Bitterness": -1.82996506900646,
    "Positive High-Energy Emotions|Interest": -2.0820660749689126
  }
}