{
  "key": [
    "stance-detection-part-4",
    "emonet-m1",
    "mj_data_195_U3.png"
  ],
  "value": {
    "Positive Low-Energy Emotions|Contentment": 3.124882559711625,
    "Positive Low-Energy Emotions|Affection": 2.4792815568949003,
    "Positive High-Energy Emotions|Amusement": 2.1632515636201086,
    "Extra Dimensions|Valence": 1.8014423693146475,
    "Positive High-Energy Emotions|Pleasure/Ecstasy": 1.7991650539656185,
    "Positive Low-Energy Emotions|Pride": 1.570601890750584,
    "Extra Dimensions|Emotional Vulnerability": 0.9788277457048604,
    "Positive Low-Energy Emotions|Contemplation": 0.9167558177964481,
    "Positive High-Energy Emotions|Interest": 0.7681106766447043,
    "Positive Low-Energy Emotions|Thankfulness/Gratitude": 0.6956625888213659,
    "Physical and Exhaustive States|Fatigue/Exhaustion": 0.6527550401500403,
    "Positive High-Energy Emotions|Hope/Enthusiasm/Optimism": 0.6053461774351286,
    "Positive High-Energy Emotions|Elation": 0.5490330894709747,
    "Positive High-Energy Emotions|Teasing": 0.2917124492222027,
    "Extra Dimensions|Dominance": 0.11355964779076014,
    "Physical and Exhaustive States|Intoxication/Altered States of Consciousness": 0.006573840900709777,
    "Positive Low-Energy Emotions|Relief": 0.0007884274731516407,
    "Negative Low-Energy Emotions|Jealousy & Envy": 0.0,
    "Physical and Exhaustive States|Sourness": -0.00946780926660522,
    "Physical and Exhaustive States|Pain": -0.020670116004905786,
    "Positive High-Energy Emotions|Awe": -0.02638219912355636,
    "Negative High-Energy Emotions|Disgust": -0.04322723498492887,
    "Positive High-Energy Emotions|Triumph": -0.0691189413238658,
    "Positive High-Energy Emotions|Astonishment/Surprise": -0.0704255437157748,
    "Negative Low-Energy Emotions|Embarrassment": -0.1199114716615214,
    "Negative High-Energy Emotions|Fear": -0.1430435978497068,
    "Negative Low-Energy Emotions|Emotional Numbness": -0.15097474044823378,
    "Cognitive States and Processes|Confusion": -0.1841283373998635,
    "Extra Dimensions|Arousal": -0.18897879975182663,
    "Negative Low-Energy Emotions|Helplessness": -0.21323553039504714,
    "Negative High-Energy Emotions|Anger": -0.2790447095811585,
    "Negative High-Energy Emotions|Impatience and Irritability": -0.3456444419415552,
    "Negative Low-Energy Emotions|Contempt": -0.3813538727258424,
    "Negative High-Energy Emotions|Malevolence/Malice": -0.5371058571456007,
    "Longing & Lust|Longing": -0.6036594142734786,
    "Longing & Lust|Sexual Lust": -0.6449250219724117,
    "Negative Low-Energy Emotions|Shame": -0.6560255941732756,
    "Negative High-Energy Emotions|Distress": -0.6940008759730574,
    "Negative Low-Energy Emotions|Disappointment": -0.7378094573249365,
    "Cognitive States and Processes|Concentration": -0.7772978270637902,
    "Negative Low-Energy Emotions|Sadness": -0.8886583517230928,
    "Negative Low-Energy Emotions|Doubt": -0.976757476664909,
    "Longing & Lust|Infatuation": -1.2527880159244213,
    "Negative Low-Energy Emotions|Bitterness": -1.8317981623590758
  }
}