{
  "key": [
    "stance-detection-part-4",
    "emonet-m1",
    "mj_data_226_U2.png"
  ],
  "value": {
    "Positive Low-Energy Emotions|Contentment": 2.744818549091508,
    "Positive Low-Energy Emotions|Affection": 2.4114581468607206,
    "Positive High-Energy Emotions|Pleasure/Ecstasy": 1.9652386146803402,
    "Positive High-Energy Emotions|Amusement": 1.3625951257462685,
    "Positive Low-Energy Emotions|Contemplation": 1.2673095687882694,
    "Extra Dimensions|Valence": 1.2381284082855948,
    "Physical and Exhaustive States|Fatigue/Exhaustion": 1.210016387920731,
    "Extra Dimensions|Emotional Vulnerability": 1.1023669550707051,
    "Positive High-Energy Emotions|Interest": 0.9355365475400901,
    "Positive Low-Energy Emotions|Pride": 0.8265702230412335,
    "Negative High-Energy Emotions|Distress": 0.692688272870231,
    "Negative High-Energy Emotions|Anger": 0.46409789524672235,
    "Cognitive States and Processes|Concentration": 0.34328511113048465,
    "Extra Dimensions|Dominance": 0.342732354394764,
    "Positive High-Energy Emotions|Hope/Enthusiasm/Optimism": 0.31265518507978196,
    "Negative Low-Energy Emotions|Sadness": 0.2474366580210745,
    "Negative High-Energy Emotions|Impatience and Irritability": 0.23897809018773253,
    "Positive High-Energy Emotions|Elation": 0.048231660318486025,
    "Positive Low-Energy Emotions|Relief": 0.0009115706692575977,
    "Negative Low-Energy Emotions|Jealousy & Envy": 0.0,
    "Physical and Exhaustive States|Intoxication/Altered States of Consciousness": -0.002917148247907014,
    "Physical and Exhaustive States|Sourness": -0.009844622380294642,
    "Physical and Exhaustive States|Pain": -0.020670116004905786,
    "Positive High-Energy Emotions|Awe": -0.023011943891699062,
    "Positive High-Energy Emotions|Astonishment/Surprise": -0.03230536334735133,
    "Negative High-Energy Emotions|Disgust": -0.041469799484307075,
    "Positive High-Energy Emotions|Triumph": -0.07383805804889336,
    "Negative Low-Energy Emotions|Helplessness": -0.07737131728603072,
    "Positive High-Energy Emotions|Teasing": -0.0865250739163204,
    "Negative Low-Energy Emotions|Emotional Numbness": -0.09315275138878554,
    "Negative Low-Energy Emotions|Embarrassment": -0.11670475294847628,
    "Negative High-Energy Emotions|Fear": -0.1211990543330709,
    "Cognitive States and Processes|Confusion": -0.15872261752357414,
    "Extra Dimensions|Arousal": -0.357295879295894,
    "Negative Low-Energy Emotions|Contempt": -0.371285612592576,
    "Positive Low-Energy Emotions|Thankfulness/Gratitude": -0.47986810839770794,
    "Negative High-Energy Emotions|Malevolence/Malice": -0.5309987726924947,
    "Negative Low-Energy Emotions|Shame": -0.6562314369513622,
    "Longing & Lust|Sexual Lust": -0.6583059518001019,
    "Negative Low-Energy Emotions|Disappointment": -0.725686807625487,
    "Longing & Lust|Longing": -0.8617332061350127,
    "Negative Low-Energy Emotions|Doubt": -0.9163583615793072,
    "Longing & Lust|Infatuation": -1.6292490449771557,
    "Negative Low-Energy Emotions|Bitterness": -1.8309449404955676
  }
}