{
  "key": [
    "stance-detection-part-4",
    "emonet-m1",
    "mj_data_243_U1.png"
  ],
  "value": {
    "Positive High-Energy Emotions|Pleasure/Ecstasy": 3.6591897445936703,
    "Positive Low-Energy Emotions|Contentment": 3.531780581409623,
    "Positive Low-Energy Emotions|Affection": 3.526332509806277,
    "Positive High-Energy Emotions|Amusement": 3.2530903068299475,
    "Positive High-Energy Emotions|Elation": 2.554120643925778,
    "Extra Dimensions|Valence": 2.4734407509293326,
    "Extra Dimensions|Emotional Vulnerability": 1.3373132059862325,
    "Physical and Exhaustive States|Fatigue/Exhaustion": 1.2545041026881871,
    "Positive High-Energy Emotions|Hope/Enthusiasm/Optimism": 1.0604300244810272,
    "Extra Dimensions|Dominance": 0.7615825974863473,
    "Positive Low-Energy Emotions|Contemplation": 0.6517981513993534,
    "Negative High-Energy Emotions|Anger": 0.5342543502867003,
    "Positive High-Energy Emotions|Interest": 0.4951397618040061,
    "Negative High-Energy Emotions|Impatience and Irritability": 0.4466364406554144,
    "Cognitive States and Processes|Concentration": 0.40854909771800907,
    "Positive Low-Energy Emotions|Pride": 0.36254257983749816,
    "Negative Low-Energy Emotions|Helplessness": 0.0077330736927824495,
    "Positive Low-Energy Emotions|Relief": 0.006995379508578734,
    "Negative Low-Energy Emotions|Jealousy & Envy": 0.0,
    "Positive High-Energy Emotions|Awe": -0.0014287741929838518,
    "Physical and Exhaustive States|Sourness": -0.006640880174197993,
    "Physical and Exhaustive States|Intoxication/Altered States of Consciousness": -0.01171728976125464,
    "Physical and Exhaustive States|Pain": -0.020670116004905786,
    "Negative High-Energy Emotions|Disgust": -0.039298618341976906,
    "Positive High-Energy Emotions|Astonishment/Surprise": -0.05357475929480769,
    "Positive High-Energy Emotions|Triumph": -0.07484951999973193,
    "Extra Dimensions|Arousal": -0.09985626595360886,
    "Positive High-Energy Emotions|Teasing": -0.10499937337696989,
    "Negative Low-Energy Emotions|Embarrassment": -0.11585234319825312,
    "Negative High-Energy Emotions|Fear": -0.11843836090217033,
    "Negative Low-Energy Emotions|Emotional Numbness": -0.16271393484139174,
    "Cognitive States and Processes|Confusion": -0.1882566743062966,
    "Negative High-Energy Emotions|Distress": -0.22545225771601163,
    "Negative Low-Energy Emotions|Contempt": -0.3738740336989145,
    "Negative Low-Energy Emotions|Sadness": -0.39264856231583956,
    "Positive Low-Energy Emotions|Thankfulness/Gratitude": -0.4810514775946593,
    "Negative High-Energy Emotions|Malevolence/Malice": -0.531316420745664,
    "Negative Low-Energy Emotions|Shame": -0.6567578791438571,
    "Longing & Lust|Sexual Lust": -0.6736282943150936,
    "Negative Low-Energy Emotions|Disappointment": -0.7350352615793492,
    "Longing & Lust|Longing": -0.8674071659862777,
    "Negative Low-Energy Emotions|Doubt": -0.9189672904087387,
    "Longing & Lust|Infatuation": -1.6319762480482731,
    "Negative Low-Energy Emotions|Bitterness": -1.8311382048309615
  }
}