{
  "key": [
    "stance-detection-part-4",
    "emonet-m1",
    "mj_data_307_U3.png"
  ],
  "value": {
    "Positive Low-Energy Emotions|Affection": 2.5517243268991727,
    "Positive Low-Energy Emotions|Contentment": 2.3442581700631875,
    "Positive High-Energy Emotions|Pleasure/Ecstasy": 2.0073366600294613,
    "Positive High-Energy Emotions|Amusement": 1.6078571525330727,
    "Extra Dimensions|Valence": 1.5511882151093253,
    "Positive High-Energy Emotions|Hope/Enthusiasm/Optimism": 1.1115137084486175,
    "Positive High-Energy Emotions|Elation": 1.0029349168063324,
    "Extra Dimensions|Emotional Vulnerability": 0.8299858877947042,
    "Physical and Exhaustive States|Fatigue/Exhaustion": 0.8059321822932898,
    "Positive Low-Energy Emotions|Thankfulness/Gratitude": 0.7612019488677526,
    "Positive High-Energy Emotions|Interest": 0.4098872383817649,
    "Negative Low-Energy Emotions|Sadness": 0.35682560550795195,
    "Positive High-Energy Emotions|Awe": 0.2977179078310182,
    "Negative Low-Energy Emotions|Emotional Numbness": 0.2709152799222496,
    "Cognitive States and Processes|Concentration": 0.20773675793529423,
    "Positive Low-Energy Emotions|Contemplation": 0.0806032642380985,
    "Longing & Lust|Longing": 0.06902221538426678,
    "Longing & Lust|Infatuation": 0.05352561799434086,
    "Physical and Exhaustive States|Intoxication/Altered States of Consciousness": 0.003085896297743468,
    "Negative Low-Energy Emotions|Jealousy & Envy": 0.0,
    "Positive Low-Energy Emotions|Relief": -0.004203491329109712,
    "Physical and Exhaustive States|Sourness": -0.008884071177997431,
    "Physical and Exhaustive States|Pain": -0.020670116004905786,
    "Negative High-Energy Emotions|Disgust": -0.043099755550915504,
    "Positive High-Energy Emotions|Astonishment/Surprise": -0.06682689838629939,
    "Positive High-Energy Emotions|Triumph": -0.07400334079753294,
    "Positive High-Energy Emotions|Teasing": -0.10945428040683707,
    "Negative High-Energy Emotions|Fear": -0.11473882726083198,
    "Negative Low-Energy Emotions|Embarrassment": -0.1165576859380736,
    "Cognitive States and Processes|Confusion": -0.18807851602306297,
    "Negative Low-Energy Emotions|Helplessness": -0.19848007275535293,
    "Positive Low-Energy Emotions|Pride": -0.2551311748545795,
    "Extra Dimensions|Arousal": -0.32588590042931687,
    "Extra Dimensions|Dominance": -0.33379279882493584,
    "Negative Low-Energy Emotions|Contempt": -0.3814215016459207,
    "Negative High-Energy Emotions|Impatience and Irritability": -0.3864098615439493,
    "Negative High-Energy Emotions|Malevolence/Malice": -0.5304883259652189,
    "Negative High-Energy Emotions|Anger": -0.5603935340821962,
    "Longing & Lust|Sexual Lust": -0.6509892879388272,
    "Negative Low-Energy Emotions|Shame": -0.6566284457950822,
    "Negative High-Energy Emotions|Distress": -0.7116161719196554,
    "Negative Low-Energy Emotions|Disappointment": -0.7312753335316922,
    "Negative Low-Energy Emotions|Doubt": -0.9534442262722336,
    "Negative Low-Energy Emotions|Bitterness": -1.8308401220024397
  }
}