{
  "key": [
    "stance-detection-part-4",
    "emonet-m1",
    "mj_data_112_U2.png"
  ],
  "value": {
    "Positive Low-Energy Emotions|Affection": 1.7089125040079376,
    "Positive Low-Energy Emotions|Contemplation": 1.617303274537781,
    "Positive Low-Energy Emotions|Contentment": 1.4826134251901408,
    "Physical and Exhaustive States|Fatigue/Exhaustion": 1.399078387241715,
    "Positive Low-Energy Emotions|Pride": 1.3662833673436017,
    "Negative High-Energy Emotions|Anger": 1.2843195577680846,
    "Positive High-Energy Emotions|Interest": 1.1626173695310569,
    "Extra Dimensions|Dominance": 1.0023385727327767,
    "Negative High-Energy Emotions|Distress": 1.0000949367648844,
    "Positive High-Energy Emotions|Hope/Enthusiasm/Optimism": 0.8698868497373747,
    "Negative High-Energy Emotions|Impatience and Irritability": 0.6755756162611883,
    "Cognitive States and Processes|Concentration": 0.4276285445106116,
    "Negative Low-Energy Emotions|Sadness": 0.2594763194285452,
    "Extra Dimensions|Emotional Vulnerability": 0.16504863002798054,
    "Positive High-Energy Emotions|Pleasure/Ecstasy": 0.1340856391211055,
    "Negative Low-Energy Emotions|Emotional Numbness": 0.11103797965979845,
    "Negative Low-Energy Emotions|Jealousy & Envy": 0.0,
    "Positive Low-Energy Emotions|Relief": -0.00020024967089895748,
    "Physical and Exhaustive States|Intoxication/Altered States of Consciousness": -0.005698189214417787,
    "Physical and Exhaustive States|Sourness": -0.008434316880264124,
    "Positive High-Energy Emotions|Awe": -0.011189928844625698,
    "Physical and Exhaustive States|Pain": -0.020670116004905786,
    "Negative High-Energy Emotions|Disgust": -0.04025513878017118,
    "Positive High-Energy Emotions|Amusement": -0.058159575152855636,
    "Positive High-Energy Emotions|Astonishment/Surprise": -0.05969550066214778,
    "Positive High-Energy Emotions|Triumph": -0.06207226415168181,
    "Extra Dimensions|Valence": -0.08408440699913426,
    "Positive High-Energy Emotions|Teasing": -0.11661115911663016,
    "Negative Low-Energy Emotions|Embarrassment": -0.11887051751871248,
    "Negative High-Energy Emotions|Fear": -0.12457470378528038,
    "Positive High-Energy Emotions|Elation": -0.15317177175746322,
    "Cognitive States and Processes|Confusion": -0.1792486690448754,
    "Negative Low-Energy Emotions|Helplessness": -0.18152526332809157,
    "Negative Low-Energy Emotions|Doubt": -0.18877139557135925,
    "Extra Dimensions|Arousal": -0.29001057999474655,
    "Negative Low-Energy Emotions|Contempt": -0.3743230354880075,
    "Positive Low-Energy Emotions|Thankfulness/Gratitude": -0.48013400937466383,
    "Negative High-Energy Emotions|Malevolence/Malice": -0.5291601407645277,
    "Longing & Lust|Sexual Lust": -0.6339185027739941,
    "Negative Low-Energy Emotions|Shame": -0.6558306264488927,
    "Negative Low-Energy Emotions|Disappointment": -0.7302365270187403,
    "Longing & Lust|Longing": -0.8143559103429099,
    "Negative Low-Energy Emotions|Bitterness": -1.0850925483287146,
    "Longing & Lust|Infatuation": -1.5899635938033734
  }
}