{
  "key": [
    "stance-detection-part-4",
    "emonet-m1",
    "mj_data_132_U4.png"
  ],
  "value": {
    "Positive Low-Energy Emotions|Affection": 3.296745908548953,
    "Positive Low-Energy Emotions|Contentment": 3.293393473560502,
    "Positive High-Energy Emotions|Pleasure/Ecstasy": 3.1717606025953793,
    "Positive High-Energy Emotions|Amusement": 3.148554488729972,
    "Positive High-Energy Emotions|Elation": 2.4532636245013397,
    "Extra Dimensions|Valence": 2.2847124184098013,
    "Physical and Exhaustive States|Fatigue/Exhaustion": 1.3145651998332677,
    "Positive High-Energy Emotions|Hope/Enthusiasm/Optimism": 1.216866348600595,
    "Extra Dimensions|Emotional Vulnerability": 1.1940918276598165,
    "Positive Low-Energy Emotions|Contemplation": 0.8032075389878544,
    "Positive Low-Energy Emotions|Pride": 0.7177781564671368,
    "Positive High-Energy Emotions|Interest": 0.6201895912870383,
    "Extra Dimensions|Dominance": 0.5751066052835885,
    "Negative High-Energy Emotions|Anger": 0.4575240989744445,
    "Negative High-Energy Emotions|Impatience and Irritability": 0.321078481575672,
    "Cognitive States and Processes|Concentration": 0.17519381398082645,
    "Positive Low-Energy Emotions|Relief": 0.0043856050382494495,
    "Negative Low-Energy Emotions|Jealousy & Envy": 0.0,
    "Positive High-Energy Emotions|Awe": -0.0014246763736555437,
    "Physical and Exhaustive States|Sourness": -0.007147176928081355,
    "Physical and Exhaustive States|Intoxication/Altered States of Consciousness": -0.009196087793061586,
    "Physical and Exhaustive States|Pain": -0.020670116004905786,
    "Negative Low-Energy Emotions|Sadness": -0.03658203733338716,
    "Negative High-Energy Emotions|Disgust": -0.04316765269189527,
    "Positive High-Energy Emotions|Astonishment/Surprise": -0.048201624085724135,
    "Positive High-Energy Emotions|Triumph": -0.07592635427605048,
    "Negative Low-Energy Emotions|Helplessness": -0.08050763918830581,
    "Extra Dimensions|Arousal": -0.08703792946679245,
    "Positive Low-Energy Emotions|Thankfulness/Gratitude": -0.08778718019871473,
    "Negative Low-Energy Emotions|Emotional Numbness": -0.11618517822289198,
    "Negative Low-Energy Emotions|Embarrassment": -0.12083444958586832,
    "Negative High-Energy Emotions|Fear": -0.12111534706006447,
    "Negative High-Energy Emotions|Distress": -0.14025302084619962,
    "Positive High-Energy Emotions|Teasing": -0.1642136785095974,
    "Cognitive States and Processes|Confusion": -0.18452303190698555,
    "Longing & Lust|Longing": -0.36712183855173786,
    "Negative Low-Energy Emotions|Contempt": -0.3791631561611871,
    "Negative High-Energy Emotions|Malevolence/Malice": -0.5324216175196699,
    "Negative Low-Energy Emotions|Shame": -0.6565453550576201,
    "Longing & Lust|Sexual Lust": -0.6700720427892147,
    "Negative Low-Energy Emotions|Disappointment": -0.7402845849027182,
    "Negative Low-Energy Emotions|Doubt": -0.9271606026215635,
    "Longing & Lust|Infatuation": -1.6387539890632306,
    "Negative Low-Energy Emotions|Bitterness": -1.8316213163093498
  }
}