{
  "key": [
    "stance-detection-part-4",
    "emonet-m1",
    "mj_data_126_U2.png"
  ],
  "value": {
    "Positive High-Energy Emotions|Amusement": 3.811751290869254,
    "Positive High-Energy Emotions|Pleasure/Ecstasy": 3.6791882950087094,
    "Positive Low-Energy Emotions|Contentment": 3.397846083576371,
    "Positive Low-Energy Emotions|Affection": 2.9049979570413846,
    "Positive High-Energy Emotions|Elation": 2.5932005484820526,
    "Extra Dimensions|Valence": 2.213727816435314,
    "Physical and Exhaustive States|Fatigue/Exhaustion": 1.0830804290584264,
    "Extra Dimensions|Emotional Vulnerability": 1.0042505572130391,
    "Positive High-Energy Emotions|Interest": 0.7208503922208762,
    "Extra Dimensions|Dominance": 0.6306270801943246,
    "Positive High-Energy Emotions|Teasing": 0.5326233369404034,
    "Cognitive States and Processes|Concentration": 0.3284719263923255,
    "Positive High-Energy Emotions|Hope/Enthusiasm/Optimism": 0.2260975583555388,
    "Positive Low-Energy Emotions|Pride": 0.17439694232529113,
    "Positive Low-Energy Emotions|Contemplation": 0.16030027713940465,
    "Physical and Exhaustive States|Intoxication/Altered States of Consciousness": 0.04135672740583673,
    "Negative High-Energy Emotions|Anger": 0.023534931761004574,
    "Negative Low-Energy Emotions|Emotional Numbness": 0.017030010757210556,
    "Positive High-Energy Emotions|Awe": 0.01284141223127152,
    "Positive Low-Energy Emotions|Relief": 0.0013456712971567676,
    "Negative Low-Energy Emotions|Jealousy & Envy": 0.0,
    "Physical and Exhaustive States|Sourness": -0.00909474379495605,
    "Extra Dimensions|Arousal": -0.00974262612206589,
    "Physical and Exhaustive States|Pain": -0.020670116004905786,
    "Negative High-Energy Emotions|Disgust": -0.04217329820542982,
    "Positive High-Energy Emotions|Astonishment/Surprise": -0.053189504673301954,
    "Positive High-Energy Emotions|Triumph": -0.07535394293259516,
    "Negative Low-Energy Emotions|Embarrassment": -0.11764488583464762,
    "Negative High-Energy Emotions|Fear": -0.12419746598849693,
    "Negative High-Energy Emotions|Impatience and Irritability": -0.16328862080889528,
    "Cognitive States and Processes|Confusion": -0.18523972560634544,
    "Negative Low-Energy Emotions|Helplessness": -0.218669954080121,
    "Negative Low-Energy Emotions|Contempt": -0.37916740299212737,
    "Longing & Lust|Sexual Lust": -0.3965489058158337,
    "Positive Low-Energy Emotions|Thankfulness/Gratitude": -0.47957017085550785,
    "Negative High-Energy Emotions|Malevolence/Malice": -0.5285197708128027,
    "Negative Low-Energy Emotions|Shame": -0.6560985567777387,
    "Negative High-Energy Emotions|Distress": -0.6850540176265951,
    "Negative Low-Energy Emotions|Disappointment": -0.7377288532187487,
    "Longing & Lust|Longing": -0.8783286368071814,
    "Negative Low-Energy Emotions|Doubt": -0.9314767109228455,
    "Negative Low-Energy Emotions|Sadness": -0.9708569473512352,
    "Longing & Lust|Infatuation": -1.6196112197861348,
    "Negative Low-Energy Emotions|Bitterness": -1.8326859334961345
  }
}