{
  "key": [
    "stance-detection-part-4",
    "emonet-m1",
    "mj_data_193_U4.png"
  ],
  "value": {
    "Positive Low-Energy Emotions|Contemplation": 2.092623375322083,
    "Physical and Exhaustive States|Fatigue/Exhaustion": 1.8222201051524816,
    "Positive Low-Energy Emotions|Affection": 1.7638980272318145,
    "Cognitive States and Processes|Concentration": 1.7500515257728186,
    "Negative High-Energy Emotions|Distress": 1.4528754219180826,
    "Positive Low-Energy Emotions|Contentment": 1.4257451104470988,
    "Negative Low-Energy Emotions|Sadness": 1.3639401351176321,
    "Positive High-Energy Emotions|Interest": 1.0895284851774192,
    "Positive High-Energy Emotions|Pleasure/Ecstasy": 1.0609980064650082,
    "Physical and Exhaustive States|Pain": 0.9816626863340637,
    "Negative High-Energy Emotions|Anger": 0.6372715612470885,
    "Negative Low-Energy Emotions|Helplessness": 0.5885953126959639,
    "Positive High-Energy Emotions|Hope/Enthusiasm/Optimism": 0.44517943701764817,
    "Extra Dimensions|Emotional Vulnerability": 0.35091474750539753,
    "Negative High-Energy Emotions|Impatience and Irritability": 0.32021683683079893,
    "Positive High-Energy Emotions|Awe": 0.004040071174447789,
    "Negative Low-Energy Emotions|Jealousy & Envy": 0.0,
    "Physical and Exhaustive States|Intoxication/Altered States of Consciousness": -0.0008441881095860911,
    "Positive Low-Energy Emotions|Relief": -0.0023699555982709362,
    "Physical and Exhaustive States|Sourness": -0.010939775771655879,
    "Negative Low-Energy Emotions|Emotional Numbness": -0.01745115703606337,
    "Negative High-Energy Emotions|Disgust": -0.034275764729077125,
    "Positive High-Energy Emotions|Astonishment/Surprise": -0.04868218653422572,
    "Positive High-Energy Emotions|Triumph": -0.07687435683797732,
    "Extra Dimensions|Dominance": -0.08545766831222143,
    "Extra Dimensions|Valence": -0.10205737738051339,
    "Positive High-Energy Emotions|Teasing": -0.11527158942878683,
    "Negative Low-Energy Emotions|Embarrassment": -0.11929547255892893,
    "Negative High-Energy Emotions|Fear": -0.12170590988049904,
    "Positive High-Energy Emotions|Elation": -0.15317284070523085,
    "Cognitive States and Processes|Confusion": -0.175522648589515,
    "Negative Low-Energy Emotions|Contempt": -0.36976488948809905,
    "Positive Low-Energy Emotions|Thankfulness/Gratitude": -0.4806578680783367,
    "Positive High-Energy Emotions|Amusement": -0.5124505202357585,
    "Negative High-Energy Emotions|Malevolence/Malice": -0.5303516525147489,
    "Positive Low-Energy Emotions|Pride": -0.5934197204631,
    "Negative Low-Energy Emotions|Disappointment": -0.6321354140271689,
    "Negative Low-Energy Emotions|Shame": -0.6561233206449977,
    "Longing & Lust|Sexual Lust": -0.6597377745768963,
    "Negative Low-Energy Emotions|Doubt": -0.7467666553331695,
    "Extra Dimensions|Arousal": -0.8610285605703081,
    "Longing & Lust|Longing": -0.8753777673065444,
    "Longing & Lust|Infatuation": -1.6350747508034382,
    "Negative Low-Energy Emotions|Bitterness": -1.831019373658376
  }
}