{
  "key": [
    "stance-detection-part-4",
    "emonet-m1",
    "mj_data_175_U1.png"
  ],
  "value": {
    "Negative Low-Energy Emotions|Sadness": 2.5278505240641653,
    "Positive Low-Energy Emotions|Contemplation": 2.409170292283753,
    "Physical and Exhaustive States|Fatigue/Exhaustion": 2.135242718677872,
    "Negative High-Energy Emotions|Distress": 2.0821242794162513,
    "Cognitive States and Processes|Concentration": 1.79791071766735,
    "Positive Low-Energy Emotions|Affection": 1.2196773412729522,
    "Negative Low-Energy Emotions|Helplessness": 0.9480277715735274,
    "Positive High-Energy Emotions|Interest": 0.7858809670194602,
    "Positive High-Energy Emotions|Hope/Enthusiasm/Optimism": 0.6900785907270598,
    "Positive Low-Energy Emotions|Contentment": 0.6571379708596965,
    "Negative Low-Energy Emotions|Disappointment": 0.36415130601029144,
    "Extra Dimensions|Emotional Vulnerability": 0.28849366405508015,
    "Negative High-Energy Emotions|Impatience and Irritability": 0.2104531549422186,
    "Negative High-Energy Emotions|Anger": 0.2071724315702697,
    "Negative Low-Energy Emotions|Emotional Numbness": 0.15498162322974474,
    "Negative Low-Energy Emotions|Jealousy & Envy": 0.0,
    "Positive High-Energy Emotions|Awe": -0.0016124906093427996,
    "Positive Low-Energy Emotions|Relief": -0.0030637164105534985,
    "Physical and Exhaustive States|Intoxication/Altered States of Consciousness": -0.0057168901717160655,
    "Physical and Exhaustive States|Sourness": -0.009646995729961238,
    "Physical and Exhaustive States|Pain": -0.020670116004905786,
    "Negative High-Energy Emotions|Disgust": -0.03995623638778379,
    "Negative High-Energy Emotions|Fear": -0.04984039595971504,
    "Positive High-Energy Emotions|Pleasure/Ecstasy": -0.05058828674061078,
    "Positive High-Energy Emotions|Astonishment/Surprise": -0.05113408320170619,
    "Positive High-Energy Emotions|Triumph": -0.07555816800336972,
    "Longing & Lust|Longing": -0.08016505144236286,
    "Negative Low-Energy Emotions|Embarrassment": -0.11777944332022806,
    "Positive High-Energy Emotions|Teasing": -0.11902627226770361,
    "Positive High-Energy Emotions|Elation": -0.1531738145403163,
    "Cognitive States and Processes|Confusion": -0.15324802775850227,
    "Extra Dimensions|Dominance": -0.19570569754424658,
    "Negative Low-Energy Emotions|Contempt": -0.37918563456284804,
    "Positive Low-Energy Emotions|Thankfulness/Gratitude": -0.48201522323338747,
    "Positive High-Energy Emotions|Amusement": -0.5250962267701442,
    "Negative High-Energy Emotions|Malevolence/Malice": -0.5298151213048032,
    "Extra Dimensions|Arousal": -0.6466730918203081,
    "Negative Low-Energy Emotions|Shame": -0.6581589338167539,
    "Longing & Lust|Sexual Lust": -0.6594384847543179,
    "Negative Low-Energy Emotions|Doubt": -0.9196260726077639,
    "Positive Low-Energy Emotions|Pride": -1.0924234288256793,
    "Extra Dimensions|Valence": -1.1106677209410898,
    "Longing & Lust|Infatuation": -1.6270503637418423,
    "Negative Low-Energy Emotions|Bitterness": -1.793835457462149
  }
}