{
  "key": [
    "stance-detection-part-4",
    "emonet-m1",
    "mj_data_44_U3.png"
  ],
  "value": {
    "Positive Low-Energy Emotions|Contemplation": 1.951134584809998,
    "Physical and Exhaustive States|Fatigue/Exhaustion": 1.5895421685985265,
    "Negative High-Energy Emotions|Distress": 1.349113987363029,
    "Positive Low-Energy Emotions|Affection": 1.2754267576242706,
    "Cognitive States and Processes|Concentration": 1.065458801926383,
    "Negative Low-Energy Emotions|Sadness": 0.7691948567591727,
    "Positive High-Energy Emotions|Interest": 0.7211085995420432,
    "Negative Low-Energy Emotions|Disappointment": 0.6928671072493051,
    "Negative High-Energy Emotions|Impatience and Irritability": 0.5477890991179388,
    "Extra Dimensions|Emotional Vulnerability": 0.5383882830431173,
    "Positive Low-Energy Emotions|Contentment": 0.49003491872041427,
    "Negative Low-Energy Emotions|Emotional Numbness": 0.16414166503882677,
    "Negative Low-Energy Emotions|Helplessness": 0.14104287014530473,
    "Negative High-Energy Emotions|Anger": 0.1304796119749328,
    "Negative Low-Energy Emotions|Doubt": 0.08292159568535462,
    "Physical and Exhaustive States|Intoxication/Altered States of Consciousness": 0.0019870325172449636,
    "Negative Low-Energy Emotions|Jealousy & Envy": 0.0,
    "Physical and Exhaustive States|Sourness": -0.003150722748794398,
    "Positive Low-Energy Emotions|Relief": -0.004238471805012269,
    "Positive High-Energy Emotions|Awe": -0.01385379453008865,
    "Physical and Exhaustive States|Pain": -0.020670116004905786,
    "Extra Dimensions|Dominance": -0.03155413330379095,
    "Negative High-Energy Emotions|Disgust": -0.043460706378514076,
    "Positive High-Energy Emotions|Pleasure/Ecstasy": -0.05585866253574567,
    "Positive High-Energy Emotions|Astonishment/Surprise": -0.06516689412814357,
    "Positive High-Energy Emotions|Triumph": -0.07589082245718375,
    "Negative Low-Energy Emotions|Embarrassment": -0.12078552534837862,
    "Positive High-Energy Emotions|Teasing": -0.12451677647293051,
    "Negative High-Energy Emotions|Fear": -0.14185083440194526,
    "Positive High-Energy Emotions|Elation": -0.15317311867000383,
    "Cognitive States and Processes|Confusion": -0.16053481479158332,
    "Extra Dimensions|Arousal": -0.28940237419945847,
    "Negative Low-Energy Emotions|Contempt": -0.3825799924229364,
    "Positive High-Energy Emotions|Hope/Enthusiasm/Optimism": -0.3991694108484102,
    "Positive Low-Energy Emotions|Thankfulness/Gratitude": -0.48101670387236833,
    "Positive High-Energy Emotions|Amusement": -0.5082468691353614,
    "Negative High-Energy Emotions|Malevolence/Malice": -0.5299259114382795,
    "Extra Dimensions|Valence": -0.5457720314536325,
    "Negative Low-Energy Emotions|Shame": -0.6562032905205122,
    "Longing & Lust|Sexual Lust": -0.6741685359141766,
    "Positive Low-Energy Emotions|Pride": -0.7858624356310993,
    "Longing & Lust|Longing": -0.8644096633016844,
    "Negative Low-Energy Emotions|Bitterness": -1.2905987538874915,
    "Longing & Lust|Infatuation": -1.5534184140190754
  }
}