{
  "key": [
    "stance-detection-part-4",
    "emonet-m1",
    "mj_data_257_U1.png"
  ],
  "value": {
    "Positive Low-Energy Emotions|Contemplation": 3.0390178188340458,
    "Physical and Exhaustive States|Fatigue/Exhaustion": 1.944793957691544,
    "Negative Low-Energy Emotions|Sadness": 1.7721554194651663,
    "Negative High-Energy Emotions|Distress": 1.5835648044711832,
    "Positive Low-Energy Emotions|Affection": 1.502926719477298,
    "Negative Low-Energy Emotions|Disappointment": 1.4039955805311655,
    "Positive Low-Energy Emotions|Contentment": 1.2513016270944377,
    "Positive High-Energy Emotions|Interest": 1.2154332836851096,
    "Cognitive States and Processes|Concentration": 0.6062336241614905,
    "Negative Low-Energy Emotions|Helplessness": 0.5864557443671065,
    "Positive High-Energy Emotions|Pleasure/Ecstasy": 0.5516991454382442,
    "Extra Dimensions|Dominance": 0.5159006559771004,
    "Negative High-Energy Emotions|Impatience and Irritability": 0.4922154568640631,
    "Negative Low-Energy Emotions|Contempt": 0.47967834501517015,
    "Negative Low-Energy Emotions|Doubt": 0.45435699950920716,
    "Negative High-Energy Emotions|Anger": 0.3602283378660461,
    "Extra Dimensions|Emotional Vulnerability": 0.2317993948747823,
    "Negative Low-Energy Emotions|Emotional Numbness": 0.13789952808356554,
    "Physical and Exhaustive States|Pain": 0.09562707261841505,
    "Positive High-Energy Emotions|Hope/Enthusiasm/Optimism": 0.08168533883115525,
    "Physical and Exhaustive States|Intoxication/Altered States of Consciousness": 0.007573746069719939,
    "Positive High-Energy Emotions|Awe": 0.0011072544305970808,
    "Negative Low-Energy Emotions|Jealousy & Envy": 0.0,
    "Physical and Exhaustive States|Sourness": -0.007758012778320155,
    "Positive Low-Energy Emotions|Relief": -0.00801560324326758,
    "Negative High-Energy Emotions|Disgust": -0.04042057147174528,
    "Negative High-Energy Emotions|Fear": -0.04459212503085533,
    "Positive High-Energy Emotions|Astonishment/Surprise": -0.04978016369563319,
    "Positive High-Energy Emotions|Triumph": -0.07743405469696656,
    "Positive High-Energy Emotions|Teasing": -0.10994988557756384,
    "Negative Low-Energy Emotions|Embarrassment": -0.11663679620285174,
    "Positive High-Energy Emotions|Elation": -0.15317234951988423,
    "Cognitive States and Processes|Confusion": -0.176324331061744,
    "Longing & Lust|Longing": -0.3731005420505782,
    "Positive Low-Energy Emotions|Thankfulness/Gratitude": -0.48151294979302645,
    "Positive High-Energy Emotions|Amusement": -0.5135890956108387,
    "Negative High-Energy Emotions|Malevolence/Malice": -0.5208473789809278,
    "Positive Low-Energy Emotions|Pride": -0.5496430295031696,
    "Extra Dimensions|Arousal": -0.6129342402730669,
    "Longing & Lust|Sexual Lust": -0.6425732760093151,
    "Negative Low-Energy Emotions|Shame": -0.6562900245918861,
    "Negative Low-Energy Emotions|Bitterness": -0.6578471698344519,
    "Extra Dimensions|Valence": -1.2658082400832407,
    "Longing & Lust|Infatuation": -1.6296488431319867
  }
}