{
  "key": [
    "stance-detection-part-4",
    "emonet-m1",
    "mj_data_63_U4.png"
  ],
  "value": {
    "Positive Low-Energy Emotions|Contentment": 3.158675055439164,
    "Positive Low-Energy Emotions|Affection": 2.733797920038821,
    "Positive High-Energy Emotions|Interest": 2.1024662693723655,
    "Positive High-Energy Emotions|Pleasure/Ecstasy": 2.0356569725294613,
    "Positive Low-Energy Emotions|Contemplation": 1.7375644668595585,
    "Positive Low-Energy Emotions|Pride": 1.6494743329960675,
    "Positive High-Energy Emotions|Hope/Enthusiasm/Optimism": 1.6231497272016693,
    "Positive High-Energy Emotions|Amusement": 1.5822502818818276,
    "Extra Dimensions|Valence": 1.4530426109757193,
    "Positive Low-Energy Emotions|Thankfulness/Gratitude": 0.9129138896331335,
    "Extra Dimensions|Emotional Vulnerability": 0.7748525450517842,
    "Physical and Exhaustive States|Fatigue/Exhaustion": 0.7107758703044592,
    "Positive High-Energy Emotions|Awe": 0.4755581108778169,
    "Longing & Lust|Sexual Lust": 0.4110844941475452,
    "Extra Dimensions|Dominance": 0.38271467327293784,
    "Cognitive States and Processes|Concentration": 0.23691299313426883,
    "Positive High-Energy Emotions|Elation": 0.2271385927916687,
    "Positive High-Energy Emotions|Teasing": 0.22010384622156182,
    "Physical and Exhaustive States|Intoxication/Altered States of Consciousness": 0.13676112882738367,
    "Negative High-Energy Emotions|Anger": 0.00913999281523431,
    "Positive High-Energy Emotions|Triumph": 0.004649673467467877,
    "Negative Low-Energy Emotions|Jealousy & Envy": 0.0,
    "Positive Low-Energy Emotions|Relief": -0.0009935427893758252,
    "Physical and Exhaustive States|Sourness": -0.011287278301277003,
    "Physical and Exhaustive States|Pain": -0.020670116004905786,
    "Positive High-Energy Emotions|Astonishment/Surprise": -0.021945286323845167,
    "Negative High-Energy Emotions|Disgust": -0.038511144126946235,
    "Negative Low-Energy Emotions|Embarrassment": -0.12072567483444353,
    "Negative High-Energy Emotions|Fear": -0.13096319666753212,
    "Negative Low-Energy Emotions|Emotional Numbness": -0.14277844614052504,
    "Extra Dimensions|Arousal": -0.1814373816762651,
    "Cognitive States and Processes|Confusion": -0.184743800060653,
    "Negative Low-Energy Emotions|Helplessness": -0.212603259224431,
    "Negative High-Energy Emotions|Impatience and Irritability": -0.3036681688817102,
    "Negative Low-Energy Emotions|Contempt": -0.3826990676020364,
    "Longing & Lust|Infatuation": -0.5314348426685009,
    "Negative High-Energy Emotions|Malevolence/Malice": -0.5339751902339986,
    "Negative Low-Energy Emotions|Sadness": -0.5705889309681833,
    "Negative High-Energy Emotions|Distress": -0.6269882679217573,
    "Negative Low-Energy Emotions|Shame": -0.6560631162284842,
    "Longing & Lust|Longing": -0.7262523850023528,
    "Negative Low-Energy Emotions|Disappointment": -0.7392474156548525,
    "Negative Low-Energy Emotions|Doubt": -0.9438628150148474,
    "Negative Low-Energy Emotions|Bitterness": -1.8321306268230846
  }
}