{
  "key": [
    "stance-detection-part-4",
    "emonet-m1",
    "mj_data_230_U4.png"
  ],
  "value": {
    "Positive Low-Energy Emotions|Contemplation": 2.8242985233323368,
    "Negative Low-Energy Emotions|Sadness": 1.8731264029704153,
    "Positive Low-Energy Emotions|Contentment": 1.8137076901742717,
    "Physical and Exhaustive States|Fatigue/Exhaustion": 1.8004815759471593,
    "Positive Low-Energy Emotions|Affection": 1.4748994234110138,
    "Positive High-Energy Emotions|Interest": 1.1220039566740012,
    "Cognitive States and Processes|Concentration": 1.0823908125770179,
    "Negative High-Energy Emotions|Distress": 1.0595170721179727,
    "Extra Dimensions|Emotional Vulnerability": 0.8932340452959249,
    "Longing & Lust|Longing": 0.8588318000018815,
    "Positive High-Energy Emotions|Hope/Enthusiasm/Optimism": 0.6546880944730925,
    "Negative Low-Energy Emotions|Helplessness": 0.5860976992659407,
    "Positive High-Energy Emotions|Pleasure/Ecstasy": 0.2984336155672572,
    "Negative Low-Energy Emotions|Emotional Numbness": 0.08568836265540392,
    "Negative Low-Energy Emotions|Disappointment": 0.03133744702439056,
    "Physical and Exhaustive States|Pain": 0.019579164103676966,
    "Physical and Exhaustive States|Intoxication/Altered States of Consciousness": 0.010692618712237029,
    "Positive Low-Energy Emotions|Relief": 0.0023229117999910877,
    "Negative Low-Energy Emotions|Jealousy & Envy": 0.0,
    "Positive High-Energy Emotions|Awe": -0.008159390285665737,
    "Physical and Exhaustive States|Sourness": -0.00916517413333877,
    "Extra Dimensions|Valence": -0.028383978215240677,
    "Positive High-Energy Emotions|Astonishment/Surprise": -0.03324151389819362,
    "Negative High-Energy Emotions|Disgust": -0.043261544908577705,
    "Negative High-Energy Emotions|Impatience and Irritability": -0.05827760467844789,
    "Positive High-Energy Emotions|Triumph": -0.07461793919097319,
    "Positive High-Energy Emotions|Teasing": -0.11241915327370604,
    "Negative Low-Energy Emotions|Embarrassment": -0.11969213401932856,
    "Negative High-Energy Emotions|Fear": -0.12647405049453178,
    "Positive High-Energy Emotions|Elation": -0.15317314420361283,
    "Cognitive States and Processes|Confusion": -0.16953873713483741,
    "Negative High-Energy Emotions|Anger": -0.21792175568940436,
    "Negative Low-Energy Emotions|Contempt": -0.38325360686528487,
    "Extra Dimensions|Dominance": -0.38580004931274026,
    "Positive High-Energy Emotions|Amusement": -0.4488292339329536,
    "Positive Low-Energy Emotions|Thankfulness/Gratitude": -0.48067307843862533,
    "Negative High-Energy Emotions|Malevolence/Malice": -0.5327576163528494,
    "Negative Low-Energy Emotions|Shame": -0.6564824404924146,
    "Longing & Lust|Sexual Lust": -0.6599915413520275,
    "Positive Low-Energy Emotions|Pride": -0.6646914380114703,
    "Extra Dimensions|Arousal": -0.7093645419393266,
    "Negative Low-Energy Emotions|Doubt": -0.9102732954545103,
    "Longing & Lust|Infatuation": -1.6187728655562077,
    "Negative Low-Energy Emotions|Bitterness": -1.8308889633522203
  }
}