{
  "key": [
    "stance-detection-part-4",
    "emonet-m1",
    "mj_data_254_U2.png"
  ],
  "value": {
    "Positive High-Energy Emotions|Amusement": 3.8923253265137854,
    "Positive High-Energy Emotions|Pleasure/Ecstasy": 3.35573367655473,
    "Positive High-Energy Emotions|Elation": 3.0370062430621307,
    "Positive Low-Energy Emotions|Contentment": 3.032155852253129,
    "Extra Dimensions|Valence": 2.254369839521862,
    "Positive Low-Energy Emotions|Affection": 2.1216017129923124,
    "Extra Dimensions|Emotional Vulnerability": 1.5831554243852803,
    "Positive Low-Energy Emotions|Thankfulness/Gratitude": 1.2999181458816076,
    "Extra Dimensions|Dominance": 0.6544947469156686,
    "Extra Dimensions|Arousal": 0.3854571495737349,
    "Positive High-Energy Emotions|Teasing": 0.23389040055810967,
    "Physical and Exhaustive States|Fatigue/Exhaustion": 0.22056342981373656,
    "Positive Low-Energy Emotions|Pride": 0.1777888042408795,
    "Physical and Exhaustive States|Intoxication/Altered States of Consciousness": 0.10777482382898584,
    "Positive High-Energy Emotions|Hope/Enthusiasm/Optimism": 0.08372799000760789,
    "Positive Low-Energy Emotions|Relief": 0.004214882434451537,
    "Negative Low-Energy Emotions|Jealousy & Envy": 0.0,
    "Physical and Exhaustive States|Sourness": -0.01016586161331161,
    "Physical and Exhaustive States|Pain": -0.020670116004905786,
    "Positive High-Energy Emotions|Awe": -0.02069426198309158,
    "Negative High-Energy Emotions|Disgust": -0.04311376264243772,
    "Positive High-Energy Emotions|Astonishment/Surprise": -0.05963455491286494,
    "Positive High-Energy Emotions|Triumph": -0.07447596092711821,
    "Negative Low-Energy Emotions|Embarrassment": -0.11760662337799212,
    "Negative High-Energy Emotions|Fear": -0.1266917490089933,
    "Cognitive States and Processes|Confusion": -0.19170044441690376,
    "Negative Low-Energy Emotions|Helplessness": -0.20683111562205977,
    "Negative High-Energy Emotions|Anger": -0.2518555591285447,
    "Negative High-Energy Emotions|Impatience and Irritability": -0.35188151667433565,
    "Negative Low-Energy Emotions|Contempt": -0.382320257732747,
    "Negative High-Energy Emotions|Malevolence/Malice": -0.5363737109420827,
    "Negative Low-Energy Emotions|Emotional Numbness": -0.5463133949663612,
    "Longing & Lust|Sexual Lust": -0.6073425351045071,
    "Negative Low-Energy Emotions|Shame": -0.6562609310059777,
    "Negative High-Energy Emotions|Distress": -0.7056511998408552,
    "Negative Low-Energy Emotions|Disappointment": -0.7405134555627848,
    "Cognitive States and Processes|Concentration": -0.8083740199196252,
    "Positive High-Energy Emotions|Interest": -0.8803711692110086,
    "Longing & Lust|Longing": -0.8810428833186408,
    "Positive Low-Energy Emotions|Contemplation": -0.9125624671919552,
    "Negative Low-Energy Emotions|Doubt": -0.9371179739011608,
    "Negative Low-Energy Emotions|Sadness": -0.9573791655637205,
    "Longing & Lust|Infatuation": -1.6218340334520016,
    "Negative Low-Energy Emotions|Bitterness": -1.832593619871216
  }
}