{
  "key": [
    "stance-detection-part-4",
    "emonet-m1",
    "mj_data_312_U3.png"
  ],
  "value": {
    "Positive High-Energy Emotions|Amusement": 3.0973099914307776,
    "Positive Low-Energy Emotions|Affection": 2.1453846815134305,
    "Positive High-Energy Emotions|Pleasure/Ecstasy": 1.842798991801312,
    "Positive High-Energy Emotions|Astonishment/Surprise": 1.823191847870529,
    "Extra Dimensions|Valence": 1.7793630207504996,
    "Positive Low-Energy Emotions|Contentment": 1.7400492238351604,
    "Positive High-Energy Emotions|Elation": 1.7251576026202362,
    "Extra Dimensions|Emotional Vulnerability": 1.453323395042629,
    "Extra Dimensions|Arousal": 0.7476688538278853,
    "Positive High-Energy Emotions|Interest": 0.6641086777433372,
    "Physical and Exhaustive States|Fatigue/Exhaustion": 0.5803893985561072,
    "Positive High-Energy Emotions|Hope/Enthusiasm/Optimism": 0.5282529338361907,
    "Positive High-Energy Emotions|Teasing": 0.37676553550302544,
    "Positive High-Energy Emotions|Awe": 0.3174905864446809,
    "Negative High-Energy Emotions|Fear": 0.21713108786692223,
    "Positive Low-Energy Emotions|Pride": 0.1977083188969464,
    "Physical and Exhaustive States|Intoxication/Altered States of Consciousness": 0.1111701204622294,
    "Positive Low-Energy Emotions|Thankfulness/Gratitude": 0.07686445211024523,
    "Negative Low-Energy Emotions|Jealousy & Envy": 0.0,
    "Positive Low-Energy Emotions|Relief": -0.0033803586353421643,
    "Physical and Exhaustive States|Sourness": -0.009103393919029078,
    "Physical and Exhaustive States|Pain": -0.020670116004905786,
    "Negative High-Energy Emotions|Disgust": -0.0440026988640373,
    "Positive High-Energy Emotions|Triumph": -0.07180343394171133,
    "Longing & Lust|Longing": -0.0735993017971297,
    "Negative Low-Energy Emotions|Embarrassment": -0.12087493231554171,
    "Negative Low-Energy Emotions|Emotional Numbness": -0.12455557769798964,
    "Cognitive States and Processes|Confusion": -0.14932964448800018,
    "Negative Low-Energy Emotions|Helplessness": -0.18830707981063552,
    "Extra Dimensions|Dominance": -0.27020632535997,
    "Negative Low-Energy Emotions|Sadness": -0.3584257210530222,
    "Positive Low-Energy Emotions|Contemplation": -0.36939606818988,
    "Negative Low-Energy Emotions|Contempt": -0.3773319450114946,
    "Negative High-Energy Emotions|Impatience and Irritability": -0.4742517597468454,
    "Negative High-Energy Emotions|Malevolence/Malice": -0.5360618892429403,
    "Longing & Lust|Infatuation": -0.6330849614963208,
    "Negative Low-Energy Emotions|Shame": -0.6555000479130975,
    "Negative High-Energy Emotions|Distress": -0.7270421073072668,
    "Negative Low-Energy Emotions|Disappointment": -0.736909050934508,
    "Longing & Lust|Sexual Lust": -0.7802729098460613,
    "Negative High-Energy Emotions|Anger": -0.8051443616330842,
    "Negative Low-Energy Emotions|Doubt": -0.9146616147829376,
    "Cognitive States and Processes|Concentration": -1.5781109059441003,
    "Negative Low-Energy Emotions|Bitterness": -1.830701462040918
  }
}