{
  "key": [
    "stance-detection-part-4",
    "emonet-m1",
    "mj_data_343_U4.png"
  ],
  "value": {
    "Positive Low-Energy Emotions|Affection": 2.022408855250003,
    "Positive Low-Energy Emotions|Contentment": 1.8765202569314738,
    "Positive High-Energy Emotions|Hope/Enthusiasm/Optimism": 1.1084309562208343,
    "Extra Dimensions|Valence": 1.103189691397167,
    "Positive High-Energy Emotions|Interest": 0.7808267315610862,
    "Physical and Exhaustive States|Fatigue/Exhaustion": 0.7604167642406164,
    "Positive High-Energy Emotions|Amusement": 0.7455366101975625,
    "Cognitive States and Processes|Concentration": 0.7242119585883704,
    "Positive High-Energy Emotions|Pleasure/Ecstasy": 0.6707831460257075,
    "Extra Dimensions|Emotional Vulnerability": 0.5683493922044942,
    "Positive Low-Energy Emotions|Contemplation": 0.480551384355286,
    "Longing & Lust|Longing": 0.4586927066028337,
    "Negative Low-Energy Emotions|Sadness": 0.43356253254042265,
    "Positive Low-Energy Emotions|Pride": 0.4022039873082013,
    "Negative High-Energy Emotions|Distress": 0.22282539454762973,
    "Negative Low-Energy Emotions|Emotional Numbness": 0.2154868941876915,
    "Negative Low-Energy Emotions|Helplessness": 0.19295654879139237,
    "Positive High-Energy Emotions|Astonishment/Surprise": 0.17771932132023593,
    "Negative High-Energy Emotions|Impatience and Irritability": 0.044351878067676376,
    "Positive Low-Energy Emotions|Relief": 0.0023963074694513843,
    "Negative Low-Energy Emotions|Jealousy & Envy": 0.0,
    "Negative High-Energy Emotions|Anger": -0.0069389859616974525,
    "Physical and Exhaustive States|Intoxication/Altered States of Consciousness": -0.007756933644959779,
    "Physical and Exhaustive States|Sourness": -0.009740023679294428,
    "Positive High-Energy Emotions|Awe": -0.01889834423368667,
    "Physical and Exhaustive States|Pain": -0.020670116004905786,
    "Negative High-Energy Emotions|Disgust": -0.04265046318917921,
    "Positive High-Energy Emotions|Triumph": -0.07510803838263884,
    "Extra Dimensions|Dominance": -0.12102520526233282,
    "Negative Low-Energy Emotions|Embarrassment": -0.12325310176272532,
    "Positive High-Energy Emotions|Teasing": -0.13147204992235145,
    "Negative High-Energy Emotions|Fear": -0.1360095121587316,
    "Positive High-Energy Emotions|Elation": -0.15268380085479505,
    "Cognitive States and Processes|Confusion": -0.18341109235753944,
    "Extra Dimensions|Arousal": -0.2694984759603227,
    "Negative Low-Energy Emotions|Contempt": -0.38146476716744704,
    "Positive Low-Energy Emotions|Thankfulness/Gratitude": -0.47861609886436224,
    "Negative High-Energy Emotions|Malevolence/Malice": -0.5339751306293539,
    "Negative Low-Energy Emotions|Disappointment": -0.5419569988479163,
    "Negative Low-Energy Emotions|Shame": -0.6567916563509932,
    "Longing & Lust|Sexual Lust": -0.6953986971042095,
    "Negative Low-Energy Emotions|Doubt": -0.8986503915859543,
    "Longing & Lust|Infatuation": -1.3695309844836865,
    "Negative Low-Energy Emotions|Bitterness": -1.8306436464668085
  }
}