{
  "key": [
    "stance-detection-part-4",
    "emonet-m1",
    "mj_data_1_U1.png"
  ],
  "value": {
    "Physical and Exhaustive States|Fatigue/Exhaustion": 0.8733753146938025,
    "Cognitive States and Processes|Concentration": 0.688014773072013,
    "Positive Low-Energy Emotions|Pride": 0.5145024759251446,
    "Positive High-Energy Emotions|Interest": 0.49441282355632543,
    "Negative High-Energy Emotions|Distress": 0.4704775079852823,
    "Negative High-Energy Emotions|Impatience and Irritability": 0.400828602215473,
    "Negative High-Energy Emotions|Anger": 0.36276523075697625,
    "Positive Low-Energy Emotions|Affection": 0.3335385444666168,
    "Negative Low-Energy Emotions|Emotional Numbness": 0.29668367916083604,
    "Negative Low-Energy Emotions|Doubt": 0.24138936530815736,
    "Negative Low-Energy Emotions|Sadness": 0.1917181168757498,
    "Positive Low-Energy Emotions|Contemplation": 0.14503910389111363,
    "Negative Low-Energy Emotions|Jealousy & Envy": 0.0,
    "Physical and Exhaustive States|Intoxication/Altered States of Consciousness": -0.0007519201194737864,
    "Physical and Exhaustive States|Sourness": -0.002487069732704005,
    "Positive Low-Energy Emotions|Relief": -0.004217856048500581,
    "Positive High-Energy Emotions|Awe": -0.0065816851407835344,
    "Physical and Exhaustive States|Pain": -0.020670116004905786,
    "Negative High-Energy Emotions|Disgust": -0.041528025771672035,
    "Extra Dimensions|Emotional Vulnerability": -0.05152317783334759,
    "Positive High-Energy Emotions|Pleasure/Ecstasy": -0.05585866253574567,
    "Positive High-Energy Emotions|Astonishment/Surprise": -0.07039432578307368,
    "Positive High-Energy Emotions|Triumph": -0.07576517865996495,
    "Negative High-Energy Emotions|Malevolence/Malice": -0.07895374925118004,
    "Negative Low-Energy Emotions|Embarrassment": -0.12115004872937342,
    "Positive High-Energy Emotions|Teasing": -0.1259983914798542,
    "Negative High-Energy Emotions|Fear": -0.1306994610155622,
    "Positive High-Energy Emotions|Elation": -0.1531740899716918,
    "Negative Low-Energy Emotions|Helplessness": -0.16012445404006667,
    "Negative Low-Energy Emotions|Bitterness": -0.16884315391190552,
    "Extra Dimensions|Dominance": -0.1759646168428954,
    "Cognitive States and Processes|Confusion": -0.20397191573848655,
    "Negative Low-Energy Emotions|Shame": -0.20627306874682816,
    "Positive Low-Energy Emotions|Contentment": -0.25022603995115555,
    "Extra Dimensions|Arousal": -0.2774483050618852,
    "Extra Dimensions|Valence": -0.30017916908600256,
    "Negative Low-Energy Emotions|Contempt": -0.37523217768418593,
    "Negative Low-Energy Emotions|Disappointment": -0.3854133118619467,
    "Positive Low-Energy Emotions|Thankfulness/Gratitude": -0.4807508075520253,
    "Positive High-Energy Emotions|Amusement": -0.5265468659882362,
    "Longing & Lust|Longing": -0.5519797732651015,
    "Longing & Lust|Sexual Lust": -0.5647192536256253,
    "Positive High-Energy Emotions|Hope/Enthusiasm/Optimism": -0.8018262640474153,
    "Longing & Lust|Infatuation": -0.8783697572574292
  }
}