{
  "key": [
    "stance-detection-part-4",
    "emonet-m1",
    "mj_data_67_U3.png"
  ],
  "value": {
    "Negative High-Energy Emotions|Distress": 2.5169201358920814,
    "Positive Low-Energy Emotions|Contemplation": 2.223247908021668,
    "Physical and Exhaustive States|Fatigue/Exhaustion": 1.7170562925151525,
    "Cognitive States and Processes|Concentration": 1.503733185471305,
    "Negative High-Energy Emotions|Anger": 1.32001308403609,
    "Positive High-Energy Emotions|Interest": 1.2755400379880881,
    "Negative Low-Energy Emotions|Sadness": 1.1724971686564505,
    "Physical and Exhaustive States|Pain": 1.0671440915922423,
    "Negative High-Energy Emotions|Impatience and Irritability": 1.0401630424467962,
    "Negative Low-Energy Emotions|Helplessness": 0.8203417478613692,
    "Negative Low-Energy Emotions|Doubt": 0.7689103795217194,
    "Extra Dimensions|Emotional Vulnerability": 0.5688669989397237,
    "Negative Low-Energy Emotions|Disappointment": 0.5340177486906503,
    "Positive High-Energy Emotions|Hope/Enthusiasm/Optimism": 0.518952940321176,
    "Extra Dimensions|Dominance": 0.18097229241547022,
    "Positive Low-Energy Emotions|Affection": 0.16808248787176816,
    "Extra Dimensions|Arousal": 0.14820324523108352,
    "Negative Low-Energy Emotions|Jealousy & Envy": 0.0,
    "Positive Low-Energy Emotions|Relief": -0.0005833957780957653,
    "Physical and Exhaustive States|Sourness": -0.0007689136929891916,
    "Physical and Exhaustive States|Intoxication/Altered States of Consciousness": -0.0037926287209485484,
    "Positive High-Energy Emotions|Awe": -0.015567204549963222,
    "Negative High-Energy Emotions|Disgust": -0.03919756611734083,
    "Positive High-Energy Emotions|Astonishment/Surprise": -0.0547285860083697,
    "Positive High-Energy Emotions|Pleasure/Ecstasy": -0.05585866253574567,
    "Positive High-Energy Emotions|Triumph": -0.07583092817108765,
    "Negative Low-Energy Emotions|Emotional Numbness": -0.10595213359856337,
    "Positive High-Energy Emotions|Teasing": -0.11408166465223273,
    "Negative Low-Energy Emotions|Embarrassment": -0.12034449940581461,
    "Negative High-Energy Emotions|Fear": -0.12703526547799507,
    "Positive High-Energy Emotions|Elation": -0.15317360234792643,
    "Cognitive States and Processes|Confusion": -0.17718723495473793,
    "Negative Low-Energy Emotions|Bitterness": -0.3487923183024695,
    "Negative Low-Energy Emotions|Contempt": -0.37551431627023024,
    "Positive Low-Energy Emotions|Thankfulness/Gratitude": -0.48155874758063316,
    "Longing & Lust|Longing": -0.5024685194313308,
    "Positive High-Energy Emotions|Amusement": -0.5264131690447147,
    "Negative High-Energy Emotions|Malevolence/Malice": -0.5286915812013677,
    "Positive Low-Energy Emotions|Contentment": -0.5517143202474812,
    "Longing & Lust|Sexual Lust": -0.5539841441771923,
    "Negative Low-Energy Emotions|Shame": -0.6559026353790394,
    "Extra Dimensions|Valence": -0.9619558607611887,
    "Positive Low-Energy Emotions|Pride": -1.097366821996513,
    "Longing & Lust|Infatuation": -1.251520463548628
  }
}