{
  "key": [
    "stance-detection-part-4",
    "emonet-m1",
    "mj_data_91_U1.png"
  ],
  "value": {
    "Physical and Exhaustive States|Fatigue/Exhaustion": 1.979712981205338,
    "Positive Low-Energy Emotions|Contemplation": 1.8229807838456424,
    "Positive Low-Energy Emotions|Contentment": 1.6539808320352336,
    "Positive Low-Energy Emotions|Affection": 1.609865320017459,
    "Negative High-Energy Emotions|Distress": 1.4519601329929117,
    "Cognitive States and Processes|Concentration": 1.2821150099647132,
    "Positive High-Energy Emotions|Interest": 1.2777563770994163,
    "Positive High-Energy Emotions|Hope/Enthusiasm/Optimism": 1.1864994510175872,
    "Positive High-Energy Emotions|Pleasure/Ecstasy": 0.9489540296812556,
    "Extra Dimensions|Emotional Vulnerability": 0.934374363212795,
    "Negative Low-Energy Emotions|Sadness": 0.9037007247172415,
    "Negative High-Energy Emotions|Anger": 0.8468870302259703,
    "Negative Low-Energy Emotions|Helplessness": 0.5757567702345686,
    "Physical and Exhaustive States|Pain": 0.3150013642172119,
    "Negative High-Energy Emotions|Impatience and Irritability": 0.28471178044957335,
    "Positive Low-Energy Emotions|Pride": 0.1859224540669293,
    "Physical and Exhaustive States|Intoxication/Altered States of Consciousness": 0.062440797611525205,
    "Negative Low-Energy Emotions|Jealousy & Envy": 0.0,
    "Positive Low-Energy Emotions|Relief": -0.0013441596616864636,
    "Physical and Exhaustive States|Sourness": -0.006270489460983119,
    "Positive High-Energy Emotions|Awe": -0.012241757109815822,
    "Extra Dimensions|Dominance": -0.030132488020091913,
    "Negative High-Energy Emotions|Disgust": -0.043366054202610756,
    "Positive High-Energy Emotions|Astonishment/Surprise": -0.058197293212234755,
    "Negative Low-Energy Emotions|Emotional Numbness": -0.06020837015175551,
    "Positive High-Energy Emotions|Triumph": -0.07612155203710928,
    "Extra Dimensions|Valence": -0.10202854549624844,
    "Positive High-Energy Emotions|Teasing": -0.11923707899511297,
    "Negative Low-Energy Emotions|Embarrassment": -0.11961697256226679,
    "Negative High-Energy Emotions|Fear": -0.12909788421044746,
    "Positive High-Energy Emotions|Elation": -0.15317240771390273,
    "Cognitive States and Processes|Confusion": -0.17089505572786262,
    "Extra Dimensions|Arousal": -0.2989713038716997,
    "Negative Low-Energy Emotions|Contempt": -0.37471453369605345,
    "Positive Low-Energy Emotions|Thankfulness/Gratitude": -0.48057235217689037,
    "Positive High-Energy Emotions|Amusement": -0.5153851884488876,
    "Negative High-Energy Emotions|Malevolence/Malice": -0.5336095306394628,
    "Longing & Lust|Sexual Lust": -0.5915201915762364,
    "Negative Low-Energy Emotions|Shame": -0.6564814775048724,
    "Negative Low-Energy Emotions|Disappointment": -0.7313896105368878,
    "Longing & Lust|Longing": -0.8778706421673079,
    "Negative Low-Energy Emotions|Doubt": -0.9436348943038069,
    "Longing & Lust|Infatuation": -1.6336968478784237,
    "Negative Low-Energy Emotions|Bitterness": -1.8310228474915793
  }
}