{
  "key": [
    "stance-detection-part-10",
    "emonet-m1",
    "flux_prompt_10-image_402.png"
  ],
  "value": {
    "Positive Low-Energy Emotions|Contentment": 2.362015585834672,
    "Positive Low-Energy Emotions|Affection": 2.070830953409793,
    "Positive High-Energy Emotions|Amusement": 2.0630790439362707,
    "Cognitive States and Processes|Concentration": 1.6824803625953284,
    "Positive High-Energy Emotions|Pleasure/Ecstasy": 1.5561423736830258,
    "Positive Low-Energy Emotions|Pride": 1.2964884740788312,
    "Positive High-Energy Emotions|Elation": 1.0880653699160736,
    "Extra Dimensions|Valence": 1.076672300192333,
    "Positive High-Energy Emotions|Hope/Enthusiasm/Optimism": 0.7823346599104094,
    "Negative High-Energy Emotions|Anger": 0.426512279134967,
    "Negative High-Energy Emotions|Impatience and Irritability": 0.3913413309065741,
    "Physical and Exhaustive States|Fatigue/Exhaustion": 0.32296420953785765,
    "Extra Dimensions|Dominance": 0.31027905582603843,
    "Positive Low-Energy Emotions|Contemplation": 0.1693655475632938,
    "Positive High-Energy Emotions|Teasing": 0.14551644149362603,
    "Extra Dimensions|Emotional Vulnerability": 0.0384104559709737,
    "Positive High-Energy Emotions|Interest": 0.022955342172048088,
    "Positive Low-Energy Emotions|Relief": 0.013178027750098662,
    "Negative Low-Energy Emotions|Jealousy & Envy": 0.0,
    "Physical and Exhaustive States|Sourness": -0.00449605918601974,
    "Physical and Exhaustive States|Intoxication/Altered States of Consciousness": -0.017828717902848575,
    "Positive Low-Energy Emotions|Thankfulness/Gratitude": -0.02029099966435194,
    "Physical and Exhaustive States|Pain": -0.020670116004905786,
    "Positive High-Energy Emotions|Awe": -0.020976966813261257,
    "Negative High-Energy Emotions|Disgust": -0.04061871221213987,
    "Positive High-Energy Emotions|Astonishment/Surprise": -0.0636755859158633,
    "Positive High-Energy Emotions|Triumph": -0.07409512170593872,
    "Negative Low-Energy Emotions|Emotional Numbness": -0.08686338848137587,
    "Negative Low-Energy Emotions|Embarrassment": -0.11403540736098429,
    "Negative High-Energy Emotions|Fear": -0.13350474617133537,
    "Cognitive States and Processes|Confusion": -0.1853190072344773,
    "Negative Low-Energy Emotions|Helplessness": -0.18790465905143447,
    "Extra Dimensions|Arousal": -0.2401052798543657,
    "Negative Low-Energy Emotions|Contempt": -0.3716796365474443,
    "Longing & Lust|Sexual Lust": -0.4415448693892895,
    "Negative High-Energy Emotions|Malevolence/Malice": -0.5366720396397642,
    "Negative High-Energy Emotions|Distress": -0.6367390886181112,
    "Negative Low-Energy Emotions|Shame": -0.6566720279662839,
    "Negative Low-Energy Emotions|Sadness": -0.7103293980397165,
    "Negative Low-Energy Emotions|Disappointment": -0.7370922793378378,
    "Longing & Lust|Longing": -0.878639735800006,
    "Negative Low-Energy Emotions|Doubt": -0.9176560776306473,
    "Longing & Lust|Infatuation": -0.9441562977656994,
    "Negative Low-Energy Emotions|Bitterness": -1.829880038324075
  }
}