{
  "key": [
    "stance-detection-part-10",
    "emonet-m1",
    "flux_prompt_10-image_441.png"
  ],
  "value": {
    "Longing & Lust|Sexual Lust": 1.8015919537880483,
    "Positive Low-Energy Emotions|Contentment": 1.420243124897172,
    "Positive Low-Energy Emotions|Affection": 1.0354381921793243,
    "Extra Dimensions|Valence": 0.9669866407837637,
    "Positive High-Energy Emotions|Hope/Enthusiasm/Optimism": 0.9169088347913908,
    "Positive High-Energy Emotions|Pleasure/Ecstasy": 0.6759469348211787,
    "Positive High-Energy Emotions|Amusement": 0.3399290886635964,
    "Positive Low-Energy Emotions|Pride": 0.2760275108296246,
    "Cognitive States and Processes|Concentration": 0.24251225346446903,
    "Negative Low-Energy Emotions|Emotional Numbness": 0.225869904098275,
    "Extra Dimensions|Dominance": 0.20525504588303004,
    "Longing & Lust|Infatuation": 0.17193537084010502,
    "Extra Dimensions|Emotional Vulnerability": 0.12148669460317585,
    "Negative Low-Energy Emotions|Jealousy & Envy": 0.0,
    "Positive Low-Energy Emotions|Relief": -0.0040871281613469555,
    "Physical and Exhaustive States|Sourness": -0.008713914818324885,
    "Physical and Exhaustive States|Intoxication/Altered States of Consciousness": -0.016017645672509524,
    "Positive High-Energy Emotions|Awe": -0.017406484678442226,
    "Physical and Exhaustive States|Pain": -0.020670116004905786,
    "Negative High-Energy Emotions|Anger": -0.023733935731671207,
    "Negative High-Energy Emotions|Disgust": -0.0420430322542732,
    "Positive High-Energy Emotions|Astonishment/Surprise": -0.06955041342002131,
    "Positive High-Energy Emotions|Triumph": -0.0750824568141593,
    "Negative Low-Energy Emotions|Embarrassment": -0.11949953651089808,
    "Negative High-Energy Emotions|Fear": -0.12271943471084037,
    "Positive High-Energy Emotions|Teasing": -0.14198150363624534,
    "Positive High-Energy Emotions|Elation": -0.15317108411580405,
    "Negative Low-Energy Emotions|Helplessness": -0.17604117407275863,
    "Cognitive States and Processes|Confusion": -0.18545820643176963,
    "Positive High-Energy Emotions|Interest": -0.19036777413044215,
    "Negative High-Energy Emotions|Impatience and Irritability": -0.37231816122847383,
    "Negative Low-Energy Emotions|Contempt": -0.3805748027657251,
    "Physical and Exhaustive States|Fatigue/Exhaustion": -0.41482944466555727,
    "Positive Low-Energy Emotions|Thankfulness/Gratitude": -0.4808592600658393,
    "Extra Dimensions|Arousal": -0.5066403235707964,
    "Negative High-Energy Emotions|Malevolence/Malice": -0.5308607208846143,
    "Negative Low-Energy Emotions|Shame": -0.6568995118870369,
    "Negative High-Energy Emotions|Distress": -0.7137638613813635,
    "Negative Low-Energy Emotions|Disappointment": -0.7412671600212599,
    "Longing & Lust|Longing": -0.891208522540309,
    "Positive Low-Energy Emotions|Contemplation": -0.9268071428282467,
    "Negative Low-Energy Emotions|Sadness": -0.9530929322279871,
    "Negative Low-Energy Emotions|Doubt": -0.9773479389025055,
    "Negative Low-Energy Emotions|Bitterness": -1.8309194650978615
  }
}