{
  "key": [
    "stance-detection-part-10",
    "emonet-m1",
    "flux_prompt_10-image_267.png"
  ],
  "value": {
    "Positive High-Energy Emotions|Astonishment/Surprise": 5.995545830795944,
    "Positive High-Energy Emotions|Awe": 3.374982246562784,
    "Cognitive States and Processes|Confusion": 1.5852740175558098,
    "Extra Dimensions|Arousal": 1.5833743725504195,
    "Positive High-Energy Emotions|Interest": 1.5547773083433127,
    "Extra Dimensions|Valence": 0.5547644341912039,
    "Longing & Lust|Sexual Lust": 0.5081171603539051,
    "Extra Dimensions|Emotional Vulnerability": 0.37296655872365925,
    "Longing & Lust|Infatuation": 0.16205625859645267,
    "Positive High-Energy Emotions|Hope/Enthusiasm/Optimism": 0.03229967198392625,
    "Negative High-Energy Emotions|Anger": 0.010901250463702328,
    "Physical and Exhaustive States|Intoxication/Altered States of Consciousness": 0.007969573065092711,
    "Negative Low-Energy Emotions|Jealousy & Envy": 0.0,
    "Positive Low-Energy Emotions|Relief": -0.0035632629384160473,
    "Physical and Exhaustive States|Sourness": -0.016002624101199944,
    "Physical and Exhaustive States|Pain": -0.020670116004905786,
    "Positive High-Energy Emotions|Triumph": -0.056623100424219516,
    "Positive High-Energy Emotions|Pleasure/Ecstasy": -0.05713552658250409,
    "Negative High-Energy Emotions|Disgust": -0.0675460343614166,
    "Negative High-Energy Emotions|Fear": -0.1071340941513578,
    "Negative Low-Energy Emotions|Embarrassment": -0.1205976366068854,
    "Positive High-Energy Emotions|Teasing": -0.129567972094421,
    "Positive High-Energy Emotions|Elation": -0.15317231222878247,
    "Negative Low-Energy Emotions|Helplessness": -0.20849897279216476,
    "Negative Low-Energy Emotions|Contempt": -0.38427306235778136,
    "Negative High-Energy Emotions|Impatience and Irritability": -0.4314550436528284,
    "Positive Low-Energy Emotions|Thankfulness/Gratitude": -0.48170819505153656,
    "Cognitive States and Processes|Concentration": -0.4903297150719079,
    "Positive High-Energy Emotions|Amusement": -0.5274088236574943,
    "Negative High-Energy Emotions|Malevolence/Malice": -0.5450065198658041,
    "Negative Low-Energy Emotions|Shame": -0.6564219883440963,
    "Physical and Exhaustive States|Fatigue/Exhaustion": -0.6752546695658029,
    "Negative Low-Energy Emotions|Disappointment": -0.7453025174071337,
    "Negative High-Energy Emotions|Distress": -0.7665002182358023,
    "Negative Low-Energy Emotions|Emotional Numbness": -0.8122936684515449,
    "Longing & Lust|Longing": -0.8725262512981673,
    "Negative Low-Energy Emotions|Doubt": -0.9050123268736683,
    "Extra Dimensions|Dominance": -0.9760934865552482,
    "Negative Low-Energy Emotions|Sadness": -0.9848499272409708,
    "Positive Low-Energy Emotions|Affection": -1.0561259713863114,
    "Positive Low-Energy Emotions|Pride": -1.0767836394231944,
    "Positive Low-Energy Emotions|Contemplation": -1.3626629934056012,
    "Positive Low-Energy Emotions|Contentment": -1.654460076754401,
    "Negative Low-Energy Emotions|Bitterness": -1.830376319634991
  }
}