{
  "key": [
    "stance-detection-part-10",
    "emonet-m1",
    "flux_prompt_10-image_394.png"
  ],
  "value": {
    "Positive High-Energy Emotions|Pleasure/Ecstasy": 3.481727405192425,
    "Positive Low-Energy Emotions|Contentment": 3.253990988666703,
    "Positive High-Energy Emotions|Amusement": 3.213448926519889,
    "Positive Low-Energy Emotions|Affection": 3.1369830492044706,
    "Positive High-Energy Emotions|Elation": 2.6190420230151337,
    "Extra Dimensions|Valence": 1.86214779266975,
    "Cognitive States and Processes|Concentration": 1.628538635910758,
    "Positive High-Energy Emotions|Hope/Enthusiasm/Optimism": 1.3419245227338958,
    "Positive Low-Energy Emotions|Pride": 1.097435901828465,
    "Extra Dimensions|Dominance": 0.5467256748598519,
    "Physical and Exhaustive States|Fatigue/Exhaustion": 0.3923744144252478,
    "Extra Dimensions|Emotional Vulnerability": 0.24697783687612507,
    "Negative High-Energy Emotions|Anger": 0.2121523996412536,
    "Positive High-Energy Emotions|Interest": 0.12560956084575414,
    "Negative High-Energy Emotions|Impatience and Irritability": 0.03972542514485533,
    "Positive Low-Energy Emotions|Relief": 0.012113950730407195,
    "Negative Low-Energy Emotions|Emotional Numbness": 0.006119976577523056,
    "Negative Low-Energy Emotions|Jealousy & Envy": 0.0,
    "Positive High-Energy Emotions|Awe": -0.010192862346822963,
    "Physical and Exhaustive States|Sourness": -0.019073537356414635,
    "Physical and Exhaustive States|Pain": -0.020670116004905786,
    "Physical and Exhaustive States|Intoxication/Altered States of Consciousness": -0.02422484763021216,
    "Negative High-Energy Emotions|Disgust": -0.039035173262650276,
    "Positive High-Energy Emotions|Astonishment/Surprise": -0.05285551004630305,
    "Positive High-Energy Emotions|Triumph": -0.06691698183308974,
    "Negative Low-Energy Emotions|Embarrassment": -0.12107449984212061,
    "Negative High-Energy Emotions|Fear": -0.12131941846261421,
    "Positive Low-Energy Emotions|Contemplation": -0.13629160079791225,
    "Negative Low-Energy Emotions|Helplessness": -0.16840225769950576,
    "Positive High-Energy Emotions|Teasing": -0.17803633090913734,
    "Cognitive States and Processes|Confusion": -0.18262105514278343,
    "Extra Dimensions|Arousal": -0.2677670802388872,
    "Negative Low-Energy Emotions|Contempt": -0.3763698962424974,
    "Longing & Lust|Longing": -0.4684529831230422,
    "Positive Low-Energy Emotions|Thankfulness/Gratitude": -0.4790638121686733,
    "Negative High-Energy Emotions|Malevolence/Malice": -0.5320659417031339,
    "Negative Low-Energy Emotions|Sadness": -0.6419675792492807,
    "Negative High-Energy Emotions|Distress": -0.6487484559648748,
    "Negative Low-Energy Emotions|Shame": -0.6565416139348379,
    "Longing & Lust|Sexual Lust": -0.6736516295335232,
    "Negative Low-Energy Emotions|Disappointment": -0.7355129257519986,
    "Negative Low-Energy Emotions|Doubt": -0.933202127553352,
    "Longing & Lust|Infatuation": -1.6304928598031674,
    "Negative Low-Energy Emotions|Bitterness": -1.8328715656430294
  }
}