{
  "key": [
    "stance-detection-part-10",
    "emonet-m1",
    "flux_prompt_10-image_322.png"
  ],
  "value": {
    "Cognitive States and Processes|Concentration": 1.8799619948279944,
    "Negative High-Energy Emotions|Anger": 1.1031258483946105,
    "Positive High-Energy Emotions|Interest": 1.0914451321348166,
    "Positive High-Energy Emotions|Hope/Enthusiasm/Optimism": 0.8497935279371428,
    "Longing & Lust|Sexual Lust": 0.7257902236321033,
    "Longing & Lust|Infatuation": 0.6008416923656787,
    "Extra Dimensions|Dominance": 0.5189899647158089,
    "Positive Low-Energy Emotions|Pride": 0.4276672107655377,
    "Negative High-Energy Emotions|Impatience and Irritability": 0.33302980889958556,
    "Negative Low-Energy Emotions|Emotional Numbness": 0.3224006991956261,
    "Physical and Exhaustive States|Fatigue/Exhaustion": 0.1429491224101721,
    "Extra Dimensions|Arousal": 0.06449472052710403,
    "Negative Low-Energy Emotions|Jealousy & Envy": 0.0,
    "Positive Low-Energy Emotions|Relief": -0.006152689873135133,
    "Physical and Exhaustive States|Sourness": -0.010010420150317988,
    "Physical and Exhaustive States|Pain": -0.020670116004905786,
    "Physical and Exhaustive States|Intoxication/Altered States of Consciousness": -0.020704761222550723,
    "Positive High-Energy Emotions|Awe": -0.023944592669660793,
    "Negative High-Energy Emotions|Disgust": -0.04196852644830396,
    "Positive High-Energy Emotions|Pleasure/Ecstasy": -0.055858862287612276,
    "Positive High-Energy Emotions|Astonishment/Surprise": -0.06337395661097743,
    "Positive High-Energy Emotions|Triumph": -0.0753026177455081,
    "Extra Dimensions|Valence": -0.0886499756399624,
    "Positive High-Energy Emotions|Teasing": -0.11692031350791891,
    "Negative Low-Energy Emotions|Embarrassment": -0.11983342682976862,
    "Negative High-Energy Emotions|Fear": -0.13535482219109932,
    "Positive High-Energy Emotions|Elation": -0.1531740513118005,
    "Positive Low-Energy Emotions|Contemplation": -0.15932963046862758,
    "Longing & Lust|Longing": -0.16045805118677814,
    "Cognitive States and Processes|Confusion": -0.1904237054752343,
    "Negative Low-Energy Emotions|Helplessness": -0.20527354194595046,
    "Negative Low-Energy Emotions|Contempt": -0.38331181825148863,
    "Positive Low-Energy Emotions|Thankfulness/Gratitude": -0.48181238303928137,
    "Negative Low-Energy Emotions|Doubt": -0.5209188448263489,
    "Positive High-Energy Emotions|Amusement": -0.525940630871516,
    "Negative High-Energy Emotions|Malevolence/Malice": -0.529132573616319,
    "Positive Low-Energy Emotions|Contentment": -0.5954908323934773,
    "Extra Dimensions|Emotional Vulnerability": -0.623551457137852,
    "Negative High-Energy Emotions|Distress": -0.630128128849816,
    "Negative Low-Energy Emotions|Shame": -0.6565146614595285,
    "Positive Low-Energy Emotions|Affection": -0.710498231360791,
    "Negative Low-Energy Emotions|Disappointment": -0.7423603054811503,
    "Negative Low-Energy Emotions|Sadness": -0.9840620539542169,
    "Negative Low-Energy Emotions|Bitterness": -1.418315473991709
  }
}