{
  "key": [
    "stance-detection-part-10",
    "emonet-m1",
    "flux_prompt_10-image_411.png"
  ],
  "value": {
    "Negative Low-Energy Emotions|Sadness": 2.026765719529253,
    "Positive Low-Energy Emotions|Contemplation": 1.3568827137009891,
    "Cognitive States and Processes|Concentration": 1.189261463822135,
    "Positive High-Energy Emotions|Hope/Enthusiasm/Optimism": 1.0173783048154998,
    "Negative High-Energy Emotions|Distress": 0.9854860767490152,
    "Longing & Lust|Longing": 0.899404920119069,
    "Negative Low-Energy Emotions|Helplessness": 0.7392867623381453,
    "Physical and Exhaustive States|Fatigue/Exhaustion": 0.7220920505336462,
    "Negative Low-Energy Emotions|Disappointment": 0.5918709705839609,
    "Extra Dimensions|Emotional Vulnerability": 0.5581698725511739,
    "Positive High-Energy Emotions|Astonishment/Surprise": 0.354869332382858,
    "Negative High-Energy Emotions|Fear": 0.33703220852961147,
    "Negative High-Energy Emotions|Impatience and Irritability": 0.3164919041602057,
    "Positive Low-Energy Emotions|Affection": 0.27245379715216367,
    "Negative Low-Energy Emotions|Emotional Numbness": 0.18994630390143663,
    "Positive High-Energy Emotions|Interest": 0.06942455375041723,
    "Positive Low-Energy Emotions|Contentment": 0.05653868191926681,
    "Negative High-Energy Emotions|Anger": 0.046536125761248714,
    "Positive High-Energy Emotions|Awe": 0.038326018854921116,
    "Negative Low-Energy Emotions|Jealousy & Envy": 0.0,
    "Positive Low-Energy Emotions|Relief": -0.0013722259987950756,
    "Physical and Exhaustive States|Sourness": -0.00640825069622024,
    "Cognitive States and Processes|Confusion": -0.0069141321348183404,
    "Physical and Exhaustive States|Pain": -0.020670116004905786,
    "Physical and Exhaustive States|Intoxication/Altered States of Consciousness": -0.0212856233870481,
    "Negative High-Energy Emotions|Disgust": -0.04103779246955564,
    "Positive High-Energy Emotions|Pleasure/Ecstasy": -0.05585866253574567,
    "Positive High-Energy Emotions|Triumph": -0.07380575419407025,
    "Positive High-Energy Emotions|Teasing": -0.11720089492261847,
    "Negative Low-Energy Emotions|Embarrassment": -0.12077170824666163,
    "Positive High-Energy Emotions|Elation": -0.15317432134623443,
    "Extra Dimensions|Dominance": -0.32786826104703515,
    "Extra Dimensions|Valence": -0.3428916191134684,
    "Negative Low-Energy Emotions|Contempt": -0.38022949815738005,
    "Negative Low-Energy Emotions|Doubt": -0.43138971794379577,
    "Positive Low-Energy Emotions|Thankfulness/Gratitude": -0.48211743402330637,
    "Positive High-Energy Emotions|Amusement": -0.5261305722479637,
    "Negative High-Energy Emotions|Malevolence/Malice": -0.530179432344251,
    "Negative Low-Energy Emotions|Shame": -0.6554291733338466,
    "Extra Dimensions|Arousal": -0.6723255004201616,
    "Longing & Lust|Sexual Lust": -0.6729304878375469,
    "Positive Low-Energy Emotions|Pride": -1.072130833796802,
    "Longing & Lust|Infatuation": -1.6274404463395749,
    "Negative Low-Energy Emotions|Bitterness": -1.82968869437583
  }
}