{
  "key": [
    "stance-detection-part-10",
    "emonet-m1",
    "flux_prompt_10-image_484.png"
  ],
  "value": {
    "Positive Low-Energy Emotions|Pride": 2.6576921445805404,
    "Positive Low-Energy Emotions|Contentment": 2.550971846515824,
    "Positive Low-Energy Emotions|Affection": 2.5484212759042997,
    "Extra Dimensions|Valence": 1.5114346588577994,
    "Positive High-Energy Emotions|Amusement": 1.4915658679719155,
    "Positive High-Energy Emotions|Pleasure/Ecstasy": 1.3913542467375302,
    "Positive High-Energy Emotions|Interest": 1.2513047894224143,
    "Positive High-Energy Emotions|Hope/Enthusiasm/Optimism": 1.1232462867262054,
    "Positive Low-Energy Emotions|Contemplation": 0.9866892322556766,
    "Extra Dimensions|Dominance": 0.9389352047365609,
    "Positive High-Energy Emotions|Triumph": 0.7960377529915081,
    "Positive High-Energy Emotions|Elation": 0.6089488704920929,
    "Positive Low-Energy Emotions|Thankfulness/Gratitude": 0.5444140145644689,
    "Extra Dimensions|Emotional Vulnerability": 0.41434553363821003,
    "Negative High-Energy Emotions|Anger": 0.21718505821821893,
    "Extra Dimensions|Arousal": 0.0902310524668013,
    "Positive High-Energy Emotions|Awe": 0.04431254546338822,
    "Positive High-Energy Emotions|Teasing": 0.04212835553228418,
    "Positive Low-Energy Emotions|Relief": 0.007080398083770232,
    "Negative Low-Energy Emotions|Jealousy & Envy": 0.0,
    "Physical and Exhaustive States|Sourness": -0.00923257953599914,
    "Physical and Exhaustive States|Intoxication/Altered States of Consciousness": -0.013022899702737184,
    "Physical and Exhaustive States|Pain": -0.020670116004905786,
    "Negative High-Energy Emotions|Disgust": -0.04315127631574323,
    "Positive High-Energy Emotions|Astonishment/Surprise": -0.05664928608161189,
    "Physical and Exhaustive States|Fatigue/Exhaustion": -0.11647019960368288,
    "Cognitive States and Processes|Concentration": -0.12097403651355831,
    "Negative High-Energy Emotions|Impatience and Irritability": -0.12189155588465517,
    "Negative Low-Energy Emotions|Embarrassment": -0.12244288092513224,
    "Longing & Lust|Sexual Lust": -0.13223431393122065,
    "Negative High-Energy Emotions|Fear": -0.13601109913239876,
    "Longing & Lust|Longing": -0.1732297768413802,
    "Cognitive States and Processes|Confusion": -0.184616387681865,
    "Negative Low-Energy Emotions|Helplessness": -0.211241576213376,
    "Longing & Lust|Infatuation": -0.3598808732852612,
    "Negative Low-Energy Emotions|Contempt": -0.3753953081463556,
    "Negative High-Energy Emotions|Malevolence/Malice": -0.535253188323789,
    "Negative High-Energy Emotions|Distress": -0.6032722726696249,
    "Negative Low-Energy Emotions|Shame": -0.6561982930435768,
    "Negative Low-Energy Emotions|Emotional Numbness": -0.710106601181266,
    "Negative Low-Energy Emotions|Disappointment": -0.7362227220763709,
    "Negative Low-Energy Emotions|Sadness": -0.7643833453692377,
    "Negative Low-Energy Emotions|Doubt": -0.8909594552589737,
    "Negative Low-Energy Emotions|Bitterness": -1.8268840332061818
  }
}