{
  "key": [
    "stance-detection-part-10",
    "emonet-m1",
    "flux_prompt_10-image_289.png"
  ],
  "value": {
    "Positive Low-Energy Emotions|Pride": 1.7972809774357648,
    "Cognitive States and Processes|Concentration": 1.2056288992774573,
    "Positive High-Energy Emotions|Amusement": 0.890242859434623,
    "Positive Low-Energy Emotions|Contentment": 0.8643275307962199,
    "Extra Dimensions|Dominance": 0.7827885591906014,
    "Positive Low-Energy Emotions|Affection": 0.7329595211054107,
    "Extra Dimensions|Valence": 0.7281064237084158,
    "Positive High-Energy Emotions|Interest": 0.7120746811613059,
    "Longing & Lust|Sexual Lust": 0.6921096654274524,
    "Longing & Lust|Infatuation": 0.6423713478222217,
    "Positive High-Energy Emotions|Hope/Enthusiasm/Optimism": 0.2502890571119475,
    "Extra Dimensions|Arousal": 0.22811996085303177,
    "Positive High-Energy Emotions|Pleasure/Ecstasy": 0.20314238846497756,
    "Negative Low-Energy Emotions|Emotional Numbness": 0.14135349803900987,
    "Negative High-Energy Emotions|Anger": 0.1091640373289367,
    "Positive High-Energy Emotions|Teasing": 0.07196322205602686,
    "Negative Low-Energy Emotions|Jealousy & Envy": 0.0,
    "Positive Low-Energy Emotions|Relief": -0.0035359789122701123,
    "Physical and Exhaustive States|Intoxication/Altered States of Consciousness": -0.006285101250359864,
    "Physical and Exhaustive States|Sourness": -0.007053657240428767,
    "Positive High-Energy Emotions|Awe": -0.010063758686239467,
    "Physical and Exhaustive States|Pain": -0.020670116004905786,
    "Negative High-Energy Emotions|Disgust": -0.04312170496135404,
    "Positive High-Energy Emotions|Triumph": -0.06125296105634108,
    "Positive High-Energy Emotions|Astonishment/Surprise": -0.06792742364627101,
    "Negative Low-Energy Emotions|Embarrassment": -0.1194440185095801,
    "Negative High-Energy Emotions|Fear": -0.13733950785050789,
    "Physical and Exhaustive States|Fatigue/Exhaustion": -0.14498816110575807,
    "Positive High-Energy Emotions|Elation": -0.15317145887627914,
    "Cognitive States and Processes|Confusion": -0.19217421193590095,
    "Negative High-Energy Emotions|Impatience and Irritability": -0.19348165164309328,
    "Negative Low-Energy Emotions|Doubt": -0.19522806871665344,
    "Negative Low-Energy Emotions|Helplessness": -0.22321333302928634,
    "Extra Dimensions|Emotional Vulnerability": -0.2880828072736552,
    "Positive Low-Energy Emotions|Contemplation": -0.34505341205432094,
    "Negative Low-Energy Emotions|Contempt": -0.36257001281726164,
    "Positive Low-Energy Emotions|Thankfulness/Gratitude": -0.4808340575456476,
    "Negative High-Energy Emotions|Malevolence/Malice": -0.5264262843249372,
    "Negative Low-Energy Emotions|Shame": -0.6564523913695446,
    "Negative High-Energy Emotions|Distress": -0.6775110870831724,
    "Negative Low-Energy Emotions|Disappointment": -0.7397784371604468,
    "Longing & Lust|Longing": -0.8693128605901976,
    "Negative Low-Energy Emotions|Sadness": -0.9595261416323364,
    "Negative Low-Energy Emotions|Bitterness": -1.7748459689796736
  }
}