{
  "key": [
    "stance-detection-part-10",
    "emonet-m1",
    "flux_prompt_10-image_296.png"
  ],
  "value": {
    "Positive Low-Energy Emotions|Pride": 2.392101476855931,
    "Positive Low-Energy Emotions|Contemplation": 1.585625551606873,
    "Physical and Exhaustive States|Fatigue/Exhaustion": 1.1414579334071813,
    "Positive High-Energy Emotions|Hope/Enthusiasm/Optimism": 0.8475353463651824,
    "Extra Dimensions|Dominance": 0.8361399614733163,
    "Longing & Lust|Longing": 0.6966065535724382,
    "Positive High-Energy Emotions|Interest": 0.604782267449758,
    "Positive Low-Energy Emotions|Affection": 0.5353355529810211,
    "Positive Low-Energy Emotions|Contentment": 0.528911452228715,
    "Negative Low-Energy Emotions|Sadness": 0.49567474472151396,
    "Positive Low-Energy Emotions|Thankfulness/Gratitude": 0.46324744914622545,
    "Extra Dimensions|Valence": 0.39124159464500025,
    "Negative Low-Energy Emotions|Emotional Numbness": 0.3775372605893639,
    "Negative High-Energy Emotions|Anger": 0.2729167123853942,
    "Negative Low-Energy Emotions|Bitterness": 0.25197422127119995,
    "Cognitive States and Processes|Concentration": 0.20522144192577274,
    "Negative Low-Energy Emotions|Helplessness": 0.12757663116977982,
    "Positive High-Energy Emotions|Triumph": 0.09220765984613762,
    "Extra Dimensions|Arousal": 0.09106647116797317,
    "Positive High-Energy Emotions|Awe": 0.014982858106439366,
    "Positive Low-Energy Emotions|Relief": 0.0012675072561144397,
    "Negative Low-Energy Emotions|Jealousy & Envy": 0.0,
    "Physical and Exhaustive States|Sourness": -0.011071792609252772,
    "Physical and Exhaustive States|Pain": -0.020670116004905786,
    "Physical and Exhaustive States|Intoxication/Altered States of Consciousness": -0.025212928727815005,
    "Negative High-Energy Emotions|Disgust": -0.03715871473699262,
    "Positive High-Energy Emotions|Astonishment/Surprise": -0.05397762708884456,
    "Positive High-Energy Emotions|Pleasure/Ecstasy": -0.05585866253574567,
    "Negative High-Energy Emotions|Distress": -0.11035193356211148,
    "Negative High-Energy Emotions|Fear": -0.11466984233508506,
    "Negative Low-Energy Emotions|Embarrassment": -0.11728295898099085,
    "Positive High-Energy Emotions|Teasing": -0.1272808301156803,
    "Extra Dimensions|Emotional Vulnerability": -0.1386840035627177,
    "Negative High-Energy Emotions|Impatience and Irritability": -0.1450845874341089,
    "Positive High-Energy Emotions|Elation": -0.15317260693235069,
    "Cognitive States and Processes|Confusion": -0.18161296178569725,
    "Negative High-Energy Emotions|Malevolence/Malice": -0.26415324838142906,
    "Negative Low-Energy Emotions|Contempt": -0.3796733421181421,
    "Positive High-Energy Emotions|Amusement": -0.5149455892925079,
    "Negative Low-Energy Emotions|Shame": -0.6568332557364336,
    "Longing & Lust|Sexual Lust": -0.6916268704793392,
    "Negative Low-Energy Emotions|Disappointment": -0.7240752284159209,
    "Negative Low-Energy Emotions|Doubt": -0.9299745528025709,
    "Longing & Lust|Infatuation": -1.6108824548349057
  }
}