{
  "key": [
    "stance-detection-part-10",
    "emonet-m1",
    "flux_prompt_10-image_275.png"
  ],
  "value": {
    "Longing & Lust|Sexual Lust": 2.070200285468346,
    "Cognitive States and Processes|Concentration": 1.9093361174476233,
    "Negative High-Energy Emotions|Anger": 0.7718941350996276,
    "Positive High-Energy Emotions|Interest": 0.7547098835691428,
    "Longing & Lust|Infatuation": 0.7456578525677051,
    "Positive Low-Energy Emotions|Affection": 0.7142346027399322,
    "Negative High-Energy Emotions|Impatience and Irritability": 0.7002484821288031,
    "Extra Dimensions|Valence": 0.6684323991265066,
    "Extra Dimensions|Dominance": 0.546786411992878,
    "Positive High-Energy Emotions|Teasing": 0.5347945553356366,
    "Positive Low-Energy Emotions|Contentment": 0.45695314877717697,
    "Negative Low-Energy Emotions|Contempt": 0.32311303644430833,
    "Physical and Exhaustive States|Fatigue/Exhaustion": 0.22641660593067992,
    "Positive High-Energy Emotions|Hope/Enthusiasm/Optimism": 0.14048406920453782,
    "Negative Low-Energy Emotions|Emotional Numbness": 0.004374037322762314,
    "Negative Low-Energy Emotions|Jealousy & Envy": 0.0,
    "Positive Low-Energy Emotions|Relief": -0.0015535582293630078,
    "Positive High-Energy Emotions|Awe": -0.0060155453235456804,
    "Positive High-Energy Emotions|Pleasure/Ecstasy": -0.008568016139695822,
    "Physical and Exhaustive States|Sourness": -0.009643471605338893,
    "Physical and Exhaustive States|Intoxication/Altered States of Consciousness": -0.012615025118539186,
    "Physical and Exhaustive States|Pain": -0.020670116004905786,
    "Negative High-Energy Emotions|Disgust": -0.036529878284031654,
    "Positive High-Energy Emotions|Astonishment/Surprise": -0.052855241825401564,
    "Positive High-Energy Emotions|Triumph": -0.07464351517151728,
    "Negative High-Energy Emotions|Fear": -0.11839322528491417,
    "Negative Low-Energy Emotions|Embarrassment": -0.11974305501241823,
    "Positive High-Energy Emotions|Elation": -0.15317104526082614,
    "Negative Low-Energy Emotions|Helplessness": -0.18034382476283736,
    "Cognitive States and Processes|Confusion": -0.18300460358133247,
    "Positive High-Energy Emotions|Amusement": -0.199229374814492,
    "Negative High-Energy Emotions|Malevolence/Malice": -0.319916314196401,
    "Extra Dimensions|Emotional Vulnerability": -0.4142514159391215,
    "Positive Low-Energy Emotions|Contemplation": -0.47787509116961635,
    "Positive Low-Energy Emotions|Thankfulness/Gratitude": -0.48015450592188597,
    "Negative High-Energy Emotions|Distress": -0.6047449246280905,
    "Extra Dimensions|Arousal": -0.6101421202932085,
    "Negative Low-Energy Emotions|Shame": -0.6564110033943287,
    "Negative Low-Energy Emotions|Disappointment": -0.7353025455703284,
    "Longing & Lust|Longing": -0.8893128415167113,
    "Negative Low-Energy Emotions|Doubt": -0.8902362087739788,
    "Positive Low-Energy Emotions|Pride": -0.8962916778844028,
    "Negative Low-Energy Emotions|Sadness": -0.9650796982385099,
    "Negative Low-Energy Emotions|Bitterness": -1.8303801483020952
  }
}