{
  "key": [
    "stance-detection-part-10",
    "emonet-m1",
    "flux_prompt_10-image_347.png"
  ],
  "value": {
    "Cognitive States and Processes|Concentration": 1.5333407198798743,
    "Negative Low-Energy Emotions|Sadness": 1.089183226700884,
    "Physical and Exhaustive States|Fatigue/Exhaustion": 1.06502367876088,
    "Positive Low-Energy Emotions|Pride": 0.8732559186894269,
    "Positive Low-Energy Emotions|Contemplation": 0.870033167268494,
    "Positive High-Energy Emotions|Hope/Enthusiasm/Optimism": 0.7206798537733244,
    "Negative High-Energy Emotions|Anger": 0.5521412273466368,
    "Positive High-Energy Emotions|Interest": 0.5078891953214622,
    "Negative High-Energy Emotions|Distress": 0.49194316712682284,
    "Negative High-Energy Emotions|Impatience and Irritability": 0.44070089091939146,
    "Negative Low-Energy Emotions|Helplessness": 0.43668298111484816,
    "Positive Low-Energy Emotions|Affection": 0.4280873659158966,
    "Negative Low-Energy Emotions|Emotional Numbness": 0.33234001213050157,
    "Longing & Lust|Sexual Lust": 0.16647025064015997,
    "Extra Dimensions|Dominance": 0.012965931884616949,
    "Negative Low-Energy Emotions|Jealousy & Envy": 0.0,
    "Physical and Exhaustive States|Sourness": -0.00036128497795089205,
    "Positive Low-Energy Emotions|Relief": -0.003462456582939668,
    "Physical and Exhaustive States|Intoxication/Altered States of Consciousness": -0.009527623728463502,
    "Positive High-Energy Emotions|Awe": -0.011690667465383754,
    "Physical and Exhaustive States|Pain": -0.020670116004905786,
    "Negative High-Energy Emotions|Disgust": -0.043448785449559,
    "Positive High-Energy Emotions|Pleasure/Ecstasy": -0.05585866253574567,
    "Positive Low-Energy Emotions|Contentment": -0.05981566435606278,
    "Positive High-Energy Emotions|Astonishment/Surprise": -0.06487395220023372,
    "Positive High-Energy Emotions|Triumph": -0.07361385797153845,
    "Positive High-Energy Emotions|Teasing": -0.11529146012723883,
    "Negative Low-Energy Emotions|Embarrassment": -0.12197862034697672,
    "Negative High-Energy Emotions|Malevolence/Malice": -0.12368959815483604,
    "Extra Dimensions|Valence": -0.12408916982003375,
    "Negative High-Energy Emotions|Fear": -0.1371263467396299,
    "Extra Dimensions|Emotional Vulnerability": -0.1427724053571513,
    "Positive High-Energy Emotions|Elation": -0.15317338310604312,
    "Cognitive States and Processes|Confusion": -0.1866756089495652,
    "Longing & Lust|Longing": -0.24472894571421344,
    "Negative Low-Energy Emotions|Disappointment": -0.2858313549985434,
    "Negative Low-Energy Emotions|Doubt": -0.3008576916529022,
    "Negative Low-Energy Emotions|Contempt": -0.3729352232907991,
    "Extra Dimensions|Arousal": -0.4292711104665483,
    "Positive Low-Energy Emotions|Thankfulness/Gratitude": -0.4815796324893689,
    "Longing & Lust|Infatuation": -0.4876765695438061,
    "Positive High-Energy Emotions|Amusement": -0.5251266512160118,
    "Negative Low-Energy Emotions|Shame": -0.6533940304799906,
    "Negative Low-Energy Emotions|Bitterness": -1.5153356530249884
  }
}