{
  "key": [
    "stance-detection-part-10",
    "emonet-m1",
    "flux_prompt_10-image_450.png"
  ],
  "value": {
    "Positive Low-Energy Emotions|Pride": 1.2512089712101788,
    "Cognitive States and Processes|Concentration": 1.03926494473339,
    "Positive Low-Energy Emotions|Affection": 1.024223459055545,
    "Positive High-Energy Emotions|Interest": 0.6589380940183616,
    "Extra Dimensions|Dominance": 0.5692933046739999,
    "Positive Low-Energy Emotions|Contentment": 0.509610037738969,
    "Longing & Lust|Infatuation": 0.45338313905146976,
    "Negative High-Energy Emotions|Malevolence/Malice": 0.3313583668949076,
    "Extra Dimensions|Arousal": 0.314553371497563,
    "Positive Low-Energy Emotions|Contemplation": 0.3069915994660648,
    "Positive High-Energy Emotions|Amusement": 0.22625528247310567,
    "Negative Low-Energy Emotions|Emotional Numbness": 0.19719422870612413,
    "Negative High-Energy Emotions|Impatience and Irritability": 0.16190439691228087,
    "Physical and Exhaustive States|Fatigue/Exhaustion": 0.15194584749256956,
    "Negative Low-Energy Emotions|Doubt": 0.13593003284203187,
    "Longing & Lust|Longing": 0.12174574233891766,
    "Extra Dimensions|Emotional Vulnerability": 0.09859445789358112,
    "Positive High-Energy Emotions|Triumph": 0.0595405743177639,
    "Negative High-Energy Emotions|Anger": 0.00411144695875848,
    "Negative Low-Energy Emotions|Jealousy & Envy": 0.0,
    "Positive Low-Energy Emotions|Relief": -0.0017376769770741894,
    "Physical and Exhaustive States|Sourness": -0.006632610029735407,
    "Physical and Exhaustive States|Intoxication/Altered States of Consciousness": -0.007753491476724,
    "Physical and Exhaustive States|Pain": -0.020670116004905786,
    "Positive High-Energy Emotions|Awe": -0.030984243944341884,
    "Positive High-Energy Emotions|Hope/Enthusiasm/Optimism": -0.041000033998282004,
    "Negative High-Energy Emotions|Disgust": -0.04423661729245832,
    "Positive High-Energy Emotions|Pleasure/Ecstasy": -0.05585866253574567,
    "Positive High-Energy Emotions|Astonishment/Surprise": -0.07941082470637538,
    "Extra Dimensions|Valence": -0.08234471133091374,
    "Negative Low-Energy Emotions|Helplessness": -0.10963510288669295,
    "Positive High-Energy Emotions|Teasing": -0.12125095602930029,
    "Negative Low-Energy Emotions|Embarrassment": -0.1217146574522986,
    "Negative High-Energy Emotions|Fear": -0.13473283282170692,
    "Negative Low-Energy Emotions|Sadness": -0.14580981386079195,
    "Positive High-Energy Emotions|Elation": -0.15317159690756155,
    "Longing & Lust|Sexual Lust": -0.16542605444406855,
    "Cognitive States and Processes|Confusion": -0.1913891442584031,
    "Negative Low-Energy Emotions|Bitterness": -0.24784124274857544,
    "Negative Low-Energy Emotions|Contempt": -0.3588193979953508,
    "Negative Low-Energy Emotions|Disappointment": -0.45006158246894135,
    "Negative High-Energy Emotions|Distress": -0.453856064402413,
    "Positive Low-Energy Emotions|Thankfulness/Gratitude": -0.4805674338623738,
    "Negative Low-Energy Emotions|Shame": -0.6560087111576429
  }
}