{
  "key": [
    "stance-detection-part-10",
    "emonet-m1",
    "flux_prompt_10-image_346.png"
  ],
  "value": {
    "Longing & Lust|Infatuation": 1.0112325462475147,
    "Cognitive States and Processes|Concentration": 0.8445048605811682,
    "Positive Low-Energy Emotions|Affection": 0.6461371305490753,
    "Positive Low-Energy Emotions|Contentment": 0.5908571290323039,
    "Positive High-Energy Emotions|Interest": 0.5776764591917014,
    "Extra Dimensions|Valence": 0.5134875620331534,
    "Positive High-Energy Emotions|Hope/Enthusiasm/Optimism": 0.5086154683592009,
    "Longing & Lust|Sexual Lust": 0.48638995603109014,
    "Negative Low-Energy Emotions|Emotional Numbness": 0.3642715316388634,
    "Physical and Exhaustive States|Fatigue/Exhaustion": 0.3410295429042517,
    "Longing & Lust|Longing": 0.3082636962115983,
    "Positive High-Energy Emotions|Teasing": 0.0701417488151745,
    "Negative Low-Energy Emotions|Jealousy & Envy": 0.0,
    "Positive Low-Energy Emotions|Relief": -0.0011216182698369458,
    "Physical and Exhaustive States|Sourness": -0.005125745005168757,
    "Physical and Exhaustive States|Intoxication/Altered States of Consciousness": -0.0096027106797193,
    "Physical and Exhaustive States|Pain": -0.020670116004905786,
    "Positive High-Energy Emotions|Awe": -0.03315184135740493,
    "Negative High-Energy Emotions|Disgust": -0.04573448201566389,
    "Positive High-Energy Emotions|Pleasure/Ecstasy": -0.05585866253574567,
    "Positive High-Energy Emotions|Astonishment/Surprise": -0.07084921353083827,
    "Positive High-Energy Emotions|Triumph": -0.07496579376052752,
    "Extra Dimensions|Emotional Vulnerability": -0.07583781978586224,
    "Extra Dimensions|Dominance": -0.10953384698215093,
    "Negative Low-Energy Emotions|Embarrassment": -0.12147920420427462,
    "Negative High-Energy Emotions|Fear": -0.13119604221234718,
    "Negative High-Energy Emotions|Anger": -0.13279279269578254,
    "Positive High-Energy Emotions|Elation": -0.15317257257436934,
    "Cognitive States and Processes|Confusion": -0.18429663856496742,
    "Extra Dimensions|Arousal": -0.20471108811242233,
    "Positive Low-Energy Emotions|Contemplation": -0.20981786403491176,
    "Negative Low-Energy Emotions|Helplessness": -0.2146452249474687,
    "Positive Low-Energy Emotions|Pride": -0.23491947822982362,
    "Negative Low-Energy Emotions|Doubt": -0.27131363619101867,
    "Negative Low-Energy Emotions|Sadness": -0.2733462895192087,
    "Negative High-Energy Emotions|Malevolence/Malice": -0.32076995701771294,
    "Negative Low-Energy Emotions|Contempt": -0.3684119981621484,
    "Negative High-Energy Emotions|Impatience and Irritability": -0.37367659578638857,
    "Positive High-Energy Emotions|Amusement": -0.45031113951252055,
    "Positive Low-Energy Emotions|Thankfulness/Gratitude": -0.4802302624940729,
    "Negative Low-Energy Emotions|Shame": -0.6572115943565002,
    "Negative High-Energy Emotions|Distress": -0.6911578387253996,
    "Negative Low-Energy Emotions|Disappointment": -0.736417349868014,
    "Negative Low-Energy Emotions|Bitterness": -1.753463435965853
  }
}