{
  "key": [
    "stance-detection-part-10",
    "emonet-m1",
    "flux_prompt_10-image_420.png"
  ],
  "value": {
    "Positive High-Energy Emotions|Pleasure/Ecstasy": 3.030625148417523,
    "Positive Low-Energy Emotions|Affection": 2.920754802515628,
    "Positive Low-Energy Emotions|Contentment": 2.8117927121469277,
    "Positive High-Energy Emotions|Amusement": 2.6649197784180823,
    "Cognitive States and Processes|Concentration": 1.9534955298316565,
    "Extra Dimensions|Valence": 1.8048696363892325,
    "Positive Low-Energy Emotions|Pride": 1.4827458364445538,
    "Positive High-Energy Emotions|Elation": 1.3548117717028778,
    "Positive High-Energy Emotions|Hope/Enthusiasm/Optimism": 1.0778850062849212,
    "Positive High-Energy Emotions|Interest": 0.8542527397855735,
    "Extra Dimensions|Dominance": 0.6225965464037362,
    "Physical and Exhaustive States|Fatigue/Exhaustion": 0.43878402135884154,
    "Longing & Lust|Infatuation": 0.37268941728022953,
    "Longing & Lust|Sexual Lust": 0.37234695867086065,
    "Negative High-Energy Emotions|Anger": 0.3164195200025817,
    "Positive High-Energy Emotions|Teasing": 0.1787271362835125,
    "Extra Dimensions|Emotional Vulnerability": 0.04015258052846882,
    "Negative High-Energy Emotions|Impatience and Irritability": 0.024897935291950057,
    "Positive Low-Energy Emotions|Relief": 0.008191860796058135,
    "Negative Low-Energy Emotions|Jealousy & Envy": 0.0,
    "Physical and Exhaustive States|Sourness": -0.013665630287685237,
    "Positive High-Energy Emotions|Awe": -0.0176964612752745,
    "Physical and Exhaustive States|Intoxication/Altered States of Consciousness": -0.01812721796388373,
    "Physical and Exhaustive States|Pain": -0.020670116004905786,
    "Positive High-Energy Emotions|Astonishment/Surprise": -0.04060268752795436,
    "Negative High-Energy Emotions|Disgust": -0.04342393776326826,
    "Negative Low-Energy Emotions|Emotional Numbness": -0.05916463321709364,
    "Positive High-Energy Emotions|Triumph": -0.06660961185585394,
    "Negative Low-Energy Emotions|Embarrassment": -0.11953627532382151,
    "Negative High-Energy Emotions|Fear": -0.12832117608437935,
    "Extra Dimensions|Arousal": -0.1735910262380327,
    "Cognitive States and Processes|Confusion": -0.18460410912504127,
    "Negative Low-Energy Emotions|Helplessness": -0.19113928391410537,
    "Positive Low-Energy Emotions|Contemplation": -0.2410721555693356,
    "Negative Low-Energy Emotions|Contempt": -0.3783878934477548,
    "Positive Low-Energy Emotions|Thankfulness/Gratitude": -0.47047193347512245,
    "Negative High-Energy Emotions|Malevolence/Malice": -0.5417362961290411,
    "Negative Low-Energy Emotions|Shame": -0.6563227820008031,
    "Negative High-Energy Emotions|Distress": -0.6600694567197081,
    "Negative Low-Energy Emotions|Disappointment": -0.744553223692372,
    "Longing & Lust|Longing": -0.7840422769605895,
    "Negative Low-Energy Emotions|Doubt": -0.9036715352906071,
    "Negative Low-Energy Emotions|Sadness": -0.9833614178858578,
    "Negative Low-Energy Emotions|Bitterness": -1.8320282763347795
  }
}