{
  "key": [
    "stance-detection-part-10",
    "emonet-m1",
    "flux_prompt_10-image_461.png"
  ],
  "value": {
    "Positive Low-Energy Emotions|Pride": 2.9094953042942855,
    "Negative High-Energy Emotions|Anger": 2.2075904985487242,
    "Extra Dimensions|Dominance": 1.054925605050892,
    "Positive High-Energy Emotions|Hope/Enthusiasm/Optimism": 0.9179376109602141,
    "Cognitive States and Processes|Concentration": 0.7368917738807288,
    "Positive Low-Energy Emotions|Contemplation": 0.7335499748246463,
    "Negative High-Energy Emotions|Impatience and Irritability": 0.5545020126311224,
    "Positive High-Energy Emotions|Interest": 0.5518104275449729,
    "Positive Low-Energy Emotions|Contentment": 0.20776579850404464,
    "Negative Low-Energy Emotions|Bitterness": 0.20727860550276733,
    "Negative Low-Energy Emotions|Emotional Numbness": 0.13028801494574815,
    "Extra Dimensions|Arousal": 0.12345348937170852,
    "Physical and Exhaustive States|Fatigue/Exhaustion": 0.11846794508015501,
    "Negative High-Energy Emotions|Distress": 0.027555631077933684,
    "Positive Low-Energy Emotions|Relief": 0.0030405815254091785,
    "Positive High-Energy Emotions|Awe": 0.0005748806446244856,
    "Negative Low-Energy Emotions|Jealousy & Envy": 0.0,
    "Physical and Exhaustive States|Sourness": -0.0115091416902922,
    "Physical and Exhaustive States|Intoxication/Altered States of Consciousness": -0.019012659863183352,
    "Physical and Exhaustive States|Pain": -0.020670116004905786,
    "Negative High-Energy Emotions|Disgust": -0.046523029114300514,
    "Positive High-Energy Emotions|Pleasure/Ecstasy": -0.05585866253574567,
    "Negative High-Energy Emotions|Malevolence/Malice": -0.05604461462479149,
    "Positive High-Energy Emotions|Astonishment/Surprise": -0.06634310238581874,
    "Positive High-Energy Emotions|Triumph": -0.06942850549708739,
    "Extra Dimensions|Valence": -0.11299097029604836,
    "Negative Low-Energy Emotions|Embarrassment": -0.12010698607225558,
    "Positive High-Energy Emotions|Teasing": -0.12080410000741919,
    "Negative High-Energy Emotions|Fear": -0.1235600613678495,
    "Positive High-Energy Emotions|Elation": -0.15317276231133503,
    "Negative Low-Energy Emotions|Sadness": -0.1671305741108835,
    "Negative Low-Energy Emotions|Helplessness": -0.17144117071105666,
    "Cognitive States and Processes|Confusion": -0.17345213969221046,
    "Negative Low-Energy Emotions|Contempt": -0.3653707009648065,
    "Extra Dimensions|Emotional Vulnerability": -0.37814053794839886,
    "Positive Low-Energy Emotions|Affection": -0.43182139367806704,
    "Positive Low-Energy Emotions|Thankfulness/Gratitude": -0.48001410252450466,
    "Positive High-Energy Emotions|Amusement": -0.5201513434831913,
    "Negative Low-Energy Emotions|Shame": -0.6536892038567892,
    "Longing & Lust|Sexual Lust": -0.6877683041951596,
    "Negative Low-Energy Emotions|Disappointment": -0.7358183325012471,
    "Longing & Lust|Longing": -0.8679725309431334,
    "Negative Low-Energy Emotions|Doubt": -0.9082025686277233,
    "Longing & Lust|Infatuation": -1.6103277740106259
  }
}