{
  "key": [
    "stance-detection-part-10",
    "emonet-m1",
    "flux_prompt_10-image_380.png"
  ],
  "value": {
    "Positive High-Energy Emotions|Amusement": 3.9614810195679846,
    "Positive High-Energy Emotions|Elation": 2.9105857451678436,
    "Positive High-Energy Emotions|Pleasure/Ecstasy": 2.893411203028729,
    "Positive Low-Energy Emotions|Contentment": 1.918423514301469,
    "Extra Dimensions|Valence": 1.913322314115978,
    "Positive Low-Energy Emotions|Affection": 1.7400971773172638,
    "Extra Dimensions|Emotional Vulnerability": 0.9156580279161641,
    "Extra Dimensions|Arousal": 0.776624551841191,
    "Extra Dimensions|Dominance": 0.7359891378801766,
    "Positive Low-Energy Emotions|Pride": 0.5496179563481183,
    "Longing & Lust|Sexual Lust": 0.46895857766652715,
    "Positive High-Energy Emotions|Hope/Enthusiasm/Optimism": 0.4166965230467009,
    "Positive High-Energy Emotions|Teasing": 0.29542206349908867,
    "Negative High-Energy Emotions|Anger": 0.11580274305937494,
    "Negative High-Energy Emotions|Impatience and Irritability": 0.048792841335956405,
    "Negative Low-Energy Emotions|Jealousy & Envy": 0.0,
    "Positive Low-Energy Emotions|Relief": -0.0002443347562909558,
    "Physical and Exhaustive States|Intoxication/Altered States of Consciousness": -0.005824297741601319,
    "Physical and Exhaustive States|Sourness": -0.009296438462295374,
    "Positive High-Energy Emotions|Awe": -0.014706930711920009,
    "Physical and Exhaustive States|Pain": -0.020670116004905786,
    "Negative High-Energy Emotions|Disgust": -0.0412459467902725,
    "Positive High-Energy Emotions|Triumph": -0.07192802068780794,
    "Positive High-Energy Emotions|Astonishment/Surprise": -0.07630151860934474,
    "Negative Low-Energy Emotions|Embarrassment": -0.12163907876272341,
    "Negative High-Energy Emotions|Fear": -0.13067352554450432,
    "Negative Low-Energy Emotions|Helplessness": -0.16783652021362014,
    "Cognitive States and Processes|Confusion": -0.18661911864747932,
    "Longing & Lust|Infatuation": -0.24601633223148922,
    "Physical and Exhaustive States|Fatigue/Exhaustion": -0.2812006292530359,
    "Cognitive States and Processes|Concentration": -0.3255271638023767,
    "Negative Low-Energy Emotions|Contempt": -0.37011681021201415,
    "Positive Low-Energy Emotions|Contemplation": -0.467666126821777,
    "Negative Low-Energy Emotions|Emotional Numbness": -0.47016905731224745,
    "Positive Low-Energy Emotions|Thankfulness/Gratitude": -0.4807697255074835,
    "Negative High-Energy Emotions|Malevolence/Malice": -0.5309547472117475,
    "Negative Low-Energy Emotions|Sadness": -0.5683157290257395,
    "Negative Low-Energy Emotions|Shame": -0.6564395046590796,
    "Negative High-Energy Emotions|Distress": -0.6647082999580618,
    "Negative Low-Energy Emotions|Disappointment": -0.7379330512811686,
    "Positive High-Energy Emotions|Interest": -0.7480593482271218,
    "Longing & Lust|Longing": -0.8816695367514868,
    "Negative Low-Energy Emotions|Doubt": -0.9300131728870951,
    "Negative Low-Energy Emotions|Bitterness": -1.8308785371959975
  }
}