{
  "key": [
    "stance-detection-part-10",
    "emonet-m1",
    "flux_prompt_10-image_351.png"
  ],
  "value": {
    "Longing & Lust|Sexual Lust": 1.0518513532021108,
    "Cognitive States and Processes|Concentration": 1.0241835390937415,
    "Negative Low-Energy Emotions|Sadness": 0.8119667922221243,
    "Positive High-Energy Emotions|Interest": 0.3384322365507102,
    "Negative Low-Energy Emotions|Emotional Numbness": 0.3164594274137047,
    "Negative High-Energy Emotions|Anger": 0.29334358177778924,
    "Physical and Exhaustive States|Fatigue/Exhaustion": 0.2540488424113928,
    "Negative High-Energy Emotions|Impatience and Irritability": 0.24139213790578062,
    "Negative High-Energy Emotions|Distress": 0.2069699033862833,
    "Positive Low-Energy Emotions|Contemplation": 0.19045212116406285,
    "Extra Dimensions|Emotional Vulnerability": 0.15940931537649128,
    "Negative Low-Energy Emotions|Helplessness": 0.14603773937748246,
    "Longing & Lust|Longing": 0.12330452300908368,
    "Negative Low-Energy Emotions|Jealousy & Envy": 0.0,
    "Physical and Exhaustive States|Sourness": -0.005599683887519679,
    "Positive Low-Energy Emotions|Relief": -0.00741639029875998,
    "Physical and Exhaustive States|Intoxication/Altered States of Consciousness": -0.012374147847840638,
    "Physical and Exhaustive States|Pain": -0.020670116004905786,
    "Positive High-Energy Emotions|Awe": -0.02172020693128799,
    "Negative High-Energy Emotions|Disgust": -0.04377282610088041,
    "Positive High-Energy Emotions|Hope/Enthusiasm/Optimism": -0.05273988404253249,
    "Positive High-Energy Emotions|Pleasure/Ecstasy": -0.05585866253574567,
    "Extra Dimensions|Dominance": -0.06653256774726476,
    "Positive High-Energy Emotions|Astonishment/Surprise": -0.06968194596987941,
    "Positive High-Energy Emotions|Triumph": -0.07517683331858054,
    "Negative Low-Energy Emotions|Embarrassment": -0.11924510663409373,
    "Positive Low-Energy Emotions|Pride": -0.11957501345092347,
    "Positive High-Energy Emotions|Teasing": -0.12303902831733664,
    "Negative High-Energy Emotions|Fear": -0.1253652178371946,
    "Positive High-Energy Emotions|Elation": -0.15317394672354778,
    "Cognitive States and Processes|Confusion": -0.18632145305147102,
    "Positive Low-Energy Emotions|Affection": -0.21808956832635196,
    "Extra Dimensions|Arousal": -0.3396054591451372,
    "Negative Low-Energy Emotions|Shame": -0.3411947685091725,
    "Negative Low-Energy Emotions|Doubt": -0.34537866581214294,
    "Longing & Lust|Infatuation": -0.35498363646122555,
    "Negative Low-Energy Emotions|Contempt": -0.3681178417896013,
    "Extra Dimensions|Valence": -0.40059150805809424,
    "Positive Low-Energy Emotions|Thankfulness/Gratitude": -0.4814872248008704,
    "Negative High-Energy Emotions|Malevolence/Malice": -0.5246300536511472,
    "Positive High-Energy Emotions|Amusement": -0.5257567319159324,
    "Positive Low-Energy Emotions|Contentment": -0.5314253760030965,
    "Negative Low-Energy Emotions|Disappointment": -0.6085917134513403,
    "Negative Low-Energy Emotions|Bitterness": -0.8915890492976477
  }
}