{
  "key": [
    "stance-detection-part-10",
    "emonet-m1",
    "flux_prompt_10-image_427.png"
  ],
  "value": {
    "Negative High-Energy Emotions|Anger": 3.6971277376234313,
    "Negative Low-Energy Emotions|Contempt": 2.74703754215491,
    "Cognitive States and Processes|Concentration": 1.91155817860485,
    "Negative Low-Energy Emotions|Bitterness": 1.6043006143986414,
    "Negative High-Energy Emotions|Impatience and Irritability": 1.5938709997145575,
    "Extra Dimensions|Dominance": 1.4294920408647958,
    "Extra Dimensions|Arousal": 1.3212212238992964,
    "Negative High-Energy Emotions|Malevolence/Malice": 1.045244031834788,
    "Negative High-Energy Emotions|Fear": 0.7704712248717746,
    "Negative High-Energy Emotions|Distress": 0.7159027322894815,
    "Positive High-Energy Emotions|Interest": 0.5952522000059104,
    "Negative Low-Energy Emotions|Jealousy & Envy": 0.0,
    "Physical and Exhaustive States|Sourness": -0.0012558240361593576,
    "Positive Low-Energy Emotions|Relief": -0.005666770457184358,
    "Positive High-Energy Emotions|Awe": -0.009257561162168727,
    "Physical and Exhaustive States|Fatigue/Exhaustion": -0.015174668807631853,
    "Physical and Exhaustive States|Intoxication/Altered States of Consciousness": -0.019076570943543765,
    "Physical and Exhaustive States|Pain": -0.020670116004905786,
    "Negative High-Energy Emotions|Disgust": -0.04755153706222227,
    "Positive High-Energy Emotions|Pleasure/Ecstasy": -0.05586151029894426,
    "Positive Low-Energy Emotions|Pride": -0.07369582825118592,
    "Positive High-Energy Emotions|Astonishment/Surprise": -0.074428666164696,
    "Positive High-Energy Emotions|Triumph": -0.07589996804486647,
    "Negative Low-Energy Emotions|Helplessness": -0.08693041964246459,
    "Positive Low-Energy Emotions|Contemplation": -0.10790405425860561,
    "Positive High-Energy Emotions|Teasing": -0.11937732872426947,
    "Negative Low-Energy Emotions|Embarrassment": -0.12086384957690378,
    "Positive High-Energy Emotions|Elation": -0.1531741014886232,
    "Cognitive States and Processes|Confusion": -0.19312381823530128,
    "Negative Low-Energy Emotions|Emotional Numbness": -0.2916142243769142,
    "Longing & Lust|Sexual Lust": -0.32090104505037653,
    "Positive Low-Energy Emotions|Thankfulness/Gratitude": -0.4806726826265311,
    "Negative Low-Energy Emotions|Sadness": -0.5266937459744394,
    "Positive High-Energy Emotions|Amusement": -0.5283258932714279,
    "Negative Low-Energy Emotions|Shame": -0.6562713394670716,
    "Negative Low-Energy Emotions|Doubt": -0.6842984544111572,
    "Positive High-Energy Emotions|Hope/Enthusiasm/Optimism": -0.7049533382890535,
    "Negative Low-Energy Emotions|Disappointment": -0.7373031270434405,
    "Longing & Lust|Longing": -0.8578265240013381,
    "Extra Dimensions|Emotional Vulnerability": -1.0005860020826152,
    "Positive Low-Energy Emotions|Affection": -1.0278775085602978,
    "Extra Dimensions|Valence": -1.477644697335743,
    "Longing & Lust|Infatuation": -1.616279215835062,
    "Positive Low-Energy Emotions|Contentment": -1.7294657868793706
  }
}