{
  "key": [
    "stance-detection-part-10",
    "emonet-m1",
    "flux_prompt_10-image_494.png"
  ],
  "value": {
    "Positive Low-Energy Emotions|Pride": 1.0058733922917218,
    "Longing & Lust|Infatuation": 0.9454433235302295,
    "Cognitive States and Processes|Concentration": 0.9239316260230628,
    "Positive High-Energy Emotions|Interest": 0.7704319199308372,
    "Positive High-Energy Emotions|Hope/Enthusiasm/Optimism": 0.6435751660825896,
    "Longing & Lust|Sexual Lust": 0.639500937018639,
    "Positive Low-Energy Emotions|Contentment": 0.2616590070077678,
    "Positive Low-Energy Emotions|Affection": 0.2505544546152374,
    "Negative Low-Energy Emotions|Doubt": 0.237275691144339,
    "Negative Low-Energy Emotions|Emotional Numbness": 0.06865454727149278,
    "Physical and Exhaustive States|Sourness": 0.0041088324122049,
    "Negative Low-Energy Emotions|Jealousy & Envy": 0.0,
    "Positive Low-Energy Emotions|Relief": -0.0028325919498563244,
    "Extra Dimensions|Dominance": -0.005268797882228754,
    "Physical and Exhaustive States|Pain": -0.020670116004905786,
    "Physical and Exhaustive States|Intoxication/Altered States of Consciousness": -0.024928093031594607,
    "Positive High-Energy Emotions|Awe": -0.03886667509382461,
    "Negative High-Energy Emotions|Disgust": -0.04451379379182508,
    "Extra Dimensions|Arousal": -0.048531421593257296,
    "Positive High-Energy Emotions|Pleasure/Ecstasy": -0.05585866253574567,
    "Positive High-Energy Emotions|Astonishment/Surprise": -0.06220728509646632,
    "Positive High-Energy Emotions|Triumph": -0.07565654826353922,
    "Extra Dimensions|Valence": -0.08370780250170155,
    "Negative High-Energy Emotions|Anger": -0.08809264697434699,
    "Positive High-Energy Emotions|Teasing": -0.11553297814786871,
    "Negative Low-Energy Emotions|Embarrassment": -0.12179116373915812,
    "Negative High-Energy Emotions|Fear": -0.13408095172295967,
    "Positive High-Energy Emotions|Elation": -0.15317301809671546,
    "Positive Low-Energy Emotions|Contemplation": -0.1834951415999142,
    "Cognitive States and Processes|Confusion": -0.19610484768619468,
    "Negative Low-Energy Emotions|Helplessness": -0.21630284501983352,
    "Negative High-Energy Emotions|Impatience and Irritability": -0.24060949454623048,
    "Longing & Lust|Longing": -0.3044170965969344,
    "Extra Dimensions|Emotional Vulnerability": -0.32417914173105267,
    "Physical and Exhaustive States|Fatigue/Exhaustion": -0.37333963491404665,
    "Negative Low-Energy Emotions|Contempt": -0.3768864375447015,
    "Positive Low-Energy Emotions|Thankfulness/Gratitude": -0.48108733537642717,
    "Positive High-Energy Emotions|Amusement": -0.5239895585064704,
    "Negative High-Energy Emotions|Malevolence/Malice": -0.5323866668460897,
    "Negative Low-Energy Emotions|Sadness": -0.5848617996014536,
    "Negative Low-Energy Emotions|Shame": -0.6565430155753127,
    "Negative High-Energy Emotions|Distress": -0.705186767899346,
    "Negative Low-Energy Emotions|Disappointment": -0.7379673537542368,
    "Negative Low-Energy Emotions|Bitterness": -1.8279056884825995
  }
}