{
  "key": [
    "stance-detection-part-10",
    "emonet-m1",
    "flux_prompt_10-image_316.png"
  ],
  "value": {
    "Positive High-Energy Emotions|Amusement": 3.7031068053956213,
    "Positive High-Energy Emotions|Pleasure/Ecstasy": 3.0866518455763363,
    "Positive High-Energy Emotions|Elation": 2.7413323958636444,
    "Positive Low-Energy Emotions|Contentment": 2.6485580014535683,
    "Positive Low-Energy Emotions|Affection": 2.0631262186075467,
    "Extra Dimensions|Valence": 1.6734320963349112,
    "Cognitive States and Processes|Concentration": 0.6752283846747962,
    "Positive High-Energy Emotions|Hope/Enthusiasm/Optimism": 0.6236335977079558,
    "Extra Dimensions|Dominance": 0.562338694326252,
    "Positive Low-Energy Emotions|Pride": 0.34173173732346007,
    "Extra Dimensions|Emotional Vulnerability": 0.3353658030321309,
    "Physical and Exhaustive States|Fatigue/Exhaustion": 0.2806087913325964,
    "Positive High-Energy Emotions|Triumph": 0.2482648686226116,
    "Negative High-Energy Emotions|Anger": 0.2335939189016601,
    "Negative Low-Energy Emotions|Emotional Numbness": 0.0635835033032921,
    "Negative High-Energy Emotions|Impatience and Irritability": 0.011374446055118392,
    "Positive Low-Energy Emotions|Relief": 0.0075795795331835315,
    "Negative Low-Energy Emotions|Jealousy & Envy": 0.0,
    "Physical and Exhaustive States|Sourness": -0.009535169965782008,
    "Physical and Exhaustive States|Intoxication/Altered States of Consciousness": -0.015927493647286746,
    "Physical and Exhaustive States|Pain": -0.020670116004905786,
    "Positive High-Energy Emotions|Awe": -0.025524205163175807,
    "Negative High-Energy Emotions|Disgust": -0.042309688533837105,
    "Positive High-Energy Emotions|Astonishment/Surprise": -0.061874273946106215,
    "Positive High-Energy Emotions|Teasing": -0.07878376793921431,
    "Negative Low-Energy Emotions|Embarrassment": -0.12115163570304056,
    "Negative High-Energy Emotions|Fear": -0.13242617777238289,
    "Extra Dimensions|Arousal": -0.15366042511803757,
    "Longing & Lust|Longing": -0.16021504305002887,
    "Positive Low-Energy Emotions|Thankfulness/Gratitude": -0.17464527393727064,
    "Negative Low-Energy Emotions|Helplessness": -0.18054321720077224,
    "Cognitive States and Processes|Confusion": -0.18694894094934394,
    "Negative Low-Energy Emotions|Contempt": -0.3752794739698152,
    "Longing & Lust|Sexual Lust": -0.4564841328523098,
    "Negative High-Energy Emotions|Malevolence/Malice": -0.5357666152833036,
    "Negative Low-Energy Emotions|Shame": -0.6563436175494424,
    "Negative High-Energy Emotions|Distress": -0.6951152965658423,
    "Negative Low-Energy Emotions|Disappointment": -0.7409010384907271,
    "Positive Low-Energy Emotions|Contemplation": -0.7700582519514767,
    "Negative Low-Energy Emotions|Sadness": -0.7725671078003824,
    "Positive High-Energy Emotions|Interest": -0.7939879456773782,
    "Negative Low-Energy Emotions|Doubt": -0.9360363321377121,
    "Longing & Lust|Infatuation": -1.2754118529185925,
    "Negative Low-Energy Emotions|Bitterness": -1.8316252884001305
  }
}