{
  "key": [
    "stance-detection-part-10",
    "emonet-m1",
    "flux_prompt_10-image_469.png"
  ],
  "value": {
    "Positive Low-Energy Emotions|Contemplation": 2.393489502336243,
    "Cognitive States and Processes|Concentration": 2.0110683714759436,
    "Negative High-Energy Emotions|Anger": 1.928971685987689,
    "Negative Low-Energy Emotions|Sadness": 1.9092759047709524,
    "Negative High-Energy Emotions|Distress": 1.2734148964053873,
    "Negative Low-Energy Emotions|Disappointment": 0.7966201971540903,
    "Negative High-Energy Emotions|Impatience and Irritability": 0.6767314695326727,
    "Physical and Exhaustive States|Fatigue/Exhaustion": 0.6588547410777746,
    "Positive Low-Energy Emotions|Pride": 0.6376913291889996,
    "Positive High-Energy Emotions|Hope/Enthusiasm/Optimism": 0.6357764943601775,
    "Negative Low-Energy Emotions|Helplessness": 0.5938081561140852,
    "Negative Low-Energy Emotions|Doubt": 0.3250876380132355,
    "Positive High-Energy Emotions|Interest": 0.31639306151714086,
    "Physical and Exhaustive States|Pain": 0.1322264926294586,
    "Negative Low-Energy Emotions|Bitterness": 0.0786039791523645,
    "Longing & Lust|Longing": 0.06275001861455243,
    "Negative Low-Energy Emotions|Emotional Numbness": 0.04026795440650255,
    "Negative Low-Energy Emotions|Jealousy & Envy": 0.0,
    "Positive Low-Energy Emotions|Relief": -0.00406929147139792,
    "Physical and Exhaustive States|Sourness": -0.0043095488019369455,
    "Physical and Exhaustive States|Intoxication/Altered States of Consciousness": -0.025284499005029056,
    "Extra Dimensions|Dominance": -0.027302310474544428,
    "Positive High-Energy Emotions|Awe": -0.029272696569616542,
    "Negative High-Energy Emotions|Disgust": -0.03970124026685407,
    "Positive High-Energy Emotions|Astonishment/Surprise": -0.048496383955299635,
    "Positive High-Energy Emotions|Pleasure/Ecstasy": -0.05585866253574567,
    "Positive High-Energy Emotions|Triumph": -0.0729916320462121,
    "Negative Low-Energy Emotions|Embarrassment": -0.11941459616680285,
    "Positive High-Energy Emotions|Teasing": -0.12346255657136877,
    "Negative High-Energy Emotions|Fear": -0.13932027450452247,
    "Positive High-Energy Emotions|Elation": -0.1531750140537791,
    "Positive Low-Energy Emotions|Affection": -0.17892287940728457,
    "Cognitive States and Processes|Confusion": -0.18974910755624702,
    "Extra Dimensions|Arousal": -0.3055211390767778,
    "Extra Dimensions|Emotional Vulnerability": -0.33719226619699505,
    "Negative Low-Energy Emotions|Contempt": -0.3590986308549623,
    "Positive Low-Energy Emotions|Thankfulness/Gratitude": -0.48074946644751787,
    "Positive High-Energy Emotions|Amusement": -0.5277818928544338,
    "Negative High-Energy Emotions|Malevolence/Malice": -0.531545608055406,
    "Extra Dimensions|Valence": -0.5796995317015878,
    "Negative Low-Energy Emotions|Shame": -0.6552450890450707,
    "Longing & Lust|Sexual Lust": -0.6746791689059674,
    "Positive Low-Energy Emotions|Contentment": -1.0150450659445027,
    "Longing & Lust|Infatuation": -1.6140321952328358
  }
}