{
  "key": [
    "stance-detection-part-10",
    "emonet-m1",
    "flux_prompt_10-image_265.png"
  ],
  "value": {
    "Positive High-Energy Emotions|Interest": 1.9232432087644553,
    "Positive Low-Energy Emotions|Contemplation": 1.7345675453202518,
    "Positive Low-Energy Emotions|Pride": 1.4224829179722638,
    "Cognitive States and Processes|Concentration": 1.4004888808143225,
    "Positive High-Energy Emotions|Hope/Enthusiasm/Optimism": 1.1646357520582367,
    "Extra Dimensions|Dominance": 1.0769776546877328,
    "Extra Dimensions|Arousal": 1.0104983959879195,
    "Longing & Lust|Infatuation": 0.8915783676281299,
    "Longing & Lust|Sexual Lust": 0.820170840773827,
    "Negative High-Energy Emotions|Anger": 0.7572113653242369,
    "Longing & Lust|Longing": 0.7197066912830095,
    "Extra Dimensions|Valence": 0.6711658085312613,
    "Positive Low-Energy Emotions|Affection": 0.5750725391412994,
    "Positive Low-Energy Emotions|Thankfulness/Gratitude": 0.5420247027740026,
    "Positive Low-Energy Emotions|Contentment": 0.41092763417451583,
    "Positive High-Energy Emotions|Awe": 0.024739467903917088,
    "Positive High-Energy Emotions|Amusement": 0.02109383017970967,
    "Negative Low-Energy Emotions|Jealousy & Envy": 0.0,
    "Negative High-Energy Emotions|Impatience and Irritability": -0.0011030412705499426,
    "Physical and Exhaustive States|Sourness": -0.0017765600152395578,
    "Positive Low-Energy Emotions|Relief": -0.002263464449799104,
    "Physical and Exhaustive States|Intoxication/Altered States of Consciousness": -0.008398547843644471,
    "Physical and Exhaustive States|Pain": -0.020670116004905786,
    "Negative High-Energy Emotions|Disgust": -0.0460824911847656,
    "Positive High-Energy Emotions|Pleasure/Ecstasy": -0.05585866253574567,
    "Positive High-Energy Emotions|Astonishment/Surprise": -0.056275073220550795,
    "Positive High-Energy Emotions|Triumph": -0.07563524705361262,
    "Positive High-Energy Emotions|Teasing": -0.10032800462902029,
    "Negative Low-Energy Emotions|Embarrassment": -0.12101992061395785,
    "Negative High-Energy Emotions|Fear": -0.12817797592530647,
    "Extra Dimensions|Emotional Vulnerability": -0.1460988213727763,
    "Positive High-Energy Emotions|Elation": -0.1531724710361071,
    "Cognitive States and Processes|Confusion": -0.18478430886735847,
    "Negative Low-Energy Emotions|Helplessness": -0.1966944070048494,
    "Negative Low-Energy Emotions|Doubt": -0.2257784293962799,
    "Negative High-Energy Emotions|Malevolence/Malice": -0.22745800645332848,
    "Negative Low-Energy Emotions|Emotional Numbness": -0.3712450165178749,
    "Negative Low-Energy Emotions|Contempt": -0.3741262954567651,
    "Negative High-Energy Emotions|Distress": -0.3760944143169638,
    "Physical and Exhaustive States|Fatigue/Exhaustion": -0.49598635413134706,
    "Negative Low-Energy Emotions|Shame": -0.6565192789568535,
    "Negative Low-Energy Emotions|Sadness": -0.6868699337281168,
    "Negative Low-Energy Emotions|Disappointment": -0.7406785231759097,
    "Negative Low-Energy Emotions|Bitterness": -1.8265615255118182
  }
}