{
  "key": [
    "stance-detection-part-10",
    "emonet-m1",
    "flux_prompt_10-image_387.png"
  ],
  "value": {
    "Cognitive States and Processes|Concentration": 2.1832814490211097,
    "Positive High-Energy Emotions|Interest": 1.4826051434263205,
    "Positive Low-Energy Emotions|Contemplation": 1.2392705902116092,
    "Positive High-Energy Emotions|Hope/Enthusiasm/Optimism": 1.189445112562387,
    "Physical and Exhaustive States|Fatigue/Exhaustion": 1.1545937242320714,
    "Positive Low-Energy Emotions|Pride": 1.0346950990635724,
    "Positive Low-Energy Emotions|Contentment": 0.6801179456064006,
    "Longing & Lust|Infatuation": 0.6421415123119678,
    "Longing & Lust|Longing": 0.6187197337329606,
    "Positive Low-Energy Emotions|Affection": 0.51998151569617,
    "Negative Low-Energy Emotions|Emotional Numbness": 0.46258104854560167,
    "Longing & Lust|Sexual Lust": 0.4398439736702503,
    "Negative High-Energy Emotions|Anger": 0.11544663510916436,
    "Extra Dimensions|Valence": 0.08885061690471248,
    "Negative High-Energy Emotions|Impatience and Irritability": 0.060208740135852645,
    "Negative High-Energy Emotions|Distress": 0.04475258437459506,
    "Extra Dimensions|Dominance": 0.03721706508812342,
    "Negative Low-Energy Emotions|Jealousy & Envy": 0.0,
    "Positive Low-Energy Emotions|Relief": -0.004944019435799165,
    "Positive High-Energy Emotions|Awe": -0.008203616932089076,
    "Physical and Exhaustive States|Intoxication/Altered States of Consciousness": -0.00937402255887732,
    "Physical and Exhaustive States|Sourness": -0.011965832478561244,
    "Physical and Exhaustive States|Pain": -0.020670116004905786,
    "Negative High-Energy Emotions|Disgust": -0.04274609884172132,
    "Positive High-Energy Emotions|Astonishment/Surprise": -0.054543975522339125,
    "Positive High-Energy Emotions|Pleasure/Ecstasy": -0.05585866253574567,
    "Positive High-Energy Emotions|Triumph": -0.07546609652232066,
    "Negative Low-Energy Emotions|Helplessness": -0.09713833345843978,
    "Negative Low-Energy Emotions|Embarrassment": -0.1185064374472632,
    "Negative High-Energy Emotions|Fear": -0.11982144198069969,
    "Positive High-Energy Emotions|Teasing": -0.11983170983255347,
    "Extra Dimensions|Arousal": -0.13426864998681198,
    "Positive High-Energy Emotions|Elation": -0.15317374099584624,
    "Cognitive States and Processes|Confusion": -0.18395175118913581,
    "Negative Low-Energy Emotions|Sadness": -0.3809996689595163,
    "Negative Low-Energy Emotions|Contempt": -0.3838791203592996,
    "Extra Dimensions|Emotional Vulnerability": -0.46246012947061566,
    "Positive Low-Energy Emotions|Thankfulness/Gratitude": -0.4806874981060481,
    "Positive High-Energy Emotions|Amusement": -0.5246317426745708,
    "Negative High-Energy Emotions|Malevolence/Malice": -0.5306754323957494,
    "Negative Low-Energy Emotions|Shame": -0.6562726386620632,
    "Negative Low-Energy Emotions|Doubt": -0.741206883080133,
    "Negative Low-Energy Emotions|Disappointment": -0.7429657433857466,
    "Negative Low-Energy Emotions|Bitterness": -1.8259170372516682
  }
}