{
  "key": [
    "stance-detection-part-10",
    "emonet-m1",
    "flux_prompt_10-image_357.png"
  ],
  "value": {
    "Negative High-Energy Emotions|Anger": 2.5210372587263365,
    "Cognitive States and Processes|Concentration": 2.3996086394202796,
    "Positive Low-Energy Emotions|Contemplation": 2.0373107418076786,
    "Negative High-Energy Emotions|Distress": 1.39389757958715,
    "Physical and Exhaustive States|Fatigue/Exhaustion": 1.3425331296733556,
    "Negative Low-Energy Emotions|Sadness": 1.3373516951762259,
    "Positive High-Energy Emotions|Interest": 1.1442534168943381,
    "Positive High-Energy Emotions|Hope/Enthusiasm/Optimism": 1.018668506956308,
    "Extra Dimensions|Dominance": 0.9649923288744393,
    "Negative High-Energy Emotions|Impatience and Irritability": 0.7819147132841986,
    "Negative Low-Energy Emotions|Helplessness": 0.6527556000761824,
    "Negative Low-Energy Emotions|Bitterness": 0.5772911272465417,
    "Negative Low-Energy Emotions|Doubt": 0.45331797134148255,
    "Longing & Lust|Longing": 0.2741557727039079,
    "Positive Low-Energy Emotions|Pride": 0.07326407260483214,
    "Negative Low-Energy Emotions|Emotional Numbness": 0.051108847198250595,
    "Extra Dimensions|Arousal": 0.04389940840857376,
    "Negative Low-Energy Emotions|Jealousy & Envy": 0.0,
    "Positive Low-Energy Emotions|Relief": -0.0031015951623082592,
    "Physical and Exhaustive States|Sourness": -0.005591756469764552,
    "Physical and Exhaustive States|Intoxication/Altered States of Consciousness": -0.013819217756936402,
    "Physical and Exhaustive States|Pain": -0.020670116004905786,
    "Positive High-Energy Emotions|Awe": -0.023529178097898708,
    "Negative High-Energy Emotions|Disgust": -0.04278008093982389,
    "Negative High-Energy Emotions|Fear": -0.054306214364866406,
    "Positive High-Energy Emotions|Pleasure/Ecstasy": -0.05585866253574567,
    "Positive High-Energy Emotions|Astonishment/Surprise": -0.062361586620628615,
    "Positive High-Energy Emotions|Triumph": -0.0757015954051508,
    "Positive Low-Energy Emotions|Affection": -0.10788767308938296,
    "Negative Low-Energy Emotions|Embarrassment": -0.12121916776557108,
    "Positive High-Energy Emotions|Teasing": -0.12198372063100775,
    "Positive High-Energy Emotions|Elation": -0.1531747316365748,
    "Cognitive States and Processes|Confusion": -0.19080144991149833,
    "Negative Low-Energy Emotions|Disappointment": -0.3184545864095236,
    "Negative High-Energy Emotions|Malevolence/Malice": -0.35387910039406334,
    "Longing & Lust|Sexual Lust": -0.3574005751273571,
    "Negative Low-Energy Emotions|Contempt": -0.36483849109160704,
    "Positive Low-Energy Emotions|Thankfulness/Gratitude": -0.482223067423687,
    "Positive High-Energy Emotions|Amusement": -0.5266597683613117,
    "Negative Low-Energy Emotions|Shame": -0.5372026460974446,
    "Extra Dimensions|Emotional Vulnerability": -0.5387484719465068,
    "Extra Dimensions|Valence": -0.7585544144187204,
    "Longing & Lust|Infatuation": -0.9727587190494213,
    "Positive Low-Energy Emotions|Contentment": -1.4203320038965443
  }
}