{
  "key": [
    "stance-detection-part-10",
    "emonet-m1",
    "flux_prompt_10-image_421.png"
  ],
  "value": {
    "Positive High-Energy Emotions|Pleasure/Ecstasy": 2.844142003657391,
    "Positive Low-Energy Emotions|Contentment": 2.761693339283158,
    "Positive High-Energy Emotions|Amusement": 2.435596152853507,
    "Positive Low-Energy Emotions|Affection": 2.3775135400797147,
    "Positive High-Energy Emotions|Elation": 1.4432940324069183,
    "Extra Dimensions|Valence": 1.2636408651795157,
    "Positive High-Energy Emotions|Hope/Enthusiasm/Optimism": 1.0267215713026214,
    "Cognitive States and Processes|Concentration": 0.853427199066886,
    "Physical and Exhaustive States|Fatigue/Exhaustion": 0.606954592686051,
    "Longing & Lust|Longing": 0.5185252795398454,
    "Negative Low-Energy Emotions|Sadness": 0.4096744214259207,
    "Positive Low-Energy Emotions|Pride": 0.2872098190266461,
    "Negative High-Energy Emotions|Anger": 0.28592363796827996,
    "Negative High-Energy Emotions|Impatience and Irritability": 0.2685650013892096,
    "Extra Dimensions|Emotional Vulnerability": 0.24401334026357624,
    "Positive Low-Energy Emotions|Contemplation": 0.10589589920208775,
    "Extra Dimensions|Dominance": 0.04810716151413355,
    "Positive Low-Energy Emotions|Relief": 0.012908137918555693,
    "Negative Low-Energy Emotions|Jealousy & Envy": 0.0,
    "Negative Low-Energy Emotions|Emotional Numbness": -0.004541863861319717,
    "Physical and Exhaustive States|Sourness": -0.01162809020952209,
    "Physical and Exhaustive States|Intoxication/Altered States of Consciousness": -0.017503067926118228,
    "Physical and Exhaustive States|Pain": -0.020670116004905786,
    "Positive High-Energy Emotions|Awe": -0.02706763763731216,
    "Negative High-Energy Emotions|Disgust": -0.04356730928569486,
    "Positive High-Energy Emotions|Astonishment/Surprise": -0.048882622053444166,
    "Positive High-Energy Emotions|Triumph": -0.07404720329682961,
    "Negative Low-Energy Emotions|Embarrassment": -0.12164377262849947,
    "Negative Low-Energy Emotions|Helplessness": -0.12644497616960235,
    "Negative High-Energy Emotions|Fear": -0.12714626422772804,
    "Positive High-Energy Emotions|Teasing": -0.1523706602758213,
    "Cognitive States and Processes|Confusion": -0.1835046791004174,
    "Positive High-Energy Emotions|Interest": -0.3057437697664285,
    "Negative Low-Energy Emotions|Contempt": -0.37775904209363265,
    "Positive Low-Energy Emotions|Thankfulness/Gratitude": -0.3907597800627208,
    "Negative High-Energy Emotions|Malevolence/Malice": -0.5313074874995283,
    "Extra Dimensions|Arousal": -0.6205290641103471,
    "Negative High-Energy Emotions|Distress": -0.6213916972511526,
    "Longing & Lust|Sexual Lust": -0.6297854869029461,
    "Negative Low-Energy Emotions|Shame": -0.6565343440308204,
    "Negative Low-Energy Emotions|Disappointment": -0.7349067558278586,
    "Negative Low-Energy Emotions|Doubt": -0.9318365180863224,
    "Longing & Lust|Infatuation": -1.2040169921741162,
    "Negative Low-Energy Emotions|Bitterness": -1.8324901937053373
  }
}