{
  "key": [
    "stance-detection-part-10",
    "emonet-m1",
    "flux_prompt_10-image_404.png"
  ],
  "value": {
    "Positive High-Energy Emotions|Pleasure/Ecstasy": 3.0977085071821713,
    "Positive Low-Energy Emotions|Affection": 3.0169168832803983,
    "Positive Low-Energy Emotions|Contentment": 2.849092822010209,
    "Positive High-Energy Emotions|Amusement": 2.7968999591584387,
    "Positive High-Energy Emotions|Elation": 2.1905389865161102,
    "Extra Dimensions|Valence": 1.6353711927857169,
    "Positive High-Energy Emotions|Hope/Enthusiasm/Optimism": 1.3280831321241546,
    "Cognitive States and Processes|Concentration": 1.0639367377173987,
    "Extra Dimensions|Emotional Vulnerability": 0.7196770022203633,
    "Extra Dimensions|Dominance": 0.6813841903131905,
    "Positive Low-Energy Emotions|Pride": 0.6529829008061261,
    "Physical and Exhaustive States|Fatigue/Exhaustion": 0.5096101941875159,
    "Positive High-Energy Emotions|Interest": 0.43099681937541723,
    "Negative High-Energy Emotions|Anger": 0.2866912861883422,
    "Negative High-Energy Emotions|Impatience and Irritability": 0.14603924979848082,
    "Negative Low-Energy Emotions|Emotional Numbness": 0.03561378532386095,
    "Positive Low-Energy Emotions|Relief": 0.006125144244277434,
    "Negative Low-Energy Emotions|Jealousy & Envy": 0.0,
    "Positive High-Energy Emotions|Awe": -0.014095506265814052,
    "Physical and Exhaustive States|Sourness": -0.015289394921817622,
    "Physical and Exhaustive States|Intoxication/Altered States of Consciousness": -0.016390129998872134,
    "Physical and Exhaustive States|Pain": -0.020670116004905786,
    "Negative High-Energy Emotions|Disgust": -0.04012180318980863,
    "Extra Dimensions|Arousal": -0.06415499108178269,
    "Positive High-Energy Emotions|Astonishment/Surprise": -0.07010259084922053,
    "Positive High-Energy Emotions|Triumph": -0.07243572187613383,
    "Positive High-Energy Emotions|Teasing": -0.08555013191760023,
    "Negative High-Energy Emotions|Fear": -0.11368100872884193,
    "Negative Low-Energy Emotions|Embarrassment": -0.12191052204032084,
    "Negative Low-Energy Emotions|Helplessness": -0.12699727280809112,
    "Positive Low-Energy Emotions|Contemplation": -0.12865028533770717,
    "Negative Low-Energy Emotions|Sadness": -0.14395396364106539,
    "Cognitive States and Processes|Confusion": -0.18197172959318092,
    "Negative Low-Energy Emotions|Contempt": -0.37635452569472594,
    "Positive Low-Energy Emotions|Thankfulness/Gratitude": -0.4653740031555152,
    "Negative High-Energy Emotions|Malevolence/Malice": -0.5408672753093771,
    "Longing & Lust|Longing": -0.6147345831215163,
    "Negative High-Energy Emotions|Distress": -0.6282013640039679,
    "Longing & Lust|Sexual Lust": -0.6426850645205914,
    "Negative Low-Energy Emotions|Shame": -0.6568526970951787,
    "Negative Low-Energy Emotions|Disappointment": -0.7389518883754755,
    "Negative Low-Energy Emotions|Doubt": -0.9326082957906805,
    "Longing & Lust|Infatuation": -1.5301497888788853,
    "Negative Low-Energy Emotions|Bitterness": -1.8316754131124189
  }
}