{
  "key": [
    "stance-detection-part-10",
    "emonet-m1",
    "flux_prompt_10-image_479.png"
  ],
  "value": {
    "Cognitive States and Processes|Concentration": 2.2384734427344886,
    "Negative High-Energy Emotions|Anger": 2.2212769170820494,
    "Negative Low-Energy Emotions|Sadness": 1.6716925059519827,
    "Positive Low-Energy Emotions|Contemplation": 1.6489054187791141,
    "Negative High-Energy Emotions|Distress": 1.323303507245231,
    "Positive High-Energy Emotions|Hope/Enthusiasm/Optimism": 0.8357208713056731,
    "Physical and Exhaustive States|Fatigue/Exhaustion": 0.7898879232219397,
    "Negative Low-Energy Emotions|Helplessness": 0.6644299446158247,
    "Negative High-Energy Emotions|Impatience and Irritability": 0.6263711475340765,
    "Positive High-Energy Emotions|Interest": 0.5622050007566428,
    "Negative Low-Energy Emotions|Emotional Numbness": 0.09705103450751573,
    "Extra Dimensions|Dominance": 0.05095840930160914,
    "Negative Low-Energy Emotions|Jealousy & Envy": 0.0,
    "Positive High-Energy Emotions|Awe": -0.0028781952411482195,
    "Physical and Exhaustive States|Sourness": -0.0034519273705862375,
    "Negative Low-Energy Emotions|Disappointment": -0.006340198658898011,
    "Positive Low-Energy Emotions|Relief": -0.006795049129879518,
    "Physical and Exhaustive States|Pain": -0.020670116004905786,
    "Physical and Exhaustive States|Intoxication/Altered States of Consciousness": -0.022677064017007205,
    "Negative High-Energy Emotions|Disgust": -0.04169554462581327,
    "Positive High-Energy Emotions|Astonishment/Surprise": -0.050794530441581984,
    "Positive High-Energy Emotions|Pleasure/Ecstasy": -0.055858727172624634,
    "Positive High-Energy Emotions|Triumph": -0.07479270187209978,
    "Negative Low-Energy Emotions|Doubt": -0.08294084537757263,
    "Negative Low-Energy Emotions|Embarrassment": -0.118495563324882,
    "Positive High-Energy Emotions|Teasing": -0.12103734788358649,
    "Negative High-Energy Emotions|Fear": -0.12285360476622978,
    "Positive High-Energy Emotions|Elation": -0.15317526874958487,
    "Positive Low-Energy Emotions|Affection": -0.17628710241067203,
    "Cognitive States and Processes|Confusion": -0.18854456474056175,
    "Longing & Lust|Longing": -0.1965890159427901,
    "Extra Dimensions|Valence": -0.21540212681629584,
    "Negative Low-Energy Emotions|Contempt": -0.3730410140846948,
    "Positive Low-Energy Emotions|Pride": -0.42646418981963685,
    "Extra Dimensions|Arousal": -0.47670162575585495,
    "Positive Low-Energy Emotions|Thankfulness/Gratitude": -0.48140102437733173,
    "Negative High-Energy Emotions|Malevolence/Malice": -0.5259913864849142,
    "Positive High-Energy Emotions|Amusement": -0.5268092977886016,
    "Negative Low-Energy Emotions|Shame": -0.6562447474135986,
    "Extra Dimensions|Emotional Vulnerability": -0.6747648408124736,
    "Longing & Lust|Sexual Lust": -0.6763020841739117,
    "Positive Low-Energy Emotions|Contentment": -0.70711680180342,
    "Negative Low-Energy Emotions|Bitterness": -1.0239217915118506,
    "Longing & Lust|Infatuation": -1.6236168530807171
  }
}