{
  "key": [
    "stance-detection-part-10",
    "emonet-m1",
    "flux_prompt_10-image_476.png"
  ],
  "value": {
    "Cognitive States and Processes|Concentration": 1.5293166911017981,
    "Physical and Exhaustive States|Fatigue/Exhaustion": 1.0614558639339147,
    "Positive High-Energy Emotions|Hope/Enthusiasm/Optimism": 0.8269320472242522,
    "Positive Low-Energy Emotions|Affection": 0.5724007013345978,
    "Positive Low-Energy Emotions|Contentment": 0.463624815876176,
    "Negative Low-Energy Emotions|Emotional Numbness": 0.43989122920966417,
    "Positive Low-Energy Emotions|Contemplation": 0.4313873275773319,
    "Longing & Lust|Longing": 0.35715500213506024,
    "Positive High-Energy Emotions|Interest": 0.2703017433866477,
    "Negative Low-Energy Emotions|Sadness": 0.25934566604719755,
    "Longing & Lust|Infatuation": 0.2190659555569019,
    "Negative High-Energy Emotions|Impatience and Irritability": 0.21670061578435118,
    "Negative Low-Energy Emotions|Doubt": 0.20603403579460755,
    "Negative High-Energy Emotions|Anger": 0.08150280318854058,
    "Negative Low-Energy Emotions|Jealousy & Envy": 0.0,
    "Positive Low-Energy Emotions|Relief": -0.0003911484469533398,
    "Physical and Exhaustive States|Sourness": -0.0006349150009535166,
    "Physical and Exhaustive States|Intoxication/Altered States of Consciousness": -0.0159728974854444,
    "Physical and Exhaustive States|Pain": -0.020670116004905786,
    "Positive High-Energy Emotions|Awe": -0.028684383824522243,
    "Negative High-Energy Emotions|Disgust": -0.044422688092285896,
    "Positive High-Energy Emotions|Pleasure/Ecstasy": -0.05585866253574567,
    "Positive High-Energy Emotions|Astonishment/Surprise": -0.06904468291026332,
    "Positive High-Energy Emotions|Triumph": -0.0746254121233119,
    "Extra Dimensions|Valence": -0.08523921905198022,
    "Positive High-Energy Emotions|Teasing": -0.12075389799535712,
    "Negative Low-Energy Emotions|Embarrassment": -0.12123770108480593,
    "Negative High-Energy Emotions|Fear": -0.1325525768722097,
    "Positive High-Energy Emotions|Elation": -0.15317293278929567,
    "Negative Low-Energy Emotions|Helplessness": -0.153625849027173,
    "Extra Dimensions|Emotional Vulnerability": -0.16731688281991985,
    "Cognitive States and Processes|Confusion": -0.1908088110851281,
    "Longing & Lust|Sexual Lust": -0.20290155097460139,
    "Negative High-Energy Emotions|Distress": -0.2174901500576254,
    "Extra Dimensions|Dominance": -0.2550887546021041,
    "Negative Low-Energy Emotions|Contempt": -0.3794000846241693,
    "Negative Low-Energy Emotions|Disappointment": -0.3869213689794089,
    "Negative High-Energy Emotions|Malevolence/Malice": -0.4091372850654653,
    "Positive Low-Energy Emotions|Thankfulness/Gratitude": -0.48180002625136137,
    "Extra Dimensions|Arousal": -0.4925006713185991,
    "Positive High-Energy Emotions|Amusement": -0.5221635925655181,
    "Negative Low-Energy Emotions|Shame": -0.6563890726103416,
    "Positive Low-Energy Emotions|Pride": -0.6592172878306537,
    "Negative Low-Energy Emotions|Bitterness": -1.2953424491465857
  }
}