{
  "key": [
    "stance-detection-part-10",
    "emonet-m1",
    "flux_prompt_10-image_453.png"
  ],
  "value": {
    "Cognitive States and Processes|Concentration": 1.9960222517860022,
    "Negative High-Energy Emotions|Anger": 1.7419389864027282,
    "Positive Low-Energy Emotions|Contemplation": 1.3341814502732547,
    "Positive High-Energy Emotions|Hope/Enthusiasm/Optimism": 1.2217741950514007,
    "Positive High-Energy Emotions|Interest": 1.123679324029348,
    "Positive Low-Energy Emotions|Affection": 1.0485001924539825,
    "Physical and Exhaustive States|Fatigue/Exhaustion": 0.6735637368968664,
    "Positive Low-Energy Emotions|Pride": 0.5625265342671246,
    "Negative High-Energy Emotions|Impatience and Irritability": 0.542784693142597,
    "Positive Low-Energy Emotions|Contentment": 0.5354226636239787,
    "Extra Dimensions|Dominance": 0.4454265081804696,
    "Extra Dimensions|Valence": 0.25944758901259973,
    "Negative High-Energy Emotions|Distress": 0.2170091733104471,
    "Negative Low-Energy Emotions|Jealousy & Envy": 0.0,
    "Positive Low-Energy Emotions|Relief": -0.0013220761407971814,
    "Positive High-Energy Emotions|Pleasure/Ecstasy": -0.006738369611928641,
    "Physical and Exhaustive States|Sourness": -0.0070189598865888925,
    "Physical and Exhaustive States|Intoxication/Altered States of Consciousness": -0.00873593993539557,
    "Physical and Exhaustive States|Pain": -0.020670116004905786,
    "Positive High-Energy Emotions|Awe": -0.02387843151396011,
    "Negative Low-Energy Emotions|Emotional Numbness": -0.033331860962149795,
    "Negative High-Energy Emotions|Disgust": -0.04395697465091398,
    "Positive High-Energy Emotions|Astonishment/Surprise": -0.052779767443954725,
    "Negative Low-Energy Emotions|Helplessness": -0.07180387093497939,
    "Positive High-Energy Emotions|Triumph": -0.07488636405210629,
    "Negative Low-Energy Emotions|Sadness": -0.08631972921265962,
    "Negative Low-Energy Emotions|Embarrassment": -0.12060968419571062,
    "Positive High-Energy Emotions|Teasing": -0.12838619080245933,
    "Negative High-Energy Emotions|Fear": -0.13668662092338005,
    "Positive High-Energy Emotions|Elation": -0.1531730264486053,
    "Negative Low-Energy Emotions|Doubt": -0.16048499811423644,
    "Cognitive States and Processes|Confusion": -0.18063812782039573,
    "Extra Dimensions|Arousal": -0.2579780902181352,
    "Extra Dimensions|Emotional Vulnerability": -0.27385112544992474,
    "Longing & Lust|Longing": -0.27567859790919025,
    "Negative Low-Energy Emotions|Contempt": -0.37638505817401213,
    "Positive Low-Energy Emotions|Thankfulness/Gratitude": -0.4804956205099678,
    "Positive High-Energy Emotions|Amusement": -0.5190213139240558,
    "Negative High-Energy Emotions|Malevolence/Malice": -0.5330397996423772,
    "Longing & Lust|Sexual Lust": -0.5411999611518322,
    "Negative Low-Energy Emotions|Shame": -0.6566983825325003,
    "Negative Low-Energy Emotions|Disappointment": -0.7351076681842352,
    "Longing & Lust|Infatuation": -1.0124703732356701,
    "Negative Low-Energy Emotions|Bitterness": -1.8267462663830092
  }
}