{
  "key": [
    "stance-detection-part-7",
    "emonet-m1",
    "flux_dev_one_0-206_s1129727047.png"
  ],
  "value": {
    "Negative High-Energy Emotions|Anger": 4.931894697767475,
    "Negative High-Energy Emotions|Distress": 3.410759733594108,
    "Negative High-Energy Emotions|Fear": 3.1478248334800205,
    "Negative High-Energy Emotions|Disgust": 3.132818182800716,
    "Negative Low-Energy Emotions|Contempt": 2.8698877218271512,
    "Cognitive States and Processes|Confusion": 2.542753375275231,
    "Negative High-Energy Emotions|Impatience and Irritability": 2.5077692293135563,
    "Cognitive States and Processes|Concentration": 2.3863172804725257,
    "Extra Dimensions|Arousal": 2.107766500541142,
    "Positive High-Energy Emotions|Astonishment/Surprise": 2.095392909119308,
    "Extra Dimensions|Dominance": 1.6748019897859994,
    "Negative Low-Energy Emotions|Bitterness": 1.6007562838017175,
    "Negative Low-Energy Emotions|Doubt": 0.8242143107579865,
    "Negative High-Energy Emotions|Malevolence/Malice": 0.7108722266437479,
    "Physical and Exhaustive States|Fatigue/Exhaustion": 0.5038746776393591,
    "Positive High-Energy Emotions|Interest": 0.17196433150615453,
    "Negative Low-Energy Emotions|Helplessness": 0.1580286441855269,
    "Negative Low-Energy Emotions|Jealousy & Envy": 0.0,
    "Physical and Exhaustive States|Sourness": -0.001685767240085444,
    "Physical and Exhaustive States|Intoxication/Altered States of Consciousness": -0.006543159559914918,
    "Positive Low-Energy Emotions|Relief": -0.011422135352051301,
    "Physical and Exhaustive States|Pain": -0.020670116004905786,
    "Positive High-Energy Emotions|Awe": -0.033055728867704616,
    "Positive High-Energy Emotions|Pleasure/Ecstasy": -0.05586023032134835,
    "Positive High-Energy Emotions|Triumph": -0.07171959255825415,
    "Negative Low-Energy Emotions|Embarrassment": -0.11947204759378573,
    "Positive High-Energy Emotions|Teasing": -0.1239607098406597,
    "Positive High-Energy Emotions|Elation": -0.15317386714639936,
    "Negative Low-Energy Emotions|Emotional Numbness": -0.23101132101082533,
    "Positive Low-Energy Emotions|Thankfulness/Gratitude": -0.48294426779298544,
    "Positive High-Energy Emotions|Amusement": -0.5314637686197574,
    "Negative Low-Energy Emotions|Shame": -0.6557561886294714,
    "Longing & Lust|Sexual Lust": -0.7334048537871777,
    "Negative Low-Energy Emotions|Disappointment": -0.74047045826216,
    "Positive Low-Energy Emotions|Contemplation": -0.801807858083984,
    "Longing & Lust|Longing": -0.8799569984495421,
    "Extra Dimensions|Emotional Vulnerability": -0.9201711108396342,
    "Negative Low-Energy Emotions|Sadness": -0.9708421933390081,
    "Positive High-Energy Emotions|Hope/Enthusiasm/Optimism": -1.0527102754352402,
    "Positive Low-Energy Emotions|Affection": -1.0584958595131615,
    "Positive Low-Energy Emotions|Pride": -1.1183883892815738,
    "Positive Low-Energy Emotions|Contentment": -1.6179632065346936,
    "Longing & Lust|Infatuation": -1.638383203469244,
    "Extra Dimensions|Valence": -2.196378842500233
  }
}