{
  "key": [
    "stance-detection-part-7",
    "emonet-m1",
    "flux_dev_one_0-22_s2584132994.png"
  ],
  "value": {
    "Negative High-Energy Emotions|Distress": 2.356739567197013,
    "Negative Low-Energy Emotions|Sadness": 1.5767384921275198,
    "Cognitive States and Processes|Concentration": 1.479089049042472,
    "Physical and Exhaustive States|Fatigue/Exhaustion": 1.3263170900157628,
    "Positive Low-Energy Emotions|Contemplation": 1.1633693202988895,
    "Negative High-Energy Emotions|Fear": 0.9889057374869784,
    "Cognitive States and Processes|Confusion": 0.9511331684423454,
    "Negative Low-Energy Emotions|Helplessness": 0.8643318830542402,
    "Negative Low-Energy Emotions|Disappointment": 0.7272080849180673,
    "Negative High-Energy Emotions|Impatience and Irritability": 0.5184348844496649,
    "Positive High-Energy Emotions|Astonishment/Surprise": 0.5084432030417325,
    "Extra Dimensions|Emotional Vulnerability": 0.30654576519033405,
    "Negative Low-Energy Emotions|Emotional Numbness": 0.2926557164762047,
    "Negative Low-Energy Emotions|Doubt": 0.2513469172643341,
    "Positive High-Energy Emotions|Interest": 0.16313640677776098,
    "Negative High-Energy Emotions|Malevolence/Malice": 0.08299940197486366,
    "Negative High-Energy Emotions|Anger": 0.070542105060794,
    "Positive Low-Energy Emotions|Affection": 0.027883780291201754,
    "Negative Low-Energy Emotions|Jealousy & Envy": 0.0,
    "Physical and Exhaustive States|Sourness": -0.0006723541684530588,
    "Positive Low-Energy Emotions|Relief": -0.0018470962037206128,
    "Physical and Exhaustive States|Intoxication/Altered States of Consciousness": -0.002160877064416261,
    "Positive High-Energy Emotions|Awe": -0.02001126725977157,
    "Physical and Exhaustive States|Pain": -0.020670116004905786,
    "Negative High-Energy Emotions|Disgust": -0.029438225682074333,
    "Positive High-Energy Emotions|Pleasure/Ecstasy": -0.05585866253574567,
    "Positive High-Energy Emotions|Triumph": -0.07530107454400196,
    "Negative Low-Energy Emotions|Embarrassment": -0.11560391103882929,
    "Positive High-Energy Emotions|Teasing": -0.12001532194078406,
    "Positive High-Energy Emotions|Elation": -0.1531742722044167,
    "Extra Dimensions|Arousal": -0.18219221489770066,
    "Negative Low-Energy Emotions|Bitterness": -0.3324365653575232,
    "Negative Low-Energy Emotions|Contempt": -0.3649252605532388,
    "Longing & Lust|Longing": -0.3705101837932845,
    "Positive High-Energy Emotions|Hope/Enthusiasm/Optimism": -0.4088509932992769,
    "Positive Low-Energy Emotions|Thankfulness/Gratitude": -0.4827788723543143,
    "Positive High-Energy Emotions|Amusement": -0.5277249182646091,
    "Negative Low-Energy Emotions|Shame": -0.6559644193186394,
    "Longing & Lust|Sexual Lust": -0.6791904060504376,
    "Positive Low-Energy Emotions|Contentment": -0.8438080144575337,
    "Extra Dimensions|Dominance": -0.9850101625997123,
    "Positive Low-Energy Emotions|Pride": -1.1045445772331386,
    "Extra Dimensions|Valence": -1.187283531335377,
    "Longing & Lust|Infatuation": -1.6131970745548878
  }
}