{
  "key": [
    "stance-detection-part-7",
    "emonet-m1",
    "flux_dev_one_0-193_s2206658616.png"
  ],
  "value": {
    "Negative High-Energy Emotions|Distress": 3.890010641492057,
    "Negative High-Energy Emotions|Anger": 3.100264229398944,
    "Negative High-Energy Emotions|Fear": 2.5080471731101475,
    "Cognitive States and Processes|Concentration": 2.3003273283851233,
    "Negative High-Energy Emotions|Impatience and Irritability": 2.171593787571613,
    "Negative High-Energy Emotions|Disgust": 1.9899956787571365,
    "Cognitive States and Processes|Confusion": 1.7557428247762688,
    "Positive High-Energy Emotions|Astonishment/Surprise": 1.689745631287277,
    "Negative Low-Energy Emotions|Doubt": 1.5950585318730988,
    "Extra Dimensions|Arousal": 1.0406597767557417,
    "Negative Low-Energy Emotions|Sadness": 1.02736367332564,
    "Negative Low-Energy Emotions|Bitterness": 0.9484213552891443,
    "Negative Low-Energy Emotions|Helplessness": 0.9291309534125166,
    "Negative Low-Energy Emotions|Disappointment": 0.6477707098494028,
    "Physical and Exhaustive States|Fatigue/Exhaustion": 0.6058945836833655,
    "Physical and Exhaustive States|Sourness": 0.0012318950228311209,
    "Negative Low-Energy Emotions|Jealousy & Envy": 0.0,
    "Positive Low-Energy Emotions|Relief": -0.010475673197662873,
    "Physical and Exhaustive States|Intoxication/Altered States of Consciousness": -0.015583112910935731,
    "Physical and Exhaustive States|Pain": -0.020670116004905786,
    "Negative Low-Energy Emotions|Emotional Numbness": -0.021149267616507705,
    "Positive High-Energy Emotions|Awe": -0.027450820997411952,
    "Positive High-Energy Emotions|Interest": -0.03469927704487086,
    "Positive High-Energy Emotions|Pleasure/Ecstasy": -0.05586434702769838,
    "Positive High-Energy Emotions|Triumph": -0.07502201397906676,
    "Negative High-Energy Emotions|Malevolence/Malice": -0.08758399517517601,
    "Negative Low-Energy Emotions|Embarrassment": -0.11617841413278719,
    "Positive High-Energy Emotions|Teasing": -0.11981822428167303,
    "Negative Low-Energy Emotions|Shame": -0.13037269290378006,
    "Extra Dimensions|Dominance": -0.15208590836110678,
    "Positive High-Energy Emotions|Elation": -0.1531755973381972,
    "Positive High-Energy Emotions|Hope/Enthusiasm/Optimism": -0.30943133988359695,
    "Extra Dimensions|Emotional Vulnerability": -0.30998250743845013,
    "Negative Low-Energy Emotions|Contempt": -0.3349339653645734,
    "Positive Low-Energy Emotions|Contemplation": -0.42553506049945033,
    "Positive Low-Energy Emotions|Thankfulness/Gratitude": -0.4829486170694089,
    "Positive High-Energy Emotions|Amusement": -0.5324054363255317,
    "Longing & Lust|Sexual Lust": -0.7969792871138989,
    "Longing & Lust|Longing": -0.884739406925418,
    "Positive Low-Energy Emotions|Affection": -1.0574885708187798,
    "Positive Low-Energy Emotions|Pride": -1.1102955313842922,
    "Positive Low-Energy Emotions|Contentment": -1.4981275392225484,
    "Extra Dimensions|Valence": -1.5561912213835947,
    "Longing & Lust|Infatuation": -1.6420325201973591
  }
}