{
  "key": [
    "stance-detection-part-7",
    "emonet-m1",
    "flux_dev_one_0-92_s3133622498.png"
  ],
  "value": {
    "Positive High-Energy Emotions|Amusement": 2.1474763599152746,
    "Positive Low-Energy Emotions|Contentment": 2.1464670705148476,
    "Positive Low-Energy Emotions|Pride": 1.5435215932804913,
    "Positive Low-Energy Emotions|Affection": 1.516265523722293,
    "Positive Low-Energy Emotions|Thankfulness/Gratitude": 1.3726620385512853,
    "Extra Dimensions|Valence": 1.1032607401337393,
    "Positive High-Energy Emotions|Hope/Enthusiasm/Optimism": 0.7243218167783904,
    "Positive High-Energy Emotions|Elation": 0.7147790630580109,
    "Cognitive States and Processes|Concentration": 0.6988430296790686,
    "Extra Dimensions|Dominance": 0.6943060600679818,
    "Positive High-Energy Emotions|Pleasure/Ecstasy": 0.6571900683661006,
    "Positive High-Energy Emotions|Teasing": 0.28531108918726006,
    "Extra Dimensions|Arousal": 0.14559280020850052,
    "Extra Dimensions|Emotional Vulnerability": 0.06511786678335163,
    "Negative High-Energy Emotions|Anger": 0.012439109903552181,
    "Positive Low-Energy Emotions|Relief": 0.007741294385039763,
    "Physical and Exhaustive States|Intoxication/Altered States of Consciousness": 0.004255741759588866,
    "Negative Low-Energy Emotions|Jealousy & Envy": 0.0,
    "Physical and Exhaustive States|Sourness": -0.001936084396400294,
    "Physical and Exhaustive States|Pain": -0.020670116004905786,
    "Positive High-Energy Emotions|Awe": -0.02519281823938583,
    "Positive High-Energy Emotions|Triumph": -0.03451150947253838,
    "Negative High-Energy Emotions|Disgust": -0.042358027900749946,
    "Positive High-Energy Emotions|Astonishment/Surprise": -0.06687380724173762,
    "Positive Low-Energy Emotions|Contemplation": -0.07434675845935024,
    "Negative Low-Energy Emotions|Embarrassment": -0.11988899325986048,
    "Negative High-Energy Emotions|Fear": -0.14011428287873665,
    "Cognitive States and Processes|Confusion": -0.18905708272924354,
    "Negative High-Energy Emotions|Impatience and Irritability": -0.18981796274500673,
    "Negative Low-Energy Emotions|Emotional Numbness": -0.2027206320192787,
    "Longing & Lust|Sexual Lust": -0.20286456629251826,
    "Negative Low-Energy Emotions|Helplessness": -0.20848183645679183,
    "Physical and Exhaustive States|Fatigue/Exhaustion": -0.221214455146438,
    "Positive High-Energy Emotions|Interest": -0.3001449862733865,
    "Negative Low-Energy Emotions|Contempt": -0.3788723003958444,
    "Negative High-Energy Emotions|Malevolence/Malice": -0.5341867196677259,
    "Longing & Lust|Longing": -0.5700932075798293,
    "Negative Low-Energy Emotions|Shame": -0.6562188780664435,
    "Negative High-Energy Emotions|Distress": -0.7078740358584639,
    "Negative Low-Energy Emotions|Disappointment": -0.7424873304297472,
    "Longing & Lust|Infatuation": -0.7486285653934155,
    "Negative Low-Energy Emotions|Doubt": -0.9171716706825577,
    "Negative Low-Energy Emotions|Sadness": -0.9302076506353796,
    "Negative Low-Energy Emotions|Bitterness": -1.82984817871012
  }
}