{
  "key": [
    "stance-detection-part-7",
    "emonet-m1",
    "flux_dev_one_0-216_s3330051520.png"
  ],
  "value": {
    "Positive Low-Energy Emotions|Contemplation": 1.5442215427415165,
    "Cognitive States and Processes|Concentration": 1.4921572482001868,
    "Positive High-Energy Emotions|Hope/Enthusiasm/Optimism": 1.4151895984174896,
    "Positive High-Energy Emotions|Interest": 1.345371170876882,
    "Positive Low-Energy Emotions|Affection": 1.0286046388651153,
    "Positive Low-Energy Emotions|Pride": 1.0274939043003888,
    "Negative Low-Energy Emotions|Doubt": 0.9068509055303253,
    "Positive Low-Energy Emotions|Contentment": 0.7054751920053264,
    "Negative High-Energy Emotions|Distress": 0.6806401476032022,
    "Longing & Lust|Infatuation": 0.6616882595196094,
    "Extra Dimensions|Arousal": 0.6516109619821822,
    "Extra Dimensions|Valence": 0.5251597608055838,
    "Positive High-Energy Emotions|Amusement": 0.39980225236370015,
    "Physical and Exhaustive States|Fatigue/Exhaustion": 0.27893700025593626,
    "Extra Dimensions|Dominance": 0.26144795059379966,
    "Longing & Lust|Longing": 0.23097161151768963,
    "Longing & Lust|Sexual Lust": 0.20826407388234747,
    "Negative High-Energy Emotions|Impatience and Irritability": 0.16548663606328184,
    "Negative Low-Energy Emotions|Emotional Numbness": 0.03153432422614366,
    "Physical and Exhaustive States|Sourness": 0.004140504830322423,
    "Negative Low-Energy Emotions|Jealousy & Envy": 0.0,
    "Positive Low-Energy Emotions|Relief": -0.0024700019945264294,
    "Extra Dimensions|Emotional Vulnerability": -0.0027429749677470028,
    "Physical and Exhaustive States|Intoxication/Altered States of Consciousness": -0.002759762183377595,
    "Positive High-Energy Emotions|Pleasure/Ecstasy": -0.012538199571798025,
    "Physical and Exhaustive States|Pain": -0.020670116004905786,
    "Positive High-Energy Emotions|Awe": -0.022706321075613246,
    "Positive High-Energy Emotions|Astonishment/Surprise": -0.044025171329796095,
    "Negative High-Energy Emotions|Disgust": -0.044646198059613014,
    "Positive High-Energy Emotions|Triumph": -0.07521667343567744,
    "Negative Low-Energy Emotions|Sadness": -0.08731274259461763,
    "Positive High-Energy Emotions|Teasing": -0.11445972946346243,
    "Negative Low-Energy Emotions|Embarrassment": -0.12100051557679316,
    "Negative High-Energy Emotions|Fear": -0.12541080793986717,
    "Negative High-Energy Emotions|Anger": -0.14343660272958075,
    "Positive High-Energy Emotions|Elation": -0.15317181284161263,
    "Negative Low-Energy Emotions|Helplessness": -0.19409269406272597,
    "Cognitive States and Processes|Confusion": -0.19691270668973854,
    "Negative Low-Energy Emotions|Contempt": -0.3760160830711107,
    "Positive Low-Energy Emotions|Thankfulness/Gratitude": -0.40023946668057203,
    "Negative High-Energy Emotions|Malevolence/Malice": -0.529760486197286,
    "Negative Low-Energy Emotions|Shame": -0.6565198768659464,
    "Negative Low-Energy Emotions|Disappointment": -0.7347959377547051,
    "Negative Low-Energy Emotions|Bitterness": -1.8266928885609677
  }
}