{
  "key": [
    "stance-detection-part-7",
    "emonet-m1",
    "flux_dev_one_0-70_s654019840.png"
  ],
  "value": {
    "Positive Low-Energy Emotions|Contentment": 2.535750250751664,
    "Positive High-Energy Emotions|Amusement": 2.491889401983756,
    "Positive Low-Energy Emotions|Affection": 1.793369424631717,
    "Positive High-Energy Emotions|Pleasure/Ecstasy": 1.4749820667524838,
    "Positive Low-Energy Emotions|Pride": 1.433098982043919,
    "Positive High-Energy Emotions|Elation": 1.4091697772265595,
    "Positive Low-Energy Emotions|Thankfulness/Gratitude": 1.3805403420791174,
    "Extra Dimensions|Valence": 1.315331443640209,
    "Positive High-Energy Emotions|Hope/Enthusiasm/Optimism": 0.894517396307199,
    "Extra Dimensions|Dominance": 0.3869126284044686,
    "Extra Dimensions|Emotional Vulnerability": 0.3726821253587911,
    "Cognitive States and Processes|Concentration": 0.2263498579871741,
    "Positive High-Energy Emotions|Teasing": 0.09643514576494257,
    "Extra Dimensions|Arousal": 0.04715000731604446,
    "Positive Low-Energy Emotions|Relief": 0.009910098792159514,
    "Positive Low-Energy Emotions|Contemplation": 0.0038012489335330635,
    "Physical and Exhaustive States|Intoxication/Altered States of Consciousness": 0.0019103287899996328,
    "Negative Low-Energy Emotions|Jealousy & Envy": 0.0,
    "Physical and Exhaustive States|Sourness": -0.0030228484340093943,
    "Physical and Exhaustive States|Pain": -0.020670116004905786,
    "Positive High-Energy Emotions|Awe": -0.023453957036192165,
    "Positive High-Energy Emotions|Triumph": -0.03980342590253487,
    "Negative High-Energy Emotions|Disgust": -0.04170464923530271,
    "Positive High-Energy Emotions|Astonishment/Surprise": -0.06120178454142787,
    "Negative Low-Energy Emotions|Emotional Numbness": -0.07168911880516737,
    "Negative Low-Energy Emotions|Embarrassment": -0.11925456887145182,
    "Negative High-Energy Emotions|Fear": -0.13701097449908653,
    "Cognitive States and Processes|Confusion": -0.1905666001605027,
    "Physical and Exhaustive States|Fatigue/Exhaustion": -0.19290016271556032,
    "Negative Low-Energy Emotions|Helplessness": -0.20596261634303756,
    "Negative High-Energy Emotions|Anger": -0.254102967160962,
    "Negative High-Energy Emotions|Impatience and Irritability": -0.3268961585553247,
    "Longing & Lust|Sexual Lust": -0.3494011549613415,
    "Negative Low-Energy Emotions|Contempt": -0.37938198716389937,
    "Positive High-Energy Emotions|Interest": -0.3950342694536233,
    "Negative High-Energy Emotions|Malevolence/Malice": -0.5355214390276006,
    "Negative Low-Energy Emotions|Shame": -0.6561056832580796,
    "Negative High-Energy Emotions|Distress": -0.7026099398964163,
    "Longing & Lust|Infatuation": -0.7325881806239758,
    "Negative Low-Energy Emotions|Disappointment": -0.7408606824209238,
    "Negative Low-Energy Emotions|Sadness": -0.8235085899866998,
    "Longing & Lust|Longing": -0.8338738014518996,
    "Negative Low-Energy Emotions|Doubt": -0.9008723037315689,
    "Negative Low-Energy Emotions|Bitterness": -1.8304570578516295
  }
}