{
  "key": [
    "stance-detection-part-7",
    "emonet-m1",
    "flux_dev_one_0-168_s3983361507.png"
  ],
  "value": {
    "Positive High-Energy Emotions|Interest": 0.6945831021055198,
    "Positive Low-Energy Emotions|Affection": 0.6093472364450714,
    "Negative High-Energy Emotions|Distress": 0.6077692970401529,
    "Cognitive States and Processes|Concentration": 0.5718145644080725,
    "Negative Low-Energy Emotions|Sadness": 0.5439958726130545,
    "Physical and Exhaustive States|Fatigue/Exhaustion": 0.4917471589854895,
    "Negative Low-Energy Emotions|Doubt": 0.44044050704704896,
    "Negative High-Energy Emotions|Impatience and Irritability": 0.34645122518223936,
    "Negative High-Energy Emotions|Fear": 0.33186770447840297,
    "Positive High-Energy Emotions|Hope/Enthusiasm/Optimism": 0.3225154622556853,
    "Longing & Lust|Infatuation": 0.28296988335994144,
    "Negative Low-Energy Emotions|Emotional Numbness": 0.28201807552314073,
    "Positive Low-Energy Emotions|Contentment": 0.24837956898896896,
    "Negative Low-Energy Emotions|Helplessness": 0.18270562277363114,
    "Positive Low-Energy Emotions|Contemplation": 0.06016244735882603,
    "Positive Low-Energy Emotions|Relief": 0.0034687887440561817,
    "Negative Low-Energy Emotions|Jealousy & Envy": 0.0,
    "Physical and Exhaustive States|Sourness": -0.007507822281875453,
    "Physical and Exhaustive States|Intoxication/Altered States of Consciousness": -0.0139829517161344,
    "Positive High-Energy Emotions|Awe": -0.01689862330263351,
    "Positive High-Energy Emotions|Astonishment/Surprise": -0.02060686402541377,
    "Physical and Exhaustive States|Pain": -0.020670116004905786,
    "Negative High-Energy Emotions|Anger": -0.03464700974824225,
    "Negative High-Energy Emotions|Disgust": -0.03557875206618955,
    "Positive High-Energy Emotions|Pleasure/Ecstasy": -0.05585866253574567,
    "Positive High-Energy Emotions|Triumph": -0.07555436448197499,
    "Extra Dimensions|Valence": -0.09388374773898049,
    "Extra Dimensions|Dominance": -0.1159130787927207,
    "Negative Low-Energy Emotions|Embarrassment": -0.119687920716001,
    "Positive High-Energy Emotions|Teasing": -0.11971396830738028,
    "Positive High-Energy Emotions|Elation": -0.15317206218595159,
    "Negative High-Energy Emotions|Malevolence/Malice": -0.15656883151512657,
    "Longing & Lust|Sexual Lust": -0.18433342262720454,
    "Cognitive States and Processes|Confusion": -0.18648435254564216,
    "Negative Low-Energy Emotions|Disappointment": -0.3398067583074118,
    "Negative Low-Energy Emotions|Contempt": -0.3642435175274591,
    "Extra Dimensions|Emotional Vulnerability": -0.40967485210397747,
    "Longing & Lust|Longing": -0.41321458719370563,
    "Positive Low-Energy Emotions|Thankfulness/Gratitude": -0.4805035022929168,
    "Positive High-Energy Emotions|Amusement": -0.5101623389010246,
    "Positive Low-Energy Emotions|Pride": -0.5834312933009296,
    "Extra Dimensions|Arousal": -0.5929027880941118,
    "Negative Low-Energy Emotions|Bitterness": -0.6412103213847449,
    "Negative Low-Energy Emotions|Shame": -0.6561129326730004
  }
}