{
  "key": [
    "stance-detection-part-7",
    "emonet-m1",
    "flux_dev_one_0-213_s3128995798.png"
  ],
  "value": {
    "Negative High-Energy Emotions|Distress": 3.0619073375827552,
    "Negative High-Energy Emotions|Anger": 2.3568433900892516,
    "Negative Low-Energy Emotions|Sadness": 1.9357940112315237,
    "Negative Low-Energy Emotions|Bitterness": 1.5278090200840662,
    "Negative Low-Energy Emotions|Shame": 1.5062862140328654,
    "Positive Low-Energy Emotions|Contemplation": 1.5020300373093876,
    "Negative Low-Energy Emotions|Disappointment": 1.462228841639564,
    "Physical and Exhaustive States|Pain": 1.4319654064039489,
    "Negative High-Energy Emotions|Impatience and Irritability": 1.2834315322844427,
    "Cognitive States and Processes|Concentration": 1.1773371970069495,
    "Negative High-Energy Emotions|Fear": 1.054928848830362,
    "Negative Low-Energy Emotions|Contempt": 1.0412345054651517,
    "Negative Low-Energy Emotions|Doubt": 0.9608484221624054,
    "Negative Low-Energy Emotions|Helplessness": 0.91748825893925,
    "Physical and Exhaustive States|Fatigue/Exhaustion": 0.7698072376064001,
    "Extra Dimensions|Dominance": 0.5808393204134408,
    "Cognitive States and Processes|Confusion": 0.45449248622188637,
    "Extra Dimensions|Arousal": 0.29855119330542434,
    "Negative High-Energy Emotions|Malevolence/Malice": 0.17232673733252968,
    "Positive High-Energy Emotions|Interest": 0.16109840476360082,
    "Negative High-Energy Emotions|Disgust": 0.06513099918217014,
    "Longing & Lust|Longing": 0.031005180853627134,
    "Negative Low-Energy Emotions|Emotional Numbness": 0.0026971202466514743,
    "Physical and Exhaustive States|Sourness": 0.0021774780087091116,
    "Physical and Exhaustive States|Intoxication/Altered States of Consciousness": 0.0010581462824846791,
    "Negative Low-Energy Emotions|Jealousy & Envy": 0.0,
    "Positive Low-Energy Emotions|Relief": -0.003291786133205934,
    "Positive High-Energy Emotions|Awe": -0.014717838361913906,
    "Positive High-Energy Emotions|Astonishment/Surprise": -0.05334595196467616,
    "Positive High-Energy Emotions|Pleasure/Ecstasy": -0.05586005920856041,
    "Positive High-Energy Emotions|Triumph": -0.07636704028587475,
    "Extra Dimensions|Emotional Vulnerability": -0.10116287967660931,
    "Negative Low-Energy Emotions|Embarrassment": -0.11815058654208323,
    "Positive High-Energy Emotions|Teasing": -0.12039242562711676,
    "Positive High-Energy Emotions|Elation": -0.15317513777598135,
    "Positive Low-Energy Emotions|Thankfulness/Gratitude": -0.48198406118004083,
    "Positive High-Energy Emotions|Amusement": -0.5284663143639381,
    "Positive High-Energy Emotions|Hope/Enthusiasm/Optimism": -0.5714761272905183,
    "Longing & Lust|Sexual Lust": -0.6475809453389584,
    "Positive Low-Energy Emotions|Affection": -0.7013532397245148,
    "Positive Low-Energy Emotions|Pride": -1.059292306236568,
    "Extra Dimensions|Valence": -1.5759964143309824,
    "Longing & Lust|Infatuation": -1.6336273712143574,
    "Positive Low-Energy Emotions|Contentment": -1.6904647094658116
  }
}