{
  "key": [
    "stance-detection-part-7",
    "emonet-m1",
    "flux_dev_one_0-156_s1620315799.png"
  ],
  "value": {
    "Positive Low-Energy Emotions|Contemplation": 1.6225811466233524,
    "Cognitive States and Processes|Concentration": 1.5452904974830237,
    "Negative High-Energy Emotions|Distress": 1.0991617902881388,
    "Negative Low-Energy Emotions|Sadness": 0.7889739428721487,
    "Positive High-Energy Emotions|Interest": 0.7715145786985373,
    "Positive Low-Energy Emotions|Affection": 0.6976884725595733,
    "Physical and Exhaustive States|Fatigue/Exhaustion": 0.617530125599259,
    "Positive High-Energy Emotions|Hope/Enthusiasm/Optimism": 0.5208075984480071,
    "Positive Low-Energy Emotions|Contentment": 0.24595771306245529,
    "Negative High-Energy Emotions|Impatience and Irritability": 0.230421366593067,
    "Negative Low-Energy Emotions|Emotional Numbness": 0.1316670280072716,
    "Negative Low-Energy Emotions|Helplessness": 0.11192594156788163,
    "Physical and Exhaustive States|Intoxication/Altered States of Consciousness": 0.025954708381941465,
    "Negative Low-Energy Emotions|Doubt": 0.017902643792501838,
    "Negative Low-Energy Emotions|Jealousy & Envy": 0.0,
    "Positive Low-Energy Emotions|Relief": -0.0012323413480878308,
    "Physical and Exhaustive States|Sourness": -0.001361041135349116,
    "Physical and Exhaustive States|Pain": -0.020670116004905786,
    "Positive High-Energy Emotions|Awe": -0.025628408983404384,
    "Negative High-Energy Emotions|Disgust": -0.04098465492873838,
    "Negative High-Energy Emotions|Anger": -0.04254721798302924,
    "Positive High-Energy Emotions|Pleasure/Ecstasy": -0.05585866253574567,
    "Positive High-Energy Emotions|Astonishment/Surprise": -0.060500670006096144,
    "Positive High-Energy Emotions|Triumph": -0.0749408790190114,
    "Extra Dimensions|Valence": -0.11325742913522645,
    "Positive High-Energy Emotions|Teasing": -0.11709003028333624,
    "Negative Low-Energy Emotions|Embarrassment": -0.11947421198744913,
    "Negative High-Energy Emotions|Fear": -0.12211566946158806,
    "Positive High-Energy Emotions|Elation": -0.15317292771476998,
    "Cognitive States and Processes|Confusion": -0.15984275271167686,
    "Extra Dimensions|Arousal": -0.16963828461510788,
    "Longing & Lust|Sexual Lust": -0.17010656877970087,
    "Extra Dimensions|Emotional Vulnerability": -0.19047376415231732,
    "Extra Dimensions|Dominance": -0.1924896544295844,
    "Negative Low-Energy Emotions|Disappointment": -0.19465004696746124,
    "Negative Low-Energy Emotions|Contempt": -0.380835081348298,
    "Negative High-Energy Emotions|Malevolence/Malice": -0.4295771408198408,
    "Longing & Lust|Longing": -0.4356852700531264,
    "Positive Low-Energy Emotions|Pride": -0.46901052170211366,
    "Positive Low-Energy Emotions|Thankfulness/Gratitude": -0.48054938669352293,
    "Positive High-Energy Emotions|Amusement": -0.520111847955447,
    "Negative Low-Energy Emotions|Shame": -0.5844579609840146,
    "Longing & Lust|Infatuation": -0.8463776794299755,
    "Negative Low-Energy Emotions|Bitterness": -1.6239264198125174
  }
}