{
  "key": [
    "stance-detection-part-7",
    "emonet-m1",
    "flux_dev_one_0-176_s3849385868.png"
  ],
  "value": {
    "Positive High-Energy Emotions|Astonishment/Surprise": 5.213697876999557,
    "Positive High-Energy Emotions|Awe": 4.2086728898733305,
    "Positive High-Energy Emotions|Interest": 2.3174068173154807,
    "Cognitive States and Processes|Confusion": 1.6843127376867302,
    "Extra Dimensions|Arousal": 1.6089075718607222,
    "Extra Dimensions|Valence": 1.4208007896866568,
    "Positive High-Energy Emotions|Hope/Enthusiasm/Optimism": 1.2296946986677337,
    "Longing & Lust|Infatuation": 0.7040447506084766,
    "Extra Dimensions|Emotional Vulnerability": 0.687344105034084,
    "Negative High-Energy Emotions|Fear": 0.4259840346251925,
    "Longing & Lust|Sexual Lust": 0.33204921201253546,
    "Negative Low-Energy Emotions|Doubt": 0.28604480754601136,
    "Cognitive States and Processes|Concentration": 0.17582919949413212,
    "Negative High-Energy Emotions|Distress": 0.15352033225362338,
    "Physical and Exhaustive States|Intoxication/Altered States of Consciousness": 0.054689310416033414,
    "Positive High-Energy Emotions|Pleasure/Ecstasy": 0.053264646532108606,
    "Positive Low-Energy Emotions|Thankfulness/Gratitude": 0.04509511684031725,
    "Negative Low-Energy Emotions|Jealousy & Envy": 0.0,
    "Positive Low-Energy Emotions|Relief": -0.00412589353219275,
    "Physical and Exhaustive States|Sourness": -0.004507108397044978,
    "Physical and Exhaustive States|Pain": -0.020670116004905786,
    "Negative High-Energy Emotions|Disgust": -0.06110932877212217,
    "Positive High-Energy Emotions|Triumph": -0.07556098059754505,
    "Positive High-Energy Emotions|Teasing": -0.11586324003398855,
    "Negative Low-Energy Emotions|Embarrassment": -0.12270294716615816,
    "Positive High-Energy Emotions|Elation": -0.15317151601573853,
    "Negative Low-Energy Emotions|Helplessness": -0.23250855817271895,
    "Negative Low-Energy Emotions|Contempt": -0.3806636136864404,
    "Positive Low-Energy Emotions|Contemplation": -0.38475141677691616,
    "Negative High-Energy Emotions|Impatience and Irritability": -0.4993944592269022,
    "Positive High-Energy Emotions|Amusement": -0.5210244360451515,
    "Negative High-Energy Emotions|Malevolence/Malice": -0.5433386328933767,
    "Negative High-Energy Emotions|Anger": -0.592564276832364,
    "Negative Low-Energy Emotions|Shame": -0.6564357504977814,
    "Physical and Exhaustive States|Fatigue/Exhaustion": -0.7232630369850458,
    "Longing & Lust|Longing": -0.728787281137683,
    "Negative Low-Energy Emotions|Disappointment": -0.7448581647803332,
    "Negative Low-Energy Emotions|Emotional Numbness": -0.8837143529083702,
    "Negative Low-Energy Emotions|Sadness": -0.9828402050696194,
    "Positive Low-Energy Emotions|Affection": -1.0537372481917122,
    "Positive Low-Energy Emotions|Pride": -1.0968817444961696,
    "Extra Dimensions|Dominance": -1.2448956525403556,
    "Positive Low-Energy Emotions|Contentment": -1.3124066186598042,
    "Negative Low-Energy Emotions|Bitterness": -1.829155042815285
  }
}