{
  "key": [
    "stance-detection-part-7",
    "emonet-m1",
    "flux_dev_one_0-21_s2675891299.png"
  ],
  "value": {
    "Negative High-Energy Emotions|Anger": 4.016759314161518,
    "Negative Low-Energy Emotions|Contempt": 2.7769695642496366,
    "Cognitive States and Processes|Concentration": 2.474630860031852,
    "Negative High-Energy Emotions|Distress": 2.386176870740104,
    "Negative Low-Energy Emotions|Bitterness": 2.116461630862875,
    "Negative High-Energy Emotions|Impatience and Irritability": 2.0216597341505924,
    "Extra Dimensions|Dominance": 1.469010635606617,
    "Extra Dimensions|Arousal": 1.0920547161783491,
    "Negative High-Energy Emotions|Fear": 0.8976551986609896,
    "Negative Low-Energy Emotions|Doubt": 0.8668046904729523,
    "Physical and Exhaustive States|Fatigue/Exhaustion": 0.8028534831813513,
    "Negative High-Energy Emotions|Malevolence/Malice": 0.648178749966807,
    "Positive High-Energy Emotions|Interest": 0.41832177245464086,
    "Positive Low-Energy Emotions|Contemplation": 0.41358413543866,
    "Negative Low-Energy Emotions|Helplessness": 0.4092774210982161,
    "Negative Low-Energy Emotions|Disappointment": 0.3672757814894174,
    "Negative High-Energy Emotions|Disgust": 0.14618827948421786,
    "Negative Low-Energy Emotions|Emotional Numbness": 0.10976697021460802,
    "Physical and Exhaustive States|Intoxication/Altered States of Consciousness": 0.0006073116505648183,
    "Negative Low-Energy Emotions|Jealousy & Envy": 0.0,
    "Positive High-Energy Emotions|Awe": -0.004449343875105129,
    "Physical and Exhaustive States|Sourness": -0.00494551546052917,
    "Positive Low-Energy Emotions|Relief": -0.008594528256809755,
    "Physical and Exhaustive States|Pain": -0.020670116004905786,
    "Cognitive States and Processes|Confusion": -0.045663230912589337,
    "Positive High-Energy Emotions|Pleasure/Ecstasy": -0.05586056966632713,
    "Positive High-Energy Emotions|Astonishment/Surprise": -0.07066546731215693,
    "Positive High-Energy Emotions|Triumph": -0.07699971285652056,
    "Negative Low-Energy Emotions|Sadness": -0.1076549733914316,
    "Negative Low-Energy Emotions|Embarrassment": -0.11928624128956934,
    "Positive High-Energy Emotions|Teasing": -0.12009498354852637,
    "Positive High-Energy Emotions|Elation": -0.15317353174294324,
    "Longing & Lust|Sexual Lust": -0.30332357570146906,
    "Positive Low-Energy Emotions|Thankfulness/Gratitude": -0.481746019786582,
    "Positive High-Energy Emotions|Amusement": -0.5262111316506679,
    "Negative Low-Energy Emotions|Shame": -0.6137412349491349,
    "Longing & Lust|Longing": -0.8742069756209632,
    "Positive High-Energy Emotions|Hope/Enthusiasm/Optimism": -0.9297979281184984,
    "Positive Low-Energy Emotions|Pride": -1.037626599006,
    "Positive Low-Energy Emotions|Affection": -1.0478821945284584,
    "Extra Dimensions|Emotional Vulnerability": -1.119567721099644,
    "Extra Dimensions|Valence": -1.624871865418934,
    "Longing & Lust|Infatuation": -1.626378261767355,
    "Positive Low-Energy Emotions|Contentment": -1.6355950092426041
  }
}