{
  "key": [
    "stance-detection-part-7",
    "emonet-m1",
    "flux_dev_one_0-35_s1682863837.png"
  ],
  "value": {
    "Cognitive States and Processes|Concentration": 1.78090575093151,
    "Negative High-Energy Emotions|Distress": 1.4952223762637857,
    "Negative Low-Energy Emotions|Doubt": 1.3119703246282257,
    "Negative High-Energy Emotions|Impatience and Irritability": 1.019226434132282,
    "Negative High-Energy Emotions|Anger": 0.9153985162794371,
    "Positive High-Energy Emotions|Interest": 0.8884276589139914,
    "Extra Dimensions|Arousal": 0.4627612744058882,
    "Positive High-Energy Emotions|Hope/Enthusiasm/Optimism": 0.230004285192697,
    "Positive Low-Energy Emotions|Pride": 0.18757433719223449,
    "Positive Low-Energy Emotions|Contemplation": 0.13326647129223668,
    "Negative Low-Energy Emotions|Emotional Numbness": 0.12548531108832628,
    "Extra Dimensions|Dominance": 0.11596839069542322,
    "Negative Low-Energy Emotions|Helplessness": 0.030210566382868814,
    "Physical and Exhaustive States|Intoxication/Altered States of Consciousness": 0.0005415453756357717,
    "Negative Low-Energy Emotions|Jealousy & Envy": 0.0,
    "Physical and Exhaustive States|Sourness": -0.00014224535898192843,
    "Positive Low-Energy Emotions|Relief": -0.007213749407684846,
    "Physical and Exhaustive States|Pain": -0.020670116004905786,
    "Negative High-Energy Emotions|Fear": -0.02383094063649574,
    "Positive High-Energy Emotions|Awe": -0.03159669657057022,
    "Negative High-Energy Emotions|Disgust": -0.0412955900087898,
    "Positive High-Energy Emotions|Astonishment/Surprise": -0.055179465343773146,
    "Positive High-Energy Emotions|Pleasure/Ecstasy": -0.05585887213516616,
    "Positive High-Energy Emotions|Triumph": -0.07423993864100113,
    "Longing & Lust|Sexual Lust": -0.0857629565856396,
    "Positive High-Energy Emotions|Teasing": -0.1159958529180332,
    "Negative Low-Energy Emotions|Embarrassment": -0.12069297051091334,
    "Physical and Exhaustive States|Fatigue/Exhaustion": -0.15277741529429567,
    "Positive High-Energy Emotions|Elation": -0.15317401961772914,
    "Cognitive States and Processes|Confusion": -0.18151098568906715,
    "Negative Low-Energy Emotions|Sadness": -0.24522946727647188,
    "Extra Dimensions|Emotional Vulnerability": -0.24553820392587689,
    "Negative Low-Energy Emotions|Bitterness": -0.29745412250168823,
    "Extra Dimensions|Valence": -0.3208417152438395,
    "Negative Low-Energy Emotions|Contempt": -0.38116032899367613,
    "Positive Low-Energy Emotions|Thankfulness/Gratitude": -0.48060791193543434,
    "Positive High-Energy Emotions|Amusement": -0.5284769090895469,
    "Negative High-Energy Emotions|Malevolence/Malice": -0.5331430870411924,
    "Longing & Lust|Infatuation": -0.6039272037372265,
    "Negative Low-Energy Emotions|Shame": -0.6497854777409664,
    "Negative Low-Energy Emotions|Disappointment": -0.734136918999746,
    "Longing & Lust|Longing": -0.851419091743209,
    "Positive Low-Energy Emotions|Contentment": -1.0028481078794698,
    "Positive Low-Energy Emotions|Affection": -1.0298461717461327
  }
}