{
  "key": [
    "stance-detection-part-7",
    "emonet-m1",
    "flux_dev_one_0-18_s2792960738.png"
  ],
  "value": {
    "Positive High-Energy Emotions|Amusement": 6.658892556738395,
    "Positive High-Energy Emotions|Elation": 5.734793289494625,
    "Positive High-Energy Emotions|Pleasure/Ecstasy": 4.030537648798992,
    "Extra Dimensions|Valence": 2.970218762251354,
    "Extra Dimensions|Arousal": 2.642992845603398,
    "Extra Dimensions|Emotional Vulnerability": 1.4926224062730977,
    "Positive High-Energy Emotions|Triumph": 0.8532470659073101,
    "Extra Dimensions|Dominance": 0.7393365347307626,
    "Positive High-Energy Emotions|Hope/Enthusiasm/Optimism": 0.14253470740339036,
    "Longing & Lust|Sexual Lust": 0.11350937799001348,
    "Positive Low-Energy Emotions|Thankfulness/Gratitude": 0.10343185161204577,
    "Positive Low-Energy Emotions|Affection": 0.07165659694922177,
    "Physical and Exhaustive States|Intoxication/Altered States of Consciousness": 0.06510186187868372,
    "Positive High-Energy Emotions|Teasing": 0.03139440837442438,
    "Positive Low-Energy Emotions|Relief": 0.018582023264014678,
    "Negative Low-Energy Emotions|Jealousy & Envy": 0.0,
    "Physical and Exhaustive States|Sourness": -0.010325147575893244,
    "Physical and Exhaustive States|Pain": -0.020670116004905786,
    "Positive High-Energy Emotions|Awe": -0.027747205093557582,
    "Negative High-Energy Emotions|Disgust": -0.04578851362615278,
    "Positive High-Energy Emotions|Astonishment/Surprise": -0.049786258270561476,
    "Negative Low-Energy Emotions|Embarrassment": -0.12283069854636332,
    "Negative High-Energy Emotions|Fear": -0.1494011931742231,
    "Cognitive States and Processes|Confusion": -0.1899807088541024,
    "Negative Low-Energy Emotions|Helplessness": -0.2176289291567964,
    "Positive Low-Energy Emotions|Contentment": -0.33857442862303055,
    "Negative High-Energy Emotions|Anger": -0.37240513362290656,
    "Negative Low-Energy Emotions|Contempt": -0.3732922029589395,
    "Negative High-Energy Emotions|Impatience and Irritability": -0.4573303140194971,
    "Negative High-Energy Emotions|Malevolence/Malice": -0.5425452131150297,
    "Negative Low-Energy Emotions|Shame": -0.6564560607804886,
    "Physical and Exhaustive States|Fatigue/Exhaustion": -0.6763024745174707,
    "Negative Low-Energy Emotions|Disappointment": -0.743305698477223,
    "Negative High-Energy Emotions|Distress": -0.7860962435835119,
    "Positive Low-Energy Emotions|Pride": -0.8413132327120929,
    "Negative Low-Energy Emotions|Emotional Numbness": -0.862271626653907,
    "Longing & Lust|Longing": -0.8790623774349471,
    "Negative Low-Energy Emotions|Doubt": -0.938780092261561,
    "Negative Low-Energy Emotions|Sadness": -0.9851130084060014,
    "Positive Low-Energy Emotions|Contemplation": -1.6026272252543179,
    "Longing & Lust|Infatuation": -1.620338552914587,
    "Cognitive States and Processes|Concentration": -1.766795846282235,
    "Negative Low-Energy Emotions|Bitterness": -1.8296111394197514,
    "Positive High-Energy Emotions|Interest": -2.3189503560081506
  }
}