{
  "key": [
    "stance-detection-part-7",
    "emonet-m1",
    "flux_dev_one_0-231_s2858944255.png"
  ],
  "value": {
    "Positive High-Energy Emotions|Amusement": 3.7341369834656897,
    "Positive High-Energy Emotions|Elation": 2.5053919394732636,
    "Positive High-Energy Emotions|Pleasure/Ecstasy": 2.2384679752607846,
    "Extra Dimensions|Valence": 1.7643451536621817,
    "Positive Low-Energy Emotions|Contentment": 1.5949781941720744,
    "Positive Low-Energy Emotions|Affection": 1.2797247293497345,
    "Positive Low-Energy Emotions|Thankfulness/Gratitude": 0.7230087230071569,
    "Extra Dimensions|Arousal": 0.6103204403604781,
    "Extra Dimensions|Emotional Vulnerability": 0.6056347201158712,
    "Extra Dimensions|Dominance": 0.4103983485620919,
    "Positive High-Energy Emotions|Teasing": 0.3733246785694317,
    "Positive High-Energy Emotions|Hope/Enthusiasm/Optimism": 0.2995199903013396,
    "Physical and Exhaustive States|Fatigue/Exhaustion": 0.2820329847148596,
    "Cognitive States and Processes|Concentration": 0.08373453968883426,
    "Physical and Exhaustive States|Intoxication/Altered States of Consciousness": 0.03419741235618844,
    "Negative Low-Energy Emotions|Embarrassment": 0.016239514294670618,
    "Positive Low-Energy Emotions|Relief": 0.00875647324427362,
    "Negative Low-Energy Emotions|Jealousy & Envy": 0.0,
    "Physical and Exhaustive States|Sourness": -0.0009444121189497324,
    "Positive High-Energy Emotions|Awe": -0.017308047607595668,
    "Physical and Exhaustive States|Pain": -0.020670116004905786,
    "Positive High-Energy Emotions|Astonishment/Surprise": -0.04112384073954799,
    "Negative High-Energy Emotions|Disgust": -0.04401419510989835,
    "Negative High-Energy Emotions|Impatience and Irritability": -0.04997876057940309,
    "Positive High-Energy Emotions|Triumph": -0.07263926708142891,
    "Negative High-Energy Emotions|Fear": -0.1329059206570188,
    "Cognitive States and Processes|Confusion": -0.14060693685879638,
    "Positive Low-Energy Emotions|Pride": -0.16889892988616517,
    "Negative High-Energy Emotions|Anger": -0.2043054918229798,
    "Negative Low-Energy Emotions|Helplessness": -0.2051041753478212,
    "Negative Low-Energy Emotions|Emotional Numbness": -0.2944419879343483,
    "Negative High-Energy Emotions|Distress": -0.321123047196221,
    "Longing & Lust|Sexual Lust": -0.32848612352823603,
    "Negative Low-Energy Emotions|Contempt": -0.3872065198515634,
    "Negative High-Energy Emotions|Malevolence/Malice": -0.5350897449372343,
    "Negative Low-Energy Emotions|Shame": -0.6563331103681556,
    "Negative Low-Energy Emotions|Disappointment": -0.7393848639657046,
    "Positive High-Energy Emotions|Interest": -0.8076217929140115,
    "Positive Low-Energy Emotions|Contemplation": -0.8721606508238522,
    "Longing & Lust|Longing": -0.87611799739001,
    "Negative Low-Energy Emotions|Doubt": -0.903413726575502,
    "Negative Low-Energy Emotions|Sadness": -0.9709974820650995,
    "Longing & Lust|Infatuation": -1.539422386609045,
    "Negative Low-Energy Emotions|Bitterness": -1.8307480197877457
  }
}