{
  "key": [
    "stance-detection-part-7",
    "emonet-m1",
    "flux_dev_one_0-46_s537120299.png"
  ],
  "value": {
    "Positive High-Energy Emotions|Amusement": 6.185748979162711,
    "Positive High-Energy Emotions|Elation": 5.000403030705563,
    "Positive High-Energy Emotions|Pleasure/Ecstasy": 3.524385734202435,
    "Extra Dimensions|Valence": 2.748750075193859,
    "Extra Dimensions|Arousal": 1.9998925839151656,
    "Extra Dimensions|Dominance": 0.9275018417757455,
    "Extra Dimensions|Emotional Vulnerability": 0.8352682898332784,
    "Positive Low-Energy Emotions|Thankfulness/Gratitude": 0.7950929114684606,
    "Positive Low-Energy Emotions|Contentment": 0.6609245347329875,
    "Positive Low-Energy Emotions|Pride": 0.5981770259816022,
    "Positive High-Energy Emotions|Triumph": 0.4448404506500469,
    "Positive High-Energy Emotions|Hope/Enthusiasm/Optimism": 0.2071546061994719,
    "Positive Low-Energy Emotions|Affection": 0.1529662731195709,
    "Positive High-Energy Emotions|Teasing": 0.04349973919927637,
    "Physical and Exhaustive States|Intoxication/Altered States of Consciousness": 0.019842035993387845,
    "Positive Low-Energy Emotions|Relief": 0.0068766992102503345,
    "Negative Low-Energy Emotions|Jealousy & Envy": 0.0,
    "Physical and Exhaustive States|Sourness": -0.002492426700153193,
    "Physical and Exhaustive States|Pain": -0.020670116004905786,
    "Positive High-Energy Emotions|Awe": -0.02768019457166885,
    "Negative High-Energy Emotions|Disgust": -0.04257618835120847,
    "Positive High-Energy Emotions|Astonishment/Surprise": -0.07438499086123683,
    "Negative Low-Energy Emotions|Embarrassment": -0.12252422636408945,
    "Negative High-Energy Emotions|Fear": -0.13028033605466285,
    "Negative High-Energy Emotions|Anger": -0.18453558482529914,
    "Cognitive States and Processes|Confusion": -0.19491444607248237,
    "Negative Low-Energy Emotions|Helplessness": -0.21169819249583907,
    "Longing & Lust|Sexual Lust": -0.29147643729662287,
    "Negative High-Energy Emotions|Impatience and Irritability": -0.3655152596028406,
    "Negative Low-Energy Emotions|Contempt": -0.37225569308745665,
    "Negative High-Energy Emotions|Malevolence/Malice": -0.5245800081012777,
    "Physical and Exhaustive States|Fatigue/Exhaustion": -0.620850440640098,
    "Negative Low-Energy Emotions|Shame": -0.6567170145719281,
    "Negative Low-Energy Emotions|Disappointment": -0.7416725945403124,
    "Negative High-Energy Emotions|Distress": -0.7705518290632483,
    "Negative Low-Energy Emotions|Emotional Numbness": -0.7773902315523598,
    "Longing & Lust|Longing": -0.8824708317935248,
    "Negative Low-Energy Emotions|Doubt": -0.934244169480928,
    "Negative Low-Energy Emotions|Sadness": -0.9823396140634895,
    "Longing & Lust|Infatuation": -1.53865432860705,
    "Positive Low-Energy Emotions|Contemplation": -1.632659956846973,
    "Negative Low-Energy Emotions|Bitterness": -1.830502597662883,
    "Cognitive States and Processes|Concentration": -2.11489263421177,
    "Positive High-Energy Emotions|Interest": -2.344212339283564
  }
}