{
  "key": [
    "stance-detection-part-7",
    "emonet-m1",
    "flux_dev_one_0-182_s658111508.png"
  ],
  "value": {
    "Negative High-Energy Emotions|Distress": 1.9804599746829752,
    "Cognitive States and Processes|Concentration": 1.543412951172599,
    "Positive Low-Energy Emotions|Contemplation": 1.405374906923035,
    "Negative Low-Energy Emotions|Bitterness": 1.3122686109959314,
    "Negative Low-Energy Emotions|Contempt": 1.175452602198245,
    "Negative Low-Energy Emotions|Sadness": 1.1746269618235647,
    "Negative High-Energy Emotions|Anger": 1.1385773798048278,
    "Negative High-Energy Emotions|Impatience and Irritability": 0.783243300816242,
    "Negative Low-Energy Emotions|Helplessness": 0.7529511271529036,
    "Negative Low-Energy Emotions|Doubt": 0.702026815526358,
    "Physical and Exhaustive States|Fatigue/Exhaustion": 0.6942022027782141,
    "Negative Low-Energy Emotions|Disappointment": 0.6163079212675546,
    "Cognitive States and Processes|Confusion": 0.5308978922201164,
    "Negative High-Energy Emotions|Disgust": 0.2749982381805832,
    "Negative Low-Energy Emotions|Shame": 0.2687847716004619,
    "Positive High-Energy Emotions|Interest": 0.23205988013591528,
    "Negative High-Energy Emotions|Fear": 0.15878815421213707,
    "Extra Dimensions|Arousal": 0.12602507216589798,
    "Extra Dimensions|Dominance": 0.08219484924492274,
    "Negative Low-Energy Emotions|Emotional Numbness": 0.030941615638497177,
    "Negative High-Energy Emotions|Malevolence/Malice": 0.026575857091135635,
    "Physical and Exhaustive States|Sourness": 0.0025087755255319266,
    "Negative Low-Energy Emotions|Jealousy & Envy": 0.0,
    "Positive Low-Energy Emotions|Relief": -0.004711144088661714,
    "Physical and Exhaustive States|Intoxication/Altered States of Consciousness": -0.010863795951554628,
    "Positive High-Energy Emotions|Awe": -0.019998496964628444,
    "Physical and Exhaustive States|Pain": -0.020670116004905786,
    "Positive High-Energy Emotions|Pleasure/Ecstasy": -0.05585866253574567,
    "Positive High-Energy Emotions|Astonishment/Surprise": -0.0661884283326266,
    "Positive High-Energy Emotions|Triumph": -0.07620055799375906,
    "Negative Low-Energy Emotions|Embarrassment": -0.1170772000219359,
    "Positive High-Energy Emotions|Teasing": -0.1187702852195545,
    "Positive High-Energy Emotions|Elation": -0.15317437661895594,
    "Extra Dimensions|Emotional Vulnerability": -0.2815494229505351,
    "Positive High-Energy Emotions|Hope/Enthusiasm/Optimism": -0.2875482098100496,
    "Longing & Lust|Longing": -0.4145874311744948,
    "Positive Low-Energy Emotions|Thankfulness/Gratitude": -0.4816827764645076,
    "Positive High-Energy Emotions|Amusement": -0.5295789021138961,
    "Longing & Lust|Sexual Lust": -0.6701699881217419,
    "Positive Low-Energy Emotions|Affection": -0.7318128821347931,
    "Positive Low-Energy Emotions|Pride": -1.0579549419205814,
    "Extra Dimensions|Valence": -1.088364914563679,
    "Positive Low-Energy Emotions|Contentment": -1.0995205236128072,
    "Longing & Lust|Infatuation": -1.6284888622388516
  }
}