{
  "key": [
    "stance-detection-part-7",
    "emonet-m1",
    "flux_dev_one_0-125_s2687944475.png"
  ],
  "value": {
    "Positive High-Energy Emotions|Amusement": 4.389447137426871,
    "Positive High-Energy Emotions|Elation": 3.3136902888537567,
    "Positive High-Energy Emotions|Pleasure/Ecstasy": 3.12406806528764,
    "Positive Low-Energy Emotions|Contentment": 2.3316005276986855,
    "Extra Dimensions|Valence": 2.0661197746720084,
    "Positive Low-Energy Emotions|Affection": 1.3436750295664093,
    "Positive High-Energy Emotions|Hope/Enthusiasm/Optimism": 1.083262537336557,
    "Positive Low-Energy Emotions|Pride": 0.9500088197666974,
    "Positive Low-Energy Emotions|Thankfulness/Gratitude": 0.7109270999297643,
    "Extra Dimensions|Emotional Vulnerability": 0.68849423625967,
    "Positive High-Energy Emotions|Teasing": 0.6841093761020856,
    "Extra Dimensions|Arousal": 0.5849045429910933,
    "Extra Dimensions|Dominance": 0.5048416101854745,
    "Longing & Lust|Sexual Lust": 0.47845920041585577,
    "Longing & Lust|Infatuation": 0.27050178376582523,
    "Physical and Exhaustive States|Intoxication/Altered States of Consciousness": 0.05781333140974298,
    "Positive Low-Energy Emotions|Relief": 0.011117823005759673,
    "Negative Low-Energy Emotions|Jealousy & Envy": 0.0,
    "Physical and Exhaustive States|Sourness": -0.0066829759545706125,
    "Physical and Exhaustive States|Pain": -0.020670116004905786,
    "Positive High-Energy Emotions|Awe": -0.029215207889730678,
    "Negative High-Energy Emotions|Disgust": -0.04437300017028501,
    "Positive High-Energy Emotions|Astonishment/Surprise": -0.05185036711913325,
    "Positive High-Energy Emotions|Triumph": -0.05858081498186722,
    "Negative Low-Energy Emotions|Embarrassment": -0.12062829202075144,
    "Negative High-Energy Emotions|Fear": -0.14751573434720436,
    "Cognitive States and Processes|Confusion": -0.18767896373739174,
    "Negative Low-Energy Emotions|Helplessness": -0.22002706243468947,
    "Negative Low-Energy Emotions|Contempt": -0.3733363252972345,
    "Negative High-Energy Emotions|Impatience and Irritability": -0.4051544047387201,
    "Negative High-Energy Emotions|Anger": -0.48076315917374884,
    "Negative High-Energy Emotions|Malevolence/Malice": -0.540086111736112,
    "Physical and Exhaustive States|Fatigue/Exhaustion": -0.5788305965849222,
    "Negative Low-Energy Emotions|Shame": -0.6559690368159643,
    "Negative Low-Energy Emotions|Disappointment": -0.7433203649451281,
    "Negative High-Energy Emotions|Distress": -0.7661897078388449,
    "Cognitive States and Processes|Concentration": -0.8051645482170495,
    "Negative Low-Energy Emotions|Emotional Numbness": -0.8305468905594322,
    "Longing & Lust|Longing": -0.8658083533465644,
    "Negative Low-Energy Emotions|Doubt": -0.9051292190326534,
    "Negative Low-Energy Emotions|Sadness": -0.9824645384140194,
    "Positive High-Energy Emotions|Interest": -1.1868745843187356,
    "Positive Low-Energy Emotions|Contemplation": -1.3506200090391842,
    "Negative Low-Energy Emotions|Bitterness": -1.8312114244804552
  }
}