{
  "key": [
    "stance-detection-part-7",
    "emonet-m1",
    "flux_dev_one_0-197_s201094483.png"
  ],
  "value": {
    "Positive High-Energy Emotions|Hope/Enthusiasm/Optimism": 1.179704998350351,
    "Positive Low-Energy Emotions|Affection": 1.1314584138895294,
    "Cognitive States and Processes|Concentration": 1.0947842871558753,
    "Positive High-Energy Emotions|Interest": 0.9840668877347922,
    "Longing & Lust|Sexual Lust": 0.947960934195763,
    "Positive Low-Energy Emotions|Contentment": 0.8295713471719524,
    "Positive High-Energy Emotions|Astonishment/Surprise": 0.7396846676566007,
    "Positive High-Energy Emotions|Awe": 0.6179250566213778,
    "Negative Low-Energy Emotions|Sadness": 0.519634739037615,
    "Positive Low-Energy Emotions|Pride": 0.4342846376377911,
    "Negative High-Energy Emotions|Distress": 0.3407245144016031,
    "Positive Low-Energy Emotions|Contemplation": 0.24904169883892857,
    "Longing & Lust|Infatuation": 0.22644989816096683,
    "Negative Low-Energy Emotions|Emotional Numbness": 0.17326451354956895,
    "Negative High-Energy Emotions|Fear": 0.10867915519823632,
    "Longing & Lust|Longing": 0.046798802393696715,
    "Negative Low-Energy Emotions|Jealousy & Envy": 0.0,
    "Physical and Exhaustive States|Sourness": -0.000672525531806788,
    "Positive Low-Energy Emotions|Relief": -0.0024331067194104626,
    "Physical and Exhaustive States|Intoxication/Altered States of Consciousness": -0.00901377208585486,
    "Physical and Exhaustive States|Pain": -0.020670116004905786,
    "Extra Dimensions|Arousal": -0.021541484764644014,
    "Extra Dimensions|Valence": -0.029723249879860122,
    "Negative High-Energy Emotions|Disgust": -0.04238023063092878,
    "Extra Dimensions|Dominance": -0.04373565376582708,
    "Positive High-Energy Emotions|Pleasure/Ecstasy": -0.05585866253574567,
    "Extra Dimensions|Emotional Vulnerability": -0.06476637622812298,
    "Physical and Exhaustive States|Fatigue/Exhaustion": -0.06993280031169069,
    "Positive High-Energy Emotions|Triumph": -0.07550233428369894,
    "Negative High-Energy Emotions|Anger": -0.09167858161332404,
    "Negative Low-Energy Emotions|Helplessness": -0.10046124770118423,
    "Positive High-Energy Emotions|Teasing": -0.11778975901067694,
    "Negative Low-Energy Emotions|Embarrassment": -0.1214005260731711,
    "Positive High-Energy Emotions|Elation": -0.15317267809485413,
    "Cognitive States and Processes|Confusion": -0.17746190060844352,
    "Negative High-Energy Emotions|Impatience and Irritability": -0.19370063910799806,
    "Negative Low-Energy Emotions|Contempt": -0.3786391270254831,
    "Positive Low-Energy Emotions|Thankfulness/Gratitude": -0.48054214752315044,
    "Negative Low-Energy Emotions|Doubt": -0.5181066082788788,
    "Positive High-Energy Emotions|Amusement": -0.5204767140631492,
    "Negative High-Energy Emotions|Malevolence/Malice": -0.5260354492185644,
    "Negative Low-Energy Emotions|Shame": -0.6488159411384693,
    "Negative Low-Energy Emotions|Disappointment": -0.7349630561401392,
    "Negative Low-Energy Emotions|Bitterness": -1.8279606365145018
  }
}