{
  "key": [
    "stance-detection-part-7",
    "emonet-m1",
    "flux_dev_one_0-60_s1745982780.png"
  ],
  "value": {
    "Positive Low-Energy Emotions|Contentment": 3.1479881810495156,
    "Positive High-Energy Emotions|Amusement": 2.8194219318146887,
    "Positive High-Energy Emotions|Pleasure/Ecstasy": 2.3299975830336117,
    "Positive Low-Energy Emotions|Affection": 2.325707567026736,
    "Positive High-Energy Emotions|Elation": 2.242122038197629,
    "Extra Dimensions|Valence": 1.5908139790024527,
    "Positive High-Energy Emotions|Hope/Enthusiasm/Optimism": 1.5702284320356537,
    "Positive Low-Energy Emotions|Contemplation": 1.5447057708756717,
    "Positive Low-Energy Emotions|Thankfulness/Gratitude": 1.1576317260131384,
    "Longing & Lust|Longing": 0.866849578398488,
    "Positive Low-Energy Emotions|Pride": 0.7289020521122784,
    "Extra Dimensions|Emotional Vulnerability": 0.6075220415880391,
    "Cognitive States and Processes|Concentration": 0.4798012053382483,
    "Positive High-Energy Emotions|Awe": 0.4455491391866853,
    "Positive High-Energy Emotions|Astonishment/Surprise": 0.39811870105046054,
    "Positive High-Energy Emotions|Interest": 0.17561881148662328,
    "Positive High-Energy Emotions|Triumph": 0.11899452365000114,
    "Physical and Exhaustive States|Fatigue/Exhaustion": 0.10244037530934202,
    "Extra Dimensions|Dominance": 0.010508015148014166,
    "Positive Low-Energy Emotions|Relief": 0.005411438227736907,
    "Negative Low-Energy Emotions|Jealousy & Envy": 0.0,
    "Physical and Exhaustive States|Sourness": -0.012562489873924098,
    "Physical and Exhaustive States|Intoxication/Altered States of Consciousness": -0.013993263319680543,
    "Physical and Exhaustive States|Pain": -0.020670116004905786,
    "Negative High-Energy Emotions|Disgust": -0.04186276545673063,
    "Negative Low-Energy Emotions|Emotional Numbness": -0.057340135040518936,
    "Extra Dimensions|Arousal": -0.06477416413170944,
    "Negative Low-Energy Emotions|Embarrassment": -0.12157616978545328,
    "Negative High-Energy Emotions|Fear": -0.12853241494546333,
    "Negative High-Energy Emotions|Anger": -0.13427700795533454,
    "Positive High-Energy Emotions|Teasing": -0.14159497496545753,
    "Cognitive States and Processes|Confusion": -0.18039929945936134,
    "Negative Low-Energy Emotions|Helplessness": -0.21026607169582076,
    "Negative Low-Energy Emotions|Sadness": -0.2569665159024179,
    "Negative High-Energy Emotions|Impatience and Irritability": -0.32255698511915987,
    "Negative Low-Energy Emotions|Contempt": -0.375184598276494,
    "Negative High-Energy Emotions|Malevolence/Malice": -0.5370317611215643,
    "Negative High-Energy Emotions|Distress": -0.6481573418014761,
    "Negative Low-Energy Emotions|Shame": -0.6561330818369022,
    "Longing & Lust|Sexual Lust": -0.6800363747737347,
    "Negative Low-Energy Emotions|Disappointment": -0.7380209606816317,
    "Longing & Lust|Infatuation": -0.8365074482783947,
    "Negative Low-Energy Emotions|Doubt": -0.9340927327050053,
    "Negative Low-Energy Emotions|Bitterness": -1.8315510740981271
  }
}