{
  "key": [
    "stance-detection-part-7",
    "emonet-m1",
    "flux_dev_one_0-148_s31902810.png"
  ],
  "value": {
    "Negative High-Energy Emotions|Distress": 4.19946079102819,
    "Cognitive States and Processes|Confusion": 2.378242171509362,
    "Negative High-Energy Emotions|Impatience and Irritability": 2.138090731999103,
    "Negative High-Energy Emotions|Disgust": 2.1023215855106767,
    "Negative Low-Energy Emotions|Embarrassment": 2.0410542988214955,
    "Negative High-Energy Emotions|Anger": 1.914348759275653,
    "Negative Low-Energy Emotions|Sadness": 1.8321422492228567,
    "Negative High-Energy Emotions|Fear": 1.720872590628763,
    "Negative Low-Energy Emotions|Disappointment": 1.7090018461714243,
    "Cognitive States and Processes|Concentration": 1.547784117401847,
    "Negative Low-Energy Emotions|Doubt": 1.5074773741887726,
    "Negative Low-Energy Emotions|Bitterness": 1.2470296583592126,
    "Negative Low-Energy Emotions|Helplessness": 1.0051036296896774,
    "Physical and Exhaustive States|Fatigue/Exhaustion": 0.8855066480449377,
    "Extra Dimensions|Arousal": 0.6600071106638228,
    "Negative Low-Energy Emotions|Shame": 0.6184110147149333,
    "Extra Dimensions|Emotional Vulnerability": 0.4499361822893331,
    "Physical and Exhaustive States|Pain": 0.4183468179563782,
    "Physical and Exhaustive States|Sourness": 0.0018053140573121695,
    "Negative Low-Energy Emotions|Jealousy & Envy": 0.0,
    "Positive Low-Energy Emotions|Relief": -0.000786386846458955,
    "Positive High-Energy Emotions|Awe": -0.0037894906551191668,
    "Physical and Exhaustive States|Intoxication/Altered States of Consciousness": -0.01476885385865912,
    "Negative High-Energy Emotions|Malevolence/Malice": -0.028296536516957627,
    "Positive High-Energy Emotions|Astonishment/Surprise": -0.052813771893799086,
    "Positive High-Energy Emotions|Pleasure/Ecstasy": -0.055863281878890114,
    "Positive High-Energy Emotions|Triumph": -0.07455217850397959,
    "Positive High-Energy Emotions|Teasing": -0.12158771482170065,
    "Positive High-Energy Emotions|Elation": -0.15317443630272676,
    "Positive Low-Energy Emotions|Contemplation": -0.2001669183714596,
    "Negative Low-Energy Emotions|Contempt": -0.34620599717843337,
    "Positive Low-Energy Emotions|Thankfulness/Gratitude": -0.48069516382215977,
    "Positive High-Energy Emotions|Amusement": -0.529466927338105,
    "Extra Dimensions|Dominance": -0.6131179189759788,
    "Negative Low-Energy Emotions|Emotional Numbness": -0.6392172176268074,
    "Longing & Lust|Sexual Lust": -0.6605413196942745,
    "Positive High-Energy Emotions|Hope/Enthusiasm/Optimism": -0.8248077438114,
    "Longing & Lust|Longing": -0.8732635980069419,
    "Positive Low-Energy Emotions|Affection": -1.0441714850162247,
    "Positive Low-Energy Emotions|Pride": -1.1093691857975154,
    "Positive High-Energy Emotions|Interest": -1.3155091563478494,
    "Positive Low-Energy Emotions|Contentment": -1.6029264373234013,
    "Longing & Lust|Infatuation": -1.637244128905264,
    "Extra Dimensions|Valence": -1.665178671983265
  }
}