{
  "key": [
    "stance-detection-part-7",
    "emonet-m1",
    "flux_dev_one_0-155_s296978484.png"
  ],
  "value": {
    "Positive Low-Energy Emotions|Affection": 1.2424339178110382,
    "Positive Low-Energy Emotions|Contentment": 1.1678098248788615,
    "Positive Low-Energy Emotions|Contemplation": 1.0427505001084598,
    "Cognitive States and Processes|Concentration": 0.9552333628547278,
    "Positive High-Energy Emotions|Amusement": 0.9114671197648232,
    "Positive High-Energy Emotions|Hope/Enthusiasm/Optimism": 0.5639850839140105,
    "Cognitive States and Processes|Confusion": 0.532327032787896,
    "Negative Low-Energy Emotions|Sadness": 0.4315426503382742,
    "Physical and Exhaustive States|Fatigue/Exhaustion": 0.4034389438441931,
    "Negative High-Energy Emotions|Distress": 0.399606750882316,
    "Positive Low-Energy Emotions|Pride": 0.3868971569020123,
    "Negative Low-Energy Emotions|Doubt": 0.38502249252068177,
    "Positive High-Energy Emotions|Teasing": 0.29682783904611626,
    "Extra Dimensions|Valence": 0.2683801794972189,
    "Positive High-Energy Emotions|Interest": 0.2600363930448508,
    "Extra Dimensions|Emotional Vulnerability": 0.06510737636587116,
    "Negative Low-Energy Emotions|Emotional Numbness": 0.013430605468514267,
    "Positive Low-Energy Emotions|Relief": 0.00327008921011682,
    "Physical and Exhaustive States|Intoxication/Altered States of Consciousness": 0.0009639336908365773,
    "Negative Low-Energy Emotions|Jealousy & Envy": 0.0,
    "Physical and Exhaustive States|Sourness": -0.001962183780231318,
    "Physical and Exhaustive States|Pain": -0.020670116004905786,
    "Positive High-Energy Emotions|Awe": -0.02165689189737533,
    "Negative High-Energy Emotions|Disgust": -0.04209609528928449,
    "Positive High-Energy Emotions|Pleasure/Ecstasy": -0.053936239823604404,
    "Positive High-Energy Emotions|Astonishment/Surprise": -0.0670407449505923,
    "Positive High-Energy Emotions|Triumph": -0.07454416819851532,
    "Negative Low-Energy Emotions|Embarrassment": -0.10551920747418543,
    "Negative High-Energy Emotions|Impatience and Irritability": -0.11711460123377626,
    "Negative High-Energy Emotions|Fear": -0.12849320999036232,
    "Positive High-Energy Emotions|Elation": -0.15317130023448255,
    "Negative Low-Energy Emotions|Helplessness": -0.1705149145312471,
    "Extra Dimensions|Dominance": -0.2372928640324172,
    "Negative Low-Energy Emotions|Disappointment": -0.24487011923690094,
    "Extra Dimensions|Arousal": -0.27305878060204636,
    "Negative Low-Energy Emotions|Contempt": -0.38113799215304656,
    "Negative High-Energy Emotions|Anger": -0.4312228480756501,
    "Negative Low-Energy Emotions|Shame": -0.46581924434592636,
    "Positive Low-Energy Emotions|Thankfulness/Gratitude": -0.4799651075064993,
    "Negative High-Energy Emotions|Malevolence/Malice": -0.5283426407096914,
    "Longing & Lust|Sexual Lust": -0.5794367803595005,
    "Longing & Lust|Longing": -0.8683070173084517,
    "Longing & Lust|Infatuation": -1.098002978883711,
    "Negative Low-Energy Emotions|Bitterness": -1.8282787036628296
  }
}