{
  "key": [
    "stance-detection-part-7",
    "emonet-m1",
    "flux_dev_one_0-167_s2061988576.png"
  ],
  "value": {
    "Positive Low-Energy Emotions|Contentment": 1.3253553914376994,
    "Cognitive States and Processes|Concentration": 1.285011557282218,
    "Positive Low-Energy Emotions|Affection": 1.099048030665042,
    "Positive High-Energy Emotions|Amusement": 1.027921721052665,
    "Positive High-Energy Emotions|Hope/Enthusiasm/Optimism": 1.0070135339262176,
    "Positive Low-Energy Emotions|Contemplation": 1.0017222389237674,
    "Positive Low-Energy Emotions|Pride": 0.98145980662888,
    "Positive Low-Energy Emotions|Thankfulness/Gratitude": 0.6228432366714025,
    "Physical and Exhaustive States|Fatigue/Exhaustion": 0.4914279165080725,
    "Negative High-Energy Emotions|Anger": 0.4492301126539489,
    "Extra Dimensions|Dominance": 0.4473454797190133,
    "Extra Dimensions|Valence": 0.36884124526641443,
    "Negative High-Energy Emotions|Distress": 0.34660558549230136,
    "Negative High-Energy Emotions|Impatience and Irritability": 0.330588819882099,
    "Negative Low-Energy Emotions|Helplessness": 0.3113849578909712,
    "Positive High-Energy Emotions|Interest": 0.27893154227580785,
    "Negative Low-Energy Emotions|Sadness": 0.15602399456129667,
    "Extra Dimensions|Arousal": 0.12779986006873,
    "Negative Low-Energy Emotions|Emotional Numbness": 0.021342168388130967,
    "Physical and Exhaustive States|Sourness": 0.0015350293449975638,
    "Negative Low-Energy Emotions|Jealousy & Envy": 0.0,
    "Positive Low-Energy Emotions|Relief": -0.0005443100322843029,
    "Physical and Exhaustive States|Intoxication/Altered States of Consciousness": -0.0009507984673474742,
    "Positive High-Energy Emotions|Awe": -0.016758910015279994,
    "Physical and Exhaustive States|Pain": -0.01809188851427526,
    "Positive High-Energy Emotions|Pleasure/Ecstasy": -0.01942762478990334,
    "Negative High-Energy Emotions|Disgust": -0.04119675060659101,
    "Positive High-Energy Emotions|Astonishment/Surprise": -0.06269643061381557,
    "Extra Dimensions|Emotional Vulnerability": -0.06500789424875286,
    "Positive High-Energy Emotions|Triumph": -0.07444591832350626,
    "Longing & Lust|Longing": -0.08918079040644367,
    "Negative Low-Energy Emotions|Embarrassment": -0.11873152321238657,
    "Negative High-Energy Emotions|Fear": -0.1192253657306234,
    "Positive High-Energy Emotions|Teasing": -0.12028540548742254,
    "Positive High-Energy Emotions|Elation": -0.15317138396029106,
    "Cognitive States and Processes|Confusion": -0.19085858096351555,
    "Negative Low-Energy Emotions|Contempt": -0.36581023306596083,
    "Longing & Lust|Sexual Lust": -0.4728945879599987,
    "Negative High-Energy Emotions|Malevolence/Malice": -0.4852537053940824,
    "Negative Low-Energy Emotions|Shame": -0.6549987952022782,
    "Negative Low-Energy Emotions|Disappointment": -0.7360906344582583,
    "Negative Low-Energy Emotions|Doubt": -0.7897052751852356,
    "Negative Low-Energy Emotions|Bitterness": -0.8537722267688086,
    "Longing & Lust|Infatuation": -1.5294326853975926
  }
}