{
  "key": [
    "stance-detection-part-7",
    "emonet-m1",
    "flux_dev_one_0-225_s2331072711.png"
  ],
  "value": {
    "Positive High-Energy Emotions|Amusement": 4.7683586326356115,
    "Positive High-Energy Emotions|Elation": 3.60756836731445,
    "Positive High-Energy Emotions|Pleasure/Ecstasy": 3.2913196522017025,
    "Positive Low-Energy Emotions|Contentment": 2.2960308598825234,
    "Extra Dimensions|Valence": 2.1329396809067496,
    "Positive Low-Energy Emotions|Affection": 1.336795938303592,
    "Positive Low-Energy Emotions|Thankfulness/Gratitude": 0.9490257212981725,
    "Positive Low-Energy Emotions|Pride": 0.8572282297093243,
    "Extra Dimensions|Dominance": 0.7784345590990487,
    "Extra Dimensions|Arousal": 0.6381450806345259,
    "Extra Dimensions|Emotional Vulnerability": 0.5294447253038594,
    "Positive High-Energy Emotions|Hope/Enthusiasm/Optimism": 0.35675606570264573,
    "Positive High-Energy Emotions|Triumph": 0.2457159057911144,
    "Positive High-Energy Emotions|Teasing": 0.18782882514535942,
    "Longing & Lust|Sexual Lust": 0.04328419879460943,
    "Physical and Exhaustive States|Intoxication/Altered States of Consciousness": 0.039798282011797574,
    "Positive Low-Energy Emotions|Relief": 0.01215320038899179,
    "Negative Low-Energy Emotions|Jealousy & Envy": 0.0,
    "Physical and Exhaustive States|Sourness": -0.009922503299274287,
    "Physical and Exhaustive States|Pain": -0.020670116004905786,
    "Positive High-Energy Emotions|Awe": -0.02635814864938949,
    "Negative High-Energy Emotions|Disgust": -0.042574295903736854,
    "Positive High-Energy Emotions|Astonishment/Surprise": -0.06401063852530696,
    "Negative Low-Energy Emotions|Embarrassment": -0.12055994784493586,
    "Physical and Exhaustive States|Fatigue/Exhaustion": -0.12503771163905275,
    "Negative High-Energy Emotions|Fear": -0.13589698603997627,
    "Cognitive States and Processes|Confusion": -0.19191438038816383,
    "Negative Low-Energy Emotions|Helplessness": -0.22302702381087966,
    "Negative Low-Energy Emotions|Emotional Numbness": -0.25073098129296034,
    "Negative High-Energy Emotions|Anger": -0.3553452114045838,
    "Negative High-Energy Emotions|Impatience and Irritability": -0.37609959910231416,
    "Negative Low-Energy Emotions|Contempt": -0.3819863748644571,
    "Negative High-Energy Emotions|Malevolence/Malice": -0.5341169673321775,
    "Negative Low-Energy Emotions|Shame": -0.6561557446404329,
    "Cognitive States and Processes|Concentration": -0.6925375187981042,
    "Negative Low-Energy Emotions|Disappointment": -0.7421268564393069,
    "Negative High-Energy Emotions|Distress": -0.7566878929966208,
    "Longing & Lust|Longing": -0.8691805680811187,
    "Negative Low-Energy Emotions|Doubt": -0.9309539483858429,
    "Negative Low-Energy Emotions|Sadness": -0.9843675768859566,
    "Positive Low-Energy Emotions|Contemplation": -1.191876240108749,
    "Longing & Lust|Infatuation": -1.2143547025546704,
    "Positive High-Energy Emotions|Interest": -1.4150443831697488,
    "Negative Low-Energy Emotions|Bitterness": -1.8312131781608632
  }
}