{
  "key": [
    "stance-detection-part-7",
    "emonet-m1",
    "flux_dev_one_0-186_s3994552516.png"
  ],
  "value": {
    "Negative Low-Energy Emotions|Sadness": 1.7894481574259817,
    "Negative High-Energy Emotions|Distress": 1.5774641498691324,
    "Negative Low-Energy Emotions|Disappointment": 1.3669915865431284,
    "Negative Low-Energy Emotions|Shame": 1.2375572425515422,
    "Cognitive States and Processes|Confusion": 1.1717348463369377,
    "Positive Low-Energy Emotions|Contemplation": 1.1511522754685672,
    "Negative Low-Energy Emotions|Bitterness": 1.143531437915487,
    "Physical and Exhaustive States|Fatigue/Exhaustion": 1.0098673286250768,
    "Cognitive States and Processes|Concentration": 0.891386297882804,
    "Negative Low-Energy Emotions|Helplessness": 0.8572028099112349,
    "Negative Low-Energy Emotions|Contempt": 0.4562993767763396,
    "Negative High-Energy Emotions|Impatience and Irritability": 0.406425001522724,
    "Negative Low-Energy Emotions|Emotional Numbness": 0.27145386749244005,
    "Negative High-Energy Emotions|Malevolence/Malice": 0.21453874676246132,
    "Negative Low-Energy Emotions|Doubt": 0.12923702728020325,
    "Extra Dimensions|Emotional Vulnerability": 0.1282863924791524,
    "Negative Low-Energy Emotions|Embarrassment": 0.10286227399449209,
    "Negative High-Energy Emotions|Fear": 0.036786714879175036,
    "Physical and Exhaustive States|Intoxication/Altered States of Consciousness": 0.02344714097624078,
    "Physical and Exhaustive States|Sourness": 0.0025519963435746817,
    "Negative Low-Energy Emotions|Jealousy & Envy": 0.0,
    "Positive Low-Energy Emotions|Relief": -0.003907017825996919,
    "Physical and Exhaustive States|Pain": -0.020670116004905786,
    "Positive High-Energy Emotions|Awe": -0.025359130099470363,
    "Negative High-Energy Emotions|Disgust": -0.04488872935920408,
    "Positive High-Energy Emotions|Pleasure/Ecstasy": -0.05585866253574567,
    "Positive Low-Energy Emotions|Affection": -0.05654190749871524,
    "Positive High-Energy Emotions|Astonishment/Surprise": -0.06273021154624202,
    "Positive High-Energy Emotions|Triumph": -0.07541278016756907,
    "Positive High-Energy Emotions|Teasing": -0.11755821731746634,
    "Negative High-Energy Emotions|Anger": -0.12355049647691047,
    "Positive High-Energy Emotions|Elation": -0.15317460825452356,
    "Extra Dimensions|Arousal": -0.2788339938436235,
    "Extra Dimensions|Dominance": -0.3238700708824691,
    "Positive High-Energy Emotions|Interest": -0.3266697684541726,
    "Positive Low-Energy Emotions|Thankfulness/Gratitude": -0.4823511578053093,
    "Positive High-Energy Emotions|Amusement": -0.528775096226197,
    "Longing & Lust|Sexual Lust": -0.6860485015771328,
    "Longing & Lust|Longing": -0.8381579672515174,
    "Positive High-Energy Emotions|Hope/Enthusiasm/Optimism": -0.9764739976165605,
    "Extra Dimensions|Valence": -0.9916964327368967,
    "Positive Low-Energy Emotions|Contentment": -1.0113257361105183,
    "Positive Low-Energy Emotions|Pride": -1.103578691415134,
    "Longing & Lust|Infatuation": -1.6259038758501683
  }
}