{
  "key": [
    "stance-detection-part-7",
    "emonet-m1",
    "flux_dev_one_0-27_s2628813934.png"
  ],
  "value": {
    "Positive Low-Energy Emotions|Contemplation": 1.5523203834550174,
    "Cognitive States and Processes|Concentration": 1.1996343409431067,
    "Negative High-Energy Emotions|Distress": 0.8582114442950968,
    "Negative Low-Energy Emotions|Sadness": 0.8415022050105154,
    "Positive High-Energy Emotions|Interest": 0.49502770507182836,
    "Positive High-Energy Emotions|Hope/Enthusiasm/Optimism": 0.47329196772596116,
    "Longing & Lust|Longing": 0.4703122744739274,
    "Physical and Exhaustive States|Fatigue/Exhaustion": 0.4348749103358923,
    "Negative Low-Energy Emotions|Helplessness": 0.3026132999472456,
    "Positive Low-Energy Emotions|Contentment": 0.30043218606202804,
    "Positive Low-Energy Emotions|Affection": 0.2577629211450836,
    "Negative High-Energy Emotions|Impatience and Irritability": 0.23645162810963805,
    "Extra Dimensions|Arousal": 0.09187041861670364,
    "Extra Dimensions|Emotional Vulnerability": 0.07915786006948444,
    "Negative Low-Energy Emotions|Emotional Numbness": 0.0781791310880211,
    "Negative Low-Energy Emotions|Bitterness": 0.03732418636671997,
    "Physical and Exhaustive States|Sourness": 0.0012959104113198904,
    "Negative Low-Energy Emotions|Jealousy & Envy": 0.0,
    "Positive Low-Energy Emotions|Relief": -0.0014187921275258496,
    "Physical and Exhaustive States|Intoxication/Altered States of Consciousness": -0.0020683855568860484,
    "Negative High-Energy Emotions|Anger": -0.010313264507077091,
    "Physical and Exhaustive States|Pain": -0.020670116004905786,
    "Positive High-Energy Emotions|Awe": -0.021107039049322353,
    "Negative High-Energy Emotions|Disgust": -0.03862929543405225,
    "Negative Low-Energy Emotions|Doubt": -0.04757985342276916,
    "Positive High-Energy Emotions|Astonishment/Surprise": -0.05119642966014125,
    "Positive High-Energy Emotions|Pleasure/Ecstasy": -0.05585866253574567,
    "Positive High-Energy Emotions|Triumph": -0.0752589657251133,
    "Negative Low-Energy Emotions|Disappointment": -0.0794126321305777,
    "Extra Dimensions|Valence": -0.10888444123902245,
    "Positive High-Energy Emotions|Teasing": -0.1181320833867832,
    "Negative Low-Energy Emotions|Embarrassment": -0.11911853617091318,
    "Negative High-Energy Emotions|Fear": -0.12008551290879646,
    "Cognitive States and Processes|Confusion": -0.1516486861275666,
    "Positive High-Energy Emotions|Elation": -0.15317303248037417,
    "Positive Low-Energy Emotions|Pride": -0.1875896351855426,
    "Extra Dimensions|Dominance": -0.1944984874207076,
    "Negative Low-Energy Emotions|Contempt": -0.36866384268748564,
    "Positive Low-Energy Emotions|Thankfulness/Gratitude": -0.4807627210303998,
    "Positive High-Energy Emotions|Amusement": -0.5180624093000705,
    "Negative High-Energy Emotions|Malevolence/Malice": -0.5286741468427709,
    "Negative Low-Energy Emotions|Shame": -0.5803322168796292,
    "Longing & Lust|Sexual Lust": -0.6341245560309826,
    "Longing & Lust|Infatuation": -1.204043814264265
  }
}