{
  "key": [
    "stance-detection-part-7",
    "emonet-m1",
    "flux_dev_one_0-223_s2417678029.png"
  ],
  "value": {
    "Positive High-Energy Emotions|Astonishment/Surprise": 2.609308209488571,
    "Positive High-Energy Emotions|Awe": 1.7764691201894929,
    "Positive Low-Energy Emotions|Contemplation": 1.7178176864640506,
    "Positive High-Energy Emotions|Hope/Enthusiasm/Optimism": 1.241625402784555,
    "Positive High-Energy Emotions|Interest": 1.1514491280302024,
    "Extra Dimensions|Valence": 1.1005564774002798,
    "Longing & Lust|Longing": 0.9958104262531022,
    "Positive High-Energy Emotions|Pleasure/Ecstasy": 0.9454087454100154,
    "Longing & Lust|Sexual Lust": 0.8820837350227894,
    "Longing & Lust|Infatuation": 0.831214836515459,
    "Negative High-Energy Emotions|Impatience and Irritability": 0.07906174888295348,
    "Positive Low-Energy Emotions|Contentment": 0.06815681927888595,
    "Physical and Exhaustive States|Intoxication/Altered States of Consciousness": 0.017033912166407254,
    "Positive Low-Energy Emotions|Relief": 0.015332243920409636,
    "Negative Low-Energy Emotions|Jealousy & Envy": 0.0,
    "Physical and Exhaustive States|Pain": -0.020670116004905786,
    "Physical and Exhaustive States|Sourness": -0.024218178159751733,
    "Negative High-Energy Emotions|Disgust": -0.03071088543086698,
    "Cognitive States and Processes|Confusion": -0.04175607194175651,
    "Extra Dimensions|Emotional Vulnerability": -0.05635544559457806,
    "Negative High-Energy Emotions|Distress": -0.06851167830164395,
    "Positive High-Energy Emotions|Triumph": -0.07276759867559805,
    "Negative High-Energy Emotions|Fear": -0.10843653759608665,
    "Positive High-Energy Emotions|Teasing": -0.11129884299695929,
    "Negative Low-Energy Emotions|Doubt": -0.11849042642844543,
    "Negative Low-Energy Emotions|Embarrassment": -0.11947101568837305,
    "Negative Low-Energy Emotions|Emotional Numbness": -0.14113216585182875,
    "Positive High-Energy Emotions|Elation": -0.15317088175368765,
    "Negative High-Energy Emotions|Anger": -0.158791653293393,
    "Negative Low-Energy Emotions|Helplessness": -0.18845071210338302,
    "Negative Low-Energy Emotions|Sadness": -0.2518607224263132,
    "Physical and Exhaustive States|Fatigue/Exhaustion": -0.2919583139606775,
    "Positive Low-Energy Emotions|Pride": -0.3182529109042316,
    "Positive Low-Energy Emotions|Thankfulness/Gratitude": -0.34734810794739485,
    "Negative Low-Energy Emotions|Contempt": -0.35889939487921996,
    "Positive Low-Energy Emotions|Affection": -0.4022558209394196,
    "Extra Dimensions|Arousal": -0.4836818064962114,
    "Positive High-Energy Emotions|Amusement": -0.512459088403445,
    "Negative High-Energy Emotions|Malevolence/Malice": -0.5194601628301672,
    "Negative Low-Energy Emotions|Shame": -0.6560248565657965,
    "Negative Low-Energy Emotions|Disappointment": -0.7316471882839943,
    "Cognitive States and Processes|Concentration": -0.8395836079704675,
    "Extra Dimensions|Dominance": -0.9115297949391898,
    "Negative Low-Energy Emotions|Bitterness": -1.8319738843024542
  }
}