{
  "key": [
    "stance-detection-part-7",
    "emonet-m1",
    "flux_dev_one_0-95_s224527095.png"
  ],
  "value": {
    "Negative High-Energy Emotions|Distress": 2.193994329846549,
    "Cognitive States and Processes|Concentration": 1.5021446024787513,
    "Positive High-Energy Emotions|Hope/Enthusiasm/Optimism": 1.0742373212339569,
    "Negative Low-Energy Emotions|Sadness": 1.0691272174082815,
    "Physical and Exhaustive States|Fatigue/Exhaustion": 0.9355336608699499,
    "Positive High-Energy Emotions|Astonishment/Surprise": 0.8699507976271512,
    "Negative Low-Energy Emotions|Doubt": 0.845069618337027,
    "Positive High-Energy Emotions|Interest": 0.7266949852689719,
    "Cognitive States and Processes|Confusion": 0.6625460154844292,
    "Negative Low-Energy Emotions|Helplessness": 0.5243362008147078,
    "Negative High-Energy Emotions|Impatience and Irritability": 0.4596098684279364,
    "Positive Low-Energy Emotions|Contemplation": 0.41390695419476353,
    "Negative Low-Energy Emotions|Emotional Numbness": 0.24883259349799425,
    "Extra Dimensions|Emotional Vulnerability": 0.19182661273977253,
    "Negative Low-Energy Emotions|Disappointment": 0.09628016457657562,
    "Negative High-Energy Emotions|Fear": 0.03418765434374413,
    "Physical and Exhaustive States|Intoxication/Altered States of Consciousness": 0.008272901102354674,
    "Negative Low-Energy Emotions|Jealousy & Envy": 0.0,
    "Physical and Exhaustive States|Sourness": -0.000509775049247584,
    "Positive Low-Energy Emotions|Relief": -0.003749035715019746,
    "Positive High-Energy Emotions|Awe": -0.01023901124304031,
    "Physical and Exhaustive States|Pain": -0.020670116004905786,
    "Negative High-Energy Emotions|Disgust": -0.04200241913943937,
    "Positive High-Energy Emotions|Pleasure/Ecstasy": -0.05585866253574567,
    "Longing & Lust|Sexual Lust": -0.05814484640573847,
    "Positive High-Energy Emotions|Triumph": -0.07626640715639725,
    "Negative High-Energy Emotions|Anger": -0.10178599454762732,
    "Positive High-Energy Emotions|Teasing": -0.11346419033468207,
    "Extra Dimensions|Arousal": -0.11712706940514694,
    "Negative Low-Energy Emotions|Embarrassment": -0.11893536737222811,
    "Positive Low-Energy Emotions|Affection": -0.13998185367333682,
    "Positive High-Energy Emotions|Elation": -0.15317311424758584,
    "Negative Low-Energy Emotions|Shame": -0.3761917548983327,
    "Negative Low-Energy Emotions|Contempt": -0.37713168085562987,
    "Extra Dimensions|Dominance": -0.4017883098203239,
    "Positive Low-Energy Emotions|Thankfulness/Gratitude": -0.4818103900089717,
    "Positive High-Energy Emotions|Amusement": -0.5285394604389484,
    "Negative High-Energy Emotions|Malevolence/Malice": -0.529482519936376,
    "Extra Dimensions|Valence": -0.5359371756587259,
    "Longing & Lust|Infatuation": -0.6984832969531689,
    "Longing & Lust|Longing": -0.7816115101396819,
    "Positive Low-Energy Emotions|Contentment": -0.8964182329824666,
    "Positive Low-Energy Emotions|Pride": -1.0955195771973758,
    "Negative Low-Energy Emotions|Bitterness": -1.8248056881607344
  }
}