{
  "key": [
    "stance-detection-part-7",
    "emonet-m1",
    "flux_dev_one_0-65_s2768345848.png"
  ],
  "value": {
    "Negative Low-Energy Emotions|Shame": 3.0447526675851115,
    "Negative High-Energy Emotions|Distress": 2.595551536954093,
    "Negative Low-Energy Emotions|Sadness": 2.3358794604502737,
    "Cognitive States and Processes|Confusion": 2.1085452205968864,
    "Negative Low-Energy Emotions|Contempt": 1.882547271540286,
    "Negative Low-Energy Emotions|Disappointment": 1.644587821818397,
    "Positive Low-Energy Emotions|Contemplation": 1.5207118019120487,
    "Negative Low-Energy Emotions|Doubt": 1.1255680037664093,
    "Negative Low-Energy Emotions|Bitterness": 1.1027873716770837,
    "Negative High-Energy Emotions|Impatience and Irritability": 1.0462707303969305,
    "Negative Low-Energy Emotions|Helplessness": 0.9098645864538984,
    "Physical and Exhaustive States|Fatigue/Exhaustion": 0.8169068279079138,
    "Cognitive States and Processes|Concentration": 0.708907631577262,
    "Negative High-Energy Emotions|Fear": 0.4445865250503024,
    "Negative High-Energy Emotions|Malevolence/Malice": 0.44138186543006386,
    "Negative High-Energy Emotions|Disgust": 0.30602290282100986,
    "Negative Low-Energy Emotions|Embarrassment": 0.28304426902870994,
    "Negative Low-Energy Emotions|Emotional Numbness": 0.23958874755835802,
    "Negative High-Energy Emotions|Anger": 0.12445775471327508,
    "Physical and Exhaustive States|Intoxication/Altered States of Consciousness": 0.018526434823324826,
    "Positive High-Energy Emotions|Awe": 0.009551355048959508,
    "Physical and Exhaustive States|Sourness": 0.004883223407707372,
    "Negative Low-Energy Emotions|Jealousy & Envy": 0.0,
    "Positive Low-Energy Emotions|Relief": -0.005655534981644197,
    "Physical and Exhaustive States|Pain": -0.020670116004905786,
    "Positive High-Energy Emotions|Astonishment/Surprise": -0.037650827100097914,
    "Positive High-Energy Emotions|Pleasure/Ecstasy": -0.05585866253574567,
    "Extra Dimensions|Emotional Vulnerability": -0.06974097988107708,
    "Positive High-Energy Emotions|Triumph": -0.075730124609579,
    "Positive High-Energy Emotions|Teasing": -0.12296799448192557,
    "Positive High-Energy Emotions|Elation": -0.15317448775102305,
    "Extra Dimensions|Arousal": -0.1986614550862993,
    "Extra Dimensions|Dominance": -0.37612114907088845,
    "Positive Low-Energy Emotions|Thankfulness/Gratitude": -0.48255883528886795,
    "Longing & Lust|Longing": -0.5294237365543624,
    "Positive High-Energy Emotions|Amusement": -0.529603701371413,
    "Longing & Lust|Sexual Lust": -0.6998696266076504,
    "Positive High-Energy Emotions|Hope/Enthusiasm/Optimism": -0.9425824240682436,
    "Positive High-Energy Emotions|Interest": -1.0120189944520974,
    "Positive Low-Energy Emotions|Affection": -1.0399802428578118,
    "Positive Low-Energy Emotions|Pride": -1.1069404753368526,
    "Extra Dimensions|Valence": -1.1875838195357553,
    "Longing & Lust|Infatuation": -1.6399596643671666,
    "Positive Low-Energy Emotions|Contentment": -1.668816667561839
  }
}