{
  "key": [
    "stance-detection-part-7",
    "emonet-m1",
    "flux_dev_one_0-105_s3672089170.png"
  ],
  "value": {
    "Cognitive States and Processes|Concentration": 1.1877222334754554,
    "Positive High-Energy Emotions|Interest": 1.0632659634336448,
    "Positive Low-Energy Emotions|Contemplation": 0.9389885887162479,
    "Negative Low-Energy Emotions|Doubt": 0.5826366854833283,
    "Extra Dimensions|Arousal": 0.5575762901987349,
    "Physical and Exhaustive States|Fatigue/Exhaustion": 0.4885055007747351,
    "Extra Dimensions|Dominance": 0.47413299917396934,
    "Positive Low-Energy Emotions|Pride": 0.4037913782078595,
    "Positive High-Energy Emotions|Hope/Enthusiasm/Optimism": 0.356247280454843,
    "Extra Dimensions|Valence": 0.2947740102734335,
    "Positive Low-Energy Emotions|Contentment": 0.24474463933198654,
    "Longing & Lust|Sexual Lust": 0.20173825934911382,
    "Positive High-Energy Emotions|Amusement": 0.1924400177712624,
    "Negative Low-Energy Emotions|Emotional Numbness": 0.16910840087867052,
    "Longing & Lust|Infatuation": 0.13084535924342533,
    "Positive High-Energy Emotions|Pleasure/Ecstasy": 0.06249119222359878,
    "Physical and Exhaustive States|Intoxication/Altered States of Consciousness": 0.05848384641056314,
    "Negative High-Energy Emotions|Impatience and Irritability": 0.03565985192937071,
    "Positive High-Energy Emotions|Awe": 0.005172619029824986,
    "Physical and Exhaustive States|Sourness": 0.0014332544140435843,
    "Negative Low-Energy Emotions|Jealousy & Envy": 0.0,
    "Positive Low-Energy Emotions|Relief": -0.0017082546342969372,
    "Physical and Exhaustive States|Pain": -0.020670116004905786,
    "Positive High-Energy Emotions|Teasing": -0.025566502184276182,
    "Positive Low-Energy Emotions|Affection": -0.03446089000451358,
    "Longing & Lust|Longing": -0.03921958110926349,
    "Positive High-Energy Emotions|Astonishment/Surprise": -0.04158820562583186,
    "Negative High-Energy Emotions|Disgust": -0.047067040707165504,
    "Positive High-Energy Emotions|Triumph": -0.07372448046695128,
    "Negative Low-Energy Emotions|Embarrassment": -0.12041926970739504,
    "Negative High-Energy Emotions|Fear": -0.13351039371142784,
    "Positive High-Energy Emotions|Elation": -0.15317154512684494,
    "Negative High-Energy Emotions|Anger": -0.16125940479638373,
    "Extra Dimensions|Emotional Vulnerability": -0.1708481003949931,
    "Negative High-Energy Emotions|Distress": -0.19259984644587003,
    "Cognitive States and Processes|Confusion": -0.19706112970580986,
    "Negative Low-Energy Emotions|Helplessness": -0.2244384767003221,
    "Negative Low-Energy Emotions|Contempt": -0.3882263851259927,
    "Negative Low-Energy Emotions|Sadness": -0.4590016449726999,
    "Positive Low-Energy Emotions|Thankfulness/Gratitude": -0.48031861147879124,
    "Negative High-Energy Emotions|Malevolence/Malice": -0.5254993799446157,
    "Negative Low-Energy Emotions|Shame": -0.6513413424401513,
    "Negative Low-Energy Emotions|Disappointment": -0.7334473510016943,
    "Negative Low-Energy Emotions|Bitterness": -0.773227218586283
  }
}