{
  "key": [
    "stance-detection-part-7",
    "emonet-m1",
    "flux_dev_one_0-118_s2373769382.png"
  ],
  "value": {
    "Positive High-Energy Emotions|Awe": 4.02562321107084,
    "Positive High-Energy Emotions|Astonishment/Surprise": 3.2505638266302945,
    "Positive High-Energy Emotions|Pleasure/Ecstasy": 2.370246453883221,
    "Positive High-Energy Emotions|Amusement": 2.1461996284241858,
    "Extra Dimensions|Valence": 1.7749087656464346,
    "Positive High-Energy Emotions|Elation": 1.7580041726351898,
    "Negative High-Energy Emotions|Distress": 1.6796346172458414,
    "Cognitive States and Processes|Confusion": 1.5158828861547478,
    "Positive High-Energy Emotions|Interest": 1.4051374634489036,
    "Positive High-Energy Emotions|Hope/Enthusiasm/Optimism": 1.325224731779306,
    "Extra Dimensions|Arousal": 1.2541922245706831,
    "Positive Low-Energy Emotions|Contemplation": 1.0700797065751346,
    "Longing & Lust|Longing": 0.9772624144733171,
    "Extra Dimensions|Emotional Vulnerability": 0.7816276858141133,
    "Physical and Exhaustive States|Pain": 0.24758991168539732,
    "Physical and Exhaustive States|Fatigue/Exhaustion": 0.15695847890889036,
    "Physical and Exhaustive States|Intoxication/Altered States of Consciousness": 0.09015171967392221,
    "Longing & Lust|Infatuation": 0.06130342809108158,
    "Positive Low-Energy Emotions|Relief": 0.00725418287619348,
    "Negative Low-Energy Emotions|Jealousy & Envy": 0.0,
    "Physical and Exhaustive States|Sourness": -0.008487044639148554,
    "Negative High-Energy Emotions|Disgust": -0.04819359084516218,
    "Positive High-Energy Emotions|Triumph": -0.0714147930313243,
    "Cognitive States and Processes|Concentration": -0.08881113177417843,
    "Negative Low-Energy Emotions|Doubt": -0.10013899076712951,
    "Negative Low-Energy Emotions|Embarrassment": -0.12138130357523104,
    "Positive High-Energy Emotions|Teasing": -0.1251535999482914,
    "Negative High-Energy Emotions|Fear": -0.14862117699036995,
    "Positive Low-Energy Emotions|Thankfulness/Gratitude": -0.15822905208019972,
    "Negative Low-Energy Emotions|Helplessness": -0.2147828222699327,
    "Negative Low-Energy Emotions|Contempt": -0.38433317364203734,
    "Longing & Lust|Sexual Lust": -0.3844508914611279,
    "Negative High-Energy Emotions|Impatience and Irritability": -0.4149082429202158,
    "Negative High-Energy Emotions|Malevolence/Malice": -0.5405007216451696,
    "Negative High-Energy Emotions|Anger": -0.5617414037168245,
    "Positive Low-Energy Emotions|Contentment": -0.6003116560629109,
    "Negative Low-Energy Emotions|Shame": -0.6560380608572594,
    "Negative Low-Energy Emotions|Emotional Numbness": -0.7289450663950416,
    "Negative Low-Energy Emotions|Disappointment": -0.7366303247143771,
    "Positive Low-Energy Emotions|Affection": -0.7620116350148896,
    "Negative Low-Energy Emotions|Sadness": -0.8191146547831476,
    "Extra Dimensions|Dominance": -1.0387699759084281,
    "Positive Low-Energy Emotions|Pride": -1.0969279753487735,
    "Negative Low-Energy Emotions|Bitterness": -1.8310004491836598
  }
}