{
  "key": [
    "stance-detection-part-7",
    "emonet-m1",
    "flux_dev_one_0-108_s1063337708.png"
  ],
  "value": {
    "Positive High-Energy Emotions|Astonishment/Surprise": 5.331610169480026,
    "Positive High-Energy Emotions|Awe": 4.20584429185087,
    "Negative High-Energy Emotions|Distress": 1.8578956588870768,
    "Extra Dimensions|Arousal": 1.7289270077432906,
    "Cognitive States and Processes|Confusion": 1.6999466783834465,
    "Negative High-Energy Emotions|Disgust": 1.3839100206837112,
    "Extra Dimensions|Emotional Vulnerability": 1.0562877962877462,
    "Negative High-Energy Emotions|Fear": 0.9254251218711337,
    "Positive High-Energy Emotions|Interest": 0.6775321205839133,
    "Extra Dimensions|Valence": 0.5079256142105826,
    "Physical and Exhaustive States|Intoxication/Altered States of Consciousness": 0.10608671598081842,
    "Negative Low-Energy Emotions|Jealousy & Envy": 0.0,
    "Positive Low-Energy Emotions|Relief": -0.002289474426662965,
    "Physical and Exhaustive States|Sourness": -0.007633275157966456,
    "Physical and Exhaustive States|Pain": -0.020670116004905786,
    "Positive High-Energy Emotions|Pleasure/Ecstasy": -0.049995915291736304,
    "Positive High-Energy Emotions|Triumph": -0.07709330984394684,
    "Negative Low-Energy Emotions|Embarrassment": -0.11870596027035853,
    "Positive High-Energy Emotions|Teasing": -0.12239471700847586,
    "Positive High-Energy Emotions|Elation": -0.1531718488612408,
    "Negative Low-Energy Emotions|Helplessness": -0.17981918467952437,
    "Negative High-Energy Emotions|Anger": -0.25687601365449225,
    "Physical and Exhaustive States|Fatigue/Exhaustion": -0.2665117798038782,
    "Negative Low-Energy Emotions|Contempt": -0.3857569497917871,
    "Negative High-Energy Emotions|Impatience and Irritability": -0.4031635052950937,
    "Positive Low-Energy Emotions|Thankfulness/Gratitude": -0.4808545811012244,
    "Positive High-Energy Emotions|Amusement": -0.5254458825175579,
    "Negative High-Energy Emotions|Malevolence/Malice": -0.5391430321453146,
    "Positive High-Energy Emotions|Hope/Enthusiasm/Optimism": -0.6367990628717256,
    "Negative Low-Energy Emotions|Shame": -0.6537066978200308,
    "Longing & Lust|Sexual Lust": -0.677902394380325,
    "Negative Low-Energy Emotions|Disappointment": -0.7397299897601153,
    "Negative Low-Energy Emotions|Emotional Numbness": -0.7660244602587196,
    "Longing & Lust|Longing": -0.8801187654554625,
    "Negative Low-Energy Emotions|Doubt": -0.9203462699426495,
    "Negative Low-Energy Emotions|Sadness": -0.9679386201240003,
    "Positive Low-Energy Emotions|Contemplation": -0.9846305623991696,
    "Positive Low-Energy Emotions|Affection": -1.0580861148332337,
    "Positive Low-Energy Emotions|Pride": -1.1073245751183658,
    "Extra Dimensions|Dominance": -1.1280068910199699,
    "Cognitive States and Processes|Concentration": -1.1430612528908166,
    "Positive Low-Energy Emotions|Contentment": -1.6018752200058202,
    "Longing & Lust|Infatuation": -1.62197043868157,
    "Negative Low-Energy Emotions|Bitterness": -1.8295616768778136
  }
}