{
  "key": [
    "stance-detection-part-7",
    "emonet-m1",
    "flux_dev_one_0-5_s1479642673.png"
  ],
  "value": {
    "Negative High-Energy Emotions|Anger": 3.704469599348285,
    "Cognitive States and Processes|Concentration": 2.2352547919166175,
    "Negative High-Energy Emotions|Distress": 2.0598841175204994,
    "Negative High-Energy Emotions|Impatience and Irritability": 2.0129834436385075,
    "Negative Low-Energy Emotions|Bitterness": 1.7306467256962488,
    "Negative Low-Energy Emotions|Doubt": 1.1263152075933136,
    "Negative Low-Energy Emotions|Contempt": 0.7421563985849639,
    "Extra Dimensions|Dominance": 0.7403985106867257,
    "Physical and Exhaustive States|Fatigue/Exhaustion": 0.6896590175441443,
    "Negative Low-Energy Emotions|Sadness": 0.47221280681715605,
    "Extra Dimensions|Arousal": 0.34583555800574173,
    "Negative High-Energy Emotions|Disgust": 0.3253193701252396,
    "Positive Low-Energy Emotions|Contemplation": 0.22726120796368443,
    "Negative Low-Energy Emotions|Helplessness": 0.16815362558887773,
    "Physical and Exhaustive States|Pain": 0.15974594222109526,
    "Negative High-Energy Emotions|Fear": 0.06573317417254051,
    "Negative Low-Energy Emotions|Emotional Numbness": 0.05663467460608751,
    "Negative Low-Energy Emotions|Shame": 0.055119763055540005,
    "Physical and Exhaustive States|Sourness": 0.005660050743065038,
    "Negative Low-Energy Emotions|Jealousy & Envy": 0.0,
    "Physical and Exhaustive States|Intoxication/Altered States of Consciousness": -0.004124522284219117,
    "Positive Low-Energy Emotions|Relief": -0.007553801356709047,
    "Positive High-Energy Emotions|Awe": -0.023657983735258327,
    "Positive High-Energy Emotions|Pleasure/Ecstasy": -0.05586158759280624,
    "Positive High-Energy Emotions|Astonishment/Surprise": -0.057570952703773756,
    "Positive High-Energy Emotions|Interest": -0.05837042725239039,
    "Positive High-Energy Emotions|Triumph": -0.07405990839939251,
    "Negative Low-Energy Emotions|Embarrassment": -0.11983358329196116,
    "Positive High-Energy Emotions|Teasing": -0.12321002659261664,
    "Positive High-Energy Emotions|Hope/Enthusiasm/Optimism": -0.13657512822130446,
    "Positive High-Energy Emotions|Elation": -0.15317487834170818,
    "Negative High-Energy Emotions|Malevolence/Malice": -0.18519589931946312,
    "Negative Low-Energy Emotions|Disappointment": -0.18822949423690094,
    "Cognitive States and Processes|Confusion": -0.20903146346082618,
    "Positive Low-Energy Emotions|Pride": -0.4446288245242267,
    "Positive Low-Energy Emotions|Thankfulness/Gratitude": -0.4822765691116309,
    "Positive High-Energy Emotions|Amusement": -0.5304706844572837,
    "Longing & Lust|Sexual Lust": -0.6140898181459843,
    "Extra Dimensions|Emotional Vulnerability": -0.7861978699872783,
    "Longing & Lust|Longing": -0.8697092016756316,
    "Extra Dimensions|Valence": -1.044352427629017,
    "Positive Low-Energy Emotions|Affection": -1.0547044676636437,
    "Positive Low-Energy Emotions|Contentment": -1.4025484812906484,
    "Longing & Lust|Infatuation": -1.631305472277132
  }
}