{
  "key": [
    "stance-detection-part-7",
    "emonet-m1",
    "flux_dev_one_0-192_s1104848055.png"
  ],
  "value": {
    "Positive High-Energy Emotions|Amusement": 4.245785161566276,
    "Positive High-Energy Emotions|Elation": 3.1846235831500214,
    "Positive High-Energy Emotions|Pleasure/Ecstasy": 2.574223085047772,
    "Positive Low-Energy Emotions|Contentment": 2.186659197742631,
    "Extra Dimensions|Valence": 1.8096256102051504,
    "Positive Low-Energy Emotions|Affection": 1.1782788160349151,
    "Positive High-Energy Emotions|Hope/Enthusiasm/Optimism": 1.1208585246565033,
    "Positive Low-Energy Emotions|Thankfulness/Gratitude": 1.0432802150115514,
    "Extra Dimensions|Emotional Vulnerability": 0.7259109328081319,
    "Positive High-Energy Emotions|Teasing": 0.6273462635570721,
    "Extra Dimensions|Dominance": 0.6170118296068612,
    "Extra Dimensions|Arousal": 0.5621699009622847,
    "Longing & Lust|Sexual Lust": 0.3882406564095081,
    "Positive Low-Energy Emotions|Pride": 0.1727679473835797,
    "Longing & Lust|Infatuation": 0.17115764943507572,
    "Positive Low-Energy Emotions|Relief": 0.009334310473048644,
    "Negative Low-Energy Emotions|Jealousy & Envy": 0.0,
    "Physical and Exhaustive States|Intoxication/Altered States of Consciousness": -0.0031578318035100413,
    "Physical and Exhaustive States|Sourness": -0.007464139527835688,
    "Physical and Exhaustive States|Pain": -0.020670116004905786,
    "Positive High-Energy Emotions|Awe": -0.022752559378797756,
    "Positive High-Energy Emotions|Triumph": -0.031399111384560016,
    "Negative High-Energy Emotions|Disgust": -0.04544484069495847,
    "Positive High-Energy Emotions|Astonishment/Surprise": -0.052477422883331556,
    "Negative Low-Energy Emotions|Embarrassment": -0.11979658370871683,
    "Negative High-Energy Emotions|Fear": -0.13340808978925148,
    "Cognitive States and Processes|Confusion": -0.1909897484349244,
    "Negative Low-Energy Emotions|Helplessness": -0.21006951047851272,
    "Negative Low-Energy Emotions|Contempt": -0.38256430150019927,
    "Negative High-Energy Emotions|Impatience and Irritability": -0.43664262960272615,
    "Negative High-Energy Emotions|Malevolence/Malice": -0.5382834810135892,
    "Negative High-Energy Emotions|Anger": -0.5722811738431672,
    "Negative Low-Energy Emotions|Shame": -0.656491238696777,
    "Physical and Exhaustive States|Fatigue/Exhaustion": -0.6725428817459406,
    "Negative Low-Energy Emotions|Disappointment": -0.7426989827980544,
    "Cognitive States and Processes|Concentration": -0.7608980858909997,
    "Negative High-Energy Emotions|Distress": -0.7747576371067282,
    "Negative Low-Energy Emotions|Emotional Numbness": -0.7916683155920479,
    "Longing & Lust|Longing": -0.8867678423940917,
    "Negative Low-Energy Emotions|Doubt": -0.9225841021163546,
    "Negative Low-Energy Emotions|Sadness": -0.9829990728683651,
    "Positive High-Energy Emotions|Interest": -1.1107046166673684,
    "Positive Low-Energy Emotions|Contemplation": -1.616131462190887,
    "Negative Low-Energy Emotions|Bitterness": -1.831159168902116
  }
}