{
  "key": [
    "stance-detection-part-7",
    "emonet-m1",
    "flux_dev_one_0-158_s2508288592.png"
  ],
  "value": {
    "Negative High-Energy Emotions|Distress": 2.3508596881992103,
    "Cognitive States and Processes|Concentration": 1.8685255324256507,
    "Negative High-Energy Emotions|Anger": 1.5552500864088317,
    "Positive Low-Energy Emotions|Contemplation": 1.4492274745957645,
    "Negative Low-Energy Emotions|Sadness": 1.1389130507670462,
    "Negative Low-Energy Emotions|Bitterness": 1.0279442034184167,
    "Negative High-Energy Emotions|Impatience and Irritability": 1.01219201316518,
    "Physical and Exhaustive States|Fatigue/Exhaustion": 0.8894928874782263,
    "Negative Low-Energy Emotions|Doubt": 0.7584238959478058,
    "Negative Low-Energy Emotions|Helplessness": 0.7358962713293867,
    "Negative Low-Energy Emotions|Disappointment": 0.6557647655973886,
    "Positive High-Energy Emotions|Interest": 0.5036629875883079,
    "Extra Dimensions|Dominance": 0.36678884863075645,
    "Extra Dimensions|Arousal": 0.2198847447122847,
    "Negative Low-Energy Emotions|Emotional Numbness": 0.1099246841046837,
    "Negative High-Energy Emotions|Malevolence/Malice": 0.10688107578772987,
    "Negative High-Energy Emotions|Fear": 0.10352578231443962,
    "Physical and Exhaustive States|Sourness": 0.003344738119087377,
    "Negative Low-Energy Emotions|Jealousy & Envy": 0.0,
    "Physical and Exhaustive States|Intoxication/Altered States of Consciousness": -0.0018039942538236094,
    "Positive Low-Energy Emotions|Relief": -0.0055818040360570385,
    "Positive High-Energy Emotions|Awe": -0.019776514366323696,
    "Physical and Exhaustive States|Pain": -0.020670116004905786,
    "Negative High-Energy Emotions|Disgust": -0.03809393396526029,
    "Positive High-Energy Emotions|Pleasure/Ecstasy": -0.05585930605827161,
    "Positive High-Energy Emotions|Astonishment/Surprise": -0.06039546780806758,
    "Positive High-Energy Emotions|Triumph": -0.07601764996539488,
    "Positive High-Energy Emotions|Teasing": -0.11634090420663794,
    "Cognitive States and Processes|Confusion": -0.11938134659995964,
    "Negative Low-Energy Emotions|Embarrassment": -0.11958873486180445,
    "Positive High-Energy Emotions|Elation": -0.15317454022250088,
    "Positive High-Energy Emotions|Hope/Enthusiasm/Optimism": -0.18053939499834304,
    "Extra Dimensions|Emotional Vulnerability": -0.323604791373997,
    "Positive Low-Energy Emotions|Affection": -0.32904033632027896,
    "Negative Low-Energy Emotions|Contempt": -0.352620462784646,
    "Negative Low-Energy Emotions|Shame": -0.4187591272204152,
    "Positive Low-Energy Emotions|Thankfulness/Gratitude": -0.48235268983094454,
    "Positive High-Energy Emotions|Amusement": -0.5288788418357189,
    "Longing & Lust|Sexual Lust": -0.6258193789384304,
    "Longing & Lust|Longing": -0.6579382052242537,
    "Positive Low-Energy Emotions|Pride": -1.0190330492776065,
    "Extra Dimensions|Valence": -1.1773379003081552,
    "Positive Low-Energy Emotions|Contentment": -1.1788156819990376,
    "Longing & Lust|Infatuation": -1.6164929282889042
  }
}