{
  "key": [
    "stance-detection-part-7",
    "emonet-m1",
    "flux_dev_one_0-98_s3846958887.png"
  ],
  "value": {
    "Negative High-Energy Emotions|Distress": 2.4526715740329506,
    "Negative Low-Energy Emotions|Sadness": 2.2643009577952444,
    "Positive Low-Energy Emotions|Contemplation": 1.9768947586076053,
    "Negative Low-Energy Emotions|Disappointment": 1.4727891157637094,
    "Physical and Exhaustive States|Pain": 1.338412816987445,
    "Negative Low-Energy Emotions|Shame": 1.1734392148644694,
    "Cognitive States and Processes|Concentration": 1.17156794422985,
    "Physical and Exhaustive States|Fatigue/Exhaustion": 1.0765878143123326,
    "Negative Low-Energy Emotions|Bitterness": 0.99695074180953,
    "Negative Low-Energy Emotions|Helplessness": 0.8947594581656294,
    "Negative High-Energy Emotions|Impatience and Irritability": 0.6113644861189764,
    "Negative High-Energy Emotions|Anger": 0.5561945816099425,
    "Negative Low-Energy Emotions|Emotional Numbness": 0.31213332229590685,
    "Negative High-Energy Emotions|Fear": 0.20423049697031578,
    "Longing & Lust|Longing": 0.18826929427983563,
    "Negative High-Energy Emotions|Malevolence/Malice": 0.09167199699897255,
    "Extra Dimensions|Emotional Vulnerability": 0.08170393207571003,
    "Negative Low-Energy Emotions|Jealousy & Envy": 0.0,
    "Negative Low-Energy Emotions|Doubt": -0.0012207316233001642,
    "Physical and Exhaustive States|Sourness": -0.0021206129260443064,
    "Positive Low-Energy Emotions|Relief": -0.004548661827003999,
    "Physical and Exhaustive States|Intoxication/Altered States of Consciousness": -0.007181212381074281,
    "Positive High-Energy Emotions|Awe": -0.03769212086504196,
    "Negative High-Energy Emotions|Disgust": -0.04259348859935453,
    "Positive High-Energy Emotions|Pleasure/Ecstasy": -0.05585866253574567,
    "Positive High-Energy Emotions|Astonishment/Surprise": -0.06064115815383174,
    "Positive High-Energy Emotions|Triumph": -0.07541109726767674,
    "Negative Low-Energy Emotions|Embarrassment": -0.11964923357625147,
    "Positive High-Energy Emotions|Teasing": -0.1200178774899288,
    "Positive High-Energy Emotions|Elation": -0.15317479682278856,
    "Cognitive States and Processes|Confusion": -0.18831860353221824,
    "Negative Low-Energy Emotions|Contempt": -0.3583609265183191,
    "Extra Dimensions|Arousal": -0.3903304423604692,
    "Positive Low-Energy Emotions|Contentment": -0.39881302840025223,
    "Positive High-Energy Emotions|Interest": -0.4546733657136941,
    "Positive Low-Energy Emotions|Thankfulness/Gratitude": -0.48121905512212276,
    "Extra Dimensions|Dominance": -0.5083576595861015,
    "Positive High-Energy Emotions|Amusement": -0.5291219542805965,
    "Positive High-Energy Emotions|Hope/Enthusiasm/Optimism": -0.5843465880391908,
    "Positive Low-Energy Emotions|Affection": -0.5916830775235871,
    "Longing & Lust|Sexual Lust": -0.6818009851834713,
    "Positive Low-Energy Emotions|Pride": -0.935099904469791,
    "Extra Dimensions|Valence": -1.313700333741688,
    "Longing & Lust|Infatuation": -1.6298107069954548
  }
}