{
  "key": [
    "stance-detection-part-7",
    "emonet-m1",
    "flux_dev_one_0-175_s828753426.png"
  ],
  "value": {
    "Positive High-Energy Emotions|Amusement": 3.6179627624268713,
    "Positive High-Energy Emotions|Pleasure/Ecstasy": 2.7733827072401547,
    "Positive Low-Energy Emotions|Contentment": 2.725949625904252,
    "Positive High-Energy Emotions|Elation": 2.6824353774310272,
    "Extra Dimensions|Valence": 1.63826022991798,
    "Positive Low-Energy Emotions|Affection": 1.6320034387613556,
    "Positive Low-Energy Emotions|Pride": 1.280199001498875,
    "Positive High-Energy Emotions|Hope/Enthusiasm/Optimism": 0.9797323688032317,
    "Positive Low-Energy Emotions|Thankfulness/Gratitude": 0.6778118321761633,
    "Extra Dimensions|Dominance": 0.5579269969385567,
    "Extra Dimensions|Arousal": 0.4885452900614058,
    "Extra Dimensions|Emotional Vulnerability": 0.4831543276598165,
    "Positive High-Energy Emotions|Triumph": 0.4625157312210308,
    "Positive High-Energy Emotions|Teasing": 0.1455753904873089,
    "Positive Low-Energy Emotions|Relief": 0.003845445395553069,
    "Negative Low-Energy Emotions|Jealousy & Envy": 0.0,
    "Physical and Exhaustive States|Intoxication/Altered States of Consciousness": -0.007587015703866334,
    "Physical and Exhaustive States|Sourness": -0.007940827674426875,
    "Positive High-Energy Emotions|Awe": -0.019089049294645534,
    "Physical and Exhaustive States|Pain": -0.020670116004905786,
    "Negative High-Energy Emotions|Disgust": -0.043188059832150245,
    "Positive High-Energy Emotions|Astonishment/Surprise": -0.05395029835921504,
    "Negative Low-Energy Emotions|Embarrassment": -0.12097030719776293,
    "Negative High-Energy Emotions|Fear": -0.13938152572760978,
    "Cognitive States and Processes|Confusion": -0.18633665968646934,
    "Negative Low-Energy Emotions|Helplessness": -0.22777548744155593,
    "Negative High-Energy Emotions|Anger": -0.3106931368291596,
    "Longing & Lust|Sexual Lust": -0.37040437146639216,
    "Negative Low-Energy Emotions|Contempt": -0.3797468644474725,
    "Negative High-Energy Emotions|Impatience and Irritability": -0.4100087113173563,
    "Negative High-Energy Emotions|Malevolence/Malice": -0.5382415863988927,
    "Physical and Exhaustive States|Fatigue/Exhaustion": -0.5605159816929163,
    "Negative Low-Energy Emotions|Shame": -0.6562572671829692,
    "Longing & Lust|Longing": -0.660373174172618,
    "Negative Low-Energy Emotions|Emotional Numbness": -0.6618598002817604,
    "Longing & Lust|Infatuation": -0.6799779620990429,
    "Cognitive States and Processes|Concentration": -0.7078799927818689,
    "Negative Low-Energy Emotions|Disappointment": -0.744755376570418,
    "Negative High-Energy Emotions|Distress": -0.7689153686397787,
    "Negative Low-Energy Emotions|Doubt": -0.948068632371553,
    "Negative Low-Energy Emotions|Sadness": -0.9865430220886946,
    "Positive High-Energy Emotions|Interest": -1.1651829043642068,
    "Positive Low-Energy Emotions|Contemplation": -1.2487492040140835,
    "Negative Low-Energy Emotions|Bitterness": -1.8319624709443023
  }
}