{
  "key": [
    "stance-detection-part-7",
    "emonet-m1",
    "flux_dev_one_0-107_s775025212.png"
  ],
  "value": {
    "Negative High-Energy Emotions|Distress": 2.621993111050773,
    "Negative High-Energy Emotions|Anger": 2.16987458668349,
    "Cognitive States and Processes|Concentration": 2.126854923905143,
    "Negative Low-Energy Emotions|Sadness": 1.7353090201579153,
    "Negative Low-Energy Emotions|Contempt": 1.4422824504877347,
    "Negative Low-Energy Emotions|Bitterness": 1.2174593172489832,
    "Positive Low-Energy Emotions|Contemplation": 1.2099019512192997,
    "Negative High-Energy Emotions|Impatience and Irritability": 0.9487394117323797,
    "Negative Low-Energy Emotions|Helplessness": 0.9317104040198164,
    "Physical and Exhaustive States|Fatigue/Exhaustion": 0.9036902370265661,
    "Negative Low-Energy Emotions|Disappointment": 0.8815320204267953,
    "Cognitive States and Processes|Confusion": 0.7410553462339409,
    "Negative High-Energy Emotions|Fear": 0.7313730216895541,
    "Negative High-Energy Emotions|Disgust": 0.6944759095653946,
    "Extra Dimensions|Arousal": 0.3028625164713179,
    "Positive High-Energy Emotions|Interest": 0.2457811077817893,
    "Extra Dimensions|Dominance": 0.23181550144371424,
    "Negative Low-Energy Emotions|Shame": 0.2233430844933757,
    "Negative High-Energy Emotions|Malevolence/Malice": 0.18422823517341103,
    "Negative Low-Energy Emotions|Doubt": 0.1349143696950592,
    "Negative Low-Energy Emotions|Emotional Numbness": 0.09101391845679552,
    "Negative Low-Energy Emotions|Jealousy & Envy": 0.0,
    "Physical and Exhaustive States|Sourness": -1.1659032859644494e-05,
    "Positive Low-Energy Emotions|Relief": -0.0033263642777562573,
    "Physical and Exhaustive States|Intoxication/Altered States of Consciousness": -0.011143639758775086,
    "Positive High-Energy Emotions|Awe": -0.011993250444586025,
    "Physical and Exhaustive States|Pain": -0.017549005218709418,
    "Positive High-Energy Emotions|Pleasure/Ecstasy": -0.05585866253574567,
    "Positive High-Energy Emotions|Astonishment/Surprise": -0.06288461737853267,
    "Positive High-Energy Emotions|Triumph": -0.07607057143937483,
    "Negative Low-Energy Emotions|Embarrassment": -0.11709508514065882,
    "Positive High-Energy Emotions|Teasing": -0.12105021503627737,
    "Positive High-Energy Emotions|Elation": -0.15317453025807692,
    "Extra Dimensions|Emotional Vulnerability": -0.45134231349924114,
    "Positive Low-Energy Emotions|Thankfulness/Gratitude": -0.4829292707055664,
    "Positive High-Energy Emotions|Amusement": -0.529352184671622,
    "Positive High-Energy Emotions|Hope/Enthusiasm/Optimism": -0.5619051412580324,
    "Longing & Lust|Sexual Lust": -0.6613372652194439,
    "Longing & Lust|Longing": -0.8725419720232268,
    "Positive Low-Energy Emotions|Affection": -1.0308986593877056,
    "Positive Low-Energy Emotions|Pride": -1.0983717116039424,
    "Positive Low-Energy Emotions|Contentment": -1.1571468306234578,
    "Extra Dimensions|Valence": -1.3097567712340585,
    "Longing & Lust|Infatuation": -1.6286240530237828
  }
}