{
  "key": [
    "stance-detection-part-7",
    "emonet-m1",
    "flux_dev_one_0-86_s2055492242.png"
  ],
  "value": {
    "Positive Low-Energy Emotions|Contentment": 1.9830258893319865,
    "Positive High-Energy Emotions|Amusement": 1.968749209951896,
    "Positive Low-Energy Emotions|Affection": 1.8399270895029327,
    "Positive High-Energy Emotions|Pleasure/Ecstasy": 1.3198109108229183,
    "Positive Low-Energy Emotions|Thankfulness/Gratitude": 1.2946853349074865,
    "Extra Dimensions|Valence": 1.0602907980408438,
    "Positive High-Energy Emotions|Elation": 0.8363315304042023,
    "Positive High-Energy Emotions|Hope/Enthusiasm/Optimism": 0.7354701503278899,
    "Cognitive States and Processes|Concentration": 0.5144913470161048,
    "Physical and Exhaustive States|Fatigue/Exhaustion": 0.38509537599598753,
    "Positive Low-Energy Emotions|Pride": 0.3145775300938458,
    "Extra Dimensions|Emotional Vulnerability": 0.2774515459825704,
    "Negative Low-Energy Emotions|Emotional Numbness": 0.18104506545996935,
    "Positive High-Energy Emotions|Triumph": 0.1490076527651058,
    "Positive High-Energy Emotions|Teasing": 0.12230394902765314,
    "Physical and Exhaustive States|Intoxication/Altered States of Consciousness": 0.032170094474604276,
    "Longing & Lust|Sexual Lust": 0.019405922446495416,
    "Positive Low-Energy Emotions|Relief": 0.007923915566050963,
    "Negative Low-Energy Emotions|Jealousy & Envy": 0.0,
    "Physical and Exhaustive States|Sourness": -0.0029913175769232126,
    "Physical and Exhaustive States|Pain": -0.020670116004905786,
    "Positive High-Energy Emotions|Awe": -0.025161808922941432,
    "Extra Dimensions|Arousal": -0.02529157059533249,
    "Negative High-Energy Emotions|Disgust": -0.03968264361768415,
    "Positive High-Energy Emotions|Astonishment/Surprise": -0.04916008167487361,
    "Extra Dimensions|Dominance": -0.07265083552184667,
    "Negative Low-Energy Emotions|Embarrassment": -0.1197465381588473,
    "Negative High-Energy Emotions|Fear": -0.13194452008853355,
    "Negative High-Energy Emotions|Anger": -0.14245397545697486,
    "Negative Low-Energy Emotions|Helplessness": -0.1442256824560327,
    "Positive High-Energy Emotions|Interest": -0.18082077896747828,
    "Cognitive States and Processes|Confusion": -0.19751666565408638,
    "Negative High-Energy Emotions|Distress": -0.24982367309267484,
    "Negative High-Energy Emotions|Impatience and Irritability": -0.2508676625283319,
    "Negative Low-Energy Emotions|Sadness": -0.3555071200169504,
    "Negative Low-Energy Emotions|Contempt": -0.3808192116116266,
    "Positive Low-Energy Emotions|Contemplation": -0.4340190664274899,
    "Negative High-Energy Emotions|Malevolence/Malice": -0.520299150359445,
    "Longing & Lust|Longing": -0.5671535363018294,
    "Negative Low-Energy Emotions|Shame": -0.6560893888383141,
    "Longing & Lust|Infatuation": -0.7106968847140942,
    "Negative Low-Energy Emotions|Disappointment": -0.7373427566816355,
    "Negative Low-Energy Emotions|Doubt": -0.9068218158556305,
    "Negative Low-Energy Emotions|Bitterness": -1.8300510943413546
  }
}